datetime;open;high;low;close
2025-12-02 16:00:00;90854.04;91299.99;90214.75;90606.27
2025-12-02 15:00:00;89286.94;91199.99;89274.04;90854.04
2025-12-02 14:00:00;87733.16;89287.4;87601.81;89286.94
2025-12-02 13:00:00;87270.03;87884.9;87042;87733.17
2025-12-02 12:00:00;87375.21;87558.87;87201.24;87272
2025-12-02 11:00:00;87271.59;87604.85;86993.73;87375.2
2025-12-02 10:00:00;86762.48;87594.23;86750.87;87272
2025-12-02 09:00:00;86470.88;86994.12;86447.34;86762.92
2025-12-02 08:00:00;87013.32;87057.81;86350;86470.32
2025-12-02 07:00:00;87087.02;87118.74;86886.81;87013.33
2025-12-02 06:00:00;87009.99;87179.57;86857;87087.02
2025-12-02 05:00:00;86974.9;87123.76;86819.93;87010
2025-12-02 04:00:00;86977.8;87290.99;86901.04;86974.9
2025-12-02 03:00:00;86540.32;87084.84;86204.29;86978.43
2025-12-02 02:00:00;86449.52;86851.75;86263.71;86540.33
2025-12-02 01:00:00;86514;87360;86385.63;86449.52
2025-12-02 00:00:00;86282.35;86673.8;86181.38;86514.01
2025-12-01 23:00:00;86590.36;86848;86248.01;86282.36
2025-12-01 22:00:00;86440;86877.82;86299.16;86590.35
2025-12-01 21:00:00;85515.29;86497.95;85492;86440.01
2025-12-01 20:00:00;85021.56;85849.97;84996.54;85511.18
2025-12-01 19:00:00;85188.98;85289.79;84590.82;85022.14
2025-12-01 18:00:00;84946.39;85546.56;84706.01;85188.98
2025-12-01 17:00:00;84553.69;85261.04;84444.01;84942.55
2025-12-01 16:00:00;84668.05;85436.41;84026;84549.85
2025-12-01 15:00:00;86047.5;86121.14;83800;84668.05
2025-12-01 14:00:00;85970.23;86666.67;85856.54;86047.49
2025-12-01 13:00:00;85402.74;86129.79;85326.01;85970.5
2025-12-01 12:00:00;86121.98;86205.6;84722.69;85407.03
2025-12-01 11:00:00;86632.76;86689.64;86114;86119.98
2025-12-01 10:00:00;86691.61;86810.4;86536.04;86632.21
2025-12-01 09:00:00;86857.98;86929.19;86513.41;86697.01
2025-12-01 08:00:00;86534.6;86892.41;86382.91;86857.98
2025-12-01 07:00:00;86232.25;86561.39;86047.3;86539.21
2025-12-01 06:00:00;85998.85;86352.44;85973.06;86232.65
2025-12-01 05:00:00;85797.99;86011.18;85595.76;85998.86
2025-12-01 04:00:00;86349.26;86350.09;85690;85797.99
2025-12-01 03:00:00;86726.91;86817.22;86161.32;86349.27
2025-12-01 02:00:00;87178.31;87507.9;86470.13;86726.9
2025-12-01 01:00:00;87003.99;87772.34;86941.58;87178.31
2025-12-01 00:00:00;90364;90433.7;86974.5;87002.03
2025-11-30 23:00:00;91224.82;91259.16;90353.96;90369.51
2025-11-30 22:00:00;91180.09;91349.05;91050;91224.83
2025-11-30 21:00:00;91319.33;91339.8;90909.65;91180
2025-11-30 20:00:00;91466.35;91625.54;91188.25;91319.34
2025-11-30 19:00:00;91464.02;91499.69;91290;91466.34
2025-11-30 18:00:00;91497.65;91497.65;91167.61;91464.01
2025-11-30 17:00:00;91844.1;91850;91298.95;91497.65
2025-11-30 16:00:00;91454.61;91886.12;91417.72;91844.11
2025-11-30 15:00:00;91499.7;91627.5;91321.08;91455.99
2025-11-30 14:00:00;91781.88;91801.99;91265.99;91499.72
2025-11-30 13:00:00;91484.96;91980.8;91410.01;91781.88
2025-11-30 12:00:00;91059.38;91556.59;91013.87;91485.87
2025-11-30 11:00:00;91241.11;91419.99;90983.71;91059.38
2025-11-30 10:00:00;91409.88;91472.01;91205.67;91241.1
2025-11-30 09:00:00;91199.5;91644.4;91143.01;91411.32
2025-11-30 08:00:00;90988.11;91443.18;90950.7;91194.96
2025-11-30 07:00:00;90910.57;91060.29;90872.86;90988.11
2025-11-30 06:00:00;90801.99;90962.04;90730.01;90910.57
2025-11-30 05:00:00;90873.22;90873.22;90690.06;90802.88
2025-11-30 04:00:00;90935.44;90997.1;90814.3;90876.5
2025-11-30 03:00:00;90814.99;90952.95;90480.01;90935.44
2025-11-30 02:00:00;90929.6;91056.9;90773.42;90812.93
2025-11-30 01:00:00;90914.65;91090.18;90886;90929.59
2025-11-30 00:00:00;90829.68;90966.32;90782.45;90914.65
2025-11-29 23:00:00;90773.73;90919.3;90713.69;90828.06
2025-11-29 22:00:00;91034.04;91034.04;90728.91;90773.73
2025-11-29 21:00:00;90986.95;91082.8;90831.79;91034.03
2025-11-29 20:00:00;90668.71;91071.58;90428.65;90986.94
2025-11-29 19:00:00;90723.02;90880.92;90621.4;90676.53
2025-11-29 18:00:00;90454.01;90761.43;90200;90723.02
2025-11-29 17:00:00;91029.6;91054;90449.28;90456.03
2025-11-29 16:00:00;91100;91199.99;90887.34;91029.58
2025-11-29 15:00:00;90650.38;91147.22;90650.37;91100
2025-11-29 14:00:00;90814.91;90814.91;90640.86;90650.38
2025-11-29 13:00:00;90640.56;90855.41;90618.21;90814.91
2025-11-29 12:00:00;90698.17;90845.65;90556.7;90640.56
2025-11-29 11:00:00;90581.3;90708.5;90482.91;90698.18
2025-11-29 10:00:00;90587.95;90681.81;90400;90581.31
2025-11-29 09:00:00;90655.09;90691.34;90509.86;90587.94
2025-11-29 08:00:00;90585.39;90753.5;90491.1;90645.14
2025-11-29 07:00:00;90573.13;90679.7;90376.31;90585.39
2025-11-29 06:00:00;90757.7;90842.16;90323.68;90573.14
2025-11-29 05:00:00;90913.2;90936.11;90734.9;90757.7
2025-11-29 04:00:00;90683.01;90926.73;90560.8;90913.19
2025-11-29 03:00:00;90810.92;90888.21;90671.5;90683
2025-11-29 02:00:00;90893.68;90968.99;90549.87;90810.91
2025-11-29 01:00:00;90901.99;91134.8;90810.23;90889.99
2025-11-29 00:00:00;90902.69;90988;90787.79;90901.99
2025-11-28 23:00:00;91126.6;91224.99;90895.35;90902.7
2025-11-28 22:00:00;90903.28;91172.97;90704.16;91126.6
2025-11-28 21:00:00;91222.03;91272.46;90901.1;90903.27
2025-11-28 20:00:00;91158.85;91247.18;90876.52;91222.03
2025-11-28 19:00:00;90840.88;91216.79;90833.51;91158.85
2025-11-28 18:00:00;90685.94;90976;90426.4;90846.1
2025-11-28 17:00:00;90940.43;91212.7;90220.5;90673.19
2025-11-28 16:00:00;92366.58;92392.6;90870;90936.73
2025-11-28 15:00:00;92250.1;92804.68;91996.5;92366.58
2025-11-28 14:00:00;92367.85;93161.86;91802.1;92250.11
2025-11-28 13:00:00;91506.82;92625;91364;92367.85
2025-11-28 12:00:00;91420;91705.6;91353.94;91504.07
2025-11-28 11:00:00;91831.98;91999;91042.03;91420.04
2025-11-28 10:00:00;91596.02;91850;91467.88;91828.68
2025-11-28 09:00:00;91676.09;91832.28;91424.07;91596.03
2025-11-28 08:00:00;90887.4;91702.02;90885.55;91680.2
2025-11-28 07:00:00;91286.84;91550.54;90841;90887.4
2025-11-28 06:00:00;91598.74;91598.74;91142.82;91286.85
2025-11-28 05:00:00;91405.01;91699.81;91285.74;91598.74
2025-11-28 04:00:00;91187.99;91471.31;91098.32;91405.01
2025-11-28 03:00:00;91059.27;91287.32;90977.1;91187.99
2025-11-28 02:00:00;90771.87;91139.17;90600.01;91059.27
2025-11-28 01:00:00;91192.07;91192.09;90771.84;90771.87
2025-11-28 00:00:00;91316.7;91398.36;91052.78;91192.07
2025-11-27 23:00:00;91314.6;91550;91198.65;91316.7
2025-11-27 22:00:00;91420.39;91582.77;91061.1;91309.88
2025-11-27 21:00:00;91426.22;91583.5;91204.56;91420.43
2025-11-27 20:00:00;91521.6;91589.2;91389.73;91426.21
2025-11-27 19:00:00;91774.01;91774.01;91501;91521.61
2025-11-27 18:00:00;91462.07;91826.56;91325.3;91774.02
2025-11-27 17:00:00;91448.02;91628.79;91292.61;91462.07
2025-11-27 16:00:00;90940.77;91549.03;90836.04;91448.02
2025-11-27 15:00:00;90768;90975;90595.47;90947.07
2025-11-27 14:00:00;90836.62;90957.23;90561.54;90768
2025-11-27 13:00:00;90966;91062.23;90443.24;90836.62
2025-11-27 12:00:00;91364.44;91447.83;90927.18;90966
2025-11-27 11:00:00;91595.96;91607.01;91288.02;91364.45
2025-11-27 10:00:00;91551.6;91730.95;91300;91595.95
2025-11-27 09:00:00;91482.18;91925.4;91456.02;91552.05
2025-11-27 08:00:00;91396.51;91516.26;91203.65;91482.18
2025-11-27 07:00:00;91222.94;91493.13;91118;91396.51
2025-11-27 06:00:00;90949.31;91430.2;90949.31;91222.94
2025-11-27 05:00:00;91261.61;91538.42;90856.62;90949.31
2025-11-27 04:00:00;91072.91;91347.88;91043.9;91261.62
2025-11-27 03:00:00;91376.89;91593.56;91030.23;91072.91
2025-11-27 02:00:00;91134.21;91880;90876.31;91376.9
2025-11-27 01:00:00;90469.78;91226.83;90381.7;91138.04
2025-11-27 00:00:00;90468.83;90575.2;90067.81;90469.78
2025-11-26 23:00:00;90368.8;90588.1;90296.05;90468.84
2025-11-26 22:00:00;90186.06;90628.53;90110.81;90370
2025-11-26 21:00:00;89856.06;90466.2;89798;90186.06
2025-11-26 20:00:00;89948.01;90100;89476.35;89856.06
2025-11-26 19:00:00;90128.02;90185;89732.18;89948
2025-11-26 18:00:00;89815.99;90399.74;89655.01;90128.02
2025-11-26 17:00:00;87794.03;89954.99;87683.15;89816.01
2025-11-26 16:00:00;86945.14;87910.68;86928.82;87794.03
2025-11-26 15:00:00;86868.59;87331.99;86634.84;86945.14
2025-11-26 14:00:00;87097.99;87670.85;86778.31;86864.3
2025-11-26 13:00:00;86626;87105.36;86529.61;87097.98
2025-11-26 12:00:00;87077.35;87150.75;86266.95;86626.01
2025-11-26 11:00:00;86913.03;87090.66;86794.53;87077.36
2025-11-26 10:00:00;86791.05;87027.12;86631.01;86913.48
2025-11-26 09:00:00;87377.89;87409.55;86694.46;86791.05
2025-11-26 08:00:00;87904;87915.94;87370.05;87380.9
2025-11-26 07:00:00;87760.75;87938.83;87658.91;87903.99
2025-11-26 06:00:00;87484.3;87854.87;87410.64;87760.76
2025-11-26 05:00:00;87192.14;87712.65;87183.6;87484.3
2025-11-26 04:00:00;87084.47;87337.82;86851.92;87192.15
2025-11-26 03:00:00;87678.01;87868.55;87028.41;87084.48
2025-11-26 02:00:00;87884.03;88056.62;87618;87678
2025-11-26 01:00:00;87538.6;88188;87300;87884.03
2025-11-26 00:00:00;87325;87730.64;87304.93;87538.6
2025-11-25 23:00:00;87596.31;87855.98;87283.63;87325.01
2025-11-25 22:00:00;86995.03;87684;86546.56;87596.32
2025-11-25 21:00:00;87343.45;87417.3;86942.01;86995.04
2025-11-25 20:00:00;86834.43;87434;86660.73;87343.65
2025-11-25 19:00:00;87183.75;87290.3;86129;86834.43
2025-11-25 18:00:00;87577.98;87790.51;87179.3;87183.75
2025-11-25 17:00:00;87068.01;88108;86987.86;87568.62
2025-11-25 16:00:00;86945.99;87266.05;86646.41;87068.02
2025-11-25 15:00:00;86691.44;87261.19;86155.4;86946
2025-11-25 14:00:00;87038.1;87270.89;86067.02;86691.45
2025-11-25 13:00:00;87478.17;87701;86833.2;87035.14
2025-11-25 12:00:00;87334.41;87748.08;87334.22;87478.15
2025-11-25 11:00:00;87382.25;87513.31;87262.99;87334.41
2025-11-25 10:00:00;87208.06;87400;86917.18;87382.27
2025-11-25 09:00:00;86984.76;87221.76;86654.96;87209.26
2025-11-25 08:00:00;87375.34;87590.5;86962.18;86984.76
2025-11-25 07:00:00;87981.14;88038.76;87314.56;87375.34
2025-11-25 06:00:00;88093.22;88133.37;87778.08;87981.14
2025-11-25 05:00:00;88311.45;88319.44;87903.12;88093.22
2025-11-25 04:00:00;87786.04;88486.82;87759.01;88311.44
2025-11-25 03:00:00;87886.6;88009.99;87513.74;87786.04
2025-11-25 02:00:00;87710.34;87944.89;87420.73;87886.61
2025-11-25 01:00:00;88080.14;88188.64;87687.24;87708.69
2025-11-25 00:00:00;88264;88264;87835.39;88080.14
2025-11-24 23:00:00;88605.47;88675.75;88211.01;88266.2
2025-11-24 22:00:00;88744.73;89077.99;88560.01;88605.46
2025-11-24 21:00:00;89071.42;89143.09;88694.01;88744.72
2025-11-24 20:00:00;88308.42;89225.6;88308.42;89073.16
2025-11-24 19:00:00;88689.9;88836;88099.33;88308.42
2025-11-24 18:00:00;88340.76;88700;88159;88689.9
2025-11-24 17:00:00;87129.85;88444;86905;88340.75
2025-11-24 16:00:00;86564.16;87656.3;86563.73;87129.84
2025-11-24 15:00:00;86110.51;86699.6;85851.01;86564.16
2025-11-24 14:00:00;86095.99;86600.62;85213.17;86089.44
2025-11-24 13:00:00;85949.37;86522.46;85900.14;86096
2025-11-24 12:00:00;86210.02;86264;85828.89;85949.38
2025-11-24 11:00:00;85995.99;86378.05;85778.31;86210.03
2025-11-24 10:00:00;85895.05;86143;85633.38;85996
2025-11-24 09:00:00;86911.98;86911.98;85756.01;85895.05
2025-11-24 08:00:00;87009.32;87009.32;86670;86911.99
2025-11-24 07:00:00;86864.89;87351.27;86641.36;87009.32
2025-11-24 06:00:00;87421.06;87473.79;86776.57;86867.55
2025-11-24 05:00:00;86690.09;87797.64;86635.59;87421.06
2025-11-24 04:00:00;87408;87563.67;86401;86690.1
2025-11-24 03:00:00;87486.03;87762.14;87151.28;87408
2025-11-24 02:00:00;87031.23;88019.06;86986;87486.03
2025-11-24 01:00:00;86702.54;87047.06;86357.47;87031.24
2025-11-24 00:00:00;86808.28;87178.81;85906.83;86702.54
2025-11-23 23:00:00;87980.49;88072.51;86692;86808.28
2025-11-23 22:00:00;87970.01;88100;87524.02;87980.49
2025-11-23 21:00:00;87452.01;87984.53;87118.97;87970.01
2025-11-23 20:00:00;87290.41;87682.37;87203.99;87452.01
2025-11-23 19:00:00;86954.56;87649.05;86890.87;87290.42
2025-11-23 18:00:00;86710.53;87220.02;86680.01;86959.99
2025-11-23 17:00:00;86654.04;86923.69;86460.34;86711.17
2025-11-23 16:00:00;87046.02;87455;86627.98;86643.21
2025-11-23 15:00:00;86506.24;87200;86401.66;87046.01
2025-11-23 14:00:00;86892.32;87163.9;86440.89;86506.01
2025-11-23 13:00:00;86488.29;86894.31;86265;86892.33
2025-11-23 12:00:00;86292.69;86849.36;86229.93;86483.2
2025-11-23 11:00:00;86012.05;86382.8;85779.5;86293.12
2025-11-23 10:00:00;86360.02;86418.08;85996.98;86012
2025-11-23 09:00:00;86090.01;86425.08;86030.75;86369.99
2025-11-23 08:00:00;85721.45;86142.34;85717.08;86088.05
2025-11-23 07:00:00;85812.9;85870.49;85353.12;85724.07
2025-11-23 06:00:00;86305.23;86473.29;85812.88;85812.88
2025-11-23 05:00:00;86499.03;86570.08;85947.31;86305.23
2025-11-23 04:00:00;86262.72;86814.82;86098.04;86496.04
2025-11-23 03:00:00;85940.27;86264.7;85748.3;86264.01
2025-11-23 02:00:00;85827.88;86295.98;85627.97;85944.14
2025-11-23 01:00:00;84915.25;86095.78;84894.48;85827.88
2025-11-23 00:00:00;84683.99;85247.38;84614.11;84915.25
2025-11-22 23:00:00;85012.53;85134.57;84608.67;84684
2025-11-22 22:00:00;84358.15;85208;84217.87;85012.54
2025-11-22 21:00:00;84416.62;84461.99;84185.76;84358.15
2025-11-22 20:00:00;84552.41;84764.14;84181.96;84416.62
2025-11-22 19:00:00;84607.78;84772.41;84450.26;84552.4
2025-11-22 18:00:00;84492.17;84631.56;84422;84607.79
2025-11-22 17:00:00;84646.66;84676.36;84359.98;84493.56
2025-11-22 16:00:00;84228.15;84850;84159.61;84644.43
2025-11-22 15:00:00;84436.03;84511.68;83956.94;84228.15
2025-11-22 14:00:00;83890.01;84699.95;83882.02;84436.03
2025-11-22 13:00:00;83829.48;84080;83596.63;83888.7
2025-11-22 12:00:00;84033.6;84100;83569.45;83829.85
2025-11-22 11:00:00;83640.23;84280.65;83531.93;84033.62
2025-11-22 10:00:00;83871.2;84159.46;83441.91;83636.57
2025-11-22 09:00:00;83960.54;84285.17;83790.3;83870.01
2025-11-22 08:00:00;84522.2;84524.01;83861.3;83959.02
2025-11-22 07:00:00;84574.43;84602.27;84337.81;84522.2
2025-11-22 06:00:00;84215.96;84732.02;84013.39;84574.43
2025-11-22 05:00:00;84177.67;84252.88;83802.27;84215.96
2025-11-22 04:00:00;84380.07;84484.5;83744.48;84177.67
2025-11-22 03:00:00;84463.99;84538.85;84141.12;84379.26
2025-11-22 02:00:00;85105.11;85141.34;84218.41;84463.99
2025-11-22 01:00:00;84671.99;85142;84524.01;85104
2025-11-22 00:00:00;85068.85;85547.11;84500;84672
2025-11-21 23:00:00;84210;85286.99;84045.96;85068.88
2025-11-21 22:00:00;85121.99;85344.98;84196.01;84210
2025-11-21 21:00:00;84492;85357.75;84290.02;85121.99
2025-11-21 20:00:00;84135.69;84600;83373.93;84487.2
2025-11-21 19:00:00;84506.03;84962.65;84006.95;84135.7
2025-11-21 18:00:00;84806.13;85005;83224;84506.03
2025-11-21 17:00:00;84826;85490.57;84491.14;84806.13
2025-11-21 16:00:00;82842;84836.09;82233.99;84825.24
2025-11-21 15:00:00;84759.61;85015.99;82650.85;82846
2025-11-21 14:00:00;84016.01;85449.99;83451.54;84756.3
2025-11-21 13:00:00;83179.83;84340;83004.88;84005.71
2025-11-21 12:00:00;82204;83500;80524.65;83176.01
2025-11-21 11:00:00;82592.04;83245.74;82089;82204.53
2025-11-21 10:00:00;82093.93;82808.35;81548.32;82592.04
2025-11-21 09:00:00;83528.49;83877.31;82003.32;82104.02
2025-11-21 08:00:00;83914.25;84589.3;83478.03;83532
2025-11-21 07:00:00;85465.99;85652.05;81385.97;83914.25
2025-11-21 06:00:00;86084.85;86151;85424.53;85465.98
2025-11-21 05:00:00;85944.82;86250;85718.09;86084.86
2025-11-21 04:00:00;85718.02;86016.35;85292.3;85944.83
2025-11-21 03:00:00;85337.29;86029.97;85320.44;85718.02
2025-11-21 02:00:00;86942.08;86967.59;85266.03;85346.8
2025-11-21 01:00:00;87177.4;87360;86720.9;86941.51
2025-11-21 00:00:00;86531.87;87395.93;86484.45;87177.4
2025-11-20 23:00:00;87969.47;88064.76;86457.17;86536.88
2025-11-20 22:00:00;87179.41;88152.18;87100;87969.55
2025-11-20 21:00:00;86335.37;87570.64;86294.05;87184
2025-11-20 20:00:00;86796.03;86997.42;86195.95;86333.83
2025-11-20 19:00:00;86376.69;87044;85980.7;86796.05
2025-11-20 18:00:00;87136.56;87674.43;86218;86376.7
2025-11-20 17:00:00;87772.5;88060.77;86300;87136.57
2025-11-20 16:00:00;89746.73;89804;87386.79;87776
2025-11-20 15:00:00;91006.44;91078;89701;89746.57
2025-11-20 14:00:00;91436.94;91583;90372;91002.45
2025-11-20 13:00:00;91738.38;92462.85;91392;91436.94
2025-11-20 12:00:00;91834.69;91907.1;91574.46;91747.62
2025-11-20 11:00:00;91710.01;91939.9;91381.96;91834.69
2025-11-20 10:00:00;91810;91964;91506;91710.01
2025-11-20 09:00:00;92040;92053.43;91356.88;91810
2025-11-20 08:00:00;92224.46;92315.53;91949.98;92040
2025-11-20 07:00:00;91892.05;92346.98;91714.74;92224.46
2025-11-20 06:00:00;92535.28;92775.36;91601.9;91892.05
2025-11-20 05:00:00;92878.94;93080.91;92480.33;92535.28
2025-11-20 04:00:00;92355.98;92893.6;92048;92878.94
2025-11-20 03:00:00;92503.18;92642.46;92272.2;92358
2025-11-20 02:00:00;92513.53;92728.85;92225.35;92503.17
2025-11-20 01:00:00;91802.01;92624.99;91734.89;92522.66
2025-11-20 00:00:00;91465.04;92222.52;91098.01;91802
2025-11-19 23:00:00;90384.83;91516.29;90362.79;91461.6
2025-11-19 22:00:00;90503.88;90550.05;90000;90384.83
2025-11-19 21:00:00;89417.65;90750.17;89341.91;90503.89
2025-11-19 20:00:00;88783.07;89587.25;88483.12;89413.61
2025-11-19 19:00:00;89136.43;89275.86;88520;88783.08
2025-11-19 18:00:00;89422.1;89636.58;88650.28;89140
2025-11-19 17:00:00;89828.09;90067;88800;89422.1
2025-11-19 16:00:00;89870.62;90165.02;89377.68;89833.03
2025-11-19 15:00:00;91666.02;92358.27;89793;89876.91
2025-11-19 14:00:00;91339.46;91814.63;90982.03;91666.02
2025-11-19 13:00:00;91712.55;91838.32;91175.09;91337.31
2025-11-19 12:00:00;91339.36;91804;91134.66;91712
2025-11-19 11:00:00;91234;91708.87;91233.99;91342.79
2025-11-19 10:00:00;91465.41;91645.33;91160.83;91234
2025-11-19 09:00:00;91415.35;91470.46;91016.94;91470.46
2025-11-19 08:00:00;91804.14;91900.23;91251.76;91416
2025-11-19 07:00:00;90914.01;91955.47;90879.81;91807.64
2025-11-19 06:00:00;90388.99;91039.24;90209.04;90914.01
2025-11-19 05:00:00;91085.1;91192;89955.55;90384.87
2025-11-19 04:00:00;91802.62;91916.7;91083.17;91083.17
2025-11-19 03:00:00;92497.54;92568.96;91588.79;91805.53
2025-11-19 02:00:00;92379.41;92810.27;92210.04;92497.54
2025-11-19 01:00:00;92354.58;92590.95;91852.83;92379.41
2025-11-19 00:00:00;92914.45;92948;91914.79;92354.58
2025-11-18 23:00:00;93112.95;93126.61;92671.13;92914.46
2025-11-18 22:00:00;92442.18;93372.25;92438.1;93112.95
2025-11-18 21:00:00;92744.01;92995.44;92396.01;92442.18
2025-11-18 20:00:00;93123.99;93254.11;92606;92748.97
2025-11-18 19:00:00;93274.84;93561.99;92912.35;93123.99
2025-11-18 18:00:00;93202.93;93700;93095.18;93274.83
2025-11-18 17:00:00;93442.01;93600;92765.29;93202.93
2025-11-18 16:00:00;92827.95;93775;92499.45;93444.01
2025-11-18 15:00:00;91251.99;92950;90914.56;92827.96
2025-11-18 14:00:00;91375.27;92359.93;91108;91255.01
2025-11-18 13:00:00;91411.51;91561.29;90805.01;91385.14
2025-11-18 12:00:00;91415.59;91774.83;90994.13;91416.01
2025-11-18 11:00:00;91472.86;91509.73;91133.39;91413.99
2025-11-18 10:00:00;91291.96;91507.61;91141.56;91472.86
2025-11-18 09:00:00;91119.41;91395.51;90784.97;91296.55
2025-11-18 08:00:00;90391.98;91342.5;90391.97;91121.6
2025-11-18 07:00:00;89537.8;90439.93;89241.05;90391.98
2025-11-18 06:00:00;90109.74;90118.5;89247.87;89537.8
2025-11-18 05:00:00;89978.34;90376.9;89598.06;90106.89
2025-11-18 04:00:00;90732;90756;89183.48;89972
2025-11-18 03:00:00;90750.04;90817.99;89575.01;90735.92
2025-11-18 02:00:00;91592.67;91637.99;90545.01;90750.04
2025-11-18 01:00:00;92061.96;92100;91502.37;91594.56
2025-11-18 00:00:00;92100.6;92247.94;91087.79;92055.99
2025-11-17 23:00:00;92140;92173.48;91674;92100.6
2025-11-17 22:00:00;91836.47;92294.98;91686.14;92139.99
2025-11-17 21:00:00;91804.6;92143.04;91377.81;91836.46
2025-11-17 20:00:00;91554.8;92114;91158.35;91787.28
2025-11-17 19:00:00;92435.53;92558.16;91397.09;91554.77
2025-11-17 18:00:00;92672.2;93126.31;92296.01;92435.53
2025-11-17 17:00:00;94217.5;94317.79;92567.89;92672.19
2025-11-17 16:00:00;93872.01;94330.78;92948.47;94217.5
2025-11-17 15:00:00;94680;94930.44;93699.84;93866.91
2025-11-17 14:00:00;93866.01;95950;93675.06;94679.36
2025-11-17 13:00:00;95244.28;95306.47;93472.09;93869.34
2025-11-17 12:00:00;95490.44;95500.09;95187.7;95244.29
2025-11-17 11:00:00;95577.24;95856.29;95276.6;95490.45
2025-11-17 10:00:00;95576.56;95812.5;95455;95577.22
2025-11-17 09:00:00;95550;95790.59;95234.79;95576.48
2025-11-17 08:00:00;95569.51;95945.47;95453.34;95550
2025-11-17 07:00:00;95204.12;95800.04;95119.73;95569.51
2025-11-17 06:00:00;95058;95263.55;94822.46;95204.01
2025-11-17 05:00:00;95040.89;95201.6;94837.78;95057.99
2025-11-17 04:00:00;95434.02;95516.36;94808.03;95040.9
2025-11-17 03:00:00;94904.61;95486;94895.26;95434.02
2025-11-17 02:00:00;94704.75;95346.25;94642.96;94904.62
2025-11-17 01:00:00;95243.47;95455.1;94660.35;94704.75
2025-11-17 00:00:00;94182.03;95322;93663.32;95243.47
2025-11-16 23:00:00;94108.67;94470.83;92888;94183.97
2025-11-16 22:00:00;93435.99;94432;92943.83;94108.67
2025-11-16 21:00:00;94035.96;94147.04;93318.49;93435.99
2025-11-16 20:00:00;93975.98;94682.07;93906;94036.42
2025-11-16 19:00:00;93988;94540;93890.41;93976
2025-11-16 18:00:00;94298.01;95504.58;93733.81;93988.01
2025-11-16 17:00:00;94151.41;94461.99;93687.01;94299.99
2025-11-16 16:00:00;94516.79;94885.08;93994.42;94151.99
2025-11-16 15:00:00;95468.77;95499.97;94301.49;94513.71
2025-11-16 14:00:00;95362.13;95610;95247.61;95468.77
2025-11-16 13:00:00;95671.71;95786.98;95050;95368.93
2025-11-16 12:00:00;95569.5;95839.19;95380.01;95681.14
2025-11-16 11:00:00;96366.63;96378.6;95439.81;95569.49
2025-11-16 10:00:00;96551.15;96551.15;96296.57;96366.63
2025-11-16 09:00:00;96040;96559.61;95856.02;96558
2025-11-16 08:00:00;96018.09;96141.99;95780.08;96039.99
2025-11-16 07:00:00;95733.25;96030;95665.21;96018.1
2025-11-16 06:00:00;95812.03;95974.05;95686.05;95733.55
2025-11-16 05:00:00;95755.46;96124.11;95743.83;95812.03
2025-11-16 04:00:00;95749.73;95858.8;95554.94;95755.46
2025-11-16 03:00:00;95905.4;95916;95529.75;95749.72
2025-11-16 02:00:00;95207.08;95909.56;95038;95904.87
2025-11-16 01:00:00;95304;95452.51;94770;95207.08
2025-11-16 00:00:00;95544.94;95650;95144.38;95303.36
2025-11-15 23:00:00;95560.36;95623.06;95413.86;95544.94
2025-11-15 22:00:00;95225.2;95598.02;95164.96;95556.69
2025-11-15 21:00:00;95211.36;95615.71;95058.73;95225.09
2025-11-15 20:00:00;95946.04;95960.56;95058.73;95211.35
2025-11-15 19:00:00;95990.01;96090.96;95856.6;95946.03
2025-11-15 18:00:00;96185.2;96282;95891.41;95990.85
2025-11-15 17:00:00;96090.02;96325.99;95773.95;96166.76
2025-11-15 16:00:00;96200;96281.99;95659.53;96091.1
2025-11-15 15:00:00;96190.56;96370;96048.82;96200
2025-11-15 14:00:00;96316.99;96434.25;95946.53;96190.56
2025-11-15 13:00:00;95751.33;96313.35;95653.05;96313.35
2025-11-15 12:00:00;95627.99;95811.41;95503.74;95751.33
2025-11-15 11:00:00;95879.23;95912.83;95500;95626.39
2025-11-15 10:00:00;95734.82;95998.53;95612.5;95879.23
2025-11-15 09:00:00;95830.51;96069.74;95595.61;95743.5
2025-11-15 08:00:00;96267.54;96290.88;95530;95831.25
2025-11-15 07:00:00;96051.99;96312.95;95895.76;96267.55
2025-11-15 06:00:00;96287.25;96525.36;95904;96051.99
2025-11-15 05:00:00;96048;96376.58;95911.12;96287.24
2025-11-15 04:00:00;96349.53;96456.26;95860.96;96048.01
2025-11-15 03:00:00;96385.61;96747.02;96059.06;96347.93
2025-11-15 02:00:00;95574.46;96433.19;95310.47;96386.03
2025-11-15 01:00:00;95069.58;95705.99;94660.36;95600
2025-11-15 00:00:00;94501.08;95334;94222.2;95070
2025-11-14 23:00:00;95096;95096;93951.32;94503.96
2025-11-14 22:00:00;94961.99;95399.99;94603.81;95096.01
2025-11-14 21:00:00;94294.95;95066.27;94120;94961.99
2025-11-14 20:00:00;95707.76;95865.3;94000;94287.01
2025-11-14 19:00:00;95000.01;95847.89;94700.39;95707.73
2025-11-14 18:00:00;95780;96273.62;94890;95011.98
2025-11-14 17:00:00;96954.45;97078.14;95489.94;95784.51
2025-11-14 16:00:00;96730.95;97345.33;96193.72;96954.45
2025-11-14 15:00:00;96462.41;97234.53;95778.3;96730.95
2025-11-14 14:00:00;95147.49;96728;94853.36;96464.01
2025-11-14 13:00:00;95282.4;95630.13;94455.98;95147.49
2025-11-14 12:00:00;96124;96124.48;94480;95282.4
2025-11-14 11:00:00;96697.75;96901.08;95666;96124
2025-11-14 10:00:00;96799.57;97245.11;96601;96700.5
2025-11-14 09:00:00;97319.09;97487.85;96612.49;96799.58
2025-11-14 08:00:00;97093.94;97385.32;96720.01;97313.86
2025-11-14 07:00:00;97504.64;97695.54;96726.6;97093.95
2025-11-14 06:00:00;97479.32;97550;95900.94;97516
2025-11-14 05:00:00;97782.45;97999.15;96988.75;97479.32
2025-11-14 04:00:00;99095.39;99133.94;96682;97780.08
2025-11-14 03:00:00;99574.94;99615.3;98760.49;99095.36
2025-11-14 02:00:00;99212.19;99836.1;99193.69;99574.94
2025-11-14 01:00:00;98929.7;99520;98658.02;99212.68
2025-11-14 00:00:00;99610.49;99736.32;98662.73;98929.36
2025-11-13 23:00:00;99795.65;100447;99504;99614.54
2025-11-13 22:00:00;98741.98;99887.45;98572.9;99795.65
2025-11-13 21:00:00;98085.9;98842.76;97907.72;98738.14
2025-11-13 20:00:00;98632.84;98933.99;97870;98090
2025-11-13 19:00:00;98529.2;99238.02;98272.88;98629.96
2025-11-13 18:00:00;99598.7;99850;98050;98529.2
2025-11-13 17:00:00;100590.82;100773.11;99555;99594.96
2025-11-13 16:00:00;101351.99;101512;100499;100589.59
2025-11-13 15:00:00;102850.97;102982.73;101150.65;101352
2025-11-13 14:00:00;102299.76;103466.69;101705.76;102850.98
2025-11-13 13:00:00;103115.16;103135.87;102108.25;102299.77
2025-11-13 12:00:00;102906.53;103257.38;102704.58;103115.16
2025-11-13 11:00:00;102966.16;103127.33;102661.25;102906.53
2025-11-13 10:00:00;102808.48;103260.36;102752.81;102966.16
2025-11-13 09:00:00;103637.92;103712.01;102516.94;102803.84
2025-11-13 08:00:00;103449.72;103784.3;103256.76;103637.93
2025-11-13 07:00:00;103573.38;104050;103296.62;103449.93
2025-11-13 06:00:00;103119.28;103670.99;102865.72;103576.92
2025-11-13 05:00:00;102089.29;103368.45;101739.33;103116.03
2025-11-13 04:00:00;102106.18;102398;101629.21;102089.29
2025-11-13 03:00:00;102050.03;102544;100901;102106.16
2025-11-13 02:00:00;101987.99;102334.55;101950;102048.87
2025-11-13 01:00:00;101857.27;102603.12;101834.08;101988
2025-11-13 00:00:00;101636.03;102030;101444.44;101857.28
2025-11-12 23:00:00;101956.09;101992.99;101452.49;101639.01
2025-11-12 22:00:00;101898.41;101980;101418.22;101954.74
2025-11-12 21:00:00;101523.2;101910.73;101485.78;101898.4
2025-11-12 20:00:00;101270.01;101832;101118.77;101519.99
2025-11-12 19:00:00;101525.03;101548.83;100803.2;101270.01
2025-11-12 18:00:00;101729.23;101937.41;101389;101525.04
2025-11-12 17:00:00;101420;102143.66;101375.61;101729.23
2025-11-12 16:00:00;102160.62;102270.23;101315.45;101420
2025-11-12 15:00:00;103980.76;104300.99;101955.83;102165.3
2025-11-12 14:00:00;105034.34;105034.34;103606.26;103980.77
2025-11-12 13:00:00;104982.9;105173.56;104604.21;105037.5
2025-11-12 12:00:00;105015.6;105316.64;104805.15;104986.41
2025-11-12 11:00:00;104878.04;105203.22;104723.6;105015.6
2025-11-12 10:00:00;104507.32;105029.73;104497.44;104877.95
2025-11-12 09:00:00;104132.02;105071.22;104132.02;104507.32
2025-11-12 08:00:00;103102.51;104220.13;103102.51;104132.02
2025-11-12 07:00:00;103342.16;103534.15;103050.01;103102.51
2025-11-12 06:00:00;103373.06;103649.97;103331.33;103348
2025-11-12 05:00:00;103216.01;103450.18;103200.43;103373.06
2025-11-12 04:00:00;103282.63;103426.3;102985.57;103216.03
2025-11-12 03:00:00;103114.06;103410.89;103054.2;103282.62
2025-11-12 02:00:00;103212.24;103371.85;102889.64;103114.05
2025-11-12 01:00:00;102810.37;103342.74;102638.97;103212.25
2025-11-12 00:00:00;103017.21;103315.24;102774.91;102832.02
2025-11-11 23:00:00;102958.78;103191.19;102751.27;103009.35
2025-11-11 22:00:00;102591.83;103107.29;102457.3;102958.78
2025-11-11 21:00:00;102771.54;103058.58;102422.43;102591.82
2025-11-11 20:00:00;103105.69;103211.44;102624.11;102771.54
2025-11-11 19:00:00;103370.03;103433.65;102814.86;103105.7
2025-11-11 18:00:00;103305.9;103538.66;103031.11;103375.08
2025-11-11 17:00:00;103388.71;103613.81;102805.28;103305.91
2025-11-11 16:00:00;103447.76;103718.66;103186.78;103390.25
2025-11-11 15:00:00;104550.59;104550.59;103164.01;103447.76
2025-11-11 14:00:00;104388.33;104654.6;103800;104550.59
2025-11-11 13:00:00;104534.01;104704.87;104202.03;104388.32
2025-11-11 12:00:00;105300.37;105504.83;104377.31;104535.98
2025-11-11 11:00:00;105160.61;105493.5;105114.23;105298.47
2025-11-11 10:00:00;104957.1;105224;104883.02;105160.6
2025-11-11 09:00:00;105137.82;105468.04;104892.44;104957.11
2025-11-11 08:00:00;104763.2;105244.03;104734.84;105129.44
2025-11-11 07:00:00;105222.87;105305.25;104709.92;104757.65
2025-11-11 06:00:00;105222.02;105318.28;104851.01;105227.95
2025-11-11 05:00:00;105725.99;105731;105125.53;105222.01
2025-11-11 04:00:00;106429.99;106523.64;105674.67;105717.51
2025-11-11 03:00:00;106614.01;107069.06;106329.61;106429.99
2025-11-11 02:00:00;106070.49;107104.73;105558.55;106614.19
2025-11-11 01:00:00;106109.28;107482;105989.72;106067.29
2025-11-11 00:00:00;105979.38;106119.29;105464.34;106109.28
2025-11-10 23:00:00;106027.56;106244.72;105847.17;105979.38
2025-11-10 22:00:00;105598.23;106105.46;105336;106027.56
2025-11-10 21:00:00;105979.45;105998.92;105222.66;105598.25
2025-11-10 20:00:00;105797.98;106261.91;105775.7;105985.94
2025-11-10 19:00:00;105440.76;106023.8;105362.3;105797.98
2025-11-10 18:00:00;105924.01;106048;105434;105440.76
2025-11-10 17:00:00;105193.69;105956.91;105138.39;105924.01
2025-11-10 16:00:00;105050.65;105349.94;104753.97;105196.17
2025-11-10 15:00:00;104852.06;105600.53;104634.83;105051.63
2025-11-10 14:00:00;106519.99;106519.99;104627.49;104863.7
2025-11-10 13:00:00;105922.59;106575.05;105900;106519.99
2025-11-10 12:00:00;106159.57;106207.79;105858;105922.59
2025-11-10 11:00:00;105976.33;106309.27;105924.72;106159.58
2025-11-10 10:00:00;106432.1;106453.76;105936.78;105976.34
2025-11-10 09:00:00;105947.28;106599;105825;106432.1
2025-11-10 08:00:00;106435.98;106546.03;105883.49;105947.29
2025-11-10 07:00:00;106200.79;106521.02;106136.86;106435.98
2025-11-10 06:00:00;106079.64;106297.46;105938.67;106200.79
2025-11-10 05:00:00;106144.93;106460;105980.16;106079.64
2025-11-10 04:00:00;106016.03;106293.06;105828.33;106144.93
2025-11-10 03:00:00;105976.97;106272.04;105815.88;106010.61
2025-11-10 02:00:00;105693.49;106040;105549.97;105976.97
2025-11-10 01:00:00;106274.36;106653;105693.46;105693.49
2025-11-10 00:00:00;104694.23;106540;104240.76;106272.59
2025-11-09 23:00:00;104717.38;105471.04;104497.85;104694.95
2025-11-09 22:00:00;104514.63;104800;104053.38;104715.95
2025-11-09 21:00:00;104610.02;104836.29;104280.09;104514.61
2025-11-09 20:00:00;104795;105037.39;104386;104610.02
2025-11-09 19:00:00;104493.89;104800;104132.06;104795
2025-11-09 18:00:00;103621.52;104566;103486.68;104493.89
2025-11-09 17:00:00;103826.39;103952.19;103285.01;103621.52
2025-11-09 16:00:00;103735.45;103892.48;103308.89;103826.64
2025-11-09 15:00:00;103025.05;104200;102959.58;103735.45
2025-11-09 14:00:00;102892.05;104033.37;102744.93;103025.06
2025-11-09 13:00:00;102068.94;102988.5;102052.24;102892.06
2025-11-09 12:00:00;102223.04;102412.38;102031.86;102069.25
2025-11-09 11:00:00;101864.02;102308.73;101864.02;102232.01
2025-11-09 10:00:00;101635.16;101905.12;101482.16;101864.02
2025-11-09 09:00:00;101966.42;102117.64;101605;101635.16
2025-11-09 08:00:00;101919.36;102054.99;101797.5;101961.03
2025-11-09 07:00:00;101728.63;101964.73;101655.19;101919.36
2025-11-09 06:00:00;101901.57;101948.36;101674.82;101728.63
2025-11-09 05:00:00;101698.04;102006.02;101656.04;101911.98
2025-11-09 04:00:00;101642;102113.45;101610.88;101698.02
2025-11-09 03:00:00;101616;101797.5;101372.58;101642
2025-11-09 02:00:00;102012.55;102012.56;101558.06;101613.88
2025-11-09 01:00:00;101760.73;102085.65;101653.31;102012.64
2025-11-09 00:00:00;102285.58;102315.15;101582.11;101760.73
2025-11-08 23:00:00;102345.4;102465.49;102249.2;102285.57
2025-11-08 22:00:00;102248.04;102398.65;102141.96;102345.41
2025-11-08 21:00:00;102040.97;102357.1;101990;102248.01
2025-11-08 20:00:00;101953.44;102147.63;101920.22;102040.97
2025-11-08 19:00:00;102108;102161.42;101485.2;101950.03
2025-11-08 18:00:00;101977.64;102196.23;101807.2;102108.9
2025-11-08 17:00:00;101824.01;101985.31;101551.67;101969.08
2025-11-08 16:00:00;101684.54;101943.37;101500;101824
2025-11-08 15:00:00;101800.34;101941.72;101466;101684.54
2025-11-08 14:00:00;101768;102048.6;101422.74;101800.34
2025-11-08 13:00:00;102018.81;102155.98;101670.9;101754.78
2025-11-08 12:00:00;101814.59;102063.59;101692.21;102018.8
2025-11-08 11:00:00;102429.3;102592.91;101680;101811.83
2025-11-08 10:00:00;102340.81;102530.01;102247.73;102429.3
2025-11-08 09:00:00;102381.19;102569.99;102172;102342
2025-11-08 08:00:00;102295.78;102628.6;102103.23;102381.19
2025-11-08 07:00:00;102179.01;102356;101856.3;102295.78
2025-11-08 06:00:00;102247.6;102476.79;102030.59;102179
2025-11-08 05:00:00;102500.22;102686;102218.05;102247.59
2025-11-08 04:00:00;102526.24;102780;102343.45;102500.21
2025-11-08 03:00:00;102798.15;103247.72;102516.1;102526.24
2025-11-08 02:00:00;102930.09;103298.99;102707.17;102798.15
2025-11-08 01:00:00;102638.02;103205.8;102583.72;102930.1
2025-11-08 00:00:00;103281.79;103350;102479.65;102638.02
2025-11-07 23:00:00;103584.81;103735.59;103268;103284.27
2025-11-07 22:00:00;103848.01;104041.99;103548.77;103584.81
2025-11-07 21:00:00;103750;103848.01;103289.16;103848
2025-11-07 20:00:00;103349.98;103859.6;102893.71;103749.09
2025-11-07 19:00:00;102544.48;103351.02;102384.48;103349.98
2025-11-07 18:00:00;102324.91;102813.93;102218.81;102544.49
2025-11-07 17:00:00;101092.91;102648.39;100856.13;102324.91
2025-11-07 16:00:00;100722.66;101554.26;100423.4;101092.92
2025-11-07 15:00:00;100739.94;101190.23;100260;100722.66
2025-11-07 14:00:00;100272.91;100828;99428;100748.01
2025-11-07 13:00:00;99560.92;100513.99;99367.45;100277.71
2025-11-07 12:00:00;100350.25;100565.71;99170;99560.93
2025-11-07 11:00:00;100712.32;100736.99;99740.99;100350.26
2025-11-07 10:00:00;100953.91;101201.09;100510.41;100712.31
2025-11-07 09:00:00;101439.84;101454.21;100732.37;100953.91
2025-11-07 08:00:00;101959.83;102000;101367.13;101439.85
2025-11-07 07:00:00;101765.99;101970;101565.28;101959.83
2025-11-07 06:00:00;102397.06;102462.96;101738.93;101766
2025-11-07 05:00:00;101962.03;102472.27;101957.6;102397.07
2025-11-07 04:00:00;101855.57;102010.9;101515;101962.03
2025-11-07 03:00:00;101848.07;102339.07;101811;101855.57
2025-11-07 02:00:00;101484.32;101870.47;101185.82;101848.08
2025-11-07 01:00:00;101415.52;101828.21;100837.16;101486.55
2025-11-07 00:00:00;101290.5;101592;100685.51;101415.52
2025-11-06 23:00:00;101355.51;101484.96;101064.81;101290.5
2025-11-06 22:00:00;101059.01;101438.67;100952.52;101355.5
2025-11-06 21:00:00;100857.04;101175.37;100482.01;101059.02
2025-11-06 20:00:00;101325.58;101591.46;100594.31;100860
2025-11-06 19:00:00;101665.54;101971.11;101148.01;101325.58
2025-11-06 18:00:00;101739.96;102286.88;100855.29;101665.54
2025-11-06 17:00:00;100804.38;101887.78;100697.88;101739.96
2025-11-06 16:00:00;101964.69;102339.06;100235.02;100795.18
2025-11-06 15:00:00;102077.1;102875.22;101562.52;101961.75
2025-11-06 14:00:00;103271.98;103532;101977.3;102077.02
2025-11-06 13:00:00;102512.84;103577.6;102512.84;103271.98
2025-11-06 12:00:00;103198.71;103295.29;102333.01;102512.83
2025-11-06 11:00:00;103096.77;103276;102702.67;103198.7
2025-11-06 10:00:00;102793.31;103261.46;102618.07;103096.77
2025-11-06 09:00:00;103180.1;103249.77;102793.3;102793.3
2025-11-06 08:00:00;103164.6;103428.91;102945.07;103180.11
2025-11-06 07:00:00;103292.21;103559;102898.36;103170.4
2025-11-06 06:00:00;103132.1;103582.19;102996.4;103292.21
2025-11-06 05:00:00;104030.03;104030.03;103071.81;103125.04
2025-11-06 04:00:00;103632.02;104191.19;103542.82;104030.03
2025-11-06 03:00:00;103294.03;103928.63;103294.03;103632.01
2025-11-06 02:00:00;103344.51;103550;102839.8;103294.03
2025-11-06 01:00:00;103669.26;103669.27;102700;103344.51
2025-11-06 00:00:00;103866.67;103884;103303.51;103669.27
2025-11-05 23:00:00;103693.18;104094.32;103643.67;103869
2025-11-05 22:00:00;103656.04;103790.46;103255.5;103693.18
2025-11-05 21:00:00;103820.96;103822.07;103513.2;103656.04
2025-11-05 20:00:00;103996.01;104537.69;103622.8;103841.98
2025-11-05 19:00:00;104358.13;104550;103953.4;103996
2025-11-05 18:00:00;103895.4;104441.85;103750.4;104358.13
2025-11-05 17:00:00;103904.01;104023.29;103356.38;103895.41
2025-11-05 16:00:00;103706.65;104029.77;103052.26;103904
2025-11-05 15:00:00;103193.59;103783.99;102797.82;103706.65
2025-11-05 14:00:00;102967.43;103455.99;102144.56;103190.37
2025-11-05 13:00:00;102651.84;103241.9;102272.68;102967.41
2025-11-05 12:00:00;102067.2;102764.92;101910.44;102651.85
2025-11-05 11:00:00;101380.96;102108.3;101362.33;102062
2025-11-05 10:00:00;101971.4;101985.96;101265;101379.54
2025-11-05 09:00:00;101686.78;102195.82;101584.59;101978.01
2025-11-05 08:00:00;101983.75;101990.01;101157.77;101686.79
2025-11-05 07:00:00;102109.99;102142.08;101593.99;101988.04
2025-11-05 06:00:00;101810.14;102135.92;101480;102109.99
2025-11-05 05:00:00;101983.99;102343.95;101586.74;101810.14
2025-11-05 04:00:00;102126;102230.13;101505.24;101984
2025-11-05 03:00:00;101671.51;102270.63;101454.02;102126
2025-11-05 02:00:00;100742.4;101921.12;100742.39;101665.62
2025-11-05 01:00:00;100542.65;100999.42;98950;100742.39
2025-11-05 00:00:00;101468.16;101739.49;100327.92;100542.65
2025-11-04 23:00:00;101282;101714.63;100877.62;101468.15
2025-11-04 22:00:00;100258.28;101849.11;100027.8;101279.99
2025-11-04 21:00:00;100689.99;100778;98892.97;100258.61
2025-11-04 20:00:00;100464.89;101061.51;99500;100680.87
2025-11-04 19:00:00;101299.99;101675.09;100326.96;100464.88
2025-11-04 18:00:00;101039;101460.5;99908;101294.09
2025-11-04 17:00:00;102186.31;102193.92;100590.42;101039
2025-11-04 16:00:00;103149.99;103465.94;102100;102195.72
2025-11-04 15:00:00;104460.01;104803.32;103135.96;103150
2025-11-04 14:00:00;103871.22;104647.67;102852.6;104457.6
2025-11-04 13:00:00;103915.99;104215.57;103525;103871.23
2025-11-04 12:00:00;104548.01;104601.62;103777.01;103915.99
2025-11-04 11:00:00;103764.52;104666.77;103719.21;104549.78
2025-11-04 10:00:00;103798.01;104066.2;103535.15;103765.99
2025-11-04 09:00:00;104002.04;104083.14;103571.14;103809.6
2025-11-04 08:00:00;104444.27;104584.33;103712.4;104002.04
2025-11-04 07:00:00;104716.95;104953.55;104268.95;104444.27
2025-11-04 06:00:00;104175.37;105197.23;104139.52;104707.37
2025-11-04 05:00:00;106711.97;106711.97;104150;104176.89
2025-11-04 04:00:00;107120.04;107269.85;106675.21;106711.97
2025-11-04 03:00:00;106447.9;107206.14;106179.84;107120.04
2025-11-04 02:00:00;107004.28;107200;106433.29;106447.89
2025-11-04 01:00:00;106441.99;107268.63;106243.2;107008.98
2025-11-04 00:00:00;106557.98;106778.88;105820.36;106436
2025-11-03 23:00:00;106464.57;106734.74;106000;106557.98
2025-11-03 22:00:00;106872.29;106872.29;105793.99;106464.58
2025-11-03 21:00:00;106628.89;107064.41;106042.71;106872.3
2025-11-03 20:00:00;107057.88;107146.34;106258.06;106632.31
2025-11-03 19:00:00;106935.17;107370.82;106400.42;107053.5
2025-11-03 18:00:00;107447.29;107567.64;106753.5;106935.17
2025-11-03 17:00:00;106654.63;107728.73;106496.13;107447.29
2025-11-03 16:00:00;105729.28;106771.97;105271.67;106658
2025-11-03 15:00:00;108040.05;108137.67;105469.57;105727.95
2025-11-03 14:00:00;107890.02;108314.82;107346.5;108040.04
2025-11-03 13:00:00;107744.82;108051.83;107549.9;107890.02
2025-11-03 12:00:00;107780.45;108317.24;107688.99;107744.82
2025-11-03 11:00:00;106951.68;107906.46;106944.01;107779.99
2025-11-03 10:00:00;107181.96;107602.99;106726.69;106951.68
2025-11-03 09:00:00;107563.89;107894.33;107055.3;107181.96
2025-11-03 08:00:00;107444.01;107697.68;106946.84;107563.9
2025-11-03 07:00:00;107475.99;107810.77;107254.41;107444.01
2025-11-03 06:00:00;107588.61;107704.65;107000;107476
2025-11-03 05:00:00;107890.61;108030.91;107385.82;107592.21
2025-11-03 04:00:00;107934.01;108007.59;107463.02;107890.62
2025-11-03 03:00:00;109034.02;109157.39;107900;107934.01
2025-11-03 02:00:00;109664.58;109770.8;108646.31;109043.93
2025-11-03 01:00:00;109744.25;109912.37;109351.51;109658.88
2025-11-03 00:00:00;110533.83;110749;109744.24;109744.25
2025-11-02 23:00:00;109906.81;110729.4;109900.13;110536.01
2025-11-02 22:00:00;109978.95;110007.07;109424.93;109902
2025-11-02 21:00:00;110085.82;110129.56;109953.34;109978.95
2025-11-02 20:00:00;110178.02;110215.5;109859.16;110085.82
2025-11-02 19:00:00;110336.14;110336.15;109943.29;110178.02
2025-11-02 18:00:00;110189.45;110338.12;110157.11;110338.02
2025-11-02 17:00:00;110106.01;110263.57;110010;110188.65
2025-11-02 16:00:00;110095.99;110131.93;108800;110106.01
2025-11-02 15:00:00;110407.45;110556;110061.01;110095.99
2025-11-02 14:00:00;110540.32;110661.24;110180;110409.91
2025-11-02 13:00:00;110712.01;110744.01;110148.75;110562
2025-11-02 12:00:00;111150.97;111221.99;110651.8;110713.58
2025-11-02 11:00:00;110467.87;111187.66;110451.72;111150.96
2025-11-02 10:00:00;110682.09;110835.98;110302.51;110467.93
2025-11-02 09:00:00;110801.99;110999;110491.16;110682.09
2025-11-02 08:00:00;110868.13;110977.38;110671.9;110802.78
2025-11-02 07:00:00;110629.12;110997.51;110398.21;110871.92
2025-11-02 06:00:00;110453.95;110686.03;110249.59;110631.3
2025-11-02 05:00:00;110631.96;110670.65;110243.11;110453.98
2025-11-02 04:00:00;110007.99;110732.65;109983.63;110631.96
2025-11-02 03:00:00;109972.79;110043.44;109914.87;110007.99
2025-11-02 02:00:00;109928.49;110222.11;109834.04;109972.26
2025-11-02 01:00:00;109921.99;110061.6;109870;109928.49
2025-11-02 00:00:00;110052.25;110082.38;109846;109921.99
2025-11-01 23:00:00;110051.03;110100;109902;110052.25
2025-11-01 22:00:00;109814.89;110058.39;109814.88;110051.03
2025-11-01 21:00:00;110365;110397.41;109805.02;109814.79
2025-11-01 20:00:00;110252.53;110471.62;110237.62;110364.99
2025-11-01 19:00:00;110286.16;110292.48;110166.47;110252.53
2025-11-01 18:00:00;110159.29;110325.6;110143.51;110286.16
2025-11-01 17:00:00;110417.01;110450;109998.45;110159.29
2025-11-01 16:00:00;110256.92;110493.52;110143.14;110420.37
2025-11-01 15:00:00;109881.08;110297.73;109851.85;110256.93
2025-11-01 14:00:00;109891.23;109945.17;109667.45;109881.08
2025-11-01 13:00:00;109955.97;109995.28;109608.28;109891.24
2025-11-01 12:00:00;110065.36;110133;109927.45;109953.01
2025-11-01 11:00:00;110089.6;110166;109932.48;110065.37
2025-11-01 10:00:00;109936.15;110100;109771.54;110089.5
2025-11-01 09:00:00;110186.26;110190.93;109896.58;109936.14
2025-11-01 08:00:00;110016.68;110209.47;110016.68;110186.26
2025-11-01 07:00:00;109942.24;110208.94;109927.44;110016.68
2025-11-01 06:00:00;110073.63;110113.91;109882.08;109942.24
2025-11-01 05:00:00;110223.48;110327.96;109966.92;110073.63
2025-11-01 04:00:00;110174.08;110500;110058.48;110221.61
2025-11-01 03:00:00;109717.02;110240;109712.13;110174.08
2025-11-01 02:00:00;109670.41;109800;109411.02;109717.01
2025-11-01 01:00:00;109675.44;109992.14;109632.27;109670.4
2025-11-01 00:00:00;109555.63;109700.98;109342.47;109678.59
2025-10-31 23:00:00;109521.91;109633.99;109457.01;109555.27
2025-10-31 22:00:00;109504.93;109746.76;109418.58;109521.92
2025-10-31 21:00:00;109423.43;109695.79;109262.16;109509.11
2025-10-31 20:00:00;109756;109762.37;109366.47;109423.43
2025-10-31 19:00:00;109373.04;110189.41;109045.45;109756.29
2025-10-31 18:00:00;109233.99;109745.77;108895.47;109373.05
2025-10-31 17:00:00;108766.01;109349.87;108556.56;109233.98
2025-10-31 16:00:00;110132.76;110249.37;108514.07;108769.15
2025-10-31 15:00:00;110695.55;111066.1;110041.94;110137.07
2025-10-31 14:00:00;110103.84;110943.02;109515.34;110692
2025-10-31 13:00:00;109614.01;110198.92;109305.53;110103.83
2025-10-31 12:00:00;110371.99;110626.75;109570.13;109616.72
2025-10-31 11:00:00;109777.99;110499.89;109433.52;110365.92
2025-10-31 10:00:00;109824.37;110078.64;109670.36;109778
2025-10-31 09:00:00;110028.24;110426.39;109760.55;109824.36
2025-10-31 08:00:00;109383.27;110080.44;109153.83;110030.12
2025-10-31 07:00:00;109613.04;109778.97;109045.43;109383.27
2025-10-31 06:00:00;109866;109938;109470.2;109615.18
2025-10-31 05:00:00;110063.23;110063.23;109663.89;109864.38
2025-10-31 04:00:00;109201.99;110229.86;109082.73;110063.23
2025-10-31 03:00:00;108830.35;109319.98;108593.31;109201.98
2025-10-31 02:00:00;109604.62;109679.15;108535.75;108830.35
2025-10-31 01:00:00;109300;110000;109157.89;109604.63
2025-10-31 00:00:00;108308.02;109574.24;108266.11;109300
2025-10-30 23:00:00;107899.99;108342.09;107559.51;108308.18
2025-10-30 22:00:00;107900.19;107933;107450.71;107900
2025-10-30 21:00:00;107490;107956.11;107351.01;107900.19
2025-10-30 20:00:00;106490;107652.47;106279.33;107491.98
2025-10-30 19:00:00;106821.02;107126.29;106283.11;106491.99
2025-10-30 18:00:00;107473.6;107555.99;106750;106821.12
2025-10-30 17:00:00;108142.46;108150.86;106800;107473.6
2025-10-30 16:00:00;107702;108217.54;107549.68;108142.46
2025-10-30 15:00:00;108254.89;108327.38;107294.16;107707.98
2025-10-30 14:00:00;107623.99;108349.98;107600.01;108254.89
2025-10-30 13:00:00;108377.99;108736.02;107354.28;107624
2025-10-30 12:00:00;109707.35;109773.33;108268.1;108378
2025-10-30 11:00:00;110107.06;110147.26;109667.47;109707.35
2025-10-30 10:00:00;110177.89;110230.01;109824.75;110107.07
2025-10-30 09:00:00;110714;110810;110123.19;110177.89
2025-10-30 08:00:00;111360.88;111438;110673.02;110714.01
2025-10-30 07:00:00;110771;111629.2;110656.25;111367.43
2025-10-30 06:00:00;110264.76;110983.4;109987.39;110766.01
2025-10-30 05:00:00;108568.44;110438.49;108417.72;110270.05
2025-10-30 04:00:00;110763.96;110763.96;107924.01;108571.96
2025-10-30 03:00:00;110980.41;110989.49;110538.45;110763.96
2025-10-30 02:00:00;110453.18;111000;110321.62;110980.42
2025-10-30 01:00:00;110566;110738.61;110261.6;110453.18
2025-10-30 00:00:00;110031.65;110596.19;109731.52;110559.99
2025-10-29 23:00:00;111040.13;111089.6;109751.63;110032.13
2025-10-29 22:00:00;111635.43;111643.85;110971.55;111041.99
2025-10-29 21:00:00;111444.41;111865.64;111391.55;111635.42
2025-10-29 20:00:00;110645.64;111552.47;110393.86;111455
2025-10-29 19:00:00;110804.34;111460.29;110164.25;110644.31
2025-10-29 18:00:00;111883.47;112020;109000;110807.88
2025-10-29 17:00:00;111099.99;111920.53;110999.01;111883.48
2025-10-29 16:00:00;111512;111514.55;110934.56;111100
2025-10-29 15:00:00;112485.97;112555;111400;111519.46
2025-10-29 14:00:00;112883.46;112924.38;112250;112489.28
2025-10-29 13:00:00;113172.29;113690.17;112700.13;112883.47
2025-10-29 12:00:00;113146.58;113354;113075.05;113173.42
2025-10-29 11:00:00;112889.78;113259.99;112760;113146.58
2025-10-29 10:00:00;112998;113216.82;112749.08;112885.53
2025-10-29 09:00:00;113066.71;113108.89;112773.51;112998
2025-10-29 08:00:00;113580.68;113642.03;112961.25;113073.46
2025-10-29 07:00:00;113289.92;113611.21;113240.61;113580.68
2025-10-29 06:00:00;113054.31;113366;112972.5;113287.03
2025-10-29 05:00:00;112823.79;113376.16;112816;113054.31
2025-10-29 04:00:00;112532.49;112894.96;112510.86;112823.82
2025-10-29 03:00:00;112674.17;112674.17;112345.67;112529.3
2025-10-29 02:00:00;112501.18;112812.42;112418.39;112674.17
2025-10-29 01:00:00;112446.01;112980.06;112075;112501.17
2025-10-29 00:00:00;112906.75;112917.79;112446;112446
2025-10-28 23:00:00;113243.29;113249.53;112775;112906.75
2025-10-28 22:00:00;113014.01;113317.11;112839.03;113243.29
2025-10-28 21:00:00;112817.86;113244.92;112203;113013.98
2025-10-28 20:00:00;113686.52;113707.09;112321.92;112817.87
2025-10-28 19:00:00;115023.25;115074.06;113534.01;113687.51
2025-10-28 18:00:00;115306.13;115368.98;114636.47;115023.24
2025-10-28 17:00:00;115350.04;115598.59;115233.67;115306.13
2025-10-28 16:00:00;114632.01;115508.44;114512.46;115350.04
2025-10-28 15:00:00;115069.18;115421.17;114513.01;114639.86
2025-10-28 14:00:00;115534.02;116114.13;114248.01;115069.17
2025-10-28 13:00:00;114442.81;115535.97;114442.81;115534.01
2025-10-28 12:00:00;114340;114515.35;114128.3;114442.81
2025-10-28 11:00:00;114600.02;114666.66;114272.86;114340
2025-10-28 10:00:00;114524.37;114637.4;114421.48;114600.01
2025-10-28 09:00:00;114411.26;114632.24;114195.38;114524.37
2025-10-28 08:00:00;114178.2;114479.03;114102.96;114411.27
2025-10-28 07:00:00;114113.27;114364;114094.89;114178.2
2025-10-28 06:00:00;113600.76;114187.84;113600.76;114110.87
2025-10-28 05:00:00;113956.08;113996;113483.34;113600.76
2025-10-28 04:00:00;113912.04;114070.43;113761.17;113959.2
2025-10-28 03:00:00;113940.66;114118.01;113718.21;113912.05
2025-10-28 02:00:00;114433.45;114471.63;113570.73;113940.67
2025-10-28 01:00:00;113964;114553.83;113963.99;114437.47
2025-10-28 00:00:00;114087.06;114360.89;113777.76;113963.99
2025-10-27 23:00:00;114124.12;114216;113833.12;114087.06
2025-10-27 22:00:00;114300.01;114586.2;114052.87;114124.12
2025-10-27 21:00:00;114453.6;114617.95;114114;114300.01
2025-10-27 20:00:00;114940;114940;114400;114453.61
2025-10-27 19:00:00;115361.19;115361.19;114773.82;114950
2025-10-27 18:00:00;115714;115808.76;115331.17;115350.01
2025-10-27 17:00:00;115498.75;115732.32;115308.2;115714.01
2025-10-27 16:00:00;114965.69;115645.65;114873.84;115498.75
2025-10-27 15:00:00;114810.51;115234;114781.14;114966
2025-10-27 14:00:00;115254;115355.05;114477;114810.52
2025-10-27 13:00:00;115063.99;115405.3;114563.58;115253.99
2025-10-27 12:00:00;115348.01;115432;114980.91;115063.99
2025-10-27 11:00:00;115461.83;115529.68;115129.77;115351.41
2025-10-27 10:00:00;115251;115542.79;115117.31;115461.85
2025-10-27 09:00:00;115023.57;115363.7;114800;115250
2025-10-27 08:00:00;115565.88;115623.48;114890.48;115028.61
2025-10-27 07:00:00;116058;116410.06;115500;115565.97
2025-10-27 06:00:00;115562;116105;115356.51;116059.46
2025-10-27 05:00:00;115269.58;115680.48;115269.58;115562.01
2025-10-27 04:00:00;114985.49;115305.3;114925;115269.58
2025-10-27 03:00:00;114893;115281.07;114850;114982
2025-10-27 02:00:00;115288.76;115472.67;114802.2;114895.57
2025-10-27 01:00:00;114766.52;115395.94;114701.36;115285.34
2025-10-27 00:00:00;114561.69;115179.18;114362.43;114771.21
2025-10-26 23:00:00;114694.13;114981.67;114387.79;114548.09
2025-10-26 22:00:00;113493.44;115542;113478.2;114687.72
2025-10-26 21:00:00;113332;113595.05;112860;113493.44
2025-10-26 20:00:00;113605.01;113605.01;113312.46;113332
2025-10-26 19:00:00;113596;113727.98;113513;113607.99
2025-10-26 18:00:00;113451.44;113760.88;113445.67;113595.99
2025-10-26 17:00:00;113515.96;113750;113446.07;113451.66
2025-10-26 16:00:00;113700;113750;113279.24;113518.85
2025-10-26 15:00:00;113564.83;113743.9;113427;113701.92
2025-10-26 14:00:00;113725.47;113935.32;113541.75;113564.83
2025-10-26 13:00:00;113592.39;114054.85;113276;113724.29
2025-10-26 12:00:00;113303.15;113834.64;113284.01;113592.4
2025-10-26 11:00:00;112500;113500;112448.67;113303.16
2025-10-26 10:00:00;112559.59;112604;112200.82;112499.99
2025-10-26 09:00:00;111796.63;112800;111733.62;112557.99
2025-10-26 08:00:00;111749.88;111866.19;111749.83;111796.46
2025-10-26 07:00:00;111645.44;111749.98;111620.43;111749.98
2025-10-26 06:00:00;111619.39;111696;111547.75;111642
2025-10-26 05:00:00;111441.78;111663.97;111380;111619.39
2025-10-26 04:00:00;111289.13;111513.47;111260.33;111441.89
2025-10-26 03:00:00;111476.05;111530.89;111268.01;111289.95
2025-10-26 02:00:00;111658;111714;111427.85;111476.05
2025-10-26 01:00:00;111741.31;112000;111543.06;111658.21
2025-10-26 00:00:00;111666.22;111931.72;111562.04;111741.31
2025-10-25 23:00:00;111635.99;111704.88;111541.58;111666.21
2025-10-25 22:00:00;111499.99;111709.55;111406.5;111636
2025-10-25 21:00:00;111460.39;111500;111364.5;111500
2025-10-25 15:00:00;111610.67;111611.98;111405.3;111466.2
2025-10-25 14:00:00;111699.49;111780;111517.1;111611.98
2025-10-25 13:00:00;111919.85;111954.34;111517.81;111699.48
2025-10-25 12:00:00;111599.11;111968.52;111554.85;111918.22
2025-10-25 11:00:00;111585.07;111701.14;111512.61;111599.11
2025-10-25 10:00:00;111550.01;111754.69;111409.92;111585.07
2025-10-25 09:00:00;111792.25;111864;111512.61;111544.02
2025-10-25 08:00:00;111520;111816.87;111502.69;111792.25
2025-10-25 07:00:00;111386.19;111850;111386.19;111518.22
2025-10-25 06:00:00;111406.9;111512.61;111279;111386.18
2025-10-25 05:00:00;111252.41;111453.82;111102.14;111406.78
2025-10-25 04:00:00;111049.76;111479;111049.76;111252.4
2025-10-25 03:00:00;111062.21;111164.52;111024.04;111049.76
2025-10-25 02:00:00;111104.37;111164.26;110979.98;111062.21
2025-10-25 01:00:00;110805.77;111261.22;110774;111104.25
2025-10-25 00:00:00;111042.13;111080.41;110693.01;110805.27
2025-10-24 23:00:00;111044.41;111154.99;110904.43;111042.13
2025-10-24 22:00:00;111110.09;111174;110937.1;111044.41
2025-10-24 21:00:00;110920.22;111138.86;110654.01;111110.1
2025-10-24 20:00:00;110624.01;111040.55;110485.4;110920.22
2025-10-24 19:00:00;110621.56;110980.7;110506.46;110624.14
2025-10-24 18:00:00;110231.46;110658.51;110165.84;110621.56
2025-10-24 17:00:00;110282.04;110600;110195.8;110233.73
2025-10-24 16:00:00;110070.08;110411.24;109804.93;110286.93
2025-10-24 15:00:00;110239.33;110657.36;109910.01;110070.09
2025-10-24 14:00:00;110952;110957.98;109725.51;110239.33
2025-10-24 13:00:00;111334;111471.41;110394.19;110948.24
2025-10-24 12:00:00;111100.97;112158.39;110902.09;111334
2025-10-24 11:00:00;111156.66;111305.25;110629.93;111100.64
2025-10-24 10:00:00;111367.16;111367.16;111089.73;111156.66
2025-10-24 09:00:00;111119.95;111534.36;111023.7;111367.17
2025-10-24 08:00:00;111096.84;111251.78;110721.57;111121.4
2025-10-24 07:00:00;111498.05;111578.25;110814.81;111096.85
2025-10-24 06:00:00;111287.67;111551.32;111154.15;111498.04
2025-10-24 05:00:00;111207.55;111354.02;110974.35;111287.66
2025-10-24 04:00:00;110487.96;111517.77;110374.01;111207.55
2025-10-24 03:00:00;110607.14;110678;110288.39;110486.58
2025-10-24 02:00:00;110614.76;110861.2;110378.34;110600.21
2025-10-24 01:00:00;110551.87;110717.89;110177.5;110614.77
2025-10-24 00:00:00;110116.02;110764.43;110024.06;110548.38
2025-10-23 23:00:00;109985.41;110155.9;109860;110116.03
2025-10-23 22:00:00;109582.7;110206.78;109553.01;109985.4
2025-10-23 21:00:00;109562.01;109766.99;109394.61;109582.71
2025-10-23 20:00:00;110244.52;110258.53;109399;109562.48
2025-10-23 19:00:00;110617.15;110681.42;110146.87;110247.6
2025-10-23 18:00:00;111285.25;111339.22;110298;110617.16
2025-10-23 17:00:00;110294;111342.6;109678.01;111276.07
2025-10-23 16:00:00;109944.02;110608.45;109669.19;110286.6
2025-10-23 15:00:00;109636.99;110148.76;109522.92;109944.02
2025-10-23 14:00:00;109538.23;109876.37;108746.49;109631.62
2025-10-23 13:00:00;109198.01;109654.79;108825.41;109538.23
2025-10-23 12:00:00;109284.21;109284.22;108703.61;109197.84
2025-10-23 11:00:00;109466.02;109690.54;109137.99;109284.22
2025-10-23 10:00:00;109460.73;109741.79;109411.56;109466.02
2025-10-23 09:00:00;109538.79;109578.02;109139.1;109458.38
2025-10-23 08:00:00;109290;109933.19;109263.87;109534
2025-10-23 07:00:00;110293.92;110310.19;109237.62;109289.99
2025-10-23 06:00:00;108981.93;110340.17;108886;110284.59
2025-10-23 05:00:00;108670.41;109018.59;108645.63;108986.14
2025-10-23 04:00:00;108391.59;108973.34;108375.99;108670.41
2025-10-23 03:00:00;108434;108748.97;108348;108391.59
2025-10-23 02:00:00;108185.88;108434;108089.65;108433.99
2025-10-23 01:00:00;107875.37;108526.79;107809.74;108185.86
2025-10-23 00:00:00;107588.02;107995;107511.46;107873.57
2025-10-22 23:00:00;107203.94;107967.11;107172;107585.98
2025-10-22 22:00:00;107213.99;107685.43;106926.87;107203.95
2025-10-22 21:00:00;107701.27;107765.56;106639;107210.08
2025-10-22 20:00:00;107857.98;108075.59;107514;107700.99
2025-10-22 19:00:00;108036.07;108418.02;107734.14;107846.83
2025-10-22 18:00:00;107789.73;108228.02;107461.49;108036.08
2025-10-22 17:00:00;108228.14;108347.74;107570.39;107789.73
2025-10-22 16:00:00;108426.43;108810.4;107860.76;108229.96
2025-10-22 15:00:00;108960.81;109188.27;107750.02;108426.4
2025-10-22 14:00:00;108838.18;109032.26;107537.33;108962
2025-10-22 13:00:00;108091.59;109071.08;107678.46;108838.18
2025-10-22 12:00:00;107592.92;108450.02;107491;108091.59
2025-10-22 11:00:00;107701.96;108261.16;106800;107592.92
2025-10-22 10:00:00;108007.07;108159.52;107675.38;107700.28
2025-10-22 09:00:00;108280.34;108324.53;107814.3;108007.07
2025-10-22 08:00:00;108368.56;108429.64;108123.72;108280.34
2025-10-22 07:00:00;108040;108368.57;107657.81;108368.57
2025-10-22 06:00:00;108221.99;108399.96;107994.04;108040
2025-10-22 05:00:00;108671.31;108695.57;107941.6;108221.99
2025-10-22 04:00:00;108272.83;108689.89;108210.01;108671.31
2025-10-22 03:00:00;108256.27;108275.57;107907.68;108273.42
2025-10-22 02:00:00;108408.22;108730.92;108256.26;108256.27
2025-10-22 01:00:00;108035.58;108522.9;108035.58;108408.21
2025-10-22 00:00:00;108357.99;108701.7;107891;108030.13
2025-10-21 23:00:00;109117.98;109490.29;108100;108362.27
2025-10-21 22:00:00;110866.16;110866.18;108434.84;109115.52
2025-10-21 21:00:00;110859.98;111164.46;110149.08;110866.27
2025-10-21 20:00:00;111845.83;111870.15;110622.76;110859.99
2025-10-21 19:00:00;112042.99;112268.72;111592.16;111841
2025-10-21 18:00:00;112059.26;112358;111389.81;112047.99
2025-10-21 17:00:00;112607.3;113043.8;111849.76;112059.28
2025-10-21 16:00:00;113483.83;114082.29;112512;112592.97
2025-10-21 15:00:00;112239.71;113611.24;111768.34;113484
2025-10-21 14:00:00;108475.09;112352.14;108446.01;112239.7
2025-10-21 13:00:00;108814.11;108930.55;107915.9;108468
2025-10-21 12:00:00;108604.02;109505.99;108476.32;108819.97
2025-10-21 11:00:00;108528.48;108687.56;108184.11;108604.02
2025-10-21 10:00:00;107784.37;108854.96;107600;108530.23
2025-10-21 09:00:00;107725.33;107904;107570.01;107784.37
2025-10-21 08:00:00;108098;108126.19;107500.02;107725.34
2025-10-21 07:00:00;107940.6;108235.99;107679.71;108103.61
2025-10-21 06:00:00;107577.52;108233.66;107525.01;107940.61
2025-10-21 05:00:00;107818.23;108037.29;107444.6;107579.51
2025-10-21 04:00:00;109100.03;109100.03;107685.51;107818.23
2025-10-21 03:00:00;109552.53;109665.08;109100;109100.02
2025-10-21 02:00:00;109896;109956.21;109344.13;109552.53
2025-10-21 01:00:00;110482.41;110529.97;109611;109894
2025-10-21 00:00:00;110568.05;110570;110017.08;110482.42
2025-10-20 23:00:00;110830;110857.33;110533.01;110568.06
2025-10-20 22:00:00;110592.41;110908.73;110422.01;110830
2025-10-20 21:00:00;111128.03;111276;110500;110592.42
2025-10-20 20:00:00;110836;111303.44;110676.39;111125.54
2025-10-20 19:00:00;110948.14;111106.68;110555.01;110840
2025-10-20 18:00:00;110321.03;110988.32;110245.11;110948.13
2025-10-20 17:00:00;110726.29;111135.9;109875.47;110321.99
2025-10-20 16:00:00;111178.45;111351.54;110167.81;110717.89
2025-10-20 15:00:00;111236.27;111748.6;111030.02;111167.39
2025-10-20 14:00:00;111182.14;111414.04;110726.05;111236.18
2025-10-20 13:00:00;110876.01;111234.31;110610.91;111182.14
2025-10-20 12:00:00;111049.41;111246.68;110795.55;110874.22
2025-10-20 11:00:00;110777.76;111064.67;110641.63;111049.41
2025-10-20 10:00:00;111003.98;111147.26;110689.82;110775.29
2025-10-20 09:00:00;111112.61;111227.87;110719.89;111003.98
2025-10-20 08:00:00;111232.98;111685.23;110965.16;111119.77
2025-10-20 07:00:00;111326.08;111447.3;111095.67;111234.7
2025-10-20 06:00:00;111049.28;111405.52;111016.84;111326.08
2025-10-20 05:00:00;110453.93;111143;110314.12;111049.28
2025-10-20 04:00:00;110179.76;110555;109962.08;110455.68
2025-10-20 03:00:00;108813.98;110451.88;108594.32;110181.41
2025-10-20 02:00:00;108088.49;108997.01;107884.14;108805.95
2025-10-20 01:00:00;108092;108316.48;107934.31;108088.48
2025-10-20 00:00:00;108676.77;108676.78;107449.91;108087.96
2025-10-19 23:00:00;109182;109182;108500.98;108676.78
2025-10-19 22:00:00;108794;109415.58;108791.88;109182
2025-10-19 21:00:00;108893.14;108919.27;108637.88;108794.71
2025-10-19 20:00:00;108948.01;109042.14;108850;108884.28
2025-10-19 19:00:00;109433.65;109433.66;108834.84;108948.7
2025-10-19 18:00:00;109154.01;109499;109077.45;109433.65
2025-10-19 17:00:00;108663.99;109481.96;108648.32;109150.01
2025-10-19 16:00:00;108522;108989;108278.19;108659.99
2025-10-19 15:00:00;108434.19;108660;108350.01;108521.99
2025-10-19 14:00:00;108116.4;108544.2;107899.9;108434.18
2025-10-19 13:00:00;107674.23;108247.34;107394.17;108111.54
2025-10-19 12:00:00;107818.31;107892;107472.25;107672.32
2025-10-19 11:00:00;107909.14;108278.93;107665.96;107817.99
2025-10-19 10:00:00;107423.44;107944.03;107016.04;107909.55
2025-10-19 09:00:00;106458.41;108233.07;106091.25;107423.44
2025-10-19 08:00:00;106808.56;107231.9;106294.08;106458.41
2025-10-19 07:00:00;106801.67;106945.2;106711.82;106808.56
2025-10-19 06:00:00;106914.43;106945.2;106581.41;106799.97
2025-10-19 05:00:00;107070.36;107216;106830.08;106914.43
2025-10-19 04:00:00;107300;107316.08;107013.95;107070.35
2025-10-19 03:00:00;106876.92;107398.69;106825.88;107300.01
2025-10-19 02:00:00;107005.05;107032.44;106826.21;106876.93
2025-10-19 01:00:00;106934.11;107026.63;106747.45;107005.06
2025-10-19 00:00:00;107208.91;107300;106781.93;106930.73
2025-10-18 23:00:00;107154.05;107242.03;107018.17;107208.91
2025-10-18 22:00:00;107199.99;107332.28;107090.49;107157.5
2025-10-18 21:00:00;107045.46;107261.26;106872.03;107199.99
2025-10-18 20:00:00;107115.29;107394.62;107024;107045.47
2025-10-18 19:00:00;106889.03;107136.94;106803.33;107115.29
2025-10-18 18:00:00;106908;106955;106748.65;106889.03
2025-10-18 17:00:00;106685.32;106989.54;106597.43;106904.63
2025-10-18 16:00:00;106989.95;107100.7;106511.53;106688.24
2025-10-18 15:00:00;107080.01;107206.5;106857.2;106989.94
2025-10-18 14:00:00;106932.44;107164.8;106769.8;107074.16
2025-10-18 13:00:00;107108.03;107140.79;106846.28;106932.44
2025-10-18 12:00:00;107251.99;107350.26;107001.02;107108.03
2025-10-18 11:00:00;106961.73;107265.5;106806;107251.98
2025-10-18 10:00:00;106939.04;107189.19;106828.08;106961.73
2025-10-18 09:00:00;106764.64;106989.12;106670;106936.08
2025-10-18 08:00:00;106727.98;107018.91;106659.24;106766.75
2025-10-18 07:00:00;106891.91;107535.68;106671.92;106725.61
2025-10-18 06:00:00;106854.58;106997.25;106755.55;106891.93
2025-10-18 05:00:00;106515.73;106894.23;106515.73;106854.58
2025-10-18 04:00:00;107119.46;107122.96;106476.72;106510.89
2025-10-18 03:00:00;106632.63;107174.56;106613.36;107119.46
2025-10-18 02:00:00;107185.85;107341.06;106537.48;106632.63
2025-10-18 01:00:00;106879.77;107363.84;106852.5;107185.85
2025-10-18 00:00:00;106462.09;106887.83;106357.69;106879.76
2025-10-17 23:00:00;107024;107031.84;106418;106463.3
2025-10-17 22:00:00;107332.06;107459.45;106846.01;107024
2025-10-17 21:00:00;107057.43;107480;107030.77;107332.06
2025-10-17 20:00:00;106490.41;107204;106360.38;107051.02
2025-10-17 19:00:00;106672.9;106918;106253.58;106484
2025-10-17 18:00:00;106462.03;107146.72;106462.03;106672.9
2025-10-17 17:00:00;106392.21;106752.47;106086;106460.82
2025-10-17 16:00:00;106800.01;107576.94;106247.56;106391.99
2025-10-17 15:00:00;105176.74;106862.04;105103.69;106800
2025-10-17 14:00:00;105855.7;106026.28;104553.98;105177.68
2025-10-17 13:00:00;105348.01;106187.43;104873.24;105854
2025-10-17 12:00:00;105681.89;106072.37;105230.03;105351.07
2025-10-17 11:00:00;104742.83;106647.01;104653.19;105681.29
2025-10-17 10:00:00;104517.01;104900;103516.75;104742.83
2025-10-17 09:00:00;104880.38;105632.84;104517.01;104519.84
2025-10-17 08:00:00;105614.33;105722.22;104465.01;104880.39
2025-10-17 07:00:00;106755.92;106914.56;105510.13;105614
2025-10-17 06:00:00;108401.99;108533.52;106666;106752.77
2025-10-17 05:00:00;108802.15;108937.5;108312.01;108397.8
2025-10-17 04:00:00;109207.13;109269.97;108793.87;108802.15
2025-10-17 03:00:00;109006.02;109262.17;108920.33;109211.22
2025-10-17 02:00:00;108855.11;109119.2;108411.47;109006.02
2025-10-17 01:00:00;108813.81;109134.15;108527.29;108861.98
2025-10-17 00:00:00;108197.99;108849.47;107915.07;108812.82
2025-10-16 23:00:00;107814.12;108450.05;107750.01;108198
2025-10-16 22:00:00;108459.98;108534;107787.9;107814.12
2025-10-16 21:00:00;107872.76;108498.84;107603;108457.01
2025-10-16 20:00:00;108249.4;108477;107464.53;107878.75
2025-10-16 19:00:00;108702.98;108813.34;107721.36;108246.33
2025-10-16 18:00:00;108319.4;108725.99;107703.98;108706.01
2025-10-16 17:00:00;109290.02;109300;108249.99;108315.73
2025-10-16 16:00:00;108586;109322.49;107600.37;109294.03
2025-10-16 15:00:00;110577.06;110804.54;108379.85;108591.19
2025-10-16 14:00:00;110895.93;111478;109761.89;110577.05
2025-10-16 13:00:00;111560.01;111598.79;110710.48;110891.39
2025-10-16 12:00:00;111446.59;112021.07;111322.3;111560.01
2025-10-16 11:00:00;111500.7;111600;111035.01;111443.19
2025-10-16 10:00:00;111180.9;111750;111051.29;111500.69
2025-10-16 09:00:00;110845;111695;108500;111185.99
2025-10-16 08:00:00;110578.02;110937.73;110386.14;110845.01
2025-10-16 07:00:00;111707.26;111810.02;110499.99;110575.99
2025-10-16 06:00:00;110998.91;111763.93;110957.09;111707.26
2025-10-16 05:00:00;111017.55;111520.52;110765.44;110998.92
2025-10-16 04:00:00;111383.76;111725.91;110852.76;111017.55
2025-10-16 03:00:00;111566.06;111905.84;111300.46;111383.51
2025-10-16 02:00:00;111353.64;111618.27;111052.38;111566.07
2025-10-16 01:00:00;110482.32;111400.73;110470.13;111347.21
2025-10-16 00:00:00;110804.11;110912.72;110400.02;110482.33
2025-10-15 23:00:00;110709.88;111058.84;110616.69;110804.12
2025-10-15 22:00:00;110886.78;111434.12;110702.67;110709.88
2025-10-15 21:00:00;111162.86;111474.1;110530.36;110886.78
2025-10-15 20:00:00;111313.45;111615.99;110565.5;111162.87
2025-10-15 19:00:00;111484.21;111613.54;111127.75;111318.21
2025-10-15 18:00:00;111233.16;111558.99;110866.77;111480.75
2025-10-15 17:00:00;110809.96;111249.57;110185.87;111238.18
2025-10-15 16:00:00;110864.01;111200;110656;110809.96
2025-10-15 15:00:00;111143.83;111662.28;110429.41;110867.71
2025-10-15 14:00:00;111461.2;112322.49;110890.02;111146.5
2025-10-15 13:00:00;111790.37;112088.1;110800;111460.64
2025-10-15 12:00:00;112000;112184.57;111446;111790.38
2025-10-15 11:00:00;112339.84;112697.67;111747.77;112000.01
2025-10-15 10:00:00;112618.04;112721.01;112147.21;112346.01
2025-10-15 09:00:00;113013.12;113189.11;112449.92;112618.04
2025-10-15 08:00:00;112633.69;113564;112585.21;113013.13
2025-10-15 07:00:00;112514.69;112755.54;112273.93;112642.34
2025-10-15 06:00:00;112486.3;112628.68;111944.27;112515.72
2025-10-15 05:00:00;112389.78;112709.13;112235;112486.5
2025-10-15 04:00:00;112075.4;112524.5;111793.73;112389.78
2025-10-15 03:00:00;112860.93;112924.9;111868.2;112073.9
2025-10-15 02:00:00;112781.98;113671.99;112714.13;112860.93
2025-10-15 01:00:00;113041.41;113066.56;112372;112784.28
2025-10-15 00:00:00;113072.18;113172.83;112644.5;113041.4
2025-10-14 23:00:00;113264.92;113572.39;113043.04;113068
2025-10-14 22:00:00;113175.34;113639.19;112835.28;113264.91
2025-10-14 21:00:00;113048.24;113240.94;112742.03;113175.34
2025-10-14 20:00:00;112660.02;113051.68;112265.02;113048.24
2025-10-14 19:00:00;112910;113611.36;112065.45;112664.75
2025-10-14 18:00:00;112844.02;113533.01;112708.8;112903.59
2025-10-14 17:00:00;112398.05;113010.13;111756.05;112844.01
2025-10-14 16:00:00;112954.84;113272;112261.92;112398.04
2025-10-14 15:00:00;111477.25;112979.99;111111;112960.11
2025-10-14 14:00:00;111093.36;112284.98;110987.6;111477.27
2025-10-14 13:00:00;110889.47;111421.54;109945.86;111088.61
2025-10-14 12:00:00;111395.66;111454.88;110814.24;110889.47
2025-10-14 11:00:00;110714.28;111719.66;110698.7;111394.48
2025-10-14 10:00:00;111372;111423.54;110127;110712.45
2025-10-14 09:00:00;111907.35;112104.6;111127.51;111364
2025-10-14 08:00:00;111794;112228.01;111591.28;111907.35
2025-10-14 07:00:00;112053.02;112278.92;111545.91;111799.44
2025-10-14 06:00:00;112570;112787.37;111444;112053.02
2025-10-14 05:00:00;113135.6;113768.23;112464.27;112566.84
2025-10-14 04:00:00;113574.95;113684.98;112842;113132.96
2025-10-14 03:00:00;113703.74;113779.88;113343.3;113574.95
2025-10-14 02:00:00;114356.51;114388.96;113701;113703.75
2025-10-14 01:00:00;115057.99;115102;114211.21;114356.52
2025-10-14 00:00:00;115274.03;115514.91;114970.59;115057.99
2025-10-13 23:00:00;115607.97;115609.15;115087.66;115274.03
2025-10-13 22:00:00;115811.89;115945;115536.01;115613.03
2025-10-13 21:00:00;115815.99;115897.33;115648;115811.89
2025-10-13 20:00:00;115899.12;115994;115500;115816
2025-10-13 19:00:00;115251.69;115995.74;115167.96;115899.11
2025-10-13 18:00:00;115112.34;115475;114801.46;115251.43
2025-10-13 17:00:00;114756.98;115150;114308.44;115112.35
2025-10-13 16:00:00;114425.77;115290;114369.86;114756.98
2025-10-13 15:00:00;114125.99;114849.13;114068.78;114425.77
2025-10-13 14:00:00;115445.76;115588.62;113898.97;114125.98
2025-10-13 13:00:00;114501.61;115646;114312.87;115452.43
2025-10-13 12:00:00;114278.98;114851.67;114023.71;114501.62
2025-10-13 11:00:00;114905.26;114905.26;113700.27;114278.99
2025-10-13 10:00:00;115208.54;115245.17;114819.88;114905.33
2025-10-13 09:00:00;115340.01;115340.01;114851.95;115203.06
2025-10-13 08:00:00;115474.65;115522.15;115220.08;115338.44
2025-10-13 07:00:00;115287.86;115632.45;115084.62;115481.11
2025-10-13 06:00:00;114692.85;115423.41;114500;115287.85
2025-10-13 05:00:00;114791.6;114914.49;114583.75;114698.44
2025-10-13 04:00:00;114928.57;115100;114500;114791.6
2025-10-13 03:00:00;115430.61;115736.1;114719.37;114928.58
2025-10-13 02:00:00;115816.41;116077.51;115107.85;115435.15
2025-10-13 01:00:00;115389.44;115870.34;115182.88;115816.42
2025-10-13 00:00:00;115067.96;115999.97;114876;115389.45
2025-10-12 23:00:00;115331.18;115474.99;114837.53;115067.98
2025-10-12 22:00:00;114997.01;115847;114960.71;115331.19
2025-10-12 21:00:00;115024;115696.34;114350.92;114981.18
2025-10-12 20:00:00;114420.85;115542.98;114420.11;115024
2025-10-12 19:00:00;113951.69;114479.03;113897.63;114420.86
2025-10-12 18:00:00;113893.75;114333.25;113627.52;113951.69
2025-10-12 17:00:00;114159.99;114566.14;113602.6;113893.75
2025-10-12 16:00:00;113246.19;114780.57;113246.19;114158
2025-10-12 15:00:00;112380.07;113800;112120.19;113246.19
2025-10-12 14:00:00;111338.72;113019.77;111210;112369.1
2025-10-12 13:00:00;111827.49;111988.46;111284;111338.72
2025-10-12 12:00:00;111886.03;112273.96;111585.52;111827.49
2025-10-12 11:00:00;111708.02;112161.85;111524.32;111887.54
2025-10-12 10:00:00;111878.02;112088.66;111479.52;111708.02
2025-10-12 09:00:00;111370.89;111975.79;111195.5;111878
2025-10-12 08:00:00;111615.97;111904.82;111350.05;111370.94
2025-10-12 07:00:00;111789.99;112045.37;111559.64;111618
2025-10-12 06:00:00;111793.37;112218.04;111701.34;111783.98
2025-10-12 05:00:00;111620.88;111907.44;111274.18;111793.36
2025-10-12 04:00:00;110794.05;112048.28;110717.31;111620.87
2025-10-12 03:00:00;110211.07;111489;110094.16;110790
2025-10-12 02:00:00;110078.27;110810.35;109699.27;110211.06
2025-10-12 01:00:00;109764.66;110421.42;109750.08;110078.26
2025-10-12 00:00:00;110768.9;110806.39;109687.46;109764.03
2025-10-11 23:00:00;111164.03;111240.25;110765.64;110768.89
2025-10-11 22:00:00;111014.82;111427.58;110770.67;111164.06
2025-10-11 21:00:00;110377.87;111111.11;109683.96;111022.41
2025-10-11 20:00:00;111301.57;111484.1;109800;110367.76
2025-10-11 19:00:00;112078.5;112147.14;110967.03;111301.55
2025-10-11 18:00:00;112118.05;112153.91;111962.77;112078.51
2025-10-11 17:00:00;111985.34;112310.7;111820.12;112118.05
2025-10-11 16:00:00;111907.45;112200;111525.14;111974.39
2025-10-11 15:00:00;112093.99;112493.18;111900;111907.99
2025-10-11 14:00:00;112375.24;112453.43;111993.17;112093.99
2025-10-11 13:00:00;112496.69;112636.7;112000;112375.24
2025-10-11 12:00:00;112390.34;112610.24;112132.28;112496.69
2025-10-11 11:00:00;112220.47;112465.61;111776;112390.37
2025-10-11 10:00:00;111734.26;112376.01;111724.48;112220.46
2025-10-11 09:00:00;111424.63;112000;111364.41;111734.27
2025-10-11 08:00:00;110515.02;111650.3;110280.33;111424.62
2025-10-11 07:00:00;112166.35;112222.04;110215;110518.61
2025-10-11 06:00:00;112513.67;112890.03;112102.35;112166.35
2025-10-11 05:00:00;113096.97;113100;112140.76;112513.67
2025-10-11 04:00:00;112415.11;113105.86;111821;113090.04
2025-10-11 03:00:00;113339.99;113439.99;111917.75;112417.34
2025-10-11 02:00:00;111220.82;113399.99;111203.19;113340.01
2025-10-11 01:00:00;112673.48;112710;111165.07;111220.97
2025-10-11 00:00:00;112976.01;113330.5;111754.39;112676.33
2025-10-10 23:00:00;114003.62;114961.92;112940.4;112980.28
2025-10-10 22:00:00;113911;114783.31;112000;114014.76
2025-10-10 21:00:00;114323.97;115156.73;107000;113874.92
2025-10-10 20:00:00;116673.01;117224.22;112940.63;114317.33
2025-10-10 19:00:00;117237.49;117344.95;115946.13;116670.01
2025-10-10 18:00:00;117655.63;117870.61;117232;117238
2025-10-10 17:00:00;118221.95;118450.98;117560.94;117655.63
2025-10-10 16:00:00;119064.08;119489.37;118221.8;118221.8
2025-10-10 15:00:00;120522.54;120666.67;118490.75;119064.09
2025-10-10 14:00:00;121715.62;122122;120510;120524.03
2025-10-10 13:00:00;121646.12;122600;121412.25;121718.65
2025-10-10 12:00:00;121600.01;121741.42;121467.73;121646.11
2025-10-10 11:00:00;121543.26;121707.5;121462.92;121600
2025-10-10 10:00:00;121360.08;121592.63;121264.43;121543.26
2025-10-10 09:00:00;121665.25;121830.29;121315.75;121360.09
2025-10-10 08:00:00;120992.63;121710.89;120963.85;121665.22
2025-10-10 07:00:00;121407.99;121445.07;120884.52;120991.04
2025-10-10 06:00:00;121627.87;121798.75;121296.01;121406.56
2025-10-10 05:00:00;121283.99;121646.16;121028.01;121627.88
2025-10-10 04:00:00;121078.1;121453.44;121068;121285.29
2025-10-10 03:00:00;121124.36;121632.95;120971.41;121078.09
2025-10-10 02:00:00;121688.93;121712.16;120963.86;121124.35
2025-10-10 01:00:00;121814.96;121948.77;121542.23;121688.94
2025-10-10 00:00:00;121714.51;121934.36;121643.85;121814.96
2025-10-09 23:00:00;121754.13;121809;121420.8;121714.51
2025-10-09 22:00:00;121539.28;121833.98;121464.32;121754.14
2025-10-09 21:00:00;121172.06;121580;121119.12;121539.28
2025-10-09 20:00:00;121046.97;121268.19;120918.42;121172.06
2025-10-09 19:00:00;120715.1;121206.97;120715.1;121040
2025-10-09 18:00:00;121026.22;121180.39;120439.7;120714.99
2025-10-09 17:00:00;119902;121100;119713.65;121026.01
2025-10-09 16:00:00;121206;121532.51;119780;119905.93
2025-10-09 15:00:00;121378.03;121779.16;120728.19;121213.41
2025-10-09 14:00:00;122451.42;122654.35;120830.48;121378.05
2025-10-09 13:00:00;123606;123702.93;122335.67;122451.42
2025-10-09 12:00:00;122783.29;123822.08;122751.35;123606
2025-10-09 11:00:00;122209.98;122907.69;122209.98;122783.3
2025-10-09 10:00:00;121844.57;122379.99;121675.98;122209.56
2025-10-09 09:00:00;121285.46;121881.97;121285.46;121841.49
2025-10-09 08:00:00;121952.03;122008.58;121175.76;121286.02
2025-10-09 07:00:00;121978.37;122097.98;121750.01;121952.03
2025-10-09 06:00:00;122141.06;122211.1;121902.99;121978.38
2025-10-09 05:00:00;122170.81;122241.6;121856.62;122141.07
2025-10-09 04:00:00;122069.38;122300;121920.24;122170.81
2025-10-09 03:00:00;121649.76;122161.1;121624.01;122069.36
2025-10-09 02:00:00;122576.53;122576.53;121500;121649.77
2025-10-09 01:00:00;122876.01;122900.82;122356.33;122576.53
2025-10-09 00:00:00;123343.24;123388.56;122876;122876.01
2025-10-08 23:00:00;123234.82;123574.3;123080;123343.25
2025-10-08 22:00:00;123314.02;123456;123222.67;123239.52
2025-10-08 21:00:00;122886.24;123387.89;122842.3;123314
2025-10-08 20:00:00;123468.17;123754;122851;122892.3
2025-10-08 19:00:00;123465.84;123786.9;123173.28;123467.99
2025-10-08 18:00:00;124089.6;124254.31;123456;123465.84
2025-10-08 17:00:00;123097.9;124218;122992.01;124089.59
2025-10-08 16:00:00;122225.01;123172.94;122146.58;123097.9
2025-10-08 15:00:00;122350.21;122662.99;121992;122225.01
2025-10-08 14:00:00;122636;123390;122135.53;122360.01
2025-10-08 13:00:00;122672.95;122825.71;121681.92;122639.97
2025-10-08 12:00:00;122910.5;123101.52;122571.6;122672.95
2025-10-08 11:00:00;122994.16;123256.49;122765.39;122910.51
2025-10-08 10:00:00;122572.2;123136.86;122529.97;122983.16
2025-10-08 09:00:00;122421.97;122684.59;122416.16;122570.73
2025-10-08 08:00:00;121633.52;122899;121546;122421.98
2025-10-08 07:00:00;121824.86;121913.14;121356.3;121633.51
2025-10-08 06:00:00;121397.62;121880.69;121090.06;121824.86
2025-10-08 05:00:00;121939.52;121939.52;121193.98;121397.62
2025-10-08 04:00:00;121430.13;121959.29;121119.66;121939.52
2025-10-08 03:00:00;122087.76;122087.76;121262.74;121430.13
2025-10-08 02:00:00;122015.5;122297.99;121876.5;122087.75
2025-10-08 01:00:00;121977.17;122106.28;121651.6;122015.49
2025-10-08 00:00:00;121393.96;122156.58;121333.33;121979.43
2025-10-07 23:00:00;122078.27;122094.49;121335.8;121393.95
2025-10-07 22:00:00;122073.63;122236.1;121852.85;122078.27
2025-10-07 21:00:00;122017.06;122363.06;121830.36;122068.64
2025-10-07 20:00:00;121701.1;122271.12;121701.1;122017.02
2025-10-07 19:00:00;120932;122080.69;120902.01;121695.48
2025-10-07 18:00:00;121186.1;121366;120636;120933
2025-10-07 17:00:00;121757.28;121903.44;121142.74;121186.91
2025-10-07 16:00:00;121911.44;122156.3;120889.64;121757.3
2025-10-07 15:00:00;122829.96;122965.6;121261.84;121914.66
2025-10-07 14:00:00;123986.59;124099.6;122670.27;122829
2025-10-07 13:00:00;125017.99;125164.26;123456.24;123986.59
2025-10-07 12:00:00;124552.12;125226.34;124427.82;125003.76
2025-10-07 11:00:00;124380.84;124617.87;124268.67;124555.52
2025-10-07 10:00:00;124187.38;124499.26;124098;124376.69
2025-10-07 09:00:00;123942.15;124331.47;123929.79;124187.38
2025-10-07 08:00:00;123751.33;124080.38;123395;123942.13
2025-10-07 07:00:00;123957.67;124114.77;123639;123750.87
2025-10-07 06:00:00;124465.13;124524.8;123858.85;123952.39
2025-10-07 05:00:00;124557.09;124707.75;124305.78;124465.14
2025-10-07 04:00:00;124387.25;124724.16;124155.76;124557.1
2025-10-07 03:00:00;124327.99;124643.61;124173.16;124387.25
2025-10-07 02:00:00;124768.34;124779.96;124228.11;124328
2025-10-07 01:00:00;124953.38;125150;124506.07;124768.34
2025-10-07 00:00:00;124723.57;124999.99;124642.11;124953.38
2025-10-06 23:00:00;125098.58;125162.57;124700;124720.09
2025-10-06 22:00:00;125161.24;125351.83;124816.92;125101.59
2025-10-06 21:00:00;125266.32;125333.01;124576.15;125161.23
2025-10-06 20:00:00;125474.93;125605.99;125074.21;125266.33
2025-10-06 19:00:00;126099.21;126223.37;125319.85;125474.93
2025-10-06 18:00:00;125355.75;126296;125102.41;126099.22
2025-10-06 17:00:00;125534.64;125930;125187.11;125355.76
2025-10-06 16:00:00;125060.76;125599;124859;125536
2025-10-06 15:00:00;124593.35;125480;124555.01;125060.76
2025-10-06 14:00:00;125086.02;125399;124406.35;124597.88
2025-10-06 13:00:00;124600.24;125133;124435.98;125086.03
2025-10-06 12:00:00;124264.7;124740.35;124230;124600.24
2025-10-06 11:00:00;124012.9;124581.09;123779.82;124264.7
2025-10-06 10:00:00;124009.45;124199.59;123950.4;124012.91
2025-10-06 09:00:00;123888.79;124112.1;123822.41;124009.46
2025-10-06 08:00:00;123429.52;123920.51;123429.51;123887.55
2025-10-06 07:00:00;123975.01;124066.96;123325.01;123429.52
2025-10-06 06:00:00;123600.52;124200;123600.52;123975.01
2025-10-06 05:00:00;123622.03;123779.82;123333.34;123600.53
2025-10-06 04:00:00;123886.85;124041.12;123611.34;123622.02
2025-10-06 03:00:00;124167.99;124178.86;123789.01;123892.22
2025-10-06 02:00:00;124065.07;124289.8;123523.18;124168
2025-10-06 01:00:00;123386.4;124290.94;123231.15;124067.32
2025-10-06 00:00:00;123520.8;124432.61;123115.77;123388.64
2025-10-05 23:00:00;123274.02;123608.33;123238.63;123520.79
2025-10-05 22:00:00;122766.79;123334.5;122766.79;123274.03
2025-10-05 21:00:00;122739.13;122819.04;122516.14;122766.78
2025-10-05 20:00:00;122625.04;123093.23;122502.12;122739.14
2025-10-05 19:00:00;123041.99;123068.16;122535.47;122625.04
2025-10-05 18:00:00;123098.91;123250.1;122895;123041.99
2025-10-05 17:00:00;123291.79;123508.01;122933.99;123098.91
2025-10-05 16:00:00;122835.87;123382.34;122340.03;123291.79
2025-10-05 15:00:00;123071.36;123071.36;122694;122835.87
2025-10-05 14:00:00;123193.4;123373.98;122792.26;123073.09
2025-10-05 13:00:00;123118.95;123394.49;123088.75;123193.39
2025-10-05 12:00:00;123474.75;123474.75;122957.34;123118.94
2025-10-05 11:00:00;123048;123561.8;122858.04;123474.75
2025-10-05 10:00:00;123038.28;123153.69;122504.03;123048.01
2025-10-05 09:00:00;124613.94;124690.21;122794.99;123038.28
2025-10-05 08:00:00;124737.61;124850;124565.77;124613.93
2025-10-05 07:00:00;125001.17;125167.26;124599.68;124736.13
2025-10-05 06:00:00;125136.86;125236.79;124807.87;125001.17
2025-10-05 05:00:00;125212.01;125462.7;124895.18;125136.87
2025-10-05 04:00:00;123811.25;125750;123776.02;125206.48
2025-10-05 03:00:00;124074.18;124217.44;123384.8;123811.24
2025-10-05 02:00:00;122433.99;124400;122393.64;124072.03
2025-10-05 01:00:00;122214.02;122476.79;122195.28;122434
2025-10-05 00:00:00;122458.55;122488.63;122205;122214.03
2025-10-04 23:00:00;122359.67;122475;122255.08;122458.56
2025-10-04 22:00:00;122252.13;122427.42;122189.78;122359.67
2025-10-04 21:00:00;121943.96;122410.16;121890.98;122252.13
2025-10-04 20:00:00;122040.12;122160;121944.08;121944.08
2025-10-04 19:00:00;121658.45;122040.12;121649.79;122040.11
2025-10-04 18:00:00;121826.12;121908.77;121572.64;121658.46
2025-10-04 17:00:00;121823.81;121994.14;121714.52;121826.12
2025-10-04 16:00:00;121869.82;122036;121640.91;121792.01
2025-10-04 15:00:00;122068.01;122207.48;121773.25;121866.79
2025-10-04 14:00:00;122467.04;122537.99;122061.29;122068.02
2025-10-04 13:00:00;122079.65;122577.9;122074.06;122467.05
2025-10-04 12:00:00;122042.18;122188.87;122016.58;122079.65
2025-10-04 11:00:00;122189.82;122294.45;122026.85;122042.17
2025-10-04 10:00:00;122286.5;122407.47;122173.24;122187.01
2025-10-04 09:00:00;122342.04;122534;122254.03;122286.5
2025-10-04 08:00:00;122390.37;122611.3;122263.81;122342.03
2025-10-04 07:00:00;122516.19;122530.65;122329.4;122390.37
2025-10-04 06:00:00;122611.24;122699.98;122470.32;122516.19
2025-10-04 05:00:00;122592.95;122896;122485.1;122611.24
2025-10-04 04:00:00;122331.63;122623.79;122303.78;122585.01
2025-10-04 03:00:00;121951.28;122415.99;121909.25;122331.63
2025-10-04 02:00:00;121952.23;122145;121756.93;121954.35
2025-10-04 01:00:00;122204.94;122224.22;121767.59;121952.22
2025-10-04 00:00:00;122318.39;122389.02;122066.04;122207.98
2025-10-03 23:00:00;122556.37;122557.16;122253.74;122318.4
2025-10-03 22:00:00;122400;122758.22;122399.49;122556.37
2025-10-03 21:00:00;122546.2;122546.2;122090.09;122407.37
2025-10-03 20:00:00;122768.42;122830.99;122123.56;122546.2
2025-10-03 19:00:00;122614.99;123073.9;122443.23;122778
2025-10-03 18:00:00;122155.77;122823.02;121530;122614.99
2025-10-03 17:00:00;122645.22;123204.23;121666;122152.04
2025-10-03 16:00:00;122377.74;123996.81;122377.74;122645.23
2025-10-03 15:00:00;121026.23;122484.78;120742.7;122372.75
2025-10-03 14:00:00;120473.99;121100;119971.71;121028
2025-10-03 13:00:00;120462.03;120815.43;120213.92;120473.99
2025-10-03 12:00:00;120421.46;120500;120189.81;120462.03
2025-10-03 11:00:00;120519.31;120564.09;120212.85;120421.46
2025-10-03 10:00:00;120394.02;120623.75;120348;120520.3
2025-10-03 09:00:00;120138.01;120481.37;120088.26;120394.02
2025-10-03 08:00:00;119727.68;120193.31;119327.83;120138.01
2025-10-03 07:00:00;120004;120105.2;119700;119727.67
2025-10-03 06:00:00;120015.45;120171.7;119851.64;120004
2025-10-03 05:00:00;120149.11;120177.07;119850;120015.45
2025-10-03 04:00:00;120330.55;120428.5;120095.55;120149.12
2025-10-03 03:00:00;120258.59;120586.94;120258.58;120332.06
2025-10-03 02:00:00;119973.75;120397.7;119968.4;120258.59
2025-10-03 01:00:00;120239.05;120422.08;119922.02;119973.76
2025-10-03 00:00:00;120621.33;120655.68;120180.02;120239.05
2025-10-02 23:00:00;120342.89;120787;120332;120621.32
2025-10-02 22:00:00;120221.99;120505.67;120151.2;120342.9
2025-10-02 21:00:00;120737.12;120853.99;120214.8;120220.06
2025-10-02 20:00:00;120924.19;121016.9;120371.01;120733.21
2025-10-02 19:00:00;120602.08;121111;120535.51;120932.04
2025-10-02 18:00:00;119998.18;120778.41;119984.45;120604.03
2025-10-02 17:00:00;119823.25;120049.57;119435.97;119998.19
2025-10-02 16:00:00;119997.98;120400;119692.95;119823.26
2025-10-02 15:00:00;118899.17;119997.98;118581;119997.97
2025-10-02 14:00:00;119704;119890.98;118739;118899.17
2025-10-02 13:00:00;119479.98;119863.25;118990.4;119696
2025-10-02 12:00:00;118836;119493.31;118812.28;119479.99
2025-10-02 11:00:00;118684.4;118959.77;118597.27;118835.99
2025-10-02 10:00:00;118930.4;118999;118635.58;118686.78
2025-10-02 09:00:00;118749.56;118934.52;118627.64;118929.41
2025-10-02 08:00:00;118561.86;118755.95;118416.01;118749.56
2025-10-02 07:00:00;118732;118752.39;118493.79;118561.86
2025-10-02 06:00:00;118435.93;118766.96;118354.92;118729.8
2025-10-02 05:00:00;118718.1;118750;118336.01;118435.93
2025-10-02 04:00:00;118791.68;118994.24;118484.81;118715.83
2025-10-02 03:00:00;118810.02;119133.72;118750.02;118791.69
2025-10-02 02:00:00;118683.95;118845.36;118539.94;118807.96
2025-10-02 01:00:00;118499.99;118958.59;118421.81;118683.99
2025-10-02 00:00:00;118662.72;119498.09;118472.65;118500
2025-10-01 23:00:00;117816.02;118718.8;117749.1;118659.97
2025-10-01 22:00:00;117624.42;118160;117617.98;117816.04
2025-10-01 21:00:00;117605.15;117660.43;117389.51;117624.42
2025-10-01 20:00:00;117501.24;117612.51;117211.6;117605.16
2025-10-01 19:00:00;117292.01;117705.95;117267.81;117501.25
2025-10-01 18:00:00;116826;117411.35;116826;117292.01
2025-10-01 17:00:00;117618.03;117776;116773.01;116824
2025-10-01 16:00:00;117511.6;118280;117386.45;117618.03
2025-10-01 15:00:00;117384.29;117727;117173.77;117511.58
2025-10-01 14:00:00;116852.01;117500;116759.76;117384.29
2025-10-01 13:00:00;116450.02;116900.76;116443.12;116865.98
2025-10-01 12:00:00;116822.51;116945;116396.34;116447.62
2025-10-01 11:00:00;116317.67;116835.91;116308.01;116825.23
2025-10-01 10:00:00;116454.91;116600;116236.77;116316.02
2025-10-01 09:00:00;116150.39;116570.9;115976.66;116454.91
2025-10-01 08:00:00;114560.71;116622;114509.16;116150.38
2025-10-01 07:00:00;114289.73;114657;114264.62;114566.13
2025-10-01 06:00:00;114594.02;114656;114248.63;114289.72
2025-10-01 05:00:00;114310.63;114763.53;114277.5;114596.91
2025-10-01 04:00:00;114198.95;114734.15;114163.03;114310.63
2025-10-01 03:00:00;114285.65;114550.41;114102.6;114198.94
2025-10-01 02:00:00;114568.28;114573.44;114285.63;114286
2025-10-01 01:00:00;114254.23;114577.39;114144.01;114568.28
2025-10-01 00:00:00;114067.71;114314.94;113975.5;114254.23
2025-09-30 23:00:00;113947.57;114067.71;113760.05;114067.71
2025-09-30 22:00:00;114178.42;114374.99;113900;113947.57
2025-09-30 21:00:00;114641.98;114782.82;114143.66;114178.42
2025-09-30 20:00:00;114378.49;114727.95;114138.63;114642
2025-09-30 19:00:00;113726.21;114600;113710.5;114378.49
2025-09-30 18:00:00;113260.87;113738.55;113185.02;113726.21
2025-09-30 17:00:00;112854.87;113531.42;112819.04;113260.87
2025-09-30 16:00:00;113135.87;113300;112803.57;112854.88
2025-09-30 15:00:00;113632.03;113641.34;112930.03;113135.87
2025-09-30 14:00:00;113444.81;113670.6;112940.99;113632.03
2025-09-30 13:00:00;113041.59;113739.97;112895.88;113444.82
2025-09-30 12:00:00;113090.85;113312.54;113020.3;113041.59
2025-09-30 11:00:00;112959.08;113178;112837.67;113090.86
2025-09-30 10:00:00;112823.97;113123;112695.85;112956.27
2025-09-30 09:00:00;113501.98;113501.98;112777.01;112823.98
2025-09-30 08:00:00;113757.99;113798.37;113377.51;113496.13
2025-09-30 07:00:00;113956.33;114049.98;113639.77;113757.98
2025-09-30 06:00:00;113954.01;114139.62;113884.28;113956.62
2025-09-30 05:00:00;114147.63;114268.04;113884.29;113952
2025-09-30 04:00:00;114432.01;114432.01;114142.71;114147.65
2025-09-30 03:00:00;114529.02;114600.78;114363.01;114429.15
2025-09-30 02:00:00;114587.92;114671.47;114421.06;114529.02
2025-09-30 01:00:00;114590.51;114850;114336.97;114587.91
2025-09-30 00:00:00;114361.66;114825.08;114105.99;114590.52
2025-09-29 23:00:00;114240.61;114454.97;114240.61;114365.07
2025-09-29 22:00:00;114237.31;114282.2;114069.15;114240.61
2025-09-29 21:00:00;114310;114410.82;114151.05;114237.31
2025-09-29 20:00:00;114325.41;114490;114186.16;114313.95
2025-09-29 19:00:00;114086.02;114473;113916;114325.41
2025-09-29 18:00:00;114121.47;114218.16;113931.04;114088
2025-09-29 17:00:00;113692.26;114242.85;113510.13;114121.47
2025-09-29 16:00:00;113885.1;114134.2;113660.27;113692.27
2025-09-29 15:00:00;114104.25;114211.49;113753.26;113884.28
2025-09-29 14:00:00;113278;114323.68;113263.49;114104.25
2025-09-29 13:00:00;112059.5;113545.3;111940.72;113277.99
2025-09-29 12:00:00;112144.59;112550;111972.56;112059.98
2025-09-29 11:00:00;112123.21;112156.2;111950;112144.59
2025-09-29 10:00:00;112136.45;112266.98;112042.3;112126.54
2025-09-29 09:00:00;112123.21;112243.02;112015.81;112136.45
2025-09-29 08:00:00;111910.48;112458.48;111910.48;112123.2
2025-09-29 07:00:00;111671.38;111910.5;111582.65;111910.49
2025-09-29 06:00:00;111796.28;111900;111659.49;111671.39
2025-09-29 05:00:00;111841.44;111854;111600.36;111796.29
2025-09-29 04:00:00;111900.47;111943.61;111763.56;111839.4
2025-09-29 03:00:00;111772.57;111900.48;111607.05;111900.48
2025-09-29 02:00:00;111885.72;112057.99;111653.29;111772.57
2025-09-29 01:00:00;112295.4;112346.77;111748.87;111885.71
2025-09-29 00:00:00;112197.66;112348.19;112011.2;112295.41
2025-09-28 23:00:00;111969.36;112385.84;111969.36;112197.67
2025-09-28 22:00:00;110867.27;112058.74;110866;111969.35
2025-09-28 21:00:00;110840.79;110931;110662.29;110862.36
2025-09-28 20:00:00;110356.68;110978.71;110300.19;110840.8
2025-09-28 19:00:00;110311.65;110402.49;110134.21;110356.68
2025-09-28 18:00:00;110227.69;110311.65;110082.9;110311.65
2025-09-28 17:00:00;110235.01;110400;110150;110227.69
2025-09-28 16:00:00;110068.02;110423.55;110025;110235.02
2025-09-28 15:00:00;109876.39;110071.91;109735.69;110071.91
2025-09-28 14:00:00;109659.81;109919.9;109526.41;109876.39
2025-09-28 13:00:00;109354.09;109705.99;109354.09;109658.54
2025-09-28 12:00:00;109419.99;109500;109230.98;109354.09
2025-09-28 11:00:00;109413.16;109490.72;109292.15;109418.27
2025-09-28 10:00:00;109559.99;109560;109401.12;109413.15
2025-09-28 09:00:00;109561.97;109610.9;109367.84;109560
2025-09-28 08:00:00;109554.66;109625;109469.36;109561.97
2025-09-28 07:00:00;109455.85;109590.27;109389.45;109554.67
2025-09-28 06:00:00;109390.03;109498.03;109301;109455.86
2025-09-28 05:00:00;109425.67;109450.73;109389.01;109390.03
2025-09-28 04:00:00;109491.37;109533.44;109405.52;109425.67
2025-09-28 03:00:00;109492.71;109586;109452.71;109491.36
2025-09-28 02:00:00;109401.18;109591.88;109382.01;109492.71
2025-09-28 01:00:00;109663.65;109700;109371.03;109401.19
2025-09-28 00:00:00;109681.15;109840.85;109591.27;109663.65
2025-09-27 23:00:00;109651.17;109728.02;109493;109681.16
2025-09-27 22:00:00;109522.47;109756.84;109514.88;109654.43
2025-09-27 21:00:00;109441.02;109529.06;109441.02;109522.47
2025-09-27 20:00:00;109470.19;109490.17;109400;109441.02
2025-09-27 19:00:00;109470.01;109526.44;109416.56;109470.2
2025-09-27 18:00:00;109427.81;109482.96;109387.42;109470
2025-09-27 17:00:00;109432;109470.34;109287.96;109427.82
2025-09-27 16:00:00;109440.49;109470.33;109347.01;109440.82
2025-09-27 15:00:00;109352.01;109483.44;109239.81;109440.49
2025-09-27 14:00:00;109361.99;109454.03;109302.49;109344.62
2025-09-27 13:00:00;109447.55;109460.49;109350.01;109362
2025-09-27 12:00:00;109367.28;109539.99;109291.22;109447.55
2025-09-27 11:00:00;109487.35;109492.06;109322.87;109367.28
2025-09-27 10:00:00;109344.35;109538.69;109301.09;109487.36
2025-09-27 09:00:00;109305.03;109397.81;109116;109344.36
2025-09-27 08:00:00;109450.33;109450.33;109272.83;109305.03
2025-09-27 07:00:00;109590.59;109623.42;109381.45;109450.33
2025-09-27 06:00:00;109685.98;109687;109533.96;109590.68
2025-09-27 05:00:00;109718.16;109746;109646.34;109685.99
2025-09-27 04:00:00;109612.69;109801.42;109573.32;109718.15
2025-09-27 03:00:00;109469.53;109815.08;109434;109617.14
2025-09-27 02:00:00;109490.02;109546.54;109378.2;109469.53
2025-09-27 01:00:00;109706.02;109720.92;109376.28;109490.02
2025-09-27 00:00:00;109697.29;109719.94;109525.09;109706.02
2025-09-26 23:00:00;109616.01;109744.13;109472.37;109697.29
2025-09-26 22:00:00;109525;109665.97;109400;109616.02
2025-09-26 21:00:00;109349.98;109591.46;109248.1;109525.01
2025-09-26 20:00:00;109216.01;109405.73;109139.18;109349.98
2025-09-26 19:00:00;109775.99;109775.99;109078.27;109218.56
2025-09-26 18:00:00;109962;110369.99;109749;109775.99
2025-09-26 17:00:00;109495.88;110066;109421.33;109962
2025-09-26 16:00:00;109071.39;109682.38;109066.57;109495.89
2025-09-26 15:00:00;108894.36;109430.63;108850.08;109071.38
2025-09-26 14:00:00;109712.84;109851.96;108817.02;108894.35
2025-09-26 13:00:00;109435.56;109850;109044.47;109717.98
2025-09-26 12:00:00;109179.73;109644.23;108870.72;109432.02
2025-09-26 11:00:00;108961.9;109270.88;108645.02;109181.28
2025-09-26 10:00:00;109632.82;109643.98;108750.01;108961.9
2025-09-26 09:00:00;109652.03;109777.09;109467.8;109644.89
2025-09-26 08:00:00;109396.13;109698.96;109390.22;109652.03
2025-09-26 07:00:00;109410.97;109655.64;108967.93;109396.14
2025-09-26 06:00:00;109301.99;109683.26;109060.74;109410.97
2025-09-26 05:00:00;109395.42;109635.5;109126.28;109300.01
2025-09-26 04:00:00;109621.17;109680;109274.02;109395.43
2025-09-26 03:00:00;109673.99;109687.18;109335;109621.17
2025-09-26 02:00:00;109731.97;109851.24;109523.22;109671.45
2025-09-26 01:00:00;109515.04;109811.48;109344.73;109729.99
2025-09-26 00:00:00;109036;109659.02;108855.91;109518
2025-09-25 23:00:00;109469.44;109729.45;108789;109035.72
2025-09-25 22:00:00;109442.04;109627.74;109300.59;109467.26
2025-09-25 21:00:00;109204;109707.55;109101.7;109442.06
2025-09-25 20:00:00;109391.48;109519.94;109082;109204
2025-09-25 19:00:00;109789.8;110000;109317.38;109391.38
2025-09-25 18:00:00;108861.98;109835.98;108623.7;109783.14
2025-09-25 17:00:00;110998.4;111017.12;108662.99;108851.99
2025-09-25 16:00:00;111647.15;111739.11;110950;110998.39
2025-09-25 15:00:00;111580.5;111647.16;110906.47;111647.16
2025-09-25 14:00:00;111027.97;111775.13;111001.9;111584.74
2025-09-25 13:00:00;111135.21;111751.5;110625.82;111032
2025-09-25 12:00:00;111379.3;111695.23;111036.72;111140.81
2025-09-25 11:00:00;111673.03;111752.63;111302.88;111379.31
2025-09-25 10:00:00;111585.53;111891.35;111540.26;111671.44
2025-09-25 09:00:00;111755.08;112269.59;111580.5;111585.48
2025-09-25 08:00:00;111783.98;112065.42;111702.94;111755.09
2025-09-25 07:00:00;111547.99;111902.96;111458;111783.46
2025-09-25 06:00:00;111740.49;111858.57;111517.78;111540.16
2025-09-25 05:00:00;111734.46;112048.5;111592.84;111728.34
2025-09-25 04:00:00;112538.26;112620.58;111572.88;111734.47
2025-09-25 03:00:00;112915.52;112915.52;112222.83;112538.26
2025-09-25 02:00:00;112697.79;113211.72;112532.32;112915.52
2025-09-25 01:00:00;113087.85;113409.63;112478.01;112691.88
2025-09-25 00:00:00;113348.16;113561.35;113000;113087.85
2025-09-24 23:00:00;113383.35;113472.02;113232.19;113348.17
2025-09-24 22:00:00;113395.19;113695.11;113288.76;113383.35
2025-09-24 21:00:00;113537.04;113648;113335;113395.19
2025-09-24 20:00:00;113475.74;113667.03;113436.84;113551
2025-09-24 19:00:00;113696.62;113739;113324.25;113477.89
2025-09-24 18:00:00;113801.88;113875.67;113548;113696.61
2025-09-24 17:00:00;113772.53;113999.98;113650;113801.89
2025-09-24 16:00:00;113396.01;113814.21;113181.66;113772.53
2025-09-24 15:00:00;113770;113944.02;113290.01;113396.02
2025-09-24 14:00:00;112855.24;113950;112855.24;113768.16
2025-09-24 13:00:00;113088;113269.17;112832.74;112858.98
2025-09-24 12:00:00;113047.98;113150;112948;113088
2025-09-24 11:00:00;112960.02;113194.08;112873.94;113047.99
2025-09-24 10:00:00;112757;112985;112682.51;112960.03
2025-09-24 09:00:00;112636.6;112835.95;112509;112757
2025-09-24 08:00:00;112623;112664.54;112430.01;112636.6
2025-09-24 07:00:00;112627.27;112775.24;112483.28;112620.28
2025-09-24 06:00:00;112671.89;112809.86;112548.25;112627.26
2025-09-24 05:00:00;112178.62;112693.14;112159.36;112671.9
2025-09-24 04:00:00;111715.99;112399.99;111066.07;112190
2025-09-24 03:00:00;112144.43;112256.29;111703;111716
2025-09-24 02:00:00;112471.33;112526.65;111909.41;112144.44
2025-09-24 01:00:00;112247.56;112529.92;112166.28;112471.33
2025-09-24 00:00:00;112017.21;112417.92;111840.96;112250.04
2025-09-23 23:00:00;112189.62;112258.34;111893.99;112017.21
2025-09-23 22:00:00;112184;112249.06;112015.23;112189.62
2025-09-23 21:00:00;112018.11;112219.46;111914.4;112184
2025-09-23 20:00:00;111679.04;112033.78;111502.08;112018.11
2025-09-23 19:00:00;111791.99;112000;111538.85;111679.02
2025-09-23 18:00:00;111981.19;112237.31;111696;111791.99
2025-09-23 17:00:00;112863.99;112877.31;111893.77;111979.46
2025-09-23 16:00:00;112932.3;113018.35;112518.33;112864
2025-09-23 15:00:00;112703.55;113130.6;112538.63;112932.29
2025-09-23 14:00:00;113001.65;113357;112615.99;112703.55
2025-09-23 13:00:00;112998.36;113092.8;112767.02;113001.65
2025-09-23 12:00:00;113052.03;113120.65;112867.22;112998.36
2025-09-23 11:00:00;113024.37;113155.84;112740.65;113052.04
2025-09-23 10:00:00;112992;113071.85;112879.05;113024.36
2025-09-23 09:00:00;113192.06;113349.59;112934.41;112991.99
2025-09-23 08:00:00;113157.04;113235.65;112987.8;113192.07
2025-09-23 07:00:00;113047.49;113179.69;112939.08;113157.04
2025-09-23 06:00:00;112728.63;113188.47;112677.75;113047.5
2025-09-23 05:00:00;112527.73;112964.83;112491.34;112728.64
2025-09-23 04:00:00;112430;112565.66;111950;112527.73
2025-09-23 03:00:00;111893.83;112541.03;111554.38;112430
2025-09-23 02:00:00;112239.99;112572.9;111761.22;111893.29
2025-09-23 01:00:00;112479;112600;112211.01;112240
2025-09-23 00:00:00;112736.59;112925.8;112459.2;112478.99
2025-09-22 23:00:00;112720;112831.47;112670;112736.59
2025-09-22 22:00:00;113050.62;113050.62;112668.01;112720
2025-09-22 21:00:00;112847.24;113054.92;112665.34;113050.63
2025-09-22 20:00:00;112192;113044.03;112042;112847.25
2025-09-22 19:00:00;112503.31;112677.74;112004.34;112192
2025-09-22 18:00:00;112450.59;112900.47;112392.01;112503.31
2025-09-22 17:00:00;112689.45;112713.54;112317.18;112450.6
2025-09-22 16:00:00;112903.41;112968.74;112659;112689.45
2025-09-22 15:00:00;113016.02;113110.2;112627.01;112903.4
2025-09-22 14:00:00;113222.71;113568.27;112840.7;113019.52
2025-09-22 13:00:00;112811.42;113250;112458.79;113222.71
2025-09-22 12:00:00;112956.04;112956.82;112593.6;112811.41
2025-09-22 11:00:00;112864.02;113055.57;112746.71;112956.04
2025-09-22 10:00:00;112420.01;112930.15;112331.89;112864.71
2025-09-22 09:00:00;112712.03;112758.52;112245.48;112418.01
2025-09-22 08:00:00;112590.51;112875;112510.58;112712.86
2025-09-22 07:00:00;112887.92;113076.89;112555;112586.65
2025-09-22 06:00:00;113741.21;113769.37;111761.22;112887.92
2025-09-22 05:00:00;114483.8;114608.51;113668.88;113747.38
2025-09-22 04:00:00;114719.06;114729.73;114444.01;114483.81
2025-09-22 03:00:00;114252.09;114723.55;114252.09;114719.07
2025-09-22 02:00:00;114331.02;114677.36;114201;114252.02
2025-09-22 01:00:00;114460.26;114823.48;114307.7;114331.02
2025-09-22 00:00:00;115282.26;115441.37;114354;114460.26
2025-09-21 23:00:00;115580.9;115584;115237.16;115282.27
2025-09-21 22:00:00;115462.34;115612.82;115240.29;115580.9
2025-09-21 21:00:00;115369.7;115499.53;115302;115462.34
2025-09-21 20:00:00;115553.78;115577.89;115369.69;115369.7
2025-09-21 19:00:00;115591.17;115591.17;115373.43;115553.78
2025-09-21 18:00:00;115687.74;115730.46;115574.2;115591.17
2025-09-21 17:00:00;115381.41;115700;115309.29;115688.11
2025-09-21 16:00:00;115585.02;115621.91;115250;115381.42
2025-09-21 15:00:00;115558.17;115673.97;115518;115585.02
2025-09-21 14:00:00;115725.47;115758.32;115544.01;115558.17
2025-09-21 13:00:00;115730;115811.62;115695.72;115725.47
2025-09-21 12:00:00;115682.44;115825.92;115677.72;115730
2025-09-21 11:00:00;115580.02;115772.37;115569.31;115682.43
2025-09-21 10:00:00;115747.91;115782.54;115556.84;115580.02
2025-09-21 09:00:00;115699.31;115779.99;115386.87;115747.91
2025-09-21 08:00:00;115895.38;115900.02;115629.6;115697.49
2025-09-21 07:00:00;115764.09;115899.66;115687.04;115895.38
2025-09-21 06:00:00;115746.82;115869.6;115746.82;115764.09
2025-09-21 05:00:00;115562.44;115746.82;115553.13;115746.82
2025-09-21 04:00:00;115732.59;115739.14;115553.13;115562.45
2025-09-21 03:00:00;115752.65;115801.02;115675.68;115730.83
2025-09-21 02:00:00;115559.85;115778;115500;115752.65
2025-09-21 01:00:00;115720.03;115720.03;115559.83;115559.85
2025-09-21 00:00:00;115752.9;115812.4;115614.22;115720.02
2025-09-20 23:00:00;115847.31;115857.68;115675.03;115752.4
2025-09-20 22:00:00;115854.05;115877.22;115808.03;115844.03
2025-09-20 21:00:00;115784.54;116016.9;115784.54;115854.05
2025-09-20 20:00:00;115763.45;115883.01;115755.07;115784.55
2025-09-20 19:00:00;115776.14;115882.89;115763.45;115763.46
2025-09-20 18:00:00;115896.02;115906.89;115766.5;115776.14
2025-09-20 17:00:00;116092.93;116173.69;115880.59;115896.02
2025-09-20 16:00:00;116061.12;116138.86;115942.05;116102.03
2025-09-20 15:00:00;116030.09;116194.63;116018.55;116060.73
2025-09-20 14:00:00;115989.98;116112.36;115942.05;116030.09
2025-09-20 13:00:00;115945.65;116034.89;115916.05;115989.98
2025-09-20 12:00:00;115938.77;116014.67;115860.64;115945.65
2025-09-20 11:00:00;115804.08;115984.89;115804.07;115938.77
2025-09-20 10:00:00;115720.02;115862.03;115720.02;115804.07
2025-09-20 09:00:00;115763.99;115854.93;115715;115720.02
2025-09-20 08:00:00;116030.04;116030.05;115753.78;115763.99
2025-09-20 07:00:00;115756.43;116062.41;115730;116030.48
2025-09-20 06:00:00;115775.61;115790.94;115681.95;115756.44
2025-09-20 05:00:00;115630.53;115780.82;115572.24;115775.62
2025-09-20 04:00:00;115516.43;115652.76;115466.31;115630.52
2025-09-20 03:00:00;115658.02;115671.94;115463.22;115516.43
2025-09-20 02:00:00;115676.8;115676.8;115496.64;115658.02
2025-09-20 01:00:00;115782.01;115782.03;115658.4;115676.81
2025-09-20 00:00:00;115690.55;115798.02;115591.88;115782.03
2025-09-19 23:00:00;115663.26;115706.8;115504.89;115690.55
2025-09-19 22:00:00;115524.17;115713.3;115524.17;115663.26
2025-09-19 21:00:00;115393.54;115601.09;115355.1;115524.17
2025-09-19 20:00:00;115165.99;115488;115132.71;115393.55
2025-09-19 19:00:00;115462.46;115525.98;115141.23;115166
2025-09-19 18:00:00;115582;115682.12;115416.3;115460.86
2025-09-19 17:00:00;116146.99;116153.79;115567.33;115581.99
2025-09-19 16:00:00;115936.01;116211.99;115842;116146.49
2025-09-19 15:00:00;115949.36;116000;115491.43;115936.02
2025-09-19 14:00:00;116338.66;116534.58;115830;115949.36
2025-09-19 13:00:00;116207;116522.76;116100.01;116338.66
2025-09-19 12:00:00;116433.58;116580.95;116162.52;116207
2025-09-19 11:00:00;116580;116610;116331.15;116433.58
2025-09-19 10:00:00;116528.43;116613.22;116478.46;116582.42
2025-09-19 09:00:00;116984.01;117053.49;116523.01;116528.43
2025-09-19 08:00:00;116959.99;117153.18;116932.04;116984.01
2025-09-19 07:00:00;116724.8;117049.89;116724.79;116958.41
2025-09-19 06:00:00;116940.59;116940.6;116684.78;116724.79
2025-09-19 05:00:00;117035.84;117074.88;116847.39;116940.59
2025-09-19 04:00:00;117028.5;117156.43;116748.01;117035.85
2025-09-19 03:00:00;117167.62;117346.2;116924.01;117028.5
2025-09-19 02:00:00;117287.99;117345.98;117094.63;117167.62
2025-09-19 01:00:00;117478.01;117516.36;117165.27;117288
2025-09-19 00:00:00;117117.99;117486.07;117068.14;117478.01
2025-09-18 23:00:00;117112.01;117218.12;116674.12;117117.99
2025-09-18 22:00:00;117342.79;117391.08;117103.9;117112.02
2025-09-18 21:00:00;117568.08;117568.08;117342.79;117342.8
2025-09-18 20:00:00;117506.77;117729.97;117378.89;117568.09
2025-09-18 19:00:00;117875.01;117875.01;117232;117503.13
2025-09-18 18:00:00;117641.65;117998.17;117558.7;117875.01
2025-09-18 17:00:00;117617.99;117854.9;117470.15;117641.66
2025-09-18 16:00:00;117632.02;117859.78;117544.96;117617.99
2025-09-18 15:00:00;117682.2;117747.91;117360;117632.01
2025-09-18 14:00:00;117460.94;117903.23;117434.41;117682.18
2025-09-18 13:00:00;117158.91;117720.02;117030.06;117463.5
2025-09-18 12:00:00;117094;117328.92;117010;117158.91
2025-09-18 11:00:00;117226.95;117358.7;117041;117093.99
2025-09-18 10:00:00;117341.73;117356.9;117105.73;117226.94
2025-09-18 09:00:00;117266.9;117395.2;117138.03;117341.73
2025-09-18 08:00:00;117110.21;117447.46;117037.4;117266.91
2025-09-18 07:00:00;117120.15;117253.04;117072.52;117110.22
2025-09-18 06:00:00;117310.16;117358.7;116912.51;117120.14
2025-09-18 05:00:00;117646.71;117646.71;117212;117304.39
2025-09-18 04:00:00;117615.37;117796.4;117273.89;117647.6
2025-09-18 03:00:00;116985.24;117950.68;116940.85;117615.37
2025-09-18 02:00:00;116682.33;117004.61;116479.18;116985.24
2025-09-18 01:00:00;116368.52;116913.22;116363.27;116676.17
2025-09-18 00:00:00;116484.4;116499.21;116125.08;116368.52
2025-09-17 23:00:00;116597.99;117024;116377.49;116484.4
2025-09-17 22:00:00;116080.5;116863.86;116080.5;116598
2025-09-17 21:00:00;115648.63;116169.11;115359.16;116080.51
2025-09-17 20:00:00;115691.38;116190;115533.91;115656.37
2025-09-17 19:00:00;115265.97;116045.76;115116.46;115699.28
2025-09-17 18:00:00;115586.84;116384.9;114724.57;115265.98
2025-09-17 17:00:00;115673.46;116329;115531;115576.21
2025-09-17 16:00:00;115909.49;115909.49;115412.45;115671.97
2025-09-17 15:00:00;115642;115927.05;115559.27;115909.49
2025-09-17 14:00:00;116144.07;116285.43;115500.01;115642
2025-09-17 13:00:00;116218.85;116364;115928.85;116144.07
2025-09-17 12:00:00;116278.63;116537.55;116114.4;116218.84
2025-09-17 11:00:00;116388.27;116404;116263.9;116278.64
2025-09-17 10:00:00;116586.25;116642.66;116285.53;116388.27
2025-09-17 09:00:00;116886.26;116886.26;116584;116586.25
2025-09-17 08:00:00;117208.4;117261.66;116723.66;116886.26
2025-09-17 07:00:00;117275.97;117324.49;117156.71;117208.39
2025-09-17 06:00:00;117164.05;117327.24;117020.07;117275.97
2025-09-17 05:00:00;116366.8;117250;116365.01;117164.07
2025-09-17 04:00:00;116415.29;116535.02;116200.62;116366.8
2025-09-17 03:00:00;116728.96;116817.76;116411.29;116415.29
2025-09-17 02:00:00;116720;117146.19;116601;116728.96
2025-09-17 01:00:00;116620.04;116819.04;116551.6;116720
2025-09-17 00:00:00;116832.56;116878.26;116598.75;116620.04
2025-09-16 23:00:00;116892.34;116965.91;116666.6;116832.56
2025-09-16 22:00:00;116838.04;117000;116732.64;116892.33
2025-09-16 21:00:00;116878.72;116990;116635.13;116838.08
2025-09-16 20:00:00;116866.14;116966.27;116761.34;116878.82
2025-09-16 19:00:00;116462.18;116884.09;116433.7;116866.13
2025-09-16 18:00:00;116500.01;116820.68;116258.01;116462.17
2025-09-16 17:00:00;116087.56;116940;116071.27;116500
2025-09-16 16:00:00;115942.02;116118.99;115630.62;116087.56
2025-09-16 15:00:00;115302.92;115949.91;115027.93;115940.01
2025-09-16 14:00:00;115206.88;115329.14;114827.01;115302.91
2025-09-16 13:00:00;115461.63;115570;114750;115208.61
2025-09-16 12:00:00;115298.01;115488;115286.4;115464.42
2025-09-16 11:00:00;115394.4;115458.5;115227.23;115298.02
2025-09-16 10:00:00;115501.17;115626.18;115389.2;115395.66
2025-09-16 09:00:00;115689.33;115752.13;115467.04;115501.17
2025-09-16 08:00:00;115867.79;116010.18;115546.88;115689.34
2025-09-16 07:00:00;115790.35;115919.4;115734;115867.8
2025-09-16 06:00:00;115959.88;116037.57;115616.5;115790.35
2025-09-16 05:00:00;115538.02;115983;115466.77;115959.87
2025-09-16 04:00:00;115324.36;115587.99;114951.5;115538.03
2025-09-16 03:00:00;115052.94;115461.91;115052.93;115324.37
2025-09-16 02:00:00;115046.12;115265.8;115046.12;115052.94
2025-09-16 01:00:00;115101.17;115553.74;115030.41;115046.12
2025-09-16 00:00:00;115381.07;115387.67;114969.53;115101.16
2025-09-15 23:00:00;115326.55;115523.78;115263.48;115381.08
2025-09-15 22:00:00;115536.94;115644.2;115244.47;115326.56
2025-09-15 21:00:00;115411.99;115561.51;115304.8;115536.92
2025-09-15 20:00:00;115326.01;115537.42;115219.56;115411.99
2025-09-15 19:00:00;115321.12;115594.82;114984.99;115327.01
2025-09-15 18:00:00;115150;115383.01;114904.6;115321.68
2025-09-15 17:00:00;114691.82;115157.77;114621.98;115153.89
2025-09-15 16:00:00;114870.22;114966.62;114617.6;114693.99
2025-09-15 15:00:00;114705.57;114952.82;114416.04;114876
2025-09-15 14:00:00;114686.43;115065.96;114471.05;114705.57
2025-09-15 13:00:00;114757.2;115120;114395.84;114684.76
2025-09-15 12:00:00;115091.92;115114.09;114700.02;114754.02
2025-09-15 11:00:00;114809.46;115230.88;114762.46;115091.92
2025-09-15 10:00:00;114899.89;114983;114750;114809.46
2025-09-15 09:00:00;114763.4;115219.59;114642;114899.89
2025-09-15 08:00:00;115856.01;115856.03;114734.11;114763.4
2025-09-15 07:00:00;116157.15;116438.99;115652.67;115856.02
2025-09-15 06:00:00;116539.53;116802;116073.5;116152.33
2025-09-15 05:00:00;116097.9;116607.23;116042;116543.25
2025-09-15 04:00:00;115471.52;116200;115435.5;116097.89
2025-09-15 03:00:00;115414.17;115633.35;115400.84;115471.53
2025-09-15 02:00:00;115279.15;115495.29;115259.81;115414.18
2025-09-15 01:00:00;115122.84;115332.81;114865.08;115279.16
2025-09-15 00:00:00;115314.12;115318.49;115001;115122.85
2025-09-14 23:00:00;116058.04;116059.1;115166;115314.13
2025-09-14 22:00:00;116116.67;116132.85;115852.57;116056.26
2025-09-14 21:00:00;115858.81;116146.99;115630.12;116116.67
2025-09-14 20:00:00;115693.34;115911.34;115690.43;115853.81
2025-09-14 19:00:00;115446.81;115693.34;115361.03;115693.34
2025-09-14 18:00:00;115607.65;115607.7;115419;115446.83
2025-09-14 17:00:00;115538.41;115713.17;115454.86;115607.66
2025-09-14 16:00:00;115270.94;115608.18;115235.34;115538.41
2025-09-14 15:00:00;115466.54;115498.02;115253.01;115270.92
2025-09-14 14:00:00;115399.51;115768.01;115219.14;115466.54
2025-09-14 13:00:00;115836.8;115846.4;115277.61;115399.51
2025-09-14 12:00:00;115862.27;115939.33;115710.87;115836.8
2025-09-14 11:00:00;116087.31;116170.12;115809.19;115862.27
2025-09-14 10:00:00;116104.27;116200.78;116000;116087.31
2025-09-14 09:00:00;115987.19;116226.61;115935.42;116102.23
2025-09-14 08:00:00;115856.99;116038.76;115805.98;115987.19
2025-09-14 07:00:00;115796.86;115893.4;115783.04;115856.99
2025-09-14 06:00:00;115925.82;116006.59;115754.48;115796.86
2025-09-14 05:00:00;115810.25;116000;115798;115925.82
2025-09-14 04:00:00;115732.73;115842.11;115511;115810.24
2025-09-14 03:00:00;115915.85;115929.77;115696.96;115732.02
2025-09-14 02:00:00;116019.34;116175;115805.98;115915.85
2025-09-14 01:00:00;115984.9;116047.37;115800;116019.33
2025-09-14 00:00:00;115968.33;116066.79;115867.63;115984.9
2025-09-13 23:00:00;115934.01;116049.64;115916.47;115968.35
2025-09-13 22:00:00;115952.68;115999.99;115865.18;115934
2025-09-13 21:00:00;115962.02;116045.5;115892.64;115952.68
2025-09-13 20:00:00;115860.7;116058.25;115849.4;115962.03
2025-09-13 19:00:00;115701.95;115887.29;115625.02;115860.71
2025-09-13 18:00:00;115623.64;115720.4;115482.05;115701.95
2025-09-13 17:00:00;115390.6;115653.73;115226.21;115623.65
2025-09-13 16:00:00;115840.09;115883;115177.53;115398.02
2025-09-13 15:00:00;115858.06;115992.79;115677.06;115840.08
2025-09-13 14:00:00;115821.93;116023.37;115668.86;115858.06
2025-09-13 13:00:00;116058.7;116069.47;115688;115826.39
2025-09-13 12:00:00;116036.01;116133;115918.01;116058.69
2025-09-13 11:00:00;116010.03;116083.12;115946.02;116036.02
2025-09-13 10:00:00;116096;116250;115978.58;116010.03
2025-09-13 09:00:00;116036.24;116108.1;115926.37;116096
2025-09-13 08:00:00;115840.49;116120.6;115838.79;116036.23
2025-09-13 07:00:00;115807.91;115929.1;115771.44;115840.5
2025-09-13 06:00:00;115788.7;115881.41;115723.27;115807.9
2025-09-13 05:00:00;115760.81;115912.46;115724.21;115788.7
2025-09-13 04:00:00;116015.97;116015.98;115742.56;115760.81
2025-09-13 03:00:00;115946.02;116081.05;115900.01;116015.98
2025-09-13 02:00:00;115838.62;116063.51;115755.09;115946.02
2025-09-13 01:00:00;116280.7;116349.49;115664.67;115838.62
2025-09-13 00:00:00;116106.03;116378.04;116029.4;116280.71
2025-09-12 23:00:00;116102.58;116241.66;116001.82;116106.03
2025-09-12 22:00:00;115955.77;116445.55;115955.76;116102.59
2025-09-12 21:00:00;116256.01;116256.01;115846.82;115958.67
2025-09-12 20:00:00;116793.31;116793.31;116082.6;116256
2025-09-12 19:00:00;116573.58;116833.25;116315.77;116793.73
2025-09-12 18:00:00;115882.09;116595.8;115836;116573.58
2025-09-12 17:00:00;115540.09;116016.79;115430.82;115883.97
2025-09-12 16:00:00;115168.04;115564.33;115076.96;115540.09
2025-09-12 15:00:00;115321.72;115355.62;114979.9;115173.79
2025-09-12 14:00:00;115200.02;115535.88;114876;115321.73
2025-09-12 13:00:00;115114;115290.17;114813.42;115200.02
2025-09-12 12:00:00;114962.25;115215.45;114774.19;115117.95
2025-09-12 11:00:00;115010.93;115187.94;114933.74;114962.27
2025-09-12 10:00:00;115065.08;115115.99;114958;115010.94
2025-09-12 09:00:00;115090.59;115169.13;114903.99;115065.09
2025-09-12 08:00:00;115146.93;115313.84;114982.43;115090.6
2025-09-12 07:00:00;115344.4;115444.48;115130.65;115142.78
2025-09-12 06:00:00;115661.97;115661.97;115300;115344.41
2025-09-12 05:00:00;115396.44;115729.7;115350.46;115661.98
2025-09-12 04:00:00;115230;115551.23;115120.42;115396.44
2025-09-12 03:00:00;115446;115490;115086.52;115235.43
2025-09-12 02:00:00;115445.79;115715.79;115301.94;115443.8
2025-09-12 01:00:00;115891.95;116077.71;115422.01;115442.09
2025-09-12 00:00:00;115540.01;116365.54;115467.79;115890.03
2025-09-11 23:00:00;115122.58;115554.53;115117.21;115540
2025-09-11 22:00:00;114520.05;115300;114463.6;115122.59
2025-09-11 21:00:00;114433.05;114569.42;114420.47;114520.05
2025-09-11 20:00:00;114463.99;114544.94;114294.81;114431.08
2025-09-11 19:00:00;114338.15;114574.85;114215.33;114464
2025-09-11 18:00:00;114624.3;114652.04;114120.35;114338.15
2025-09-11 17:00:00;114517.17;114652.92;114366.21;114624.31
2025-09-11 16:00:00;114210;114622.96;114207.12;114514.04
2025-09-11 15:00:00;114488.03;114743.59;114018.27;114210
2025-09-11 14:00:00;114664.07;114716.87;113954.97;114488.03
2025-09-11 13:00:00;114017.97;114754.95;113433.92;114664.07
2025-09-11 12:00:00;114048.47;114531.08;113540;114030.29
2025-09-11 11:00:00;114086.22;114151.68;113931.2;114048.47
2025-09-11 10:00:00;113917.95;114148.11;113905.85;114086.22
2025-09-11 09:00:00;114082.29;114114.04;113792.77;113917.95
2025-09-11 08:00:00;114123.12;114239.5;114000.01;114082.29
2025-09-11 07:00:00;114352.02;114364.18;113998.34;114123.13
2025-09-11 06:00:00;114293;114497.13;114097.7;114356.87
2025-09-11 05:00:00;114187;114368.46;113984.04;114293.03
2025-09-11 04:00:00;114430.84;114430.85;114100;114186.36
2025-09-11 03:00:00;113847.83;114518.45;113844.01;114430.85
2025-09-11 02:00:00;113925.19;113986;113743.1;113847.83
2025-09-11 01:00:00;113907.55;114205.96;113860.84;113925.19
2025-09-11 00:00:00;113983.98;114038.33;113703.06;113910
2025-09-10 23:00:00;113918.05;114074.64;113787.02;113983.97
2025-09-10 22:00:00;113868.11;114039;113746.92;113918.04
2025-09-10 21:00:00;113619.3;113890;113562.73;113868.1
2025-09-10 20:00:00;113611.47;113936.49;113592.42;113615.31
2025-09-10 19:00:00;113607.24;113654;113179.9;113610
2025-09-10 18:00:00;113761.18;113928;113365;113606.99
2025-09-10 17:00:00;113787.15;114118.83;113429.14;113761.2
2025-09-10 16:00:00;113880.89;113968.04;113582;113787.15
2025-09-10 15:00:00;113926;114142;113750;113877.22
2025-09-10 14:00:00;113984.26;114332.2;113822.08;113926
2025-09-10 13:00:00;113417.01;114362.1;113386;113984.26
2025-09-10 12:00:00;112306.06;113551.38;112300;113417
2025-09-10 11:00:00;112262.05;112417.53;112143.9;112306.06
2025-09-10 10:00:00;112261.56;112452.74;112193.28;112262.04
2025-09-10 09:00:00;112366.84;112426.31;112089.25;112261.56
2025-09-10 08:00:00;112536.85;112847.87;112319.14;112366.85
2025-09-10 07:00:00;111787.21;112595.54;111755.26;112536.82
2025-09-10 06:00:00;111576.56;111967.73;111391.65;111787.21
2025-09-10 05:00:00;111517.87;111726.31;111362.56;111578.55
2025-09-10 04:00:00;111545.22;111652.55;111398.02;111517.87
2025-09-10 03:00:00;111406.89;111600;111353.27;111541.36
2025-09-10 02:00:00;111009.32;111565.36;111009.32;111406.87
2025-09-10 01:00:00;111000;111224.49;110919.55;111009.31
2025-09-10 00:00:00;111546.61;111564.51;110926.52;111000
2025-09-09 23:00:00;111557.05;111582.27;111350.68;111549.32
2025-09-09 22:00:00;111300.01;111633.52;111251.04;111557.04
2025-09-09 21:00:00;111529.2;111749.05;111247.88;111300.01
2025-09-09 20:00:00;111305.71;111540.15;111075.1;111529.19
2025-09-09 19:00:00;111150.01;111414.17;111128.05;111305.71
2025-09-09 18:00:00;111031.89;111306.26;110906.25;111150.06
2025-09-09 17:00:00;110964.01;111210.97;110877.96;111031.89
2025-09-09 16:00:00;110872.47;111153.72;110769.98;110964.01
2025-09-09 15:00:00;111771.63;111852.65;110765.72;110872.45
2025-09-09 14:00:00;112773.6;112975;111508.04;111764.15
2025-09-09 13:00:00;112687.34;112969;112478.58;112773.6
2025-09-09 12:00:00;112439.27;112848.4;112390;112691.75
2025-09-09 11:00:00;112732.67;112817.97;112411.81;112439.83
2025-09-09 10:00:00;112970.56;113050;112638.12;112735.96
2025-09-09 09:00:00;113000.02;113077.3;112901.48;112961.93
2025-09-09 08:00:00;112999.92;113173.91;112890.24;113000.01
2025-09-09 07:00:00;113026.84;113292.96;112750.81;112999.93
2025-09-09 06:00:00;112201.44;113165;112152.42;113026.83
2025-09-09 05:00:00;112024.7;112253.88;111856.17;112201.45
2025-09-09 04:00:00;111711.01;112107.91;111632;112024.69
2025-09-09 03:00:00;111335.03;111759.64;111239.19;111711.01
2025-09-09 02:00:00;111364.36;111453.28;111115.35;111335.04
2025-09-09 01:00:00;111652.33;111754.22;111273.41;111364.37
2025-09-09 00:00:00;112072.57;112112.41;111461.73;111652.32
2025-09-08 23:00:00;112253.9;112325.39;111990;112072.57
2025-09-08 22:00:00;112352.53;112528.96;112214.48;112253.9
2025-09-08 21:00:00;111980.71;112359.67;111940;112352.53
2025-09-08 20:00:00;112119;112170.08;111899.99;112001.45
2025-09-08 19:00:00;112485.88;112485.88;112000;112107.76
2025-09-08 18:00:00;112224.69;112534;112197.1;112485.88
2025-09-08 17:00:00;112408.34;112574.71;112080.68;112224.69
2025-09-08 16:00:00;112634.02;112687.25;112302.25;112408.33
2025-09-08 15:00:00;112647.28;112940.84;112518.34;112634.02
2025-09-08 14:00:00;111890.24;112792.56;111866.48;112646.8
2025-09-08 13:00:00;112020.64;112359.92;111867.54;111900.11
2025-09-08 12:00:00;112038.45;112133.25;111903.63;112020.64
2025-09-08 11:00:00;112023.85;112109.77;111727.04;112038.45
2025-09-08 10:00:00;112077.77;112195.49;111898.9;112023.84
2025-09-08 09:00:00;111663.5;112077.78;111570.11;112077.78
2025-09-08 08:00:00;111264.76;111884.33;111236.12;111667.25
2025-09-08 07:00:00;111107.83;111600;111103.42;111264.76
2025-09-08 06:00:00;111028.77;111194.27;110896.5;111107.84
2025-09-08 05:00:00;110976.47;111054.06;110884.74;111028.76
2025-09-08 04:00:00;111040.89;111215.72;110896.19;110974.32
2025-09-08 03:00:00;111226.91;111334.21;111002.3;111040.91
2025-09-08 02:00:00;110884.19;111353.43;110600;111227.69
2025-09-08 01:00:00;110817.12;110984.72;110700.01;110884.19
2025-09-08 00:00:00;111120.38;111280.94;110708.16;110823.36
2025-09-07 23:00:00;111246.86;111600;111053.93;111129.61
2025-09-07 22:00:00;111039.7;111353.34;110994.41;111246.86
2025-09-07 21:00:00;111327.76;111336.04;111038.67;111039.69
2025-09-07 20:00:00;111257.48;111368.08;111133.62;111327.75
2025-09-07 19:00:00;111050.16;111296.42;111037.09;111257.49
2025-09-07 18:00:00;110971.2;111095.48;110862.83;111050.16
2025-09-07 17:00:00;111194.24;111242.23;110866.13;110971.2
2025-09-07 16:00:00;111324.58;111362.09;111145.28;111194.24
2025-09-07 15:00:00;111136.73;111371.38;111103.51;111324.58
2025-09-07 14:00:00;111217.11;111403.23;111060.15;111141.95
2025-09-07 13:00:00;111128.89;111245;111022.71;111217.12
2025-09-07 12:00:00;111303.15;111303.16;111076.9;111128.89
2025-09-07 11:00:00;111220.58;111311.38;111185.85;111303.16
2025-09-07 10:00:00;111124.96;111238.69;111042.64;111220.57
2025-09-07 09:00:00;111066.48;111265.02;110884.17;111124.96
2025-09-07 08:00:00;110768.76;111389.94;110718.09;111066.48
2025-09-07 07:00:00;110517.48;110926.06;110478.1;110766.84
2025-09-07 06:00:00;110667.08;110677.9;110476.93;110517.48
2025-09-07 05:00:00;110564.49;110712.47;110564.45;110667.08
2025-09-07 04:00:00;110641.71;110650;110494.27;110564.49
2025-09-07 03:00:00;110678.62;110758.69;110601.66;110641.71
2025-09-07 02:00:00;110574.57;110712.23;110458.93;110678.63
2025-09-07 01:00:00;110385.68;110617.54;110351.45;110574.57
2025-09-07 00:00:00;110214.21;110398.12;110200.01;110385.69
2025-09-06 23:00:00;110201.41;110314.34;110135.5;110212.6
2025-09-06 22:00:00;110232.85;110269.84;110090;110201.41
2025-09-06 21:00:00;110196.67;110245.05;110102.86;110232.85
2025-09-06 20:00:00;110060.61;110196.99;110044.6;110196.7
2025-09-06 19:00:00;110247.05;110299.15;110014.75;110060.61
2025-09-06 18:00:00;110176.79;110313.21;110068.21;110247.05
2025-09-06 17:00:00;110294.28;110303.21;109997.96;110176.79
2025-09-06 16:00:00;110400.22;110425.94;109993;110288.98
2025-09-06 15:00:00;110822;110862.47;110369.7;110398.38
2025-09-06 14:00:00;110944.72;111014.97;110782.91;110822.01
2025-09-06 13:00:00;110836.28;110969.71;110824.77;110944.41
2025-09-06 12:00:00;110798.2;110924.58;110759.13;110839.29
2025-09-06 11:00:00;110790.99;110893.96;110672.38;110796.75
2025-09-06 10:00:00;110700.02;110810.96;110677.13;110789.08
2025-09-06 09:00:00;110954.12;110954.13;110698.36;110700.03
2025-09-06 08:00:00;110838.7;110980.02;110775.22;110956.54
2025-09-06 07:00:00;110759.54;110848.21;110751.64;110838.71
2025-09-06 06:00:00;110723.15;110828.66;110702.12;110759.55
2025-09-06 05:00:00;110875.05;110887.66;110705;110723.12
2025-09-06 04:00:00;111095.12;111095.15;110787.53;110875.03
2025-09-06 03:00:00;111221.37;111317.65;111007.21;111093.53
2025-09-06 02:00:00;110878.41;111229.46;110739.31;111219.71
2025-09-06 01:00:00;110784.41;110936.62;110746.98;110878.41
2025-09-06 00:00:00;110670.02;110839.9;110557.34;110784.37
2025-09-05 23:00:00;110812.99;110891.19;110600;110670.02
2025-09-05 22:00:00;110620.2;110952.3;110507.08;110812.99
2025-09-05 21:00:00;111646.74;111710.42;110368.26;110613.43
2025-09-05 20:00:00;111630.21;111680.52;111303.17;111646.68
2025-09-05 19:00:00;111212.77;111646.73;111126.41;111630.22
2025-09-05 18:00:00;110605.88;111304.04;110562.19;111214.56
2025-09-05 17:00:00;110811.06;110814.07;110202.36;110612.61
2025-09-05 16:00:00;110716.14;110932.99;110527.53;110809.72
2025-09-05 15:00:00;110560.83;111023.05;110256.44;110714.5
2025-09-05 14:00:00;113074.33;113074.33;110458.57;110560.85
2025-09-05 13:00:00;113223.59;113329.78;112702.23;113088.48
2025-09-05 12:00:00;112350.13;113390;112050.66;113222.23
2025-09-05 11:00:00;112251.25;112451.11;112135.99;112350.13
2025-09-05 10:00:00;112283.49;112580.54;112189.65;112251.25
2025-09-05 09:00:00;112631.31;112631.32;112131.82;112283.47
2025-09-05 08:00:00;112961.07;112996.77;112602.83;112631.31
2025-09-05 07:00:00;111905.99;113000;111886.83;112961.08
2025-09-05 06:00:00;111580.32;111917.38;111506.8;111906
2025-09-05 05:00:00;111445.04;111727.02;111405.84;111581.59
2025-09-05 04:00:00;111316.92;111478.19;111145.4;111445.04
2025-09-05 03:00:00;111330.83;111334.09;111087.51;111313.82
2025-09-05 02:00:00;111125.53;111497.21;111036.01;111334.15
2025-09-05 01:00:00;110459.22;111144.32;110452.91;111125.52
2025-09-05 00:00:00;110714.48;110941.74;110441.63;110459.22
2025-09-04 23:00:00;111483.88;111756.36;110595.02;110720.79
2025-09-04 22:00:00;110490.13;111590.92;110476.51;111486.08
2025-09-04 21:00:00;110411.39;110556.48;110324.77;110490.13
2025-09-04 20:00:00;109807.39;110426.74;109750;110411.38
2025-09-04 19:00:00;109982.13;110129.89;109721.65;109808.31
2025-09-04 18:00:00;109787.76;110225.8;109703;109983.47
2025-09-04 17:00:00;109434.51;109925.48;109422.85;109789.33
2025-09-04 16:00:00;109508.92;109703.67;109338;109434.5
2025-09-04 15:00:00;109850.3;109874.69;109321;109505.32
2025-09-04 14:00:00;110477.37;110536.11;109708.79;109850.3
2025-09-04 13:00:00;110963.5;111007.72;110222;110477.38
2025-09-04 12:00:00;110844.25;111158.5;110546.69;110963.5
2025-09-04 11:00:00;110652.26;111105.93;110563.6;110844.24
2025-09-04 10:00:00;110848.71;111178.6;110646.81;110650.51
2025-09-04 09:00:00;110675.3;110891.88;110675.29;110848.71
2025-09-04 08:00:00;110486.94;110881.5;110436.74;110675.29
2025-09-04 07:00:00;110419.37;110680.85;110371.15;110486.94
2025-09-04 06:00:00;110694.57;110760.39;110308.92;110419.37
2025-09-04 05:00:00;110953.2;110959.29;110607.34;110694.58
2025-09-04 04:00:00;111182.13;111363.9;110942.09;110953.2
2025-09-04 03:00:00;111500.37;111760.67;111165.07;111182.13
2025-09-04 02:00:00;111993.3;112025.65;111439.31;111500.37
2025-09-04 01:00:00;112106.43;112115.8;111679.14;111993.29
2025-09-04 00:00:00;111756.4;112235.6;111630.08;112106.43
2025-09-03 23:00:00;112000.01;112032.5;111657.87;111756.41
2025-09-03 22:00:00;112024.66;112193.6;111877.17;112000.01
2025-09-03 21:00:00;112260.78;112308.14;111776.2;112024.66
2025-09-03 20:00:00;112236.76;112304.64;112082.33;112260.77
2025-09-03 19:00:00;112033.05;112303.2;111800.01;112240.18
2025-09-03 18:00:00;112334.03;112567.88;111807.34;112033.06
2025-09-03 17:00:00;111887.04;112600;111873;112332.65
2025-09-03 16:00:00;112239.47;112396.03;111685.22;111887.04
2025-09-03 15:00:00;112289.01;112430.6;111921;112239.48
2025-09-03 14:00:00;111487.49;112547.31;111126.85;112287.27
2025-09-03 13:00:00;111137.02;111932.42;111082.24;111487.49
2025-09-03 12:00:00;111463.72;111888;111048.8;111137.01
2025-09-03 11:00:00;111458.97;111730.11;111399.57;111463.71
2025-09-03 10:00:00;111317.13;111500;111163.57;111458.05
2025-09-03 09:00:00;111031.17;111343.44;110888.97;111318.29
2025-09-03 08:00:00;111104.37;111289.82;110982.29;111031.17
2025-09-03 07:00:00;110730.46;111129.37;110533.77;111104.35
2025-09-03 06:00:00;110698.93;110899.47;110566.12;110730.45
2025-09-03 05:00:00;111022.21;111076.05;110660.63;110698.93
2025-09-03 04:00:00;111044.3;111161.58;110830.93;111022.21
2025-09-03 03:00:00;111374.39;111410.3;110875.93;111044.31
2025-09-03 02:00:00;111173.32;111486.73;111032.58;111374.41
2025-09-03 01:00:00;111347.43;111410.3;110888.9;111173.33
2025-09-03 00:00:00;111247.94;111781;111228.86;111347.42
2025-09-02 23:00:00;111276.59;111286.28;111018.13;111247.94
2025-09-02 22:00:00;111123.83;111276.59;110873.39;111276.59
2025-09-02 21:00:00;111421.12;111559.3;111123.82;111123.83
2025-09-02 20:00:00;110809.15;111446.16;110707.81;111421.13
2025-09-02 19:00:00;110641.45;110850;110438.01;110809.89
2025-09-02 18:00:00;110917.74;110957.23;110188.15;110641.44
2025-09-02 17:00:00;110799.88;111073;110633.01;110917.77
2025-09-02 16:00:00;110839.53;111149.69;110475.53;110799.63
2025-09-02 15:00:00;111361.86;111561.16;110630;110845.33
2025-09-02 14:00:00;111168.48;111801.86;110801.44;111359.64
2025-09-02 13:00:00;108803.15;111298.52;108742.47;111172
2025-09-02 12:00:00;109746.14;109857.26;108400;108808.57
2025-09-02 11:00:00;110266.28;110269.37;109577.88;109746.15
2025-09-02 10:00:00;110466.94;110486.91;110137.93;110260.34
2025-09-02 09:00:00;110366.86;110691.69;110257.71;110466.95
2025-09-02 08:00:00;110239.71;110711.07;110040.14;110359.54
2025-09-02 07:00:00;110379.2;110405.92;109982.85;110241.5
2025-09-02 06:00:00;110206.7;110621.21;110170.9;110379.19
2025-09-02 05:00:00;110307.04;110335.28;110030.1;110206.7
2025-09-02 04:00:00;110326.5;110412.11;110143.63;110307.04
2025-09-02 03:00:00;110241.03;110621.33;110051.56;110326.51
2025-09-02 02:00:00;109315.15;110254.4;109159.63;110241.04
2025-09-02 01:00:00;109034.47;109617.55;108984.95;109315.14
2025-09-02 00:00:00;109240.55;109338.22;108881.76;109034.47
2025-09-01 23:00:00;108440.92;109446.26;108424.05;109240.55
2025-09-01 22:00:00;107790.31;108553.87;107584.65;108440.93
2025-09-01 21:00:00;108873.38;108935.65;107448.28;107790.31
2025-09-01 20:00:00;109216.34;109232;108259.4;108873.4
2025-09-01 19:00:00;109227.46;109328.05;109148.08;109213.7
2025-09-01 18:00:00;108929.58;109274.67;108916.83;109225.28
2025-09-01 17:00:00;108786.7;108979.57;108398.31;108929.59
2025-09-01 16:00:00;108788.17;109110.96;108649.17;108786.69
2025-09-01 15:00:00;109150.45;109394.58;108565.1;108788.19
2025-09-01 14:00:00;109021.5;109335.01;108814.15;109155.53
2025-09-01 13:00:00;109117.36;109533.12;108935.62;109021.51
2025-09-01 12:00:00;108772.89;109159.4;108624.53;109102.08
2025-09-01 11:00:00;108562.81;108852.92;108440.74;108772.9
2025-09-01 10:00:00;109517.93;109539.21;108160.81;108564.25
2025-09-01 09:00:00;109594.17;109907.51;109478.08;109517.74
2025-09-01 08:00:00;109433.58;109815.07;109414.26;109594.19
2025-09-01 07:00:00;108066.03;109440.53;107988.05;109433.59
2025-09-01 06:00:00;107856.54;108133.01;107588.43;108066.03
2025-09-01 05:00:00;107408.09;107986.31;107250;107856.54
2025-09-01 04:00:00;107646.68;107769.77;107250;107408.08
2025-09-01 03:00:00;107626.04;107774.9;107392.76;107646.69
2025-09-01 02:00:00;108144.35;108200;107422.14;107629.71
2025-09-01 01:00:00;108218.51;108482.14;107969.28;108140.78
2025-09-01 00:00:00;108247.95;108411.63;107629.86;108218.5
2025-08-31 23:00:00;108888.74;108914.52;108060.79;108247.95
2025-08-31 22:00:00;109048.64;109239.17;108750.4;108885.55
2025-08-31 21:00:00;109125.83;109125.83;108942.48;109046.01
2025-08-31 20:00:00;108932.62;109135.44;108868.95;109125.86
2025-08-31 19:00:00;109138.4;109167.05;108903.51;108932.62
2025-08-31 18:00:00;108990.11;109234.14;108916.88;109138.41
2025-08-31 17:00:00;108914.83;109000;108842.88;108990.11
2025-08-31 16:00:00;108803.24;108974.36;108550.52;108914.83
2025-08-31 15:00:00;108463.44;108846.15;108450;108803.24
2025-08-31 14:00:00;108415.23;108517.93;108248.08;108463.44
2025-08-31 13:00:00;108319.37;108464.68;108181.54;108415.23
2025-08-31 12:00:00;108380.16;108504.63;108294.5;108319.37
2025-08-31 11:00:00;108587.4;108614.24;108320.11;108380.17
2025-08-31 10:00:00;108506.98;108642.11;108311.7;108606.22
2025-08-31 09:00:00;109017.31;109111.78;108444.37;108506.98
2025-08-31 08:00:00;108711.75;109030.98;108707.3;109018.04
2025-08-31 07:00:00;108712.87;108839.54;108662.9;108714.38
2025-08-31 06:00:00;108760.78;108783.12;108518.89;108712.88
2025-08-31 05:00:00;108818.06;108818.06;108559.17;108760.77
2025-08-31 04:00:00;109226.78;109241.73;108667.53;108818.06
2025-08-31 03:00:00;109232.51;109388.51;109151.27;109226.77
2025-08-31 02:00:00;109425.3;109453.71;109179.14;109231.83
2025-08-31 01:00:00;109397;109489.79;109133.07;109425.3
2025-08-31 00:00:00;108827.92;109408.32;108803.04;109397.01
2025-08-30 23:00:00;108536.37;108838.08;108530;108827.93
2025-08-30 22:00:00;108594.74;108604.54;108458.72;108536.37
2025-08-30 21:00:00;108651.17;108701.65;108506.87;108594.73
2025-08-30 20:00:00;108842.87;108849.52;108586.81;108651.17
2025-08-30 19:00:00;108743.34;108920;108653.07;108842.86
2025-08-30 18:00:00;108788.05;108857.42;108622.02;108743.42
2025-08-30 17:00:00;108825.05;108911.8;108608.29;108788.06
2025-08-30 16:00:00;108859.29;108886.91;108663.58;108825.08
2025-08-30 15:00:00;108663.97;108928.79;108537.59;108866.31
2025-08-30 14:00:00;108539.95;108731.93;108400.86;108663.95
2025-08-30 13:00:00;108612.94;108612.94;108202.21;108541.56
2025-08-30 12:00:00;108681.98;108689.53;108337.31;108612.94
2025-08-30 11:00:00;108428.27;108731.99;108415.48;108681.98
2025-08-30 10:00:00;108513.84;108700.4;108394.7;108428.26
2025-08-30 09:00:00;108562.1;108611.32;108464.4;108513.85
2025-08-30 08:00:00;108514.63;108761.64;108470.5;108562.1
2025-08-30 07:00:00;108316.21;108519.24;108101.52;108519.24
2025-08-30 06:00:00;108347.37;108550;108196.06;108315.03
2025-08-30 05:00:00;108425.65;108476.92;108110.79;108347.37
2025-08-30 04:00:00;108434.85;108667.39;108364.81;108425.65
2025-08-30 03:00:00;107781.65;108434.85;107769.59;108434.84
2025-08-30 02:00:00;107455.36;107965.03;107376.81;107781.66
2025-08-30 01:00:00;108296.07;108361.67;107369.69;107456.71
2025-08-30 00:00:00;108378.32;108431.6;108141.33;108297.96
2025-08-29 23:00:00;108383.68;108566.26;108333.02;108378.32
2025-08-29 22:00:00;108451.91;108492.86;108200;108383.69
2025-08-29 21:00:00;107793.67;108483.5;107469.13;108451.91
2025-08-29 20:00:00;108207.81;108271.83;107502.47;107791.6
2025-08-29 19:00:00;108135.49;108750;107900.35;108213.98
2025-08-29 18:00:00;108464.44;108508.09;108085;108135.5
2025-08-29 17:00:00;108703.76;108743.28;108157.18;108467.12
2025-08-29 16:00:00;108393.3;108852.59;108130.03;108703.77
2025-08-29 15:00:00;108187.37;108737.08;108166.95;108396.96
2025-08-29 14:00:00;109100;109528.74;108089.45;108187.37
2025-08-29 13:00:00;110731.79;110791.12;108898.66;109100
2025-08-29 12:00:00;110115.36;111505;110072.14;110731.78
2025-08-29 11:00:00;110003.77;110169.04;109838.71;110115.36
2025-08-29 10:00:00;109769.08;110036.61;109742.18;110003.77
2025-08-29 09:00:00;109625.19;109930.75;109400;109765.91
2025-08-29 08:00:00;110020.06;110287.35;109602;109625.2
2025-08-29 07:00:00;111287.61;111291.81;109907.05;110020.05
2025-08-29 06:00:00;111317.08;111415.98;110966.33;111287.62
2025-08-29 05:00:00;111524.44;111593.66;111135.1;111317.08
2025-08-29 04:00:00;111712.24;111867.31;111422.85;111512.56
2025-08-29 03:00:00;111435.57;111846.37;111315.03;111712.23
2025-08-29 02:00:00;111490.61;111800.61;111382.22;111435.57
2025-08-29 01:00:00;112209.66;112285.15;111412.43;111490.62
2025-08-29 00:00:00;112574.84;112642.53;112133.73;112209.65
2025-08-28 23:00:00;112349.49;112589;112303.75;112574.85
2025-08-28 22:00:00;112024.62;112516.99;112024.61;112349.49
2025-08-28 21:00:00;111906.28;112158.74;111897.19;112024.62
2025-08-28 20:00:00;111905.45;112117.74;111862.39;111906.28
2025-08-28 19:00:00;112374.62;112593.61;111895.32;111905.45
2025-08-28 18:00:00;112395.68;112718.76;112227.59;112374.62
2025-08-28 17:00:00;112341.75;112648.13;112223.57;112395.67
2025-08-28 16:00:00;112692.43;113216.42;112342.62;112342.62
2025-08-28 15:00:00;113162.7;113277.77;112380.8;112692.44
2025-08-28 14:00:00;112828.87;113322.3;112518.47;113160.26
2025-08-28 13:00:00;113248.1;113480;112582.56;112822.66
2025-08-28 12:00:00;112924.36;113346.2;112780.31;113245.79
2025-08-28 11:00:00;113133.75;113166.07;112848.55;112924.36
2025-08-28 10:00:00;112864.09;113140.74;112810.5;113133.77
2025-08-28 09:00:00;113128.88;113137.5;112842.28;112864.1
2025-08-28 08:00:00;113127.5;113360.49;113006.09;113128.89
2025-08-28 07:00:00;113210.32;113364.92;113009;113127.51
2025-08-28 06:00:00;112853.05;113282.5;112712.55;113210.32
2025-08-28 05:00:00;112972.29;113167.36;112695.77;112853.05
2025-08-28 04:00:00;112013.84;113082.1;111947.95;112971.22
2025-08-28 03:00:00;111493.62;112049.33;111392.05;112013.83
2025-08-28 02:00:00;111652.79;111766.94;111439.36;111493.63
2025-08-28 01:00:00;111340.61;111727.28;111334.32;111652.8
2025-08-28 00:00:00;111253.22;111540.76;110858.78;111340.78
2025-08-27 23:00:00;111426.06;111553.89;111097.59;111253.21
2025-08-27 22:00:00;111533.82;111614.43;111047.85;111426.06
2025-08-27 21:00:00;112417.99;112457.03;111350;111524.41
2025-08-27 20:00:00;112077.25;112433.72;110930.48;112417.99
2025-08-27 19:00:00;111964.37;112231.5;111574.53;112078.96
2025-08-27 18:00:00;112347.8;112639.41;111930.8;111962.6
2025-08-27 17:00:00;112134.54;112471.72;111900.62;112349.7
2025-08-27 16:00:00;112027.96;112274.82;111565.09;112131.73
2025-08-27 15:00:00;111823.85;112111.72;111516.46;112027.96
2025-08-27 14:00:00;111511.57;112683.39;111301.45;111823.84
2025-08-27 13:00:00;111351.55;111931.76;111009.81;111511.59
2025-08-27 12:00:00;111323;111413.36;111018.1;111351.55
2025-08-27 11:00:00;110976.64;111406.82;110976.64;111323.01
2025-08-27 10:00:00;110808.15;111273.66;110807.09;110976.65
2025-08-27 09:00:00;110747.54;111130.25;110710.3;110808.06
2025-08-27 08:00:00;110737.17;110837.26;110351.11;110747.55
2025-08-27 07:00:00;111034.52;111125;110639.9;110737.17
2025-08-27 06:00:00;111365.76;111377.51;111012.84;111034.53
2025-08-27 05:00:00;111576.11;111685.85;111333;111365.77
2025-08-27 04:00:00;111426.39;111740.09;111410.88;111576.1
2025-08-27 03:00:00;111154.82;111733.01;110922.63;111426.39
2025-08-27 02:00:00;111321.42;111501.73;111118.38;111158.76
2025-08-27 01:00:00;111360.01;111494.17;111102.61;111321.42
2025-08-27 00:00:00;111788.04;111832.1;111339;111360
2025-08-26 23:00:00;111917.04;112399.99;111747.39;111788.01
2025-08-26 22:00:00;111599.93;111970.66;111574.58;111917.04
2025-08-26 21:00:00;111345.68;111600;111120.45;111600
2025-08-26 20:00:00;111119.96;111418.99;110921.91;111345.68
2025-08-26 19:00:00;110711.14;111183.3;110502.28;111125.26
2025-08-26 18:00:00;109993.39;110991.84;109965.39;110711.14
2025-08-26 17:00:00;110159.25;110204.92;109577.17;109993.39
2025-08-26 16:00:00;109657.06;110166.11;109432.81;110159.26
2025-08-26 15:00:00;110350;110553.71;109538.4;109657.06
2025-08-26 14:00:00;110078.17;110541.09;109780.89;110350
2025-08-26 13:00:00;110205.6;110271.63;109337.48;110081.06
2025-08-26 12:00:00;109876;110810.22;109596.93;110205.6
2025-08-26 11:00:00;110223.9;110239.08;109550;109876
2025-08-26 10:00:00;110164.49;110432.19;110064.51;110223.89
2025-08-26 09:00:00;110109.03;110419.68;110031.11;110164.49
2025-08-26 08:00:00;110302.51;110460.73;109999.01;110109.02
2025-08-26 07:00:00;110007.83;110560.24;109762.54;110302.51
2025-08-26 06:00:00;110212.21;110359.9;109902.4;110007.83
2025-08-26 05:00:00;110109.19;110391.56;110102.09;110212.23
2025-08-26 04:00:00;109901.04;110256.43;109898.96;110109.19
2025-08-26 03:00:00;109728.13;109947.59;109438.94;109899.97
2025-08-26 02:00:00;109915.09;110040.82;109517.95;109728.13
2025-08-26 01:00:00;109105.48;109935;108670;109915.09
2025-08-26 00:00:00;110127.74;110127.74;108922.13;109105.48
2025-08-25 23:00:00;110161.02;110295.83;109800;110127.74
2025-08-25 22:00:00;109896.4;110621.14;109896.4;110161.03
2025-08-25 21:00:00;109565.06;110300.01;109275.74;109896.39
2025-08-25 20:00:00;110693.42;111081.81;109395.02;109572.38
2025-08-25 19:00:00;112393.36;112439.56;110641.09;110693.42
2025-08-25 18:00:00;112434.89;112621.36;112228.01;112385.02
2025-08-25 17:00:00;112500.03;112796.78;112144.87;112434.9
2025-08-25 16:00:00;112187.03;112932.52;112018.92;112500.03
2025-08-25 15:00:00;112262.19;112567.58;111820.5;112187.03
2025-08-25 14:00:00;111472.12;112319.04;111301.01;112257.4
2025-08-25 13:00:00;111556.02;111742.06;110555.26;111473.22
2025-08-25 12:00:00;111189.27;111663.6;111014.96;111561.79
2025-08-25 11:00:00;110950.7;111251.44;110894.14;111189.32
2025-08-25 10:00:00;111761.69;111786.73;110903;110950.7
2025-08-25 09:00:00;111387.22;111816.09;111227.16;111761.68
2025-08-25 08:00:00;111480.85;111811.59;110934.71;111387.22
2025-08-25 07:00:00;111906.4;112143.64;111265.62;111479.54
2025-08-25 06:00:00;112289.77;112432.85;111714.7;111902.84
2025-08-25 05:00:00;112756.82;112840.41;112289.78;112292.52
2025-08-25 04:00:00;112883.89;113034.82;112575.04;112740.78
2025-08-25 03:00:00;113382.63;113645.32;112846.22;112883.89
2025-08-25 02:00:00;113058.61;113612.03;113041.5;113384.2
2025-08-25 01:00:00;112627.1;113130.1;112593.22;113058.64
2025-08-25 00:00:00;113478;113500;112135.98;112628.06
2025-08-24 23:00:00;113437.17;113677.84;113343.32;113478
2025-08-24 22:00:00;112978.96;113487.81;112602.01;113434.27
2025-08-24 21:00:00;112772.22;113393.09;112365.24;112975.77
2025-08-24 20:00:00;112577.95;112980.96;111613.24;112764.29
2025-08-24 19:00:00;114577.21;114754.44;110635;112588.1
2025-08-24 18:00:00;114368.26;114865.26;114254.8;114582.51
2025-08-24 17:00:00;114229.59;114531.69;114200;114372.01
2025-08-24 16:00:00;114368.39;114506.75;114210.16;114229.61
2025-08-24 15:00:00;114466.37;114827.6;114362.57;114368.38
2025-08-24 14:00:00;114528.67;114622.5;114310.09;114466.37
2025-08-24 13:00:00;114626.23;114839.65;114518.76;114525.18
2025-08-24 12:00:00;114697.06;114793.58;114554.37;114626.23
2025-08-24 11:00:00;114739.3;114862.37;114577.32;114697.43
2025-08-24 10:00:00;114792.85;114920.63;114548.45;114739.3
2025-08-24 09:00:00;114790.25;115010.7;114615.04;114792.84
2025-08-24 08:00:00;114839.21;114934.66;114701;114790.25
2025-08-24 07:00:00;114810.59;115067.65;114797.85;114837.1
2025-08-24 06:00:00;114955.68;115011.15;114795.39;114810.6
2025-08-24 05:00:00;115124.88;115164.51;114862.43;114944.39
2025-08-24 04:00:00;114986.76;115247.33;114986.76;115124.88
2025-08-24 03:00:00;114955.01;115147.06;114880.12;114986.76
2025-08-24 02:00:00;115422.46;115616.53;114945.77;114955.01
2025-08-24 01:00:00;115330;115527.83;115135.96;115422.46
2025-08-24 00:00:00;115383.87;115497.43;115250.63;115329.99
2025-08-23 23:00:00;115278.43;115396.27;115195.74;115383.87
2025-08-23 22:00:00;114983.8;115299.81;114983.8;115278.45
2025-08-23 21:00:00;115284.86;115288.67;114962.64;114983.8
2025-08-23 20:00:00;115100.69;115297.1;115056.34;115288.99
2025-08-23 19:00:00;115108.64;115137.43;115000;115098.49
2025-08-23 18:00:00;115054.91;115154.99;115000;115108.64
2025-08-23 17:00:00;114966.66;115130.29;114904.25;115054.9
2025-08-23 16:00:00;114770.01;115062.12;114637.4;114967.39
2025-08-23 15:00:00;114581.87;114920.81;114505;114770
2025-08-23 14:00:00;114825.03;115043.58;114575.13;114581.87
2025-08-23 13:00:00;115167.95;115167.95;114695.01;114825.03
2025-08-23 12:00:00;115261.55;115441.6;115131.54;115166.74
2025-08-23 11:00:00;115524.21;115580.14;115129.35;115249.95
2025-08-23 10:00:00;115709.35;115728.21;115521.18;115521.18
2025-08-23 09:00:00;115691.64;115743.57;115543.27;115709.35
2025-08-23 08:00:00;115762.08;115830.9;115555.88;115691.64
2025-08-23 07:00:00;115720;115883.08;115600;115762.06
2025-08-23 06:00:00;115891.24;115960.07;115627.15;115720
2025-08-23 05:00:00;115881.91;115986.17;115734.94;115891.23
2025-08-23 04:00:00;115509.75;115918.11;115492.2;115884.85
2025-08-23 03:00:00;115882.25;115976.99;115400.02;115509.75
2025-08-23 02:00:00;116396.51;116496.15;115450.27;115882.25
2025-08-23 01:00:00;116822.04;116838.72;116238.38;116396.5
2025-08-23 00:00:00;116911.9;116999.03;116691.78;116822.04
2025-08-22 23:00:00;116732.46;116912.95;116641.77;116908.68
2025-08-22 22:00:00;117011.44;117037.44;116530.32;116733.54
2025-08-22 21:00:00;117042.21;117186.68;116806.5;117011.44
2025-08-22 20:00:00;116645.36;117136.16;116565.24;117044.19
2025-08-22 19:00:00;116797.25;116920.99;116492.32;116648.95
2025-08-22 18:00:00;117005.78;117416.73;116726.65;116793.88
2025-08-22 17:00:00;116138.44;117024.99;116138.44;117005.79
2025-08-22 16:00:00;116370.1;116787.36;116104.4;116139.59
2025-08-22 15:00:00;115805.64;117312.7;115805.64;116366.84
2025-08-22 14:00:00;112450.74;116131.29;112450.73;115805.63
2025-08-22 13:00:00;112310.69;112650;111904.18;112459.99
2025-08-22 12:00:00;112292.41;112697.81;111649.75;112308.69
2025-08-22 11:00:00;112491.65;112585.35;112141.38;112285.28
2025-08-22 10:00:00;113007;113026.99;112470.42;112491.65
2025-08-22 09:00:00;112944.33;113098.77;112768.32;113007
2025-08-22 08:00:00;113046.98;113275.64;112894.69;112944.33
2025-08-22 07:00:00;112959.99;113214.79;112892.88;113042.75
2025-08-22 06:00:00;113190.93;113353.64;112800.79;112954.98
2025-08-22 05:00:00;112799.01;113239.64;112794.35;113190.94
2025-08-22 04:00:00;112890.91;113219.65;112661.57;112799.01
2025-08-22 03:00:00;113117.39;113411.88;112840.99;112890.92
2025-08-22 02:00:00;112803.81;113498.32;112741.51;113117.39
2025-08-22 01:00:00;112597.52;112894.44;112290.84;112803.81
2025-08-22 00:00:00;112480.29;112814.46;112439.75;112597.52
2025-08-21 23:00:00;112470.97;112481.93;112214.42;112480.3
2025-08-21 22:00:00;112590.6;112689.06;112374.68;112470.97
2025-08-21 21:00:00;112412.79;112708;112062.49;112590.61
2025-08-21 20:00:00;112148.58;112833.18;112031.34;112412.16
2025-08-21 19:00:00;112571.1;112712.04;111964;112160.29
2025-08-21 18:00:00;112389.65;112656.33;112172.76;112571.11
2025-08-21 17:00:00;112356.07;112567.95;112150;112389.65
2025-08-21 16:00:00;112765.93;112950.22;112289.69;112354.93
2025-08-21 15:00:00;113260.88;113368.49;112561.79;112762.44
2025-08-21 14:00:00;113460.19;113980;112890.42;113260.89
2025-08-21 13:00:00;113073.52;113723.28;113019.38;113459.78
2025-08-21 12:00:00;113121.24;113400;112904.87;113073.52
2025-08-21 11:00:00;113318.46;113526.06;112975.93;113121.25
2025-08-21 10:00:00;113352.93;113465.85;113191.76;113318.46
2025-08-21 09:00:00;113566.94;113593.85;113261.29;113352.92
2025-08-21 08:00:00;113873.16;113976;113566.93;113566.94
2025-08-21 07:00:00;113795.09;113917.75;113550.19;113873.16
2025-08-21 06:00:00;113977.77;113977.78;113602.76;113795.44
2025-08-21 05:00:00;113788.75;114010.78;113617.04;113977.78
2025-08-21 04:00:00;113950.23;114029.01;113777.78;113788.75
2025-08-21 03:00:00;114028.96;114534.72;113947.16;113953.7
2025-08-21 02:00:00;114719.81;114812;113895.87;114028.97
2025-08-21 01:00:00;114291.55;114735.61;113949.2;114719.82
2025-08-21 00:00:00;114276;114500;114012.39;114291.55
2025-08-20 23:00:00;114604.06;114625;114209.78;114276
2025-08-20 22:00:00;114362.67;114627.37;114202.92;114603.21
2025-08-20 21:00:00;114382.5;114493.46;113992.42;114362.66
2025-08-20 20:00:00;114279.3;114399.32;114003.01;114382.5
2025-08-20 19:00:00;113490.98;114364.44;113468.24;114279.3
2025-08-20 18:00:00;114215.28;114298.68;113250.52;113489.29
2025-08-20 17:00:00;113850.03;114458.52;113780.72;114215.27
2025-08-20 16:00:00;113347.08;114325.85;113232;113850.04
2025-08-20 15:00:00;113456.47;114336;113219.67;113347.09
2025-08-20 14:00:00;112674.74;113870.95;112344.11;113456.47
2025-08-20 13:00:00;113665.51;113665.52;112472.5;112674.73
2025-08-20 12:00:00;113661.58;113955.39;113508.36;113665.52
2025-08-20 11:00:00;113774.65;113844.36;113023.77;113667.96
2025-08-20 10:00:00;113682.56;113869.34;113557.42;113774.64
2025-08-20 09:00:00;114008.04;114008.05;113609.84;113682.56
2025-08-20 08:00:00;113491.9;114042.83;113400;114000.26
2025-08-20 07:00:00;113658.85;113845;113429.11;113491.9
2025-08-20 06:00:00;113718.62;113747.94;113489.31;113658.86
2025-08-20 05:00:00;113633.09;113776.95;113468.3;113714.48
2025-08-20 04:00:00;113521.93;113714.46;113461.61;113633.09
2025-08-20 03:00:00;113438.71;113646.85;113316.21;113521.93
2025-08-20 02:00:00;112995.67;113506.62;112916.81;113438.6
2025-08-20 01:00:00;113196.99;113400;112555;112995.67
2025-08-20 00:00:00;112853.66;113322.82;112822.49;113197
2025-08-19 23:00:00;113157.32;113187.64;112696.56;112856.19
2025-08-19 22:00:00;113402.35;113428.68;113038.48;113157.32
2025-08-19 21:00:00;113560.28;113573.8;113390.56;113402.36
2025-08-19 20:00:00;113097.95;113562.15;112903.9;113560.28
2025-08-19 19:00:00;113034.75;113556.9;112720;113105.4
2025-08-19 18:00:00;113506.6;113517.06;112810.11;113034.75
2025-08-19 17:00:00;113373.31;113601.73;113100;113506.6
2025-08-19 16:00:00;113791.91;113905.14;113304.69;113375.27
2025-08-19 15:00:00;113885.99;114189.23;113558.05;113791.91
2025-08-19 14:00:00;115212.71;115415.7;113759;113886.29
2025-08-19 13:00:00;115630.12;115922.62;114891.59;115212.71
2025-08-19 12:00:00;115550.05;115662.82;115305.51;115630.12
2025-08-19 11:00:00;115441.66;115706.16;115441.66;115550.06
2025-08-19 10:00:00;115373.9;115632.8;115354.71;115441.66
2025-08-19 09:00:00;115229.91;115548.11;115228.43;115372.56
2025-08-19 08:00:00;115029.27;115351.85;114837.91;115229.83
2025-08-19 07:00:00;115058.02;115106.96;114658.19;115020.64
2025-08-19 06:00:00;115005.65;115270.9;114945.2;115058.01
2025-08-19 05:00:00;115344.25;115518.52;115000;115005.65
2025-08-19 04:00:00;114860.03;115420.19;114420;115346.71
2025-08-19 03:00:00;115806.01;115828.29;114852.97;114864.96
2025-08-19 02:00:00;115856.61;116108.56;115686.28;115806.01
2025-08-19 01:00:00;116611.89;116792.87;115763.36;115856.61
2025-08-19 00:00:00;116286.75;116617.19;115576.44;116617.16
2025-08-18 23:00:00;116457.68;116625.25;116147.75;116286.76
2025-08-18 22:00:00;116723.11;117046.65;116452.62;116457.67
2025-08-18 21:00:00;116465.46;116746.64;116465.46;116726
2025-08-18 20:00:00;116362.83;116604.6;116030.36;116466.71
2025-08-18 19:00:00;116546.2;116700.72;116253.94;116365.53
2025-08-18 18:00:00;116484.25;116657.61;116287.26;116546.01
2025-08-18 17:00:00;116029.51;116888;116029.5;116484.25
2025-08-18 16:00:00;116206.56;116430.35;115900.91;116029.51
2025-08-18 15:00:00;115688.61;116249.99;115462.1;116208.06
2025-08-18 14:00:00;114907.26;115698.95;114890.6;115691.65
2025-08-18 13:00:00;115593.14;115813;114863.47;114904
2025-08-18 12:00:00;115010.78;115589;114950.42;115579.48
2025-08-18 11:00:00;115135.61;115214.42;114715.9;115015.51
2025-08-18 10:00:00;115108.19;115343.13;115045;115135.61
2025-08-18 09:00:00;115204.61;115217;114703.26;115108.19
2025-08-18 08:00:00;115283.51;115472.65;115132.86;115206.88
2025-08-18 07:00:00;115326.81;115559.44;115263.01;115283.52
2025-08-18 06:00:00;115772.79;115807.46;114949.99;115326.82
2025-08-18 05:00:00;115557.59;115778.72;115063.46;115772.8
2025-08-18 04:00:00;115397.12;115616.74;115164.22;115557.59
2025-08-18 03:00:00;115522.04;115713.06;115068;115397.11
2025-08-18 02:00:00;116351.03;116424;115382.66;115522.04
2025-08-18 01:00:00;117372.52;117493.16;116256;116351.04
2025-08-18 00:00:00;117488.59;117633.8;117101.6;117372.53
2025-08-17 23:00:00;118031.66;118052.98;117445.38;117488.6
2025-08-17 22:00:00;117779.78;118082.45;117750.78;118031.67
2025-08-17 21:00:00;117673.65;117853.06;117667.38;117779.77
2025-08-17 20:00:00;117649.85;117823.22;117576.8;117672.55
2025-08-17 19:00:00;117631.58;117821.87;117532.83;117656.36
2025-08-17 18:00:00;117966.91;118023;117383.2;117631.58
2025-08-17 17:00:00;117888.97;118007.98;117711;117966.91
2025-08-17 16:00:00;118302.2;118375;117779.21;117888.98
2025-08-17 15:00:00;118219.86;118329.19;118200;118302.2
2025-08-17 14:00:00;118507.35;118547.79;118209.43;118219.87
2025-08-17 13:00:00;118227.34;118641.6;118132.02;118507.36
2025-08-17 12:00:00;118376.1;118419.67;118203.02;118227.33
2025-08-17 11:00:00;118455.63;118471.79;118339.91;118376.1
2025-08-17 10:00:00;118400.12;118455.64;118247.1;118455.64
2025-08-17 09:00:00;118458.86;118565.19;118293.8;118400.11
2025-08-17 08:00:00;118099.59;118481.09;118010.84;118458.86
2025-08-17 07:00:00;118012.04;118134.1;117927.37;118099.59
2025-08-17 06:00:00;118088.14;118194.65;117986.32;118012.05
2025-08-17 05:00:00;118162.15;118313.42;118076.43;118088.14
2025-08-17 04:00:00;117769.66;118270.92;117767.8;118160.85
2025-08-17 03:00:00;117680.21;117845.57;117579.99;117769.65
2025-08-17 02:00:00;117518.31;117707.08;117467.05;117680.21
2025-08-17 01:00:00;117336.88;117578.38;117249.49;117518.31
2025-08-17 00:00:00;117455.69;117504.67;117334.04;117340.98
2025-08-16 23:00:00;117544.83;117567.8;117356.95;117455.68
2025-08-16 22:00:00;117523.05;117634.5;117300;117544.83
2025-08-16 21:00:00;117739.09;117739.14;117505.33;117523.05
2025-08-16 20:00:00;117748.04;117801.9;117594.41;117739.02
2025-08-16 19:00:00;117773.63;117852.1;117726.98;117748.04
2025-08-16 18:00:00;117779.9;117845.08;117700;117773.62
2025-08-16 17:00:00;117829.9;117848.37;117737.35;117779.89
2025-08-16 16:00:00;117768.2;117900;117762.35;117839.13
2025-08-16 15:00:00;117857.25;117909;117694;117768.19
2025-08-16 14:00:00;117719.41;117870;117625.88;117857.26
2025-08-16 13:00:00;117827.47;117873.48;117662.24;117719.42
2025-08-16 12:00:00;117469.12;117834.49;117416.82;117828.1
2025-08-16 11:00:00;117477.88;117625.79;117436.02;117469.11
2025-08-16 10:00:00;117396.27;117532.8;117222.01;117479.87
2025-08-16 09:00:00;117709.74;117809.65;117387.97;117390.63
2025-08-16 08:00:00;117698.15;117761.6;117580.01;117709.71
2025-08-16 07:00:00;117488.04;117780.05;117446.2;117694.76
2025-08-16 06:00:00;117700;117735.2;117387.8;117488.05
2025-08-16 05:00:00;117919.49;117951.84;117624.31;117700
2025-08-16 04:00:00;117532.82;118000;117515.2;117919.49
2025-08-16 03:00:00;117600.02;117770.96;117479.98;117532.82
2025-08-16 02:00:00;117921.26;117922.95;117524.01;117600.01
2025-08-16 01:00:00;117833;118028.68;117709.17;117921.26
2025-08-16 00:00:00;117436.95;117882.79;117322.82;117832.99
2025-08-15 23:00:00;117792.67;117860.44;117123.02;117436.96
2025-08-15 22:00:00;117400;117834.21;117364.12;117792.66
2025-08-15 21:00:00;117348.01;117432.15;117070.01;117400
2025-08-15 20:00:00;116997.52;117396.2;116925.37;117348.01
2025-08-15 19:00:00;117225.63;117483.8;116903.2;116997.52
2025-08-15 18:00:00;117643.1;117759.36;117069.53;117223.94
2025-08-15 17:00:00;117422.84;117939.94;117050;117643.08
2025-08-15 16:00:00;117326.28;117486.66;116861.73;117415.96
2025-08-15 15:00:00;117450.4;117656.81;116859.32;117327.19
2025-08-15 14:00:00;117820.76;118341.74;117297.16;117453.24
2025-08-15 13:00:00;118728.94;118833.81;117784.21;117820.76
2025-08-15 12:00:00;119082.83;119225.3;118578.57;118728.95
2025-08-15 11:00:00;118966.21;119187.55;118966.21;119078.9
2025-08-15 10:00:00;118789.75;119107.87;118789.75;118966.31
2025-08-15 09:00:00;118949.12;119132.75;118682.86;118789.15
2025-08-15 08:00:00;119052.95;119248.66;118949.02;118949.05
2025-08-15 07:00:00;119188.75;119211.96;118834.19;119053.14
2025-08-15 06:00:00;119078.03;119339.57;118965.49;119188.75
2025-08-15 05:00:00;118945.68;119105.85;118732.11;119078.03
2025-08-15 04:00:00;119090.99;119329.47;118885.77;118945.68
2025-08-15 03:00:00;118814.84;119209.6;118714.62;119091.68
2025-08-15 02:00:00;118780.68;119089.46;118680.6;118814.84
2025-08-15 01:00:00;118286.32;118847.77;118126.54;118780.68
2025-08-15 00:00:00;118389.79;118575.98;118092.7;118286.32
2025-08-14 23:00:00;118374.73;118617.45;118312.48;118389.79
2025-08-14 22:00:00;117987.89;118444.78;117717.27;118374.73
2025-08-14 21:00:00;117948.46;118282.68;117388.41;117987.9
2025-08-14 20:00:00;118010.56;118225.77;117790.99;117948.46
2025-08-14 19:00:00;118160.45;118629.81;117981.74;117997.18
2025-08-14 18:00:00;117968.85;118298.84;117208.97;118155.76
2025-08-14 17:00:00;117912.28;118200.02;117550.01;117968.85
2025-08-14 16:00:00;118290.3;118294.85;117425.25;117912.28
2025-08-14 15:00:00;118871.29;118983.93;117911.69;118298.79
2025-08-14 14:00:00;118467.64;119456.65;118050.27;118871.3
2025-08-14 13:00:00;118921.98;119345.19;117750;118471.73
2025-08-14 12:00:00;121017.92;121216.64;117725.88;118921.99
2025-08-14 11:00:00;120980.26;121077.21;120725.01;121017.92
2025-08-14 10:00:00;121700.18;121835.34;120807.89;120985.93
2025-08-14 09:00:00;121680.88;121983.66;121560.93;121700.18
2025-08-14 08:00:00;121773.02;122084.58;121601.94;121680.88
2025-08-14 07:00:00;121821.19;122099.26;121569.11;121773.02
2025-08-14 06:00:00;122180.62;122200;121347.31;121821.19
2025-08-14 05:00:00;123052.22;123186.21;122113.98;122180.62
2025-08-14 04:00:00;123396.85;123477.15;123039.03;123044.91
2025-08-14 03:00:00;123714.86;123912;123339.88;123396.86
2025-08-14 02:00:00;123385.94;123749.98;123312.64;123713.03
2025-08-14 01:00:00;123900.3;123997.97;123380.57;123385.95
2025-08-14 00:00:00;123365.63;124533;123305.94;123906.29
2025-08-13 23:00:00;123012.91;123740.24;122952.2;123365.63
2025-08-13 22:00:00;122627.4;123698.75;122627.4;123012.91
2025-08-13 21:00:00;122977.64;123077;122354.9;122619.9
2025-08-13 20:00:00;122805.14;123041.33;122513.93;122977.64
2025-08-13 19:00:00;121654.57;122900;121535.9;122804.64
2025-08-13 18:00:00;121833.85;121988.44;121453.51;121654.57
2025-08-13 17:00:00;121451.35;121896.6;121433;121833.85
2025-08-13 16:00:00;120941.16;121767.9;120941.16;121451.37
2025-08-13 15:00:00;120915.32;121389.55;120310.07;120941.15
2025-08-13 14:00:00;121789.98;122242.36;120787.52;120915.31
2025-08-13 13:00:00;120293.22;122076.44;120103;121789.99
2025-08-13 12:00:00;120559.28;120686.83;120200;120293.23
2025-08-13 11:00:00;120487.19;120744.18;120415.05;120554.93
2025-08-13 10:00:00;120121.69;120494.01;120028.69;120487.19
2025-08-13 09:00:00;120049.99;120160;119778.83;120117.96
2025-08-13 08:00:00;119582.46;120050;119457.88;120050
2025-08-13 07:00:00;119427.15;119644.04;119294.9;119579.66
2025-08-13 06:00:00;119064.3;119434.93;118948.21;119427.15
2025-08-13 05:00:00;119333.86;119679;118931.34;119064.31
2025-08-13 04:00:00;119466.17;119830;119319.45;119333.86
2025-08-13 03:00:00;119547.6;119631.2;119300;119466.17
2025-08-13 02:00:00;119456.37;119736.53;119075.08;119547.6
2025-08-13 01:00:00;119691.8;119700.9;119328.97;119456.37
2025-08-13 00:00:00;120109.04;120176.93;119584.6;119692.9
2025-08-12 23:00:00;120085.33;120296.55;119893.09;120113.18
2025-08-12 22:00:00;119889.4;120099.16;119627.02;120090.27
2025-08-12 21:00:00;120178.21;120197.8;119787.8;119889.41
2025-08-12 20:00:00;119661.29;120327;119499.38;120178.22
2025-08-12 19:00:00;119351.28;119985.85;119300.02;119655.97
2025-08-12 18:00:00;119291.94;120091.72;119258.72;119351.26
2025-08-12 17:00:00;119659.39;119872.11;119191;119291.95
2025-08-12 16:00:00;119938.7;120199.99;119522.05;119655
2025-08-12 15:00:00;119445.02;119989;119310.14;119936.26
2025-08-12 14:00:00;118848.26;119453.88;118750;119449.49
2025-08-12 13:00:00;119272.72;119722.87;118617.74;118851.38
2025-08-12 12:00:00;118502.08;119269.04;118256.18;119266.8
2025-08-12 11:00:00;118449.55;118645.94;118190.81;118502.05
2025-08-12 10:00:00;118417.69;118675.12;118212.03;118449.55
2025-08-12 09:00:00;118817.52;118903.38;118400;118413.72
2025-08-12 08:00:00;118993.97;119065.05;118733.57;118817.52
2025-08-12 07:00:00;118843.66;119168.54;118843.66;118993.98
2025-08-12 06:00:00;118828.04;119031.67;118606.57;118843.65
2025-08-12 05:00:00;119066.08;119066.08;118419;118828.04
2025-08-12 04:00:00;118857.75;119178.17;118806.33;119067.05
2025-08-12 03:00:00;119065.7;119146.64;118751.53;118857.75
2025-08-12 02:00:00;118989.34;119300;118839.57;119065.86
2025-08-12 01:00:00;118966.93;119142.08;118779.26;118989.34
2025-08-12 00:00:00;118701.83;119050;118607.84;118967.08
2025-08-11 23:00:00;118910.87;118910.87;118600.11;118701.84
2025-08-11 22:00:00;118720.55;118943.63;118285.84;118910.87
2025-08-11 21:00:00;118833.54;119188.15;118050;118726.85
2025-08-11 20:00:00;119071.05;119092.36;118549.54;118833.55
2025-08-11 19:00:00;119773.04;119793.45;118541.21;119068.36
2025-08-11 18:00:00;119496.6;119888.03;119252.43;119773.04
2025-08-11 17:00:00;119940;120155;119462.75;119493.62
2025-08-11 16:00:00;120295.07;120796.74;119911.55;119940.01
2025-08-11 15:00:00;120215.82;120405.2;119821.48;120298.37
2025-08-11 14:00:00;119976.4;120574.09;119749.72;120222.41
2025-08-11 13:00:00;119620.83;120313.4;119333.35;119976.39
2025-08-11 12:00:00;120525;120650.65;119505;119616.96
2025-08-11 11:00:00;121150.1;121252.87;120248.43;120525
2025-08-11 10:00:00;121407.36;121428.76;120926.35;121150.11
2025-08-11 09:00:00;121662.15;121703.75;121094.37;121406.25
2025-08-11 08:00:00;121522.07;121797.44;121177.31;121662.14
2025-08-11 07:00:00;122292.11;122314;121452.53;121522.07
2025-08-11 06:00:00;122036.1;122313.85;121900.01;122292.12
2025-08-11 05:00:00;122072.94;122319.14;121780.01;122036.11
2025-08-11 04:00:00;121709.49;122171.84;121598.69;122072.54
2025-08-11 03:00:00;121876.03;122161.33;121546.25;121709.49
2025-08-11 02:00:00;119999.36;121899.34;119949.46;121876.03
2025-08-11 01:00:00;119153.98;120099.99;119000.91;119999.35
2025-08-11 00:00:00;119309.37;119511.38;119123.76;119153.98
2025-08-10 23:00:00;119091.52;119324.08;118857.01;119309.37
2025-08-10 22:00:00;118724.04;119091.51;118623.75;119091.51
2025-08-10 21:00:00;118331.38;118724.04;118101.09;118724.04
2025-08-10 20:00:00;118675.52;118776.91;118081.6;118331.38
2025-08-10 19:00:00;118543.25;118722.51;118445.22;118675.53
2025-08-10 18:00:00;118524.63;118621.14;118436.64;118548.15
2025-08-10 17:00:00;118667.52;118707.95;118449.58;118529.48
2025-08-10 16:00:00;118803.03;118950;118613.58;118669.23
2025-08-10 15:00:00;118782.61;119117.68;118557.82;118803.04
2025-08-10 14:00:00;118445.19;118854.31;118317.92;118786.19
2025-08-10 13:00:00;118510.86;118704.09;118364.99;118445.19
2025-08-10 12:00:00;118335.76;118749.99;118236.36;118513.61
2025-08-10 11:00:00;118019.19;118517.65;117934.58;118335.59
2025-08-10 10:00:00;118285.98;118299.17;118002.89;118015.96
2025-08-10 09:00:00;118311.7;118448.06;118116.26;118285.99
2025-08-10 08:00:00;117814.17;118405;117617.51;118314.02
2025-08-10 07:00:00;118072.5;118249;117477.71;117814.16
2025-08-10 06:00:00;118066.89;118180.41;117741.51;118072.5
2025-08-10 05:00:00;118507.77;118534.89;117909.68;118065.13
2025-08-10 04:00:00;118515.2;118773.35;118360.82;118507.77
2025-08-10 03:00:00;117325;118517.15;117260.11;118515.2
2025-08-10 02:00:00;116606.83;117335.49;116595.42;117324.99
2025-08-10 01:00:00;116769.47;116803.66;116559.99;116606.82
2025-08-10 00:00:00;116492.5;116783.51;116480;116773.9
2025-08-09 23:00:00;116573.12;116635.03;116458.32;116492.51
2025-08-09 22:00:00;116543.54;116767.37;116518.56;116573.12
2025-08-09 21:00:00;116792.22;116825.67;116406.01;116546.62
2025-08-09 20:00:00;116569.77;117062.29;116520;116793.13
2025-08-09 19:00:00;116654.82;116758.23;116528.08;116569.86
2025-08-09 18:00:00;116697.9;116750.56;116563.17;116655.71
2025-08-09 17:00:00;116666.25;116813.21;116632.94;116697.91
2025-08-09 16:00:00;116912.04;116972.03;116651;116665.42
2025-08-09 15:00:00;116978.76;117157.64;116720;116912.04
2025-08-09 14:00:00;116975.66;117020.14;116755.42;116978.77
2025-08-09 13:00:00;117114.26;117161.83;116878;116975.66
2025-08-09 12:00:00;117129.7;117247.64;117019.2;117112.71
2025-08-09 11:00:00;117435.5;117475.74;117086.58;117134.05
2025-08-09 10:00:00;117512.87;117937.89;117390.61;117437.46
2025-08-09 09:00:00;117126.36;117516.17;117057.12;117512.88
2025-08-09 08:00:00;116772.55;117187;116762.03;117120.15
2025-08-09 07:00:00;116671.61;116921.68;116649.3;116772.96
2025-08-09 06:00:00;116754.93;116783.44;116551.18;116671.63
2025-08-09 05:00:00;116461.63;116990;116430.7;116754.93
2025-08-09 04:00:00;116394.98;116698.74;116360.86;116465.87
2025-08-09 03:00:00;116391.48;116489.04;116343.34;116394.98
2025-08-09 02:00:00;116560.98;116560.98;116380.48;116392.06
2025-08-09 01:00:00;116596.59;116671.01;116523.31;116560.98
2025-08-09 00:00:00;116683.79;116767.22;116570.57;116596.6
2025-08-08 23:00:00;116893;116940.85;116648.17;116683.79
2025-08-08 22:00:00;116945.6;117000;116765.85;116893.02
2025-08-08 21:00:00;116921.6;116999.97;116758.14;116945.6
2025-08-08 20:00:00;116468.28;116923.59;116332.84;116923.59
2025-08-08 19:00:00;116533.34;116788.58;116359.62;116467.8
2025-08-08 18:00:00;116727.56;116924.34;116344.82;116533.35
2025-08-08 17:00:00;116211.26;116731.33;116160.21;116727.56
2025-08-08 16:00:00;116212.95;116391.9;116001.61;116213.47
2025-08-08 15:00:00;116517.12;116558.73;115800;116212.94
2025-08-08 14:00:00;116954.52;117330.8;116385.34;116517.13
2025-08-08 13:00:00;116535.99;117010;116535.99;116953.25
2025-08-08 12:00:00;116926.53;116930.14;116532.02;116535.98
2025-08-08 11:00:00;116568.14;116958.12;116568.14;116930.25
2025-08-08 10:00:00;116712.12;116758.36;116331.34;116566.72
2025-08-08 09:00:00;116656.26;116766.86;116518.79;116712.13
2025-08-08 08:00:00;116851.96;116965.67;116466.31;116655.08
2025-08-08 07:00:00;116779.13;116999.43;116575;116851.97
2025-08-08 06:00:00;116558.17;116797.11;116389.06;116780.78
2025-08-08 05:00:00;116780.01;116786.88;116518.64;116558.16
2025-08-08 04:00:00;116777.38;116907.26;116689;116780
2025-08-08 03:00:00;116736.93;117010.58;116720.41;116777.39
2025-08-08 02:00:00;116922.44;116962.7;116716.71;116736.93
2025-08-08 01:00:00;117307.1;117335.58;116804.32;116923.73
2025-08-08 00:00:00;117515.69;117687;116900;117306
2025-08-07 23:00:00;117614.78;117651.58;117335.62;117515.49
2025-08-07 22:00:00;117140.19;117687;117123.06;117614.78
2025-08-07 21:00:00;117241.22;117430.26;117050.68;117140.17
2025-08-07 20:00:00;117525.53;117575.19;117186.77;117241.81
2025-08-07 19:00:00;116596.44;117609.31;116524.09;117525.79
2025-08-07 18:00:00;116531.63;116624;116180.03;116596.43
2025-08-07 17:00:00;116293.18;116608.34;116149.23;116541.03
2025-08-07 16:00:00;116732.64;116816.7;115673.04;116293.19
2025-08-07 15:00:00;116392.81;116848.27;116263.37;116732.65
2025-08-07 14:00:00;116684.54;116735.22;116211.63;116392.77
2025-08-07 13:00:00;116390.66;116791.7;116201.45;116673.7
2025-08-07 12:00:00;116533.35;116618.11;116040.6;116390.83
2025-08-07 11:00:00;116362.4;116850;116362.4;116535.61
2025-08-07 10:00:00;115081.15;116452.98;115052.95;116362.4
2025-08-07 09:00:00;114987.84;115099.99;114875.2;115081.16
2025-08-07 08:00:00;114813;115200;114810.9;114987.84
2025-08-07 07:00:00;114678.36;114901.97;114661.2;114813
2025-08-07 06:00:00;114593.52;114809.55;114465.67;114678.36
2025-08-07 05:00:00;114372.24;114593.6;114284.85;114593.52
2025-08-07 04:00:00;114566.78;114675.92;114268.6;114372.24
2025-08-07 03:00:00;114575.61;114635.27;114410.47;114566.78
2025-08-07 02:00:00;114772.52;114901.85;114425.65;114575.61
2025-08-07 01:00:00;114925.44;115218.91;114613.3;114772.52
2025-08-07 00:00:00;115028.83;115049;114878.42;114925.45
2025-08-06 23:00:00;115125.77;115149.11;115002.19;115028.83
2025-08-06 22:00:00;115103.83;115260.39;115068.29;115125.78
2025-08-06 21:00:00;115072.81;115260.64;114815.28;115105.39
2025-08-06 20:00:00;115293.85;115300.57;115024.99;115072.82
2025-08-06 19:00:00;115432.24;115551.37;115140.56;115295.57
2025-08-06 18:00:00;115538.51;115749.99;115304.17;115439.28
2025-08-06 17:00:00;115149.36;115549.79;115020;115538.51
2025-08-06 16:00:00;115417.1;115508.64;114936.4;115149.36
2025-08-06 15:00:00;115199.98;115581.51;114825.81;115417.96
2025-08-06 14:00:00;114257.73;115250;113856.57;115199.97
2025-08-06 13:00:00;113919.52;114391.45;113566.01;114254.46
2025-08-06 12:00:00;114220.79;114332.85;113770.35;113918.1
2025-08-06 11:00:00;114066.04;114400;114002.09;114226.23
2025-08-06 10:00:00;114081.28;114229.7;113876.85;114057.81
2025-08-06 09:00:00;113934.9;114358.07;113895.79;114081.29
2025-08-06 08:00:00;114220.34;114254.78;113713.32;113934.91
2025-08-06 07:00:00;114081.89;114293.41;114006.49;114220.34
2025-08-06 06:00:00;114147.95;114195.48;113920;114081.89
2025-08-06 05:00:00;113426.11;114416.95;113383.58;114147.94
2025-08-06 04:00:00;113504.05;113588.38;113347.87;113424.19
2025-08-06 03:00:00;113623.64;113669.16;113400.01;113504.04
2025-08-06 02:00:00;113817.5;113838.26;113483.14;113623.64
2025-08-06 01:00:00;113871.25;113940.87;113572.64;113824.31
2025-08-06 00:00:00;114112.95;114147;113732.84;113879.35
2025-08-05 23:00:00;113955.5;114223.26;113907.67;114112.95
2025-08-05 22:00:00;113578.37;113988;113280.78;113957.97
2025-08-05 21:00:00;113691.02;113863.54;113555.97;113578.38
2025-08-05 20:00:00;113602.75;113987.13;113473.91;113689.75
2025-08-05 19:00:00;113624.55;113750;113369.61;113602.75
2025-08-05 18:00:00;113602.15;113646.08;113227.18;113624.55
2025-08-05 17:00:00;113131.78;113643.84;113052.01;113602.16
2025-08-05 16:00:00;112906.96;113336.45;112779.91;113131.78
2025-08-05 15:00:00;113012.06;113239.41;112669;112907.97
2025-08-05 14:00:00;114382.65;114401.44;112622.14;113012.07
2025-08-05 13:00:00;113932.54;114597.71;113861.14;114370.17
2025-08-05 12:00:00;114807.46;114890;113500;113930.71
2025-08-05 11:00:00;114832.5;114971.65;114726.09;114807.47
2025-08-05 10:00:00;114681.85;115079.06;114564.1;114832.22
2025-08-05 09:00:00;114260.16;114784;114259.52;114677.38
2025-08-05 08:00:00;113952.07;114507.23;113900;114262.42
2025-08-05 07:00:00;114161.18;114399.69;113706.49;113952.07
2025-08-05 06:00:00;114407.71;114505.4;114068.41;114165.89
2025-08-05 05:00:00;114323.16;114484.21;114231.07;114407.71
2025-08-05 04:00:00;114240.98;114426.03;114150.8;114323.16
2025-08-05 03:00:00;114730.4;114740.98;114236.33;114241.62
2025-08-05 02:00:00;114700;114820.45;114610;114721.72
2025-08-05 01:00:00;114877;115070.56;114677.08;114700
2025-08-05 00:00:00;115056.14;115112.75;114818.58;114877
2025-08-04 23:00:00;115349.16;115363.04;115037.72;115051.85
2025-08-04 22:00:00;115120.4;115349.17;115072.94;115349.17
2025-08-04 21:00:00;114793.54;115266.74;114788.98;115126.63
2025-08-04 20:00:00;114746.94;115051.7;114578.7;114793.54
2025-08-04 19:00:00;114924.33;115139.83;114696.88;114746.95
2025-08-04 18:00:00;115192;115324.71;114887.46;114924.33
2025-08-04 17:00:00;115299.97;115756.06;115132.17;115192.01
2025-08-04 16:00:00;114818.94;115429.76;114817.77;115299.98
2025-08-04 15:00:00;114757.48;115045.01;114551.43;114818.95
2025-08-04 14:00:00;114922.77;115484;114647.99;114757.45
2025-08-04 13:00:00;114445.66;114934.02;114118.18;114921.05
2025-08-04 12:00:00;114504.62;114543.51;114313.89;114444
2025-08-04 11:00:00;114242.84;114525.47;114204.09;114504.62
2025-08-04 10:00:00;114334.58;114517.06;114224.46;114242.7
2025-08-04 09:00:00;114563.89;114764.57;114294.42;114330.81
2025-08-04 08:00:00;114665.2;114773.63;114368.8;114563.89
2025-08-04 07:00:00;114428.22;114792.93;114396.24;114665.21
2025-08-04 06:00:00;114387.46;114492.13;114153.95;114428.22
2025-08-04 05:00:00;114387.56;114428.21;114184.02;114398.04
2025-08-04 04:00:00;114580.09;114670.03;114349.92;114387.56
2025-08-04 03:00:00;114817.26;114824.54;114533.6;114578.63
2025-08-04 02:00:00;114697.41;115000;114436.71;114817.26
2025-08-04 01:00:00;114913.62;115000;114625;114697.41
2025-08-04 00:00:00;114215.7;114939.58;114121.39;114913.62
2025-08-03 23:00:00;114318.03;114514.84;114182.01;114215.73
2025-08-03 22:00:00;114447.27;114628.23;114059.51;114318.03
2025-08-03 21:00:00;114419.73;114540.36;114363.72;114447.26
2025-08-03 20:00:00;114326.68;114470.67;114162.86;114419.75
2025-08-03 19:00:00;114411.43;114794.99;114260.04;114331.12
2025-08-03 18:00:00;114125.03;114485.49;114054.69;114411.43
2025-08-03 17:00:00;114000.02;114172.07;113948;114125.03
2025-08-03 16:00:00;113941.38;114038.8;113749.99;114000.01
2025-08-03 15:00:00;113779.93;113969.75;113662.69;113941.38
2025-08-03 14:00:00;113949.14;114068.89;113573.09;113779.93
2025-08-03 13:00:00;114016.96;114089;113800.01;113952.01
2025-08-03 12:00:00;113858.69;114089;113651.45;114001.77
2025-08-03 11:00:00;113891.04;114238.99;113852.75;113857.28
2025-08-03 10:00:00;113648.77;113899.25;113639.67;113891.04
2025-08-03 09:00:00;113682.22;113713.09;113605.58;113648.76
2025-08-03 08:00:00;113701.62;113793.09;113533.5;113682.22
2025-08-03 07:00:00;113551.32;113730.08;113551.31;113701.61
2025-08-03 06:00:00;113608.99;113633.43;113450;113551.32
2025-08-03 05:00:00;113453.12;113655.24;113389.34;113604.88
2025-08-03 04:00:00;113580.61;113583.84;113319.19;113460.72
2025-08-03 03:00:00;113490.45;113731.05;113407.21;113580.62
2025-08-03 02:00:00;113074.62;113500;113061.34;113490.44
2025-08-03 01:00:00;112908.51;113250;112806.75;113074.62
2025-08-03 00:00:00;112542.75;112967.7;111903.68;112908.54
2025-08-02 23:00:00;112830.55;112857.62;112253.13;112542.74
2025-08-02 22:00:00;112838.78;112998.78;112523.57;112830.55
2025-08-02 21:00:00;112769.24;113039.45;112523.55;112838.78
2025-08-02 20:00:00;112203.87;112769.24;112050;112769.24
2025-08-02 19:00:00;112294.49;112925.48;112000;112203.87
2025-08-02 18:00:00;112702.98;112899.15;112042.5;112307.19
2025-08-02 17:00:00;113192.46;113401.19;112542.14;112703.09
2025-08-02 16:00:00;112810.12;113228.63;112679.99;113175.22
2025-08-02 15:00:00;113069.83;113391.21;112780;112805.74
2025-08-02 14:00:00;113426.9;113499.99;112909.21;113069.83
2025-08-02 13:00:00;113591.64;113617.88;113200.01;113426.91
2025-08-02 12:00:00;113761.43;113761.44;113541.18;113603.67
2025-08-02 11:00:00;113525.76;113884.4;113411.84;113761.44
2025-08-02 10:00:00;113650;113676.48;113397.32;113525.76
2025-08-02 09:00:00;113653.43;113818.08;113534.6;113650
2025-08-02 08:00:00;113942.01;114005.58;113646.15;113651.51
2025-08-02 07:00:00;113665.32;113983.13;113516.3;113942.01
2025-08-02 06:00:00;113943.43;113958.25;113424.52;113665.33
2025-08-02 05:00:00;113992.7;114019.76;113812.6;113943.42
2025-08-02 04:00:00;113871.57;114023.58;113774.13;113992.69
2025-08-02 03:00:00;113670.81;113871.57;113657.6;113871.57
2025-08-02 02:00:00;113615.78;113726.41;113486.98;113670.82
2025-08-02 01:00:00;113785.21;113873.19;113378.89;113615.78
2025-08-02 00:00:00;113248.83;113808.32;113150;113785.2
2025-08-01 23:00:00;113086.3;113503.77;112843.49;113248.73
2025-08-01 22:00:00;113829.61;113954.24;112659;113075.81
2025-08-01 21:00:00;113898.61;114034.88;113639.9;113829.61
2025-08-01 20:00:00;113236.47;113933.99;113080.63;113898.61
2025-08-01 19:00:00;113778.99;113879.48;113142;113247.92
2025-08-01 18:00:00;114371.47;114463.96;113600;113780.32
2025-08-01 17:00:00;114960.38;115061.41;114277.4;114374.85
2025-08-01 16:00:00;115317.5;115676.41;114777.88;114960.39
2025-08-01 15:00:00;115591.08;115617.99;114635.45;115317.51
2025-08-01 14:00:00;114297.48;115812.7;113916.85;115591
2025-08-01 13:00:00;115705.38;115989.58;114117.24;114304.5
2025-08-01 12:00:00;115267.53;115889.04;115111;115705.38
2025-08-01 11:00:00;114719.12;115311.46;114545.95;115267.54
2025-08-01 10:00:00;114924.24;115186.98;114667.61;114715.17
2025-08-01 09:00:00;114563.85;115319.82;114515.81;114926.37
2025-08-01 08:00:00;115032.4;115044.15;114058.29;114566.42
2025-08-01 07:00:00;115149.03;115296.32;114605;115034.22
2025-08-01 06:00:00;115553.29;115660;115034.84;115143.81
2025-08-01 05:00:00;115697.03;115923.89;115374.27;115557.51
2025-08-01 04:00:00;115637.69;115712.18;115251.25;115697.01
2025-08-01 03:00:00;115966.66;116065.12;115603.95;115638.66
2025-08-01 02:00:00;115317.56;116023.16;115213.01;115969.67
2025-08-01 01:00:00;115426.01;115606.12;114591.91;115317.57
2025-08-01 00:00:00;115756.12;115933.5;114136.2;115426.24
2025-07-31 23:00:00;116005.24;116538.89;115500;115761.13
2025-07-31 22:00:00;116517.11;116524.11;116000;116005.24
2025-07-31 21:00:00;116486.96;116899.78;116216.06;116517.59
2025-07-31 20:00:00;116759.71;116966.54;116421;116482.72
2025-07-31 19:00:00;117650.95;117752.09;116722.22;116757.77
2025-07-31 18:00:00;117731.71;117999.99;117380.8;117640.87
2025-07-31 17:00:00;118523.85;118550.11;117683.97;117726.08
2025-07-31 16:00:00;118288.22;118888;118212.84;118523.25
2025-07-31 15:00:00;117895.1;118366.47;117873.75;118288.23
2025-07-31 14:00:00;118562.63;118649.23;117869.02;117903.93
2025-07-31 13:00:00;118604.02;118699;117795.18;118562.63
2025-07-31 12:00:00;118345.67;118650;118253.2;118604.02
2025-07-31 11:00:00;118495.84;118550.65;118271.4;118345.67
2025-07-31 10:00:00;118588.61;118736.44;118411.49;118495.85
2025-07-31 09:00:00;118583.48;118632.43;118451.39;118590.89
2025-07-31 08:00:00;118677.4;118773.24;118560.29;118583.5
2025-07-31 07:00:00;118688.24;118920;118602.15;118677.41
2025-07-31 06:00:00;118351.39;118749;118271.56;118687.98
2025-07-31 05:00:00;118499.29;118533.43;118318.73;118351.39
2025-07-31 04:00:00;118476.4;118565.14;118351;118499.29
2025-07-31 03:00:00;118433.92;118621.56;118369.42;118476.4
2025-07-31 02:00:00;118053.63;118498.32;117965.03;118431.03
2025-07-31 01:00:00;118405.04;118450.05;117979.8;118053.64
2025-07-31 00:00:00;117830.15;118545.3;117776.77;118405.03
2025-07-30 23:00:00;117489.01;117935.3;117457.24;117830.15
2025-07-30 22:00:00;117336.96;117510;117243.15;117489.01
2025-07-30 21:00:00;117152.08;117341.36;116931.2;117337.52
2025-07-30 20:00:00;116900;117317.57;116858;117151.21
2025-07-30 19:00:00;116500.67;117118.82;115728.49;116900.01
2025-07-30 18:00:00;117803.31;118052.39;116474.16;116500.68
2025-07-30 17:00:00;117750.02;117967.39;117655;117803.34
2025-07-30 16:00:00;118010.09;118036.29;117621.67;117750.02
2025-07-30 15:00:00;118730.79;118809.43;117836.57;118010.09
2025-07-30 14:00:00;117677.7;118755;117611.57;118730.8
2025-07-30 13:00:00;117724.15;117898.27;117366.9;117670.76
2025-07-30 12:00:00;117572;117909.87;117350;117729.13
2025-07-30 11:00:00;118012.3;118190.02;117323.08;117571.99
2025-07-30 10:00:00;118159.68;118431.48;117937.78;118008.25
2025-07-30 09:00:00;118363.16;118425.91;117981.75;118159.68
2025-07-30 08:00:00;118121;118494.92;117950;118363.15
2025-07-30 07:00:00;118266.17;118416.47;118111.36;118121
2025-07-30 06:00:00;117978.94;118320;117974.2;118266.17
2025-07-30 05:00:00;117996.78;118075.29;117659.95;117978.95
2025-07-30 04:00:00;118148.06;118270.33;117948.44;117996.78
2025-07-30 03:00:00;118017.96;118249.16;117892.45;118148.05
2025-07-30 02:00:00;117838.47;118113.58;117776.46;118017.97
2025-07-30 01:00:00;117737.63;118000;117403.51;117838.46
2025-07-30 00:00:00;117933.39;117995.86;117517.69;117738.95
2025-07-29 23:00:00;117827.65;117985.02;117706.37;117933.39
2025-07-29 22:00:00;117566.64;117854.21;117423.82;117827.65
2025-07-29 21:00:00;117491.2;117673.9;117156.03;117566.63
2025-07-29 20:00:00;117489.15;117841.63;117049.43;117491.2
2025-07-29 19:00:00;117585.85;118023.6;117373.01;117483.28
2025-07-29 18:00:00;117756.77;117822.83;117443.84;117586.35
2025-07-29 17:00:00;117714.47;118043.31;117600.02;117758.49
2025-07-29 16:00:00;117365.37;117730.94;116900;117714.44
2025-07-29 15:00:00;117820.16;117952.88;117250.08;117365.37
2025-07-29 14:00:00;118611.65;118630.73;117693.53;117820.17
2025-07-29 13:00:00;118889.27;119038.51;118521.42;118611.65
2025-07-29 12:00:00;118601.79;119075;118459.25;118889.28
2025-07-29 11:00:00;118317.91;118616.11;118144.32;118601.76
2025-07-29 10:00:00;118786.25;118836.97;118300;118319.33
2025-07-29 09:00:00;118924.84;118999.97;118743.58;118786.52
2025-07-29 08:00:00;118885.91;119059.92;118752.48;118921.44
2025-07-29 07:00:00;118747.4;119284.78;118747.4;118885.92
2025-07-29 06:00:00;118813.38;119079.26;118720.41;118747.4
2025-07-29 05:00:00;118527.6;118871.28;118520.89;118813.38
2025-07-29 04:00:00;118756.63;118800;118400;118527.61
2025-07-29 03:00:00;118102.26;118814.63;118054.53;118764.01
2025-07-29 02:00:00;117777.01;118120;117459.01;118091.15
2025-07-29 01:00:00;117993.24;118263.03;117777.01;117777.02
2025-07-29 00:00:00;118074.43;118492.92;117550.74;117993.24
2025-07-28 23:00:00;117862.53;118183.54;117801.85;118070.59
2025-07-28 22:00:00;118118.96;118272.04;117749.12;117862.52
2025-07-28 21:00:00;118033.89;118348;117946.47;118118.97
2025-07-28 20:00:00;118060.48;118149;117482.18;118033.9
2025-07-28 19:00:00;117764.06;118270.43;117537.15;118066.31
2025-07-28 18:00:00;117666.55;117848.24;117380.6;117767.13
2025-07-28 17:00:00;118009.78;118120.81;117640;117666.57
2025-07-28 16:00:00;118166.59;118389.65;118000;118014.12
2025-07-28 15:00:00;117975.65;118501;117894.24;118165.37
2025-07-28 14:00:00;118432.56;118700;117880;117981.86
2025-07-28 13:00:00;118857.25;119111.87;118242.45;118423.68
2025-07-28 12:00:00;118826.96;119283.89;118520.95;118857.25
2025-07-28 11:00:00;118785.11;118884.06;118468.15;118827.17
2025-07-28 10:00:00;118951.66;118992.79;118636.82;118779.71
2025-07-28 09:00:00;119078.88;119078.88;118725.75;118948.32
2025-07-28 08:00:00;118894.65;119122.14;118765;119077.24
2025-07-28 07:00:00;119486.16;119500;118765.02;118894.66
2025-07-28 06:00:00;119553.98;119634.94;119454.73;119486.16
2025-07-28 05:00:00;119224.36;119709.32;119158.34;119553.98
2025-07-28 04:00:00;119306.42;119430.5;119134.04;119224.36
2025-07-28 03:00:00;119468.86;119547.41;119235.76;119306.42
2025-07-28 02:00:00;119072.63;119839;119044.3;119468.86
2025-07-28 01:00:00;119259.13;119516.45;118977.81;119072.63
2025-07-28 00:00:00;119465.52;119725;119154;119259.13
2025-07-27 23:00:00;119545.01;119579.1;119175;119465.52
2025-07-27 22:00:00;119310.09;119800;119250.01;119545.01
2025-07-27 21:00:00;118794.65;119312.23;118754.4;119310.08
2025-07-27 20:00:00;119006.15;119230.74;118754.4;118794.62
2025-07-27 19:00:00;119061.73;119115.34;118925;119006.15
2025-07-27 18:00:00;119225.01;119438.49;118980.07;119061.73
2025-07-27 17:00:00;119119.81;119372.87;118879.3;119225.02
2025-07-27 16:00:00;118620.01;119581.35;118620;119112.87
2025-07-27 15:00:00;118450;118650.8;118279.9;118620.01
2025-07-27 14:00:00;118263.98;118542.54;118197;118450
2025-07-27 13:00:00;118150;118315.02;118128.62;118263.99
2025-07-27 12:00:00;118133.82;118223.74;117932.41;118150
2025-07-27 11:00:00;118245.22;118355.36;118093.53;118133.83
2025-07-27 10:00:00;117982.88;118362.94;117982.88;118245.23
2025-07-27 09:00:00;117990.47;118047.37;117849.99;117982.89
2025-07-27 08:00:00;118165.53;118230.46;117981.01;117990.47
2025-07-27 07:00:00;118326.9;118326.91;118123.25;118165.53
2025-07-27 06:00:00;118333.1;118504.53;118244.3;118326.91
2025-07-27 05:00:00;118256.66;118379.22;118201.24;118333.1
2025-07-27 04:00:00;118228.69;118324.6;118186.2;118256.66
2025-07-27 03:00:00;118368.05;118401.13;118130.11;118227.13
2025-07-27 02:00:00;118143.98;118465.72;118060.91;118368.05
2025-07-27 01:00:00;117998.9;118281.51;117958.16;118143.98
2025-07-27 00:00:00;117981.73;118038.92;117865.76;117998.89
2025-07-26 23:00:00;118056.12;118142.49;117929.16;117969.63
2025-07-26 22:00:00;118081.82;118343.4;118019.15;118056.11
2025-07-26 21:00:00;117995.86;118147.5;117927.3;118081.81
2025-07-26 20:00:00;118280.48;118280.49;117919.44;117995.86
2025-07-26 19:00:00;118143.05;118371.35;118084.63;118280.01
2025-07-26 18:00:00;118081.19;118200;117989;118154.04
2025-07-26 17:00:00;118116.28;118175.08;118029.95;118081.19
2025-07-26 16:00:00;118172.61;118282.5;118050.81;118116.29
2025-07-26 15:00:00;118117.84;118224.93;117882.01;118172.6
2025-07-26 14:00:00;118175.66;118317.19;118011.78;118117.85
2025-07-26 13:00:00;117963.51;118320.67;117890.11;118175.66
2025-07-26 12:00:00;117826.4;118102;117817.61;117963.51
2025-07-26 11:00:00;118017.05;118144.5;117818.99;117830.65
2025-07-26 10:00:00;117636.04;118275.79;117574.03;118017.05
2025-07-26 09:00:00;117618.37;117684.6;117492.49;117636.04
2025-07-26 08:00:00;117371.98;117698.01;117368.43;117618.36
2025-07-26 07:00:00;117401.84;117472.36;117362.39;117371.97
2025-07-26 06:00:00;117495.45;117560.22;117373.58;117401.84
2025-07-26 05:00:00;117548.55;117647.24;117465.68;117495.45
2025-07-26 04:00:00;117522.69;117623.45;117454.25;117548.56
2025-07-26 03:00:00;117502.8;117684.4;117500.01;117522.69
2025-07-26 02:00:00;117195.53;117804.52;117195.52;117502.8
2025-07-26 01:00:00;117540.81;117631.53;117095.73;117195.53
2025-07-26 00:00:00;117633.27;117653.43;117361.35;117538.36
2025-07-25 23:00:00;117308.62;117706;117205.92;117633.27
2025-07-25 22:00:00;117240.59;117420.58;117134.81;117308.61
2025-07-25 21:00:00;117089.66;117417;116964.18;117240.59
2025-07-25 20:00:00;116721.63;117358.99;116603.53;117095.99
2025-07-25 19:00:00;116529.1;117067.09;116436.2;116721.63
2025-07-25 18:00:00;116060.54;116624.05;116060.54;116526.68
2025-07-25 17:00:00;116203.85;116400;115889.01;116067.75
2025-07-25 16:00:00;115728.38;116221.76;115455.54;116205.78
2025-07-25 15:00:00;114950.35;115868.08;114900;115728.38
2025-07-25 14:00:00;116241.68;116321.01;114854.2;114950.34
2025-07-25 13:00:00;116119.24;116653.11;115557.6;116241.68
2025-07-25 12:00:00;116514.27;116654.05;115952.73;116119.68
2025-07-25 11:00:00;116337.34;116800.75;116337.34;116514.27
2025-07-25 10:00:00;116055.16;116523.36;115992.4;116316.3
2025-07-25 09:00:00;115181.66;116080.01;114979.92;116062.22
2025-07-25 08:00:00;115338.91;116015.99;115033.23;115181.66
2025-07-25 07:00:00;115328.15;115991.73;114750;115335.28
2025-07-25 06:00:00;115558.62;115575.56;115243.95;115328.15
2025-07-25 05:00:00;116125.01;116128.36;115309.25;115558.62
2025-07-25 04:00:00;115400;116181.28;115100;116127.65
2025-07-25 03:00:00;116409.44;116468.77;115366.47;115400
2025-07-25 02:00:00;117399.8;117432.2;116400;116409.44
2025-07-25 01:00:00;117706.02;117844.09;117241.62;117399.8
2025-07-25 00:00:00;118400;118518.2;117678.6;117706.03
2025-07-24 23:00:00;118338.15;118523.35;118234.02;118397.04
2025-07-24 22:00:00;118585.05;118700;118244.2;118338.15
2025-07-24 21:00:00;118768.6;118845.9;118533.19;118585.07
2025-07-24 20:00:00;119030.65;119089.16;118762.39;118768.61
2025-07-24 19:00:00;119120.51;119444;118964.78;119030.64
2025-07-24 18:00:00;119191.03;119495.52;119018.21;119120.52
2025-07-24 17:00:00;118593.13;119403.38;118539.26;119191.04
2025-07-24 16:00:00;119176.32;119281.04;118423.69;118593.14
2025-07-24 15:00:00;119128.91;119557.7;118671.01;119176.25
2025-07-24 14:00:00;118286.62;119200;117870.18;119126.02
2025-07-24 13:00:00;118588.56;118800;118270.69;118286.63
2025-07-24 12:00:00;118646.69;118797.3;118350;118588.56
2025-07-24 11:00:00;118442.25;118792.72;118370.77;118654.8
2025-07-24 10:00:00;118549.19;118703.77;118015.69;118446.16
2025-07-24 09:00:00;118847.52;118884.18;118288.74;118547.28
2025-07-24 08:00:00;118470.51;118863.6;118283.7;118838.97
2025-07-24 07:00:00;117532.06;118539.25;117190;118470.55
2025-07-24 06:00:00;117667.95;117933.98;117454.04;117532.06
2025-07-24 05:00:00;118014.76;118026.36;117562.42;117667.94
2025-07-24 04:00:00;118558.95;118650.61;117892.68;118017.58
2025-07-24 03:00:00;119025.52;119328.38;118529.6;118557.79
2025-07-24 02:00:00;119154.4;119156.01;118849.99;119025.51
2025-07-24 01:00:00;119101.75;119169.65;118824.68;119154.39
2025-07-24 00:00:00;118810.44;119194.89;118632.63;119101.75
2025-07-23 23:00:00;118635.66;118840.16;118468.15;118810.44
2025-07-23 22:00:00;118233.52;118687.28;117985.45;118632.15
2025-07-23 21:00:00;117953.03;118241.49;117398;118236.7
2025-07-23 20:00:00;118458.67;118561.68;117607.8;117952.91
2025-07-23 19:00:00;118444.25;118541.79;118278.02;118458.67
2025-07-23 18:00:00;118203.97;118451.83;118044.86;118444.24
2025-07-23 17:00:00;117770.86;118217.26;117377.78;118198.47
2025-07-23 16:00:00;118648.91;118648.91;117600;117778.08
2025-07-23 15:00:00;118272.89;118787.95;117878.38;118648.92
2025-07-23 14:00:00;117420.01;118272.87;117342.21;118272.86
2025-07-23 13:00:00;118040.28;118277.39;117362.74;117420
2025-07-23 12:00:00;118597.49;118740;117868.95;118040.29
2025-07-23 11:00:00;118431.96;118691.72;118219;118597.48
2025-07-23 10:00:00;118083.41;118459.18;117865.16;118431.96
2025-07-23 09:00:00;118467.19;118518.36;117959.94;118083.41
2025-07-23 08:00:00;118415.1;118616.54;118272.58;118467.19
2025-07-23 07:00:00;118475.01;118661.38;118360;118415.11
2025-07-23 06:00:00;118693.68;118775.25;118413.66;118477.33
2025-07-23 05:00:00;119038.91;119058.73;118663.7;118691.37
2025-07-23 04:00:00;118675.98;119038.92;118624.94;119038.92
2025-07-23 03:00:00;119141.29;119156.22;118573.3;118676
2025-07-23 02:00:00;119560.38;119608.42;119042.77;119141.19
2025-07-23 01:00:00;119623.82;119749.31;119445.77;119560.38
2025-07-23 00:00:00;120034.21;120180.93;119557.15;119623.82
2025-07-22 23:00:00;119908.77;120300;119881.66;120026.42
2025-07-22 22:00:00;119446.69;120091.14;119438.74;119902.9
2025-07-22 21:00:00;119768.22;119841.77;119445.77;119446.69
2025-07-22 20:00:00;119329.1;119962.23;119247.29;119768.22
2025-07-22 19:00:00;119803.82;119994.37;119144.96;119326.44
2025-07-22 18:00:00;119254.6;120288;119121.05;119821.7
2025-07-22 17:00:00;118724.15;119287.53;118437.94;119254.65
2025-07-22 16:00:00;118966.03;119447.44;118656.19;118726.41
2025-07-22 15:00:00;119116.59;119250;118740.32;118966.03
2025-07-22 14:00:00;118193.2;119185.73;116600;119116.6
2025-07-22 13:00:00;119366.69;119677.88;118076.8;118209.74
2025-07-22 12:00:00;119214.8;119490;119108.92;119373.06
2025-07-22 11:00:00;119006.99;119265.55;118833.18;119214.92
2025-07-22 10:00:00;118441.08;119007;118334;119007
2025-07-22 09:00:00;118345.61;118704.48;117912.96;118449.78
2025-07-22 08:00:00;118044.33;118409.15;117533.55;118348.55
2025-07-22 07:00:00;117884.79;118641.86;117808.78;118044.33
2025-07-22 06:00:00;117392;117886.71;117327.95;117884.78
2025-07-22 05:00:00;116603.29;117396.99;116600.5;117385.61
2025-07-22 04:00:00;117262.61;117398.99;116603.28;116603.28
2025-07-22 03:00:00;117072.67;117315.49;116740.01;117262.61
2025-07-22 02:00:00;117846.58;117863.72;117008.73;117072.67
2025-07-22 01:00:00;117170;118050.95;116185;117882.01
2025-07-22 00:00:00;117428.79;117583.08;117058.89;117170.01
2025-07-21 23:00:00;117404.52;117573.37;117133.65;117428.79
2025-07-21 22:00:00;117271.79;117712.37;117160.05;117404.51
2025-07-21 21:00:00;116981.78;117446.94;116915.48;117274.68
2025-07-21 20:00:00;116783.78;117325.01;116656.86;116985.37
2025-07-21 19:00:00;117208.28;117584.76;116681.72;116782.87
2025-07-21 18:00:00;117907.75;118278.98;117133.39;117208.29
2025-07-21 17:00:00;117786.88;118177.45;117389;117903.26
2025-07-21 16:00:00;118384.4;118469.22;117532.5;117794.38
2025-07-21 15:00:00;118885.18;119201.85;118310.17;118383.53
2025-07-21 14:00:00;118912.85;119310.57;118465.76;118888.26
2025-07-21 13:00:00;118210.65;119167.4;117909.88;118912.84
2025-07-21 12:00:00;118104.65;118635.82;117804.8;118210.64
2025-07-21 11:00:00;118617.13;118832.67;118100;118104.65
2025-07-21 10:00:00;118733.93;118850.48;118371.08;118617.14
2025-07-21 09:00:00;119051.53;119147.12;118588;118737.48
2025-07-21 08:00:00;119414.97;119556.74;118874.47;119042.38
2025-07-21 07:00:00;119215.67;119745.93;119201.72;119414.15
2025-07-21 06:00:00;118473.84;119270;118311.52;119214.2
2025-07-21 05:00:00;118395.54;118490;118217.73;118470.03
2025-07-21 04:00:00;118449.31;118695.46;118320.97;118395.66
2025-07-21 03:00:00;118256.67;118672.53;118192.47;118449.2
2025-07-21 02:00:00;117369.34;118275;117367.35;118262.02
2025-07-21 01:00:00;117431.91;117509.48;116831.3;117369.36
2025-07-21 00:00:00;117315.68;117446.99;116565.01;117421.83
2025-07-20 23:00:00;117552.63;117636.35;117010.9;117312.7
2025-07-20 22:00:00;118061.37;118110.45;116525;117545.78
2025-07-20 21:00:00;118130.98;118218.49;117881.41;118061.37
2025-07-20 20:00:00;118206.17;118324.63;117903.23;118130.98
2025-07-20 19:00:00;118406.65;118610.38;118186.49;118201.2
2025-07-20 18:00:00;118067.79;118495.01;118067.79;118407.74
2025-07-20 17:00:00;118617.22;118617.22;118000;118067.8
2025-07-20 16:00:00;118726.73;118921.76;118504.6;118617.22
2025-07-20 15:00:00;118517.8;118824.86;118394.56;118726.73
2025-07-20 14:00:00;118448.85;118850;118328.49;118519.06
2025-07-20 13:00:00;118127.04;118454.35;118118.01;118448.86
2025-07-20 12:00:00;117938.26;118227.33;117772.61;118127.02
2025-07-20 11:00:00;117950.34;118128.47;117856.43;117942.16
2025-07-20 10:00:00;117968.95;118067.55;117921.56;117950.33
2025-07-20 09:00:00;118222.65;118343.55;117953.27;117979.02
2025-07-20 08:00:00;118080.3;118323;118080.29;118222.65
2025-07-20 07:00:00;117883.93;118279.89;117868.92;118080.01
2025-07-20 06:00:00;117908.2;117961.44;117821.17;117891.37
2025-07-20 05:00:00;118019.98;118058.23;117850;117908.2
2025-07-20 04:00:00;118026.92;118199.65;117945.11;118018.05
2025-07-20 03:00:00;118062.56;118230.54;117788.19;118021.09
2025-07-20 02:00:00;118004.07;118089;117832.15;118062.56
2025-07-20 01:00:00;118001.72;118198;117954.95;118004.05
2025-07-20 00:00:00;117914.17;118074.73;117711;118001.01
2025-07-19 23:00:00;117855.47;118000;117800;117914.17
2025-07-19 22:00:00;117763.6;117931.32;117582.26;117855.48
2025-07-19 21:00:00;117774.51;117911.52;117337.59;117763.6
2025-07-19 20:00:00;118081.52;118222;117761.34;117777.45
2025-07-19 19:00:00;117934.44;118218.96;117650.93;118083.66
2025-07-19 18:00:00;117871.61;118100;117806.51;117934.43
2025-07-19 17:00:00;118028.27;118048.26;117790.34;117871.58
2025-07-19 16:00:00;118114.79;118222.49;117900;118038.34
2025-07-19 15:00:00;117746.77;118319.99;117710.57;118114.79
2025-07-19 14:00:00;118268.53;118307.68;117700;117749.56
2025-07-19 13:00:00;118316.93;118395.75;118144;118268.53
2025-07-19 12:00:00;118408.11;118416.33;118165.2;118316.94
2025-07-19 11:00:00;118516.84;118564.59;118241.85;118408.09
2025-07-19 10:00:00;118326.25;118546;118248.79;118516.84
2025-07-19 09:00:00;118177.7;118415.18;118147.28;118326.25
2025-07-19 08:00:00;118264.23;118368.16;118020.38;118177.69
2025-07-19 07:00:00;118265.84;118432.58;118240.78;118264.24
2025-07-19 06:00:00;118301.51;118375.24;118156.13;118265.83
2025-07-19 05:00:00;118235.84;118393.41;118143.74;118301.52
2025-07-19 04:00:00;118431.22;118472.5;118180.16;118235.85
2025-07-19 03:00:00;118292.07;118469.93;118206.61;118431.22
2025-07-19 02:00:00;118141.27;118381.99;118026.37;118292.07
2025-07-19 01:00:00;117819.83;118192.66;117700.02;118141.27
2025-07-19 00:00:00;118023.06;118125.87;117798.25;117819.83
2025-07-18 23:00:00;117782.69;118108.99;117541.2;118023.05
2025-07-18 22:00:00;117746.34;118101.59;117465.29;117782.68
2025-07-18 21:00:00;117474.98;117966;117431.12;117747.67
2025-07-18 20:00:00;117426.36;117632.33;116892.42;117472.23
2025-07-18 19:00:00;117380.82;117966.2;117192.84;117426.36
2025-07-18 18:00:00;117643.98;117783.26;117271.57;117380.83
2025-07-18 17:00:00;117610.36;118055.25;117404.65;117642.09
2025-07-18 16:00:00;117905.28;118116.12;117501.92;117610.36
2025-07-18 15:00:00;118191.97;118337;117507.05;117899.13
2025-07-18 14:00:00;118851.57;119348.84;117331;118191.97
2025-07-18 13:00:00;119509.92;119515.43;118542.64;118861.95
2025-07-18 12:00:00;119231.51;119586.55;119203.9;119509.91
2025-07-18 11:00:00;119315.63;119360.28;118845.1;119231.5
2025-07-18 10:00:00;118950.07;119342.56;118583.63;119315.64
2025-07-18 09:00:00;118697.72;119092.23;118506.18;118950.06
2025-07-18 08:00:00;119432.13;119554.47;118430.67;118697.72
2025-07-18 07:00:00;120344.64;120478.18;119371.18;119446.63
2025-07-18 06:00:00;120680.09;120918.68;120172.44;120344.64
2025-07-18 05:00:00;120501.23;120744.72;120284.47;120680.09
2025-07-18 04:00:00;120315.92;120591.93;119828.99;120501.23
2025-07-18 03:00:00;120199.14;120605.75;120050.07;120320.1
2025-07-18 02:00:00;120450.05;120499.33;119959.65;120194.14
2025-07-18 01:00:00;119860.81;120890.9;119739.59;120450.04
2025-07-18 00:00:00;119273.7;119895.78;119109.11;119860.81
2025-07-17 23:00:00;119842.57;119967.72;119226.08;119273.69
2025-07-17 22:00:00;120328.15;120784.99;119547.71;119845.05
2025-07-17 21:00:00;119511.68;120998.76;119475.45;120325.12
2025-07-17 20:00:00;119032.03;119504.65;118456.74;119504.65
2025-07-17 19:00:00;119643.14;119937.6;118885.76;119032.03
2025-07-17 18:00:00;119309.88;119862;119270.61;119640.26
2025-07-17 17:00:00;118615.13;119384.99;118551.37;119309.87
2025-07-17 16:00:00;118937.61;119020.65;118400;118615.14
2025-07-17 15:00:00;118832.67;119176.92;118378.05;118937.61
2025-07-17 14:00:00;118325.42;118900;118187.64;118838.29
2025-07-17 13:00:00;117894.81;118507.67;117559.43;118331.11
2025-07-17 12:00:00;118016.41;118247.27;117469;117894.8
2025-07-17 11:00:00;118382.43;118460.93;118000;118016.41
2025-07-17 10:00:00;118821.76;118935.9;118258.96;118382.43
2025-07-17 09:00:00;118372.73;119249.7;118283.2;118827.6
2025-07-17 08:00:00;118374.23;118485.84;118141.61;118372.73
2025-07-17 07:00:00;118510.9;118618.91;117901.23;118373.81
2025-07-17 06:00:00;118653.29;118839.73;118400;118510.91
2025-07-17 05:00:00;118560.5;118706.79;118271.94;118651.52
2025-07-17 04:00:00;118174.68;118562.29;118010.23;118560.51
2025-07-17 03:00:00;118379.28;118409.8;117797.88;118177.96
2025-07-17 02:00:00;118174.37;118571.48;118041.29;118379.27
2025-07-17 01:00:00;118946.25;119150;117724.5;118176.09
2025-07-17 00:00:00;118681.67;119234.95;118662.75;118946.24
2025-07-16 23:00:00;118713.13;118907.88;118425.65;118681.68
2025-07-16 22:00:00;119369.89;119573.43;118650.8;118713.13
2025-07-16 21:00:00;119981.08;120134.8;119268;119370
2025-07-16 20:00:00;119306.04;119994.22;118994.41;119978.98
2025-07-16 19:00:00;119584.51;119719.99;118906.76;119304.15
2025-07-16 18:00:00;119140.63;120000;118945.05;119587.9
2025-07-16 17:00:00;119356.11;119814.17;119025.05;119140.64
2025-07-16 16:00:00;119164.15;119400;118503.42;119356.09
2025-07-16 15:00:00;119106.7;119875.52;118383.38;119170.36
2025-07-16 14:00:00;118708.23;119333.19;118240.72;119097.52
2025-07-16 13:00:00;118650.69;118973.7;118195.89;118708.23
2025-07-16 12:00:00;118799.99;119112;118621.51;118650.69
2025-07-16 11:00:00;118773.27;118964.96;118688.62;118800
2025-07-16 10:00:00;119232.74;119320;118766.34;118777.43
2025-07-16 09:00:00;118725.81;119232.77;118713.48;119231.95
2025-07-16 08:00:00;118238.3;118801.72;118140.55;118725.8
2025-07-16 07:00:00;118305;118339.84;118078.97;118238.3
2025-07-16 06:00:00;117889.64;118351.67;117781.65;118305
2025-07-16 05:00:00;117624.67;118035.16;117624.67;117889.64
2025-07-16 04:00:00;117499.41;117729.36;117298;117624.67
2025-07-16 03:00:00;117337.46;117550;117232.32;117499.4
2025-07-16 02:00:00;117740.85;117788.39;117033.23;117337.45
2025-07-16 01:00:00;118135;118222;117599.97;117740.85
2025-07-16 00:00:00;117781.63;118200;117425.57;118135
2025-07-15 23:00:00;117845.4;117989.99;117516.36;117781.64
2025-07-15 22:00:00;117568.43;117880;117249.45;117845.41
2025-07-15 21:00:00;116415.85;117598.38;116323.84;117568.44
2025-07-15 20:00:00;116409.42;116728.58;116194.03;116412.37
2025-07-15 19:00:00;116695.36;117194.56;116276.39;116410.21
2025-07-15 18:00:00;117357.94;117375.61;116000;116696.85
2025-07-15 17:00:00;117168.76;117498.96;117100.39;117355.31
2025-07-15 16:00:00;116318.4;117741.28;116296.3;117168.76
2025-07-15 15:00:00;115982.91;116690.03;115753.74;116318.4
2025-07-15 14:00:00;118068.37;118464.35;115697.37;115976.73
2025-07-15 13:00:00;117179.93;118454.22;117133.38;118068.32
2025-07-15 12:00:00;117103.19;117464.49;116405.5;117179.87
2025-07-15 11:00:00;117014.07;117178.28;116309;117103.18
2025-07-15 10:00:00;116770.12;117200;116695.72;117005.92
2025-07-15 09:00:00;116749.12;117200;116697.05;116772.77
2025-07-15 08:00:00;116762.15;116853.51;116288;116749.1
2025-07-15 07:00:00;117059.32;117258.52;116356.98;116762.15
2025-07-15 06:00:00;117306.37;117306.37;116722.86;117059.32
2025-07-15 05:00:00;117482.36;117761.08;116950.12;117304.62
2025-07-15 04:00:00;117148.03;117510.17;116250;117482.36
2025-07-15 03:00:00;118250.41;118250.41;116830.74;117148.04
2025-07-15 02:00:00;118503.34;118886.12;117795.87;118252.26
2025-07-15 01:00:00;119524.55;119562.23;118358.26;118506.3
2025-07-15 00:00:00;119863.71;119973.3;119165.24;119524.55
2025-07-14 23:00:00;120057.2;120081.22;119781.61;119863.71
2025-07-14 22:00:00;120019.52;120331.36;119923.16;120055.2
2025-07-14 21:00:00;120186.94;120280.79;119850.01;120019.09
2025-07-14 20:00:00;119950.06;120484.31;119500;120186.93
2025-07-14 19:00:00;119627.79;120129.76;119594.41;119945.25
2025-07-14 18:00:00;119900;120199.48;119620.01;119627.79
2025-07-14 17:00:00;120283.97;120544.49;119743.57;119900
2025-07-14 16:00:00;119867.12;120308.76;119172.37;120283.97
2025-07-14 15:00:00;121157.84;121187.06;119600;119867.12
2025-07-14 14:00:00;121725.76;122026.2;120560.01;121157.84
2025-07-14 13:00:00;121926.09;122161.58;121173.09;121726.43
2025-07-14 12:00:00;121455.88;121975.6;121391.24;121937.3
2025-07-14 11:00:00;121915.72;121922;121321.12;121463.61
2025-07-14 10:00:00;122000.01;122183.72;121659.85;121915.75
2025-07-14 09:00:00;122593.08;122612.95;121900;122000
2025-07-14 08:00:00;122757.35;122807.37;122296.91;122603.6
2025-07-14 07:00:00;122150.2;123231.07;122118.01;122751.9
2025-07-14 06:00:00;122493.72;122510.44;122051.18;122156.56
2025-07-14 05:00:00;121418.09;122656.11;121150.97;122507.08
2025-07-14 04:00:00;120781.98;121466;120579.12;121418.09
2025-07-14 03:00:00;119699.7;121400;119631.24;120781.98
2025-07-14 02:00:00;119138.56;120000;119000;119699.73
2025-07-14 01:00:00;119121.01;119288.51;118949.18;119138.56
2025-07-14 00:00:00;119130.81;119500;118974.39;119121.01
2025-07-13 23:00:00;118561.87;119251.67;118429.89;119130.81
2025-07-13 22:00:00;118711.09;118850;118290.28;118561.88
2025-07-13 21:00:00;119123.72;119128.35;118535.55;118711.09
2025-07-13 20:00:00;119003.28;119429.54;118864.48;119123.61
2025-07-13 19:00:00;119032.26;119500;118950;119011.9
2025-07-13 18:00:00;118752.45;119118.77;118626.19;119032.27
2025-07-13 17:00:00;118570.51;118900.99;118420.72;118747.7
2025-07-13 16:00:00;118720.64;119050.51;118536.38;118561.87
2025-07-13 15:00:00;118816.74;119178.91;118575.39;118716.69
2025-07-13 14:00:00;118653.34;119450;118396.5;118814.25
2025-07-13 13:00:00;118477.49;118800;118180.78;118653.36
2025-07-13 12:00:00;118130.41;118668.17;118007.47;118477.48
2025-07-13 11:00:00;117809.34;118154.99;117809.28;118130.41
2025-07-13 10:00:00;117778.51;117894.88;117771.83;117811.55
2025-07-13 09:00:00;117941.69;117961.07;117724.96;117778.51
2025-07-13 08:00:00;118043.06;118058.17;117795.08;117938.57
2025-07-13 07:00:00;117930.01;118110.82;117890.49;118043.07
2025-07-13 06:00:00;117806.28;118032.44;117784.16;117930.01
2025-07-13 05:00:00;117924;117967.02;117739.22;117806.28
2025-07-13 04:00:00;117797.58;117953.02;117723.25;117924.01
2025-07-13 03:00:00;117650.25;117881.39;117631.27;117797.77
2025-07-13 02:00:00;117587.39;117840;117435.22;117650.02
2025-07-13 01:00:00;117353;117697.18;117238.69;117587.38
2025-07-13 00:00:00;117472.65;117521.14;117286.87;117353.01
2025-07-12 23:00:00;117428.73;117523.86;117250.01;117472.65
2025-07-12 22:00:00;117534.22;117612.91;117340.15;117428.74
2025-07-12 21:00:00;117065.29;117624.05;117043.11;117529.33
2025-07-12 20:00:00;117606.55;117608.74;117065.3;117065.3
2025-07-12 19:00:00;117538.86;117696.68;117480.84;117606.56
2025-07-12 18:00:00;117517.49;117572.82;117402.13;117538.87
2025-07-12 17:00:00;117253.99;117629.36;117209.23;117517.49
2025-07-12 16:00:00;117153.9;117446.11;117086.83;117238.78
2025-07-12 15:00:00;117426.97;117517.94;116940.82;117154.27
2025-07-12 14:00:00;117551.4;117791.26;117345.07;117426.98
2025-07-12 13:00:00;117589.01;117632.34;117266.76;117551.39
2025-07-12 12:00:00;117873.88;117933.08;117341.66;117585.58
2025-07-12 11:00:00;118115.86;118159.49;117678.2;117870.35
2025-07-12 10:00:00;118207.01;118224.91;117911.92;118115.86
2025-07-12 09:00:00;117971.06;118244.51;117923.38;118207.02
2025-07-12 08:00:00;117797.05;118026.55;117772.13;117971.06
2025-07-12 07:00:00;117902.73;118130.31;117686.82;117797.06
2025-07-12 06:00:00;117744.27;118060.15;117708.36;117902.73
2025-07-12 05:00:00;117716.29;117781.94;117569.88;117744.28
2025-07-12 04:00:00;117838.72;117951.83;117636.19;117716.29
2025-07-12 03:00:00;117660.28;117910;117645.4;117838.46
2025-07-12 02:00:00;117694.64;117858.09;117616.73;117660.28
2025-07-12 01:00:00;117459.64;117801.97;117449.6;117692.01
2025-07-12 00:00:00;117582.16;117707.49;117151.87;117459.62
2025-07-11 23:00:00;117669.84;117738.15;117480.01;117582.16
2025-07-11 22:00:00;117679.67;117734.66;117187.73;117669.84
2025-07-11 21:00:00;117740.02;117958.06;117526.73;117679.68
2025-07-11 20:00:00;118191.07;118203.39;117734.75;117740.03
2025-07-11 19:00:00;117750.39;118240.47;117479.23;118191.06
2025-07-11 18:00:00;117686.72;117807.79;117338.54;117750.39
2025-07-11 17:00:00;117442.21;117806;116904;117686.72
2025-07-11 16:00:00;116918.54;117493;116632.58;117442.21
2025-07-11 15:00:00;117895.04;117996.62;116739.82;116902.9
2025-07-11 14:00:00;118010.85;118199.99;117405.96;117901
2025-07-11 13:00:00;117898.62;118237.14;117246.21;118010.86
2025-07-11 12:00:00;117839.42;118303.73;117697.89;117898.7
2025-07-11 11:00:00;118029.38;118170.08;117616.5;117839.32
2025-07-11 10:00:00;118514.58;118518.91;117985.25;118029.37
2025-07-11 09:00:00;118028.28;118909.74;117928.68;118514.58
2025-07-11 08:00:00;117601.48;118218.98;117601.48;118028.29
2025-07-11 07:00:00;117685.25;118156.13;117499;117601.25
2025-07-11 06:00:00;117899.73;118442.88;117550.05;117679.58
2025-07-11 05:00:00;116944.22;118438.84;116944.21;117899.73
2025-07-11 04:00:00;116921.91;116961.34;116511.45;116939.66
2025-07-11 03:00:00;116699.01;116982.73;116407.14;116930.12
2025-07-11 02:00:00;115983.16;116827.84;115717.15;116698.11
2025-07-11 01:00:00;115595.24;116099.36;115512.54;115983.16
2025-07-11 00:00:00;116031.29;116103.17;115211.74;115600.47
2025-07-10 23:00:00;116029.8;116121.04;115664.02;116031.3
2025-07-10 22:00:00;116457.27;116499.99;115777.8;116029.8
2025-07-10 21:00:00;113575.58;116842;113475.99;116478.62
2025-07-10 20:00:00;113404.43;113693.13;113361.33;113575.56
2025-07-10 19:00:00;113490.24;113787.44;113190.88;113399.95
2025-07-10 18:00:00;113808.4;113840.77;113027.56;113491.02
2025-07-10 17:00:00;112732.03;113923.99;112651.96;113808.4
2025-07-10 16:00:00;111485.48;112817;111395.16;112737.45
2025-07-10 15:00:00;111318.3;111500;111031.46;111485.5
2025-07-10 14:00:00;110857.44;111390.41;110678.77;111318.3
2025-07-10 13:00:00;110906.56;111096.88;110541.87;110860.99
2025-07-10 12:00:00;111076.74;111076.74;110800;110906.56
2025-07-10 11:00:00;111137.05;111241.56;111021.81;111076.74
2025-07-10 10:00:00;111089.33;111166.5;110909.91;111137.06
2025-07-10 09:00:00;111272.59;111318.8;111057.02;111083.83
2025-07-10 08:00:00;111272.74;111450;111160.02;111272.6
2025-07-10 07:00:00;111280.46;111500;111178.5;111272.74
2025-07-10 06:00:00;111138.87;111370.38;111126;111284.26
2025-07-10 05:00:00;111200.93;111218.84;111000;111138.86
2025-07-10 04:00:00;111114.61;111239.85;111000.01;111200.95
2025-07-10 03:00:00;111269.41;111273.57;111041.6;111114.62
2025-07-10 02:00:00;111244.07;111620.8;111180.03;111269.41
2025-07-10 01:00:00;110950.01;111410.64;110922.25;111244.07
2025-07-10 00:00:00;111282.84;111383.48;110950;110950.01
2025-07-09 23:00:00;111429.89;111593.87;111267.79;111282.85
2025-07-09 22:00:00;110868.32;111474.79;110868.32;111430.26
2025-07-09 21:00:00;110758.64;111343.2;110700.01;110866.09
2025-07-09 20:00:00;111792;111980.31;110592.17;110758.65
2025-07-09 19:00:00;109566.12;112152.91;109523.39;111792
2025-07-09 18:00:00;109176.79;109609;109135.43;109563.77
2025-07-09 17:00:00;109430.92;109493.86;109042.97;109174.02
2025-07-09 16:00:00;109086.78;109509;109041.91;109430.91
2025-07-09 15:00:00;108893.64;109234.82;108817.36;109086.77
2025-07-09 14:00:00;109206.88;109500.98;108500;108901.87
2025-07-09 13:00:00;109352.08;109795.01;109152.39;109203.07
2025-07-09 12:00:00;109085.01;109550;108996.34;109352.08
2025-07-09 11:00:00;108921.91;109147.08;108921.9;109085.02
2025-07-09 10:00:00;108766.07;108927.26;108713.11;108921.91
2025-07-09 09:00:00;108672.14;108798.96;108568;108766.25
2025-07-09 08:00:00;108735.7;108867.33;108669.37;108672.14
2025-07-09 07:00:00;108864.39;108900;108686.96;108738.16
2025-07-09 06:00:00;108787.67;108886.98;108660.18;108864.25
2025-07-09 05:00:00;108570.85;108954.91;108502.88;108787.66
2025-07-09 04:00:00;108378.76;108599.32;108329.87;108570.85
2025-07-09 03:00:00;108643.36;108700;108354.82;108378.76
2025-07-09 02:00:00;108815.72;108880.02;108605.33;108643.37
2025-07-09 01:00:00;108969.2;109179.85;108741.52;108807.55
2025-07-09 00:00:00;108953.58;108998.71;108804.8;108969.21
2025-07-08 23:00:00;108947.42;109040;108839.27;108958.04
2025-07-08 22:00:00;108926.83;109012.31;108830.45;108947.42
2025-07-08 21:00:00;108660.64;109010;108624.63;108924.31
2025-07-08 20:00:00;108783.78;108977.11;108659;108660.64
2025-07-08 19:00:00;109188.36;109200;108737;108781.37
2025-07-08 18:00:00;109003.71;109200;108914.28;109188.36
2025-07-08 17:00:00;108459.16;109114.13;108449.81;109003.72
2025-07-08 16:00:00;108278.82;108570.01;108092.88;108459.17
2025-07-08 15:00:00;108396.63;108560.76;108218.13;108278.82
2025-07-08 14:00:00;109050.46;109118.58;108258.58;108398.44
2025-07-08 13:00:00;108979.26;109255.99;108650.01;109050.46
2025-07-08 12:00:00;108774.02;108979.63;108703.49;108979.63
2025-07-08 11:00:00;108844.55;109031.21;108761.06;108774.04
2025-07-08 10:00:00;108468.18;108948.55;108405.39;108841.41
2025-07-08 09:00:00;108267.19;108500;108229.67;108468.19
2025-07-08 08:00:00;108506.19;108544.85;108267.17;108267.18
2025-07-08 07:00:00;108299.87;108509.62;108224.35;108506.19
2025-07-08 06:00:00;108210.81;108392.12;108130.82;108299.87
2025-07-08 05:00:00;108037.8;108239.81;107983.77;108210.81
2025-07-08 04:00:00;107905.48;108037.8;107750.08;108037.79
2025-07-08 03:00:00;107775.85;108032.79;107683.49;107905.48
2025-07-08 02:00:00;107691.54;107954.53;107438.33;107781.46
2025-07-08 01:00:00;108295.25;108298.92;107666.01;107691.55
2025-07-08 00:00:00;108271.49;108556.13;108187.34;108298.89
2025-07-07 23:00:00;108030.2;108327;108022.79;108269.84
2025-07-07 22:00:00;108191.06;108213;107986.41;108024.72
2025-07-07 21:00:00;107895.21;108243.6;107800.87;108191.07
2025-07-07 20:00:00;108053.62;108177.02;107863.43;107890.46
2025-07-07 19:00:00;108026.73;108330.5;108003.89;108058.12
2025-07-07 18:00:00;107950.98;108127;107507;108030.97
2025-07-07 17:00:00;107980.23;108371.23;107790.25;107950.98
2025-07-07 16:00:00;108309.93;108529.26;107906.01;107980.23
2025-07-07 15:00:00;108238.39;108662.52;108216.4;108309.93
2025-07-07 14:00:00;108534.88;108675.81;107961.97;108235.51
2025-07-07 13:00:00;108357.34;108577.67;108001.2;108534.89
2025-07-07 12:00:00;108654.17;108664.92;108317.56;108356.14
2025-07-07 11:00:00;108695.04;108827.4;108585;108656.34
2025-07-07 10:00:00;108872.7;108937.45;108681.47;108695.04
2025-07-07 09:00:00;109029.86;109029.87;108771.41;108872.7
2025-07-07 08:00:00;109086.78;109111.77;108865.26;109029.86
2025-07-07 07:00:00;108791.67;109087.74;108657.35;109087.74
2025-07-07 06:00:00;109103.4;109195.19;108772.89;108791.67
2025-07-07 05:00:00;109136.43;109228.27;109036.53;109103.39
2025-07-07 04:00:00;109426.67;109481.11;109131.76;109136.43
2025-07-07 03:00:00;109405.59;109741.64;109400;109426.67
2025-07-07 02:00:00;109043.23;109549.65;109043.23;109405.59
2025-07-07 01:00:00;108842.35;109131.22;108683.4;109045.31
2025-07-07 00:00:00;109217.98;109322.4;108798.42;108842.35
2025-07-06 23:00:00;109260.07;109301.58;109004;109217.98
2025-07-06 22:00:00;109240.51;109586.99;109221.87;109261.16
2025-07-06 21:00:00;108695.55;109736.64;108682.08;109240.52
2025-07-06 20:00:00;108571.83;108888.95;108562.16;108695.55
2025-07-06 19:00:00;108497.22;108657.48;108324.13;108570.58
2025-07-06 18:00:00;108935.01;108955.11;108307.87;108497.22
2025-07-06 17:00:00;108879.14;108993.38;108741.32;108935.01
2025-07-06 16:00:00;108944.59;108988;108728.75;108879.14
2025-07-06 15:00:00;108961.48;109012.31;108688.41;108944.6
2025-07-06 14:00:00;108804.99;109071.22;108634.15;108961.48
2025-07-06 13:00:00;108277.41;109153.97;108224.96;108804.99
2025-07-06 12:00:00;108110.69;108294.1;108086;108277.42
2025-07-06 11:00:00;108024.24;108132.71;107991.07;108110.69
2025-07-06 10:00:00;107887.43;108157.31;107837.7;108024.23
2025-07-06 09:00:00;108044.87;108108.69;107850.01;107887.44
2025-07-06 08:00:00;108081.97;108113.72;108006.66;108044.88
2025-07-06 07:00:00;108171.07;108234.81;108081.97;108081.97
2025-07-06 06:00:00;108038.24;108263.96;108001.68;108171.07
2025-07-06 05:00:00;108021.94;108062.18;108003.84;108038.24
2025-07-06 04:00:00;108086.43;108144.73;107979.45;108021.93
2025-07-06 03:00:00;108092;108150.12;108044;108086.43
2025-07-06 02:00:00;108248.81;108302.49;108083.23;108091.99
2025-07-06 01:00:00;108251.71;108251.71;108115.34;108248.81
2025-07-06 00:00:00;108246.66;108288.34;108135.58;108251.71
2025-07-05 23:00:00;108220.17;108285.12;108207.13;108246.65
2025-07-05 22:00:00;108120.27;108245.82;108091.29;108220.17
2025-07-05 21:00:00;108135.04;108207.37;108093.13;108120.26
2025-07-05 20:00:00;108180.64;108206.7;108027;108135.04
2025-07-05 19:00:00;108040.28;108222.46;107990;108180.64
2025-07-05 18:00:00;108130.79;108143.66;108001.84;108040.28
2025-07-05 17:00:00;108137.73;108203.76;107964.91;108130.8
2025-07-05 16:00:00;108103.3;108152.06;107900;108143.85
2025-07-05 15:00:00;108238.05;108243.24;108082.14;108103.3
2025-07-05 14:00:00;108166.01;108270.64;108135.01;108238.06
2025-07-05 13:00:00;108199.18;108273.33;108135.02;108166.01
2025-07-05 12:00:00;108152.24;108207.75;108001.41;108199.18
2025-07-05 11:00:00;108132.19;108271.98;108131.29;108152.24
2025-07-05 10:00:00;108123.87;108251.99;108090.09;108132.2
2025-07-05 09:00:00;108055.59;108181.44;107914.58;108123.86
2025-07-05 08:00:00;108110.17;108173.7;107967.22;108055.59
2025-07-05 07:00:00;108318.14;108330.06;108041.76;108110.18
2025-07-05 06:00:00;108168.62;108341.28;108106.31;108319.38
2025-07-05 05:00:00;108178.64;108219.25;108052.26;108168.62
2025-07-05 04:00:00;108187.38;108454.19;108063.75;108178.64
2025-07-05 03:00:00;108110.41;108316.5;108110.4;108187.38
2025-07-05 02:00:00;108029.72;108137.96;107783.1;108110.4
2025-07-05 01:00:00;108226.71;108226.71;107932.5;108029.72
2025-07-05 00:00:00;108028.6;108277.77;107978.4;108226.71
2025-07-04 23:00:00;108288.21;108300.3;107989.2;108028.6
2025-07-04 22:00:00;107949.5;108314.05;107910.21;108287.72
2025-07-04 21:00:00;107718.79;107973.01;107715.11;107949.48
2025-07-04 20:00:00;107490.69;107831.61;107459.77;107718.32
2025-07-04 19:00:00;107515.01;107667.03;107268.84;107493.54
2025-07-04 18:00:00;107920.67;107932.54;107510.77;107515.02
2025-07-04 17:00:00;107669.94;108004.99;107648.94;107920.68
2025-07-04 16:00:00;107606;107786.54;107378.1;107663.92
2025-07-04 15:00:00;107862.14;107999.94;107600.02;107606.44
2025-07-04 14:00:00;108014.1;108167.64;107534.11;107863.84
2025-07-04 13:00:00;108770.92;108893.99;108000;108014.1
2025-07-04 12:00:00;108936.72;109018.6;108640.86;108770.92
2025-07-04 11:00:00;108944.63;109158.94;108890.9;108936.73
2025-07-04 10:00:00;109043.11;109113.21;108897.94;108944.63
2025-07-04 09:00:00;108807.06;109114.49;108805.44;109038.59
2025-07-04 08:00:00;108750;108943.36;108500;108807.06
2025-07-04 07:00:00;109067.74;109190.5;108750;108750
2025-07-04 06:00:00;109054.37;109080.32;108838.51;109067.75
2025-07-04 05:00:00;109025.75;109250.02;108943.73;109054.37
2025-07-04 04:00:00;109284.23;109386.14;109000.01;109025.75
2025-07-04 03:00:00;109230.03;109437.36;109166;109284.22
2025-07-04 02:00:00;109539.51;109555.41;109142.99;109230.04
2025-07-04 01:00:00;109508.65;109812.94;109480.35;109539.51
2025-07-04 00:00:00;109628.83;109741.92;109413.35;109508.65
2025-07-03 23:00:00;109741.46;109868.56;109572.16;109628.83
2025-07-03 22:00:00;109824.33;109918.04;109682.66;109741.47
2025-07-03 21:00:00;109988.77;110040;109722.36;109824.32
2025-07-03 20:00:00;109834.12;109993.75;109799.99;109988.77
2025-07-03 19:00:00;109730.73;109961.19;109654.15;109834.12
2025-07-03 18:00:00;109597.26;109769.54;109373.63;109730.74
2025-07-03 17:00:00;109326.7;109722.99;109294.3;109597.26
2025-07-03 16:00:00;109162.22;109754.03;109050;109316.08
2025-07-03 15:00:00;109782.29;109902.95;109117.87;109162.22
2025-07-03 14:00:00;110329.77;110577.17;109598.55;109782.29
2025-07-03 13:00:00;109207.08;110590;109164.51;110329.76
2025-07-03 12:00:00;109625.99;109978.65;108769.08;109207.08
2025-07-03 11:00:00;109879.97;109880.61;109601.22;109625.99
2025-07-03 10:00:00;109989.56;110046.7;109665;109879.98
2025-07-03 09:00:00;109423.31;110300;109415.71;109989.57
2025-07-03 08:00:00;109322.31;109625;109322.31;109423.3
2025-07-03 07:00:00;109499.62;109499.62;109180.9;109322.3
2025-07-03 06:00:00;109395.24;109600;109022.19;109499.63
2025-07-03 05:00:00;108840;109412.6;108835.97;109395.24
2025-07-03 04:00:00;108688.4;109046.03;108615.05;108835
2025-07-03 03:00:00;108758.47;108854.4;108656.93;108688.4
2025-07-03 02:00:00;109025.02;109025.42;108574.31;108758.47
2025-07-03 01:00:00;108978.22;109162.58;108855.24;109025.03
2025-07-03 00:00:00;108887.03;109152.1;108757.48;108978.22
2025-07-02 23:00:00;109194.86;109226.53;108772.8;108888.32
2025-07-02 22:00:00;109489.48;109555.89;109134.98;109194.85
2025-07-02 21:00:00;109199.73;109580.35;109184.73;109489.47
2025-07-02 20:00:00;109755.27;109771.57;109189.3;109199.72
2025-07-02 19:00:00;109617.53;109779.66;109344.96;109755.27
2025-07-02 18:00:00;109213.03;109621.93;109080.3;109617.3
2025-07-02 17:00:00;109499.38;109823.08;108914.3;109217.43
2025-07-02 16:00:00;108797.47;109726.99;108707.09;109499.25
2025-07-02 15:00:00;108209.45;108800;108188.55;108800
2025-07-02 14:00:00;107819.57;108240.91;107705.73;108209.44
2025-07-02 13:00:00;107406.42;108054;107300;107819.12
2025-07-02 12:00:00;107512.04;107524.47;107211.14;107406.41
2025-07-02 11:00:00;107880.01;107881.36;107372.17;107512.04
2025-07-02 10:00:00;107690.25;107902.41;107654.94;107880.01
2025-07-02 09:00:00;107777.69;107837.96;107556.71;107690.26
2025-07-02 08:00:00;107132.17;107790.47;107116.9;107777.69
2025-07-02 07:00:00;107059.23;107235;106868.82;107126.85
2025-07-02 06:00:00;106662.29;107061;106653.57;107059.22
2025-07-02 05:00:00;106409.16;106703.99;106317.57;106662.29
2025-07-02 04:00:00;106229.66;106409.16;106151.43;106409.15
2025-07-02 03:00:00;105925.29;106240.1;105887.84;106229.67
2025-07-02 02:00:00;105742.06;105939.4;105542.72;105925.28
2025-07-02 01:00:00;105404.4;105822.3;105119.7;105742.06
2025-07-02 00:00:00;105711.77;105803.53;105392.84;105404.39
2025-07-01 23:00:00;105641.32;105732.82;105376.81;105711.78
2025-07-01 22:00:00;105806.95;105937.7;105614.51;105641.33
2025-07-01 21:00:00;105938.81;106127.32;105750.55;105806.94
2025-07-01 20:00:00;105403.27;106020.06;105262;105938.82
2025-07-01 19:00:00;105759.98;105824.48;105361.49;105403.99
2025-07-01 18:00:00;106281.8;106299.97;105683;105759.99
2025-07-01 17:00:00;106117.25;106334.96;105923;106281.8
2025-07-01 16:00:00;105986.38;106314.15;105839.73;106117.24
2025-07-01 15:00:00;105950.69;106245.88;105635.14;105986.38
2025-07-01 14:00:00;106856.53;107246.53;105750;105950.7
2025-07-01 13:00:00;106462.43;106946.01;106290.11;106856.85
2025-07-01 12:00:00;106639.94;106750.01;106397.34;106462.43
2025-07-01 11:00:00;106512.12;106653;106338.08;106639.08
2025-07-01 10:00:00;106575.43;106658.96;106310.18;106512.12
2025-07-01 09:00:00;106747.48;106829.36;106518.64;106575.41
2025-07-01 08:00:00;107212.89;107212.89;106703.69;106747.49
2025-07-01 07:00:00;106938.02;107212.89;106659.96;107212.88
2025-07-01 06:00:00;106968.66;106968.66;106769.44;106938.02
2025-07-01 05:00:00;106919.3;106998.75;106766.27;106968.66
2025-07-01 04:00:00;107221.44;107248.24;106896;106919.27
2025-07-01 03:00:00;107128.11;107253.6;107090.87;107221.44
2025-07-01 02:00:00;107253.61;107447.86;107116.93;107126.83
2025-07-01 01:00:00;107406.28;107579.3;107200.36;107253.51
2025-07-01 00:00:00;107173.21;107484.53;107062;107406.29
2025-06-30 23:00:00;107132.53;107271.24;107073.93;107173.21
2025-06-30 22:00:00;107150.13;107353.57;107052.6;107132.53
2025-06-30 21:00:00;107605.28;107629.61;106944.55;107150.03
2025-06-30 20:00:00;107751.68;107787.05;107486.85;107605.18
2025-06-30 19:00:00;107265.57;107819.52;107214.37;107751.68
2025-06-30 18:00:00;107504.99;107660.94;107136.08;107266.75
2025-06-30 17:00:00;107643.66;107839.99;107467.72;107505.1
2025-06-30 16:00:00;107607.31;107850;107304.45;107643.66
2025-06-30 15:00:00;106835.96;107822.77;106724.76;107607.32
2025-06-30 14:00:00;107539.1;107661.48;106771.55;106835.96
2025-06-30 13:00:00;107604.26;107891.91;107490.01;107539.09
2025-06-30 12:00:00;107688.39;107854.88;107560;107602.76
2025-06-30 11:00:00;107662.63;107996.59;107647.7;107688.4
2025-06-30 10:00:00;107498.18;107698.91;107410.06;107672.57
2025-06-30 09:00:00;107539.87;107729.23;107488.32;107498.18
2025-06-30 08:00:00;107642.78;107775.56;107487;107539.88
2025-06-30 07:00:00;107600;107781.08;107503.44;107648.06
2025-06-30 06:00:00;108312.39;108336.93;107533.53;107600.02
2025-06-30 05:00:00;108361.24;108428;108177.13;108312.37
2025-06-30 04:00:00;108553.6;108587.6;108343.98;108361.24
2025-06-30 03:00:00;108538.76;108631.36;108468.63;108553.6
2025-06-30 02:00:00;108540.21;108698.48;108481.52;108534.72
2025-06-30 01:00:00;108756.54;108800;108395.64;108540.2
2025-06-30 00:00:00;108386.44;108800;108282.11;108756.55
2025-06-29 23:00:00;108122.52;108485.43;108041.27;108386.44
2025-06-29 22:00:00;107588.6;108300;107588.6;108122.51
2025-06-29 21:00:00;107400.38;107753.12;107290.01;107588.59
2025-06-29 20:00:00;107431.35;107517.86;107400;107400.38
2025-06-29 19:00:00;107674.08;107674.09;107398.88;107431.35
2025-06-29 18:00:00;107580.39;107762.29;107477.25;107674.09
2025-06-29 17:00:00;107589.24;107637.63;107350;107580.4
2025-06-29 16:00:00;107775.36;107822.26;107350;107589.25
2025-06-29 15:00:00;107979.59;108062.09;107676.42;107775.37
2025-06-29 14:00:00;108102.87;108253.87;107801.28;107979.6
2025-06-29 13:00:00;108232.28;108267.42;108053;108102.96
2025-06-29 12:00:00;108517.46;108550;108073.89;108232.29
2025-06-29 11:00:00;108191.53;108518.57;108123.44;108517.46
2025-06-29 10:00:00;107935.42;108326.9;107895.7;108191.54
2025-06-29 09:00:00;107736.45;108000;107666.01;107935.42
2025-06-29 08:00:00;107462.64;107770.5;107447.85;107736.44
2025-06-29 07:00:00;107425.16;107455.92;107377.51;107455.92
2025-06-29 06:00:00;107357.38;107453.68;107357.37;107425.16
2025-06-29 05:00:00;107321.68;107373.82;107266.26;107357.38
2025-06-29 04:00:00;107272.5;107321.68;107272.5;107321.68
2025-06-29 03:00:00;107351.25;107351.25;107250;107272.5
2025-06-29 02:00:00;107371.98;107409.05;107230;107351.25
2025-06-29 01:00:00;107513.29;107524.98;107356.23;107371.98
2025-06-29 00:00:00;107352.2;107558;107310;107513.29
2025-06-28 23:00:00;107411.5;107411.5;107338.27;107352.2
2025-06-28 22:00:00;107392.02;107432.55;107311.68;107411.5
2025-06-28 21:00:00;107221.45;107416.18;107221.44;107392.02
2025-06-28 20:00:00;107280.6;107283.94;107198.06;107221.45
2025-06-28 19:00:00;107388;107403.56;107282.35;107282.35
2025-06-28 18:00:00;107515.06;107515.06;107305.88;107388.01
2025-06-28 17:00:00;107354.76;107599.81;107335.85;107515.05
2025-06-28 16:00:00;107506.74;107578.35;107302.01;107355.98
2025-06-28 15:00:00;107262.75;107596.13;107259.83;107506.75
2025-06-28 14:00:00;107170;107320;107170;107262.75
2025-06-28 13:00:00;107394.66;107421.21;107149.08;107170.01
2025-06-28 12:00:00;107430.78;107434.5;107340.9;107394.66
2025-06-28 11:00:00;107330.65;107434.49;107330.65;107430.78
2025-06-28 10:00:00;107368.78;107439.85;107312.35;107330.65
2025-06-28 09:00:00;107439.89;107439.9;107330.65;107368.78
2025-06-28 08:00:00;107540.36;107567.86;107407.56;107439.9
2025-06-28 07:00:00;107477.08;107562.01;107462.22;107540.37
2025-06-28 06:00:00;107355.61;107500;107355.61;107477.07
2025-06-28 05:00:00;107248.07;107370.89;107246.84;107355.61
2025-06-28 04:00:00;107347.25;107379.05;107236.29;107248.06
2025-06-28 03:00:00;107164.88;107400;107141.3;107347.24
2025-06-28 02:00:00;107129.44;107255.53;107062.31;107164.89
2025-06-28 01:00:00;107113.55;107190.85;106868.94;107129.44
2025-06-28 00:00:00;107119.17;107233.47;106906.61;107113.55
2025-06-27 23:00:00;107165.13;107247.51;107015.49;107113.38
2025-06-27 22:00:00;107105.7;107273.92;107102.16;107165.14
2025-06-27 21:00:00;107183;107330.65;107082.33;107105.71
2025-06-27 20:00:00;106849.52;107210.66;106830.42;107183
2025-06-27 19:00:00;106765.78;107081.13;106642.88;106851.43
2025-06-27 18:00:00;106914.62;107051.97;106495.82;106771.06
2025-06-27 17:00:00;107530.35;107557.9;106500;106914.62
2025-06-27 16:00:00;107385.37;107800;107151.13;107530.36
2025-06-27 15:00:00;106630.59;107488.91;106536.01;107385.92
2025-06-27 14:00:00;106867.43;107169.05;106427.36;106630.6
2025-06-27 13:00:00;106717.38;107044.94;106413.79;106867.42
2025-06-27 12:00:00;107024.46;107238.96;106644.81;106721.57
2025-06-27 11:00:00;107037.95;107187.89;106924.72;107024.46
2025-06-27 10:00:00;107139.96;107213.4;107003.79;107037.95
2025-06-27 09:00:00;107053.45;107187.32;106837.89;107139.96
2025-06-27 08:00:00;106962.09;107155.14;106736.84;107053.45
2025-06-27 07:00:00;107331.48;107804.2;106924.87;106962.68
2025-06-27 06:00:00;107322.61;107449;107258.2;107331.48
2025-06-27 05:00:00;107567.88;107618.24;107322.6;107322.6
2025-06-27 04:00:00;107538.5;107643.37;107418.11;107563.8
2025-06-27 03:00:00;107304.04;107584.24;107217.95;107538.51
2025-06-27 02:00:00;107175.35;107347.46;107100.01;107304.04
2025-06-27 01:00:00;106743.79;107277.71;106465.81;107175.34
2025-06-27 00:00:00;107029.63;107245.56;106707;106743.79
2025-06-26 23:00:00;107041.56;107134.01;106923.04;107029.64
2025-06-26 22:00:00;107073.31;107297.59;107000;107041.56
2025-06-26 21:00:00;107829.87;107851.84;106838.41;107073.3
2025-06-26 20:00:00;107584.75;108058.94;107501.47;107829.87
2025-06-26 19:00:00;107433.01;107723.31;107355.58;107584.79
2025-06-26 18:00:00;107249.96;107654.74;107179.42;107433
2025-06-26 17:00:00;107258.08;107489.83;107186.82;107245.29
2025-06-26 16:00:00;107366.24;107468.09;107051.8;107256.16
2025-06-26 15:00:00;107496.91;107587.7;106605.88;107366.24
2025-06-26 14:00:00;106989.85;107823.59;106914.01;107494.52
2025-06-26 13:00:00;107161.81;107401.37;106850;106989.35
2025-06-26 12:00:00;107375.52;107481.33;107088;107161.82
2025-06-26 11:00:00;107439.58;107467.5;107163.03;107374.17
2025-06-26 10:00:00;107385.02;107527.35;107295.01;107439.57
2025-06-26 09:00:00;107818.89;107855.88;107340;107385.02
2025-06-26 08:00:00;107888.4;108238.78;107766.19;107818.87
2025-06-26 07:00:00;107811.44;108160.38;107804.57;107890.24
2025-06-26 06:00:00;107690.02;107889;107607.47;107811.44
2025-06-26 05:00:00;107901.25;107901.25;107576.75;107690.02
2025-06-26 04:00:00;107934.28;108026.37;107753.03;107901.26
2025-06-26 03:00:00;107990.89;108345;107845.27;107928.17
2025-06-26 02:00:00;107696.21;108113.72;107629.49;107990.89
2025-06-26 01:00:00;107389.61;107948.53;107166.22;107696.21
2025-06-26 00:00:00;107400.22;107682.38;107313.44;107389.59
2025-06-25 23:00:00;107346.73;107454.75;107151.06;107400.22
2025-06-25 22:00:00;107629.79;107641.22;107276.44;107346.74
2025-06-25 21:00:00;107844.23;108091.8;107510.01;107629.79
2025-06-25 20:00:00;107834.02;107943.88;107550.92;107846.37
2025-06-25 19:00:00;107490.82;107993.02;107457.97;107836
2025-06-25 18:00:00;107465.33;107621.78;107240.03;107492
2025-06-25 17:00:00;107213.4;107611.36;106983.26;107465.34
2025-06-25 16:00:00;107101.15;107593.16;107040.04;107213.41
2025-06-25 15:00:00;107703;107721.03;106818.83;107101.15
2025-06-25 14:00:00;107989.97;108206;107290.35;107703
2025-06-25 13:00:00;107291.51;108184.86;107206.06;107995.47
2025-06-25 12:00:00;107252.05;107343.35;106976.5;107291.51
2025-06-25 11:00:00;107190.29;107286.5;106929.25;107252.04
2025-06-25 10:00:00;106706.83;107245.83;106615.79;107190.29
2025-06-25 09:00:00;106696;107035.04;106515.38;106706.82
2025-06-25 08:00:00;106657.77;106735.9;106390.27;106688
2025-06-25 07:00:00;106460.71;106771.22;106373.42;106657.35
2025-06-25 06:00:00;106273.62;106522.74;106186.91;106460.71
2025-06-25 05:00:00;106256.06;106464.1;106090.88;106270.77
2025-06-25 04:00:00;106301.44;106396.45;106055.7;106256.06
2025-06-25 03:00:00;106537.55;106672;106282.51;106301.44
2025-06-25 02:00:00;106446.56;106865.31;106356.01;106537.56
2025-06-25 01:00:00;106451.88;106672.06;106074.24;106447.15
2025-06-25 00:00:00;106141.01;106528.51;105875;106451.89
2025-06-24 23:00:00;106073.9;106157.7;105820.01;106141
2025-06-24 22:00:00;106033.75;106097.12;105784.63;106074
2025-06-24 21:00:00;106142.37;106168.96;105779.8;106032
2025-06-24 20:00:00;105704.5;106178.39;105500;106145.65
2025-06-24 19:00:00;105587.41;105744.01;105330;105710.77
2025-06-24 18:00:00;106123.57;106170.47;105583.97;105584.69
2025-06-24 17:00:00;106289.26;106366.29;105675.66;106123.58
2025-06-24 16:00:00;105300.01;106343.47;105234.99;106284.58
2025-06-24 15:00:00;105588.52;105812.65;105201.01;105300
2025-06-24 14:00:00;105134.95;105737.96;104985.71;105588.51
2025-06-24 13:00:00;105262.41;105452;104851.26;105134.95
2025-06-24 12:00:00;105240.53;105375.48;105018.9;105262.41
2025-06-24 11:00:00;105340.16;105493.52;105064.02;105240.53
2025-06-24 10:00:00;105273.31;105432.6;105137.98;105339.02
2025-06-24 09:00:00;105079.95;105650.79;105035.01;105273.31
2025-06-24 08:00:00;104994.68;105247.35;104681.83;105079.95
2025-06-24 07:00:00;105738.62;105859.84;104949.01;104997.25
2025-06-24 06:00:00;105477.4;105916.27;105312.11;105738.63
2025-06-24 05:00:00;104898.61;105503.38;104898.61;105477.4
2025-06-24 04:00:00;104993.13;105041.34;104773.8;104898.61
2025-06-24 03:00:00;104841.97;105208.29;104772.91;104996.12
2025-06-24 02:00:00;105521.23;105521.23;104797.52;104841.98
2025-06-24 01:00:00;105206.89;105575.59;105038.74;105526.17
2025-06-24 00:00:00;105418.4;105586.21;104972.5;105207.66
2025-06-23 23:00:00;105629.69;105770.66;105186.92;105419.39
2025-06-23 22:00:00;103763.02;106135.47;103763;105631.9
2025-06-23 21:00:00;103801.44;104293.28;103703.36;103762.97
2025-06-23 20:00:00;103245.73;103994.99;102943.24;103801.43
2025-06-23 19:00:00;103010.25;103420;102731.69;103243.85
2025-06-23 18:00:00;102553.58;103377.99;102450.54;103004.67
2025-06-23 17:00:00;100743.41;102764.45;100528.82;102553.58
2025-06-23 16:00:00;101479.84;101509.81;99677.07;100743.4
2025-06-23 15:00:00;101679.48;102109.52;101351.27;101479.84
2025-06-23 14:00:00;102407.01;102662.55;101548;101679.47
2025-06-23 13:00:00;101714.14;102521.28;100835.89;102398.63
2025-06-23 12:00:00;101328.54;101727.27;101144.35;101717.62
2025-06-23 11:00:00;101499.88;101611.96;101140.81;101328.51
2025-06-23 10:00:00;101594.97;101624.76;101235.46;101499.77
2025-06-23 09:00:00;101903.31;101917.33;101420.43;101594.96
2025-06-23 08:00:00;101976.06;102118.65;101781.89;101903.31
2025-06-23 07:00:00;101982.51;102177.39;101786.47;101976.06
2025-06-23 06:00:00;101805.41;102111.2;101674.93;101977.08
2025-06-23 05:00:00;101220.21;101885.91;101220.2;101804.66
2025-06-23 04:00:00;101199.99;101363.67;101020.2;101215.05
2025-06-23 03:00:00;101326.53;101407.85;101111.58;101200
2025-06-23 02:00:00;101142.61;101431.81;100958.03;101326.54
2025-06-23 01:00:00;100959.18;101155.12;100588.66;101150.06
2025-06-23 00:00:00;100996.87;101682.99;100522.05;100959.18
2025-06-22 23:00:00;101016.54;101086.49;100684.93;100996.87
2025-06-22 22:00:00;99212.39;101016.54;99153.84;101016.54
2025-06-22 21:00:00;99570.29;99698.6;99039.29;99214.23
2025-06-22 20:00:00;98914.75;99791.35;98225.01;99566.57
2025-06-22 19:00:00;99463.75;99492.3;98825.46;98914.74
2025-06-22 18:00:00;99521.3;99823.5;99379;99463.75
2025-06-22 17:00:00;99700.98;100400.74;99450;99521.3
2025-06-22 16:00:00;98948.54;99725;98700.01;99698.88
2025-06-22 15:00:00;99660.81;99847.38;98948.54;98950.3
2025-06-22 14:00:00;100879.85;101270.22;99100.01;99660.81
2025-06-22 13:00:00;102779.21;102840;100312.1;100883.33
2025-06-22 12:00:00;102765.4;102859.11;102591.09;102779.22
2025-06-22 11:00:00;102525.15;102800.32;102457.65;102765.41
2025-06-22 10:00:00;102232.82;102573.96;102179.75;102525.15
2025-06-22 09:00:00;102741.4;102840;102111.8;102232.26
2025-06-22 08:00:00;102465.65;102743.94;102338.03;102741.71
2025-06-22 07:00:00;102782.98;102805.14;102300.01;102468.55
2025-06-22 06:00:00;102887.35;102990.17;102728.23;102782.97
2025-06-22 05:00:00;102582.1;102966.95;102582.1;102890.06
2025-06-22 04:00:00;102416.01;102825.36;102289.93;102582.11
2025-06-22 03:00:00;102381.13;102653.01;102161.34;102416.01
2025-06-22 02:00:00;102429.26;102935.07;101916.42;102381.14
2025-06-22 01:00:00;102898.38;103052.57;102261.29;102433.19
2025-06-22 00:00:00;102160.36;103417;101870.48;102908.7
2025-06-21 23:00:00;101810.08;102335.29;100919.19;102160.03
2025-06-21 22:00:00;101479.07;102034.33;101447.53;101810.83
2025-06-21 21:00:00;102794.98;102856.23;101126;101479.07
2025-06-21 20:00:00;102267.48;102913.52;102219.1;102795.05
2025-06-21 19:00:00;102684.19;102786.48;102217.08;102272.72
2025-06-21 18:00:00;103209.11;103461.51;102625;102684.2
2025-06-21 17:00:00;103512.11;103632.93;103172.32;103209.11
2025-06-21 16:00:00;103587.05;103686.64;103462.51;103512.74
2025-06-21 15:00:00;103584.37;103717.61;103307.32;103587.05
2025-06-21 14:00:00;103595.87;103799.99;103411.37;103584.37
2025-06-21 13:00:00;103826.05;103900.27;103562.7;103595.86
2025-06-21 12:00:00;103897.18;103968.39;103767.24;103826.04
2025-06-21 11:00:00;103861.26;103950.95;103750.01;103897.18
2025-06-21 10:00:00;103866.35;104013.64;103790.65;103861.26
2025-06-21 09:00:00;103836.14;103978.93;103678.92;103870.29
2025-06-21 08:00:00;103475.27;103850.65;103475.27;103836.14
2025-06-21 07:00:00;103603.88;103609.71;103394.24;103475.28
2025-06-21 06:00:00;103456.22;103637.07;103345.47;103603.89
2025-06-21 05:00:00;103414.87;103523.24;103370.98;103451.68
2025-06-21 04:00:00;103514.96;103556.56;103354;103414.89
2025-06-21 03:00:00;103528.67;103722.23;103512.47;103515.31
2025-06-21 02:00:00;103550.77;103569.77;103394.16;103528.67
2025-06-21 01:00:00;103280.04;103550.78;103163.95;103546.9
2025-06-21 00:00:00;103317.79;103366.66;103133.91;103280.05
2025-06-20 23:00:00;103127.22;103359.99;102980;103317.8
2025-06-20 22:00:00;103547.81;103553.92;102994.52;103127.23
2025-06-20 21:00:00;103721.36;103756.62;103363.16;103540.59
2025-06-20 20:00:00;103326.33;103843.48;103304.47;103721.31
2025-06-20 19:00:00;103196.06;103524.99;103003.24;103326.33
2025-06-20 18:00:00;103283.32;103455.28;103050;103197.42
2025-06-20 17:00:00;103682.18;103785.18;102357.25;103283.32
2025-06-20 16:00:00;104244.15;104289.97;103631.71;103692.21
2025-06-20 15:00:00;103929.88;104650.13;103890.21;104244.14
2025-06-20 14:00:00;105682.03;105822.82;103864.03;103928.42
2025-06-20 13:00:00;106001.43;106167.9;105388.89;105686
2025-06-20 12:00:00;106001.71;106130.99;105879.9;105994.06
2025-06-20 11:00:00;105978.81;106100;105820.47;106001.7
2025-06-20 10:00:00;105957.65;106200;105842.74;105978.82
2025-06-20 09:00:00;105980.37;106106.08;105770.75;105961.74
2025-06-20 08:00:00;105837.99;106553.86;105810.13;105980.34
2025-06-20 07:00:00;104743.49;105848.76;104656.2;105837.99
2025-06-20 06:00:00;104617.65;104789.52;104617.65;104743.49
2025-06-20 05:00:00;104275.83;104617.9;104271.15;104617.65
2025-06-20 04:00:00;104618.05;104638.27;104250;104275.83
2025-06-20 03:00:00;104654.76;104728.48;104516.44;104618.04
2025-06-20 02:00:00;104807.97;104830;104516.13;104654.78
2025-06-20 01:00:00;104720.22;104822.01;104406.53;104807.97
2025-06-20 00:00:00;104671.4;104857.11;104583.95;104715.34
2025-06-19 23:00:00;104617.7;104919.39;104480.78;104671.9
2025-06-19 22:00:00;104351.01;104800;104351.01;104620.34
2025-06-19 21:00:00;104294.27;104449.27;104236.47;104349.62
2025-06-19 20:00:00;104275.19;104538.61;104161.98;104300.81
2025-06-19 19:00:00;104410;104499.18;104138.95;104269.56
2025-06-19 18:00:00;104538.64;104734.49;104311.3;104409.99
2025-06-19 17:00:00;104027.75;104861.57;103916.37;104535.56
2025-06-19 16:00:00;104127.73;104459.5;103949.28;104033.85
2025-06-19 15:00:00;104174.55;104489.58;104100;104127.74
2025-06-19 14:00:00;104304.62;104711.11;104121.84;104171.72
2025-06-19 13:00:00;104775.19;104822.79;104261.8;104304.63
2025-06-19 12:00:00;104802.39;104946.45;104689.06;104775.18
2025-06-19 11:00:00;104941.85;104942.75;104750;104802.4
2025-06-19 10:00:00;105011.45;105100;104867.77;104941.84
2025-06-19 09:00:00;104758.09;105053.64;104741.63;105025.78
2025-06-19 08:00:00;104662.53;105016;104648.35;104761.56
2025-06-19 07:00:00;104733.61;104892.46;104636.53;104662.53
2025-06-19 06:00:00;104919.14;105011.06;104643.73;104733.6
2025-06-19 05:00:00;105108.62;105247.99;104850.34;104919.13
2025-06-19 04:00:00;105129.91;105137.48;104816.94;105109.79
2025-06-19 03:00:00;104742.31;105138.04;104742.31;105129.91
2025-06-19 02:00:00;104649.12;105070.74;104490.77;104742.32
2025-06-19 01:00:00;104995.97;105013.42;104496.36;104649.11
2025-06-19 00:00:00;104915.6;105266.61;104705.43;104995.97
2025-06-18 23:00:00;104853.65;105005;104656.4;104915.6
2025-06-18 22:00:00;105115.93;105183;104823.33;104855.27
2025-06-18 21:00:00;104840.58;105179.99;104391.81;105116.71
2025-06-18 20:00:00;103818.67;105042.08;103645.68;104840.57
2025-06-18 19:00:00;103641.85;104475.67;103512.38;103818.67
2025-06-18 18:00:00;104356.73;104732.42;103591.08;103641.86
2025-06-18 17:00:00;104446.92;104540.93;103627;104366.33
2025-06-18 16:00:00;104823.25;104876.98;104366.46;104446.91
2025-06-18 15:00:00;104646.82;105014.67;104161.37;104823
2025-06-18 14:00:00;104460.86;105348.75;104233.5;104646.82
2025-06-18 13:00:00;104534.02;104579.95;103837.75;104460.85
2025-06-18 12:00:00;104858.58;104932.84;104500;104539.48
2025-06-18 11:00:00;104284;104887.76;104205.54;104858.58
2025-06-18 10:00:00;104707.42;104829.36;104191.62;104288.91
2025-06-18 09:00:00;104982.22;105159.7;104585.56;104707.41
2025-06-18 08:00:00;104996.5;105336.17;104749.75;104977.93
2025-06-18 07:00:00;104990.27;105035.9;104731.26;104996.51
2025-06-18 06:00:00;105438.52;105564.01;104914.33;104990.27
2025-06-18 05:00:00;105479.85;105603.63;105400.76;105437.95
2025-06-18 04:00:00;105206.53;105541.07;105077.53;105479.87
2025-06-18 03:00:00;104872.57;105279.5;104862.88;105207.65
2025-06-18 02:00:00;104817.94;105120;104710.38;104872.56
2025-06-18 01:00:00;104853.71;105221.11;104701.88;104817.94
2025-06-18 00:00:00;104590.44;104889.94;104389.78;104856.06
2025-06-17 23:00:00;104253.55;104758.25;104236.76;104590.44
2025-06-17 22:00:00;104586.01;104773.8;104222.06;104253.55
2025-06-17 21:00:00;104388.35;104866.04;104279.71;104591.9
2025-06-17 20:00:00;104705.02;104926.69;104266.12;104388.35
2025-06-17 19:00:00;104441.64;105377;104433.12;104705.02
2025-06-17 18:00:00;103822.16;104452;103625.17;104448.32
2025-06-17 17:00:00;103610.22;104266.67;103363.3;103822.11
2025-06-17 16:00:00;104250;104505.31;103500;103643.33
2025-06-17 15:00:00;104861;104986.45;104133.12;104246.81
2025-06-17 14:00:00;105373.31;105724.72;104783.25;104861
2025-06-17 13:00:00;105540.7;105794.13;105208.38;105373.47
2025-06-17 12:00:00;105659.35;105887.83;105454.59;105540.7
2025-06-17 11:00:00;105970.33;105983.67;105515.89;105659.83
2025-06-17 10:00:00;106188.35;106281.32;105763.36;105970.34
2025-06-17 09:00:00;106592.24;106719.83;106081.16;106188.35
2025-06-17 08:00:00;106792.45;106862.77;106518.08;106586.8
2025-06-17 07:00:00;106869.9;106910.74;106501;106792.45
2025-06-17 06:00:00;107150.68;107274.04;106744.01;106868.23
2025-06-17 05:00:00;107361.57;107438.64;107066;107150.71
2025-06-17 04:00:00;107630.25;107764.13;107333.35;107362.47
2025-06-17 03:00:00;107517.71;107792.9;107391.45;107630.24
2025-06-17 02:00:00;107232.37;107626.02;106600.36;107517.68
2025-06-17 01:00:00;107273.22;107458.24;106967.63;107232.37
2025-06-17 00:00:00;106853.38;107318.96;106147.24;107273.22
2025-06-16 23:00:00;107737.66;108045;106738.56;106853.38
2025-06-16 22:00:00;108563.95;109000;107467.49;107735.9
2025-06-16 21:00:00;108840.72;108887.33;108367.6;108563.94
2025-06-16 20:00:00;108699.54;108900;108449.79;108845.46
2025-06-16 19:00:00;108313.04;108952.21;108313.04;108699.51
2025-06-16 18:00:00;107790.17;108338.94;107724.06;108313.05
2025-06-16 17:00:00;107816.53;108074.44;107657.93;107790.18
2025-06-16 16:00:00;107479.94;107955;107347.82;107816.53
2025-06-16 15:00:00;107574.63;107762.74;107337.01;107478.21
2025-06-16 14:00:00;107180.95;107868.12;106800.99;107574.63
2025-06-16 13:00:00;106697.01;107213.28;106506.75;107194.33
2025-06-16 12:00:00;106900;106917.73;106600.01;106692.79
2025-06-16 11:00:00;106856.72;106983.37;106577.52;106900
2025-06-16 10:00:00;106976.42;107234.54;106750;106849
2025-06-16 09:00:00;107197.94;107269.22;106895.03;106972.99
2025-06-16 08:00:00;107080.07;107257.62;106957.22;107197.94
2025-06-16 07:00:00;106599.62;107299.99;106599.62;107080.07
2025-06-16 06:00:00;106597.74;106798.85;106525.01;106599.38
2025-06-16 05:00:00;106429.68;106821.98;106332.98;106597.74
2025-06-16 04:00:00;105940.18;106457.31;105886.3;106426.95
2025-06-16 03:00:00;105803.09;105999;105722.77;105935.25
2025-06-16 02:00:00;105824.32;105999;105691.06;105803.1
2025-06-16 01:00:00;105442.18;105914.28;104982.26;105824.33
2025-06-16 00:00:00;105600.21;105796.91;105362.31;105448.09
2025-06-15 23:00:00;105284.87;105641.29;105230.07;105599.25
2025-06-15 22:00:00;104814.6;105393;104751.35;105284.87
2025-06-15 21:00:00;104762.85;104861.08;104505.05;104814.61
2025-06-15 20:00:00;105333.93;105333.93;104615.66;104762.86
2025-06-15 19:00:00;105513.56;105611.91;105103.16;105333.91
2025-06-15 18:00:00;105719.5;105728.8;105492.03;105513.59
2025-06-15 17:00:00;105605.83;105818.46;105500;105719.55
2025-06-15 16:00:00;105597.86;105720.55;105355.31;105605.84
2025-06-15 15:00:00;105685.73;105848.34;105560;105597.85
2025-06-15 14:00:00;105565.68;105896.75;105335.88;105685.71
2025-06-15 13:00:00;105329.32;105693.79;105257.21;105565.67
2025-06-15 12:00:00;105011.89;105341.94;104980.41;105329.32
2025-06-15 11:00:00;105153.21;105210.58;104936.25;105011.89
2025-06-15 10:00:00;104963.99;105235.76;104955.92;105153.21
2025-06-15 09:00:00;105236.83;105236.83;104900.02;104963.99
2025-06-15 08:00:00;105465.85;105533.06;105173.71;105236.83
2025-06-15 07:00:00;105493.9;105515.15;105254.85;105470.67
2025-06-15 06:00:00;106126.56;106184.13;105469.75;105493.9
2025-06-15 05:00:00;105620.25;106150.99;105547.26;106115.74
2025-06-15 04:00:00;105534.24;105629.08;105531.17;105620.25
2025-06-15 03:00:00;105527.79;105638.4;105512.78;105534.24
2025-06-15 02:00:00;105474.35;105688.82;105468.64;105527.78
2025-06-15 01:00:00;105695.89;105747.02;105423.52;105474.35
2025-06-15 00:00:00;105465.42;105728.48;105296.28;105695.89
2025-06-14 23:00:00;105477.75;105536.65;105393.92;105465.42
2025-06-14 22:00:00;105382.17;105545.42;105333.01;105477.75
2025-06-14 21:00:00;104944.69;105523.1;104899.23;105382.68
2025-06-14 20:00:00;104706.35;105048.21;104351.72;104944.7
2025-06-14 19:00:00;104938.41;105096.07;104690.83;104706.36
2025-06-14 18:00:00;104660.81;105037.3;104377.14;104938.41
2025-06-14 17:00:00;104500.88;104778.89;104444;104660.81
2025-06-14 16:00:00;104889.39;104966.07;104410.29;104500.9
2025-06-14 15:00:00;104973.95;105043.49;104680.39;104889.39
2025-06-14 14:00:00;105074.09;105125.8;104891.36;104973.96
2025-06-14 13:00:00;105099.31;105186.06;104945.22;105074.09
2025-06-14 12:00:00;105130.38;105154.13;104788;105099.3
2025-06-14 11:00:00;105054.4;105157.94;104998;105130.39
2025-06-14 10:00:00;104918.81;105173.68;104875.43;105054.4
2025-06-14 09:00:00;105156.18;105181.87;104894.75;104918.82
2025-06-14 08:00:00;105126.03;105194.28;104914.98;105154.95
2025-06-14 07:00:00;105155.89;105200.89;104836.25;105126.03
2025-06-14 06:00:00;105342.5;105394.92;105157.55;105157.55
2025-06-14 05:00:00;105425.46;105471.93;105300.33;105342.51
2025-06-14 04:00:00;105296.44;105475.47;105269.12;105425.45
2025-06-14 03:00:00;105442.14;105516.01;105251.34;105296.44
2025-06-14 02:00:00;105520.94;105676.05;105373.01;105442.14
2025-06-14 01:00:00;105860.12;105860.12;105481.69;105520.65
2025-06-14 00:00:00;106114.53;106264.36;105733.07;105860.44
2025-06-13 23:00:00;105805.36;106233;105805.36;106118.7
2025-06-13 22:00:00;105669.68;105911.03;105594.05;105805.36
2025-06-13 21:00:00;105480.92;105848.85;105371.61;105669.7
2025-06-13 20:00:00;105164.62;105569.28;105055.36;105480.93
2025-06-13 19:00:00;105240.81;105500;104942.28;105153.75
2025-06-13 18:00:00;105443.09;105550.64;104699.57;105236.87
2025-06-13 17:00:00;105851.59;105851.59;104932.12;105443.1
2025-06-13 16:00:00;105503.6;106041.61;105353.73;105851.59
2025-06-13 15:00:00;105017.27;105825.22;104907.5;105503.6
2025-06-13 14:00:00;104796.86;105067.4;104150;105015.03
2025-06-13 13:00:00;104914.45;105373.53;104719.01;104790.71
2025-06-13 12:00:00;105099.63;105358.16;104880;104914.44
2025-06-13 11:00:00;104930.93;105116.99;104690.03;105099.63
2025-06-13 10:00:00;104887.71;104979.5;104471.03;104925.48
2025-06-13 09:00:00;104782.24;104986.97;104545.55;104887.74
2025-06-13 08:00:00;104946.47;105500;104731.79;104782.69
2025-06-13 07:00:00;104781.66;105000;104429.28;104946.46
2025-06-13 06:00:00;104080.17;104800;103900.8;104781.66
2025-06-13 05:00:00;104477.61;104539.41;104070.7;104080.2
2025-06-13 04:00:00;104363.01;104592.54;103846.74;104483.43
2025-06-13 03:00:00;103707.87;104701.73;103674.54;104372.23
2025-06-13 02:00:00;103860.08;104050.56;103132.22;103707.88
2025-06-13 01:00:00;103859.25;103959.3;102746.01;103864.3
2025-06-13 00:00:00;105716.45;105741.54;103270.54;103859.25
2025-06-12 23:00:00;105935.59;106197.45;105706.78;105721.05
2025-06-12 22:00:00;105939.96;106293.87;105766;105935.72
2025-06-12 21:00:00;106026.21;106483.89;105901.96;105941.7
2025-06-12 20:00:00;106827.02;107005.35;105806.95;106028.25
2025-06-12 19:00:00;107593.17;107930.23;106710;106828.55
2025-06-12 18:00:00;108328.51;108473.07;107226.28;107593.44
2025-06-12 17:00:00;107757.42;108478.62;107720.07;108328.51
2025-06-12 16:00:00;107029.4;107880.8;106989;107757.41
2025-06-12 15:00:00;107642.73;107858.05;106901.48;107029.39
2025-06-12 14:00:00;107087.63;107750;107087.63;107642.73
2025-06-12 13:00:00;107007.16;107221.14;106586.88;107088.38
2025-06-12 12:00:00;106932.66;107490.57;106895;107007.16
2025-06-12 11:00:00;107345.67;107382.79;106900.02;106932.65
2025-06-12 10:00:00;107534.34;107560.69;107221;107357.54
2025-06-12 09:00:00;107747.9;107803.35;107508.57;107534.34
2025-06-12 08:00:00;107637.67;107882.59;107460.01;107749.74
2025-06-12 07:00:00;107931.25;107992.3;107456;107637.67
2025-06-12 06:00:00;107772.15;108016.44;107644.34;107931.25
2025-06-12 05:00:00;107782.09;107951.88;107606.92;107767.88
2025-06-12 04:00:00;107891.64;107953.23;107336.52;107787.66
2025-06-12 03:00:00;108411.58;108483.76;107744.93;107881.37
2025-06-12 02:00:00;108549.77;108792.22;108383.39;108411.57
2025-06-12 01:00:00;108723.92;108731.37;108283.47;108549.77
2025-06-12 00:00:00;108673.77;108853.74;108348.52;108728.81
2025-06-11 23:00:00;108481.84;108734.34;108348.51;108669.37
2025-06-11 22:00:00;108532.39;108677.3;108091.74;108480
2025-06-11 21:00:00;108960.18;109260.91;108387;108532.4
2025-06-11 20:00:00;108768.9;109051.28;108516.96;108955.12
2025-06-11 19:00:00;108838.52;109000;108589.7;108768.9
2025-06-11 18:00:00;109000;109105.12;108431.4;108838.51
2025-06-11 17:00:00;109474.18;109801.46;108995.64;109000
2025-06-11 16:00:00;109752.94;109854.44;109350;109474.17
2025-06-11 15:00:00;109902.44;110077.55;109679.01;109752.95
2025-06-11 14:00:00;109711.71;110435.05;109655.47;109907.2
2025-06-11 13:00:00;109729.05;109924.28;109316.01;109711.72
2025-06-11 12:00:00;109246.31;109933;109021.41;109729.04
2025-06-11 11:00:00;109376.32;109405.19;109200.82;109246.31
2025-06-11 10:00:00;109280.98;109493.77;109197.89;109376.47
2025-06-11 09:00:00;109583.96;109629.17;109230.01;109280.98
2025-06-11 08:00:00;109458.74;109692.1;109458.74;109581.04
2025-06-11 07:00:00;109608.63;109764.66;109455.09;109458.26
2025-06-11 06:00:00;109494.3;109698.93;109382.16;109608.64
2025-06-11 05:00:00;109596.58;109689.99;109446.63;109494.31
2025-06-11 04:00:00;109742.64;109768.15;109569.95;109596.57
2025-06-11 03:00:00;109713.9;109903.23;109633.06;109742.64
2025-06-11 02:00:00;109625.92;109877.59;109558.91;109713.9
2025-06-11 01:00:00;109841.39;109861.48;109580;109621.73
2025-06-11 00:00:00;110300.25;110306.91;109787.01;109846.82
2025-06-10 23:00:00;109758.72;110321;109598.71;110300.24
2025-06-10 22:00:00;109887.48;110200;109606.7;109746.55
2025-06-10 21:00:00;109990.03;110022.68;109421.01;109887.46
2025-06-10 20:00:00;109533.92;110060.5;109265.01;109990.03
2025-06-10 19:00:00;109306.8;110420.08;109306.8;109533.92
2025-06-10 18:00:00;108746.17;109500;108541.72;109306.85
2025-06-10 17:00:00;108750.41;109100.13;108640.01;108750.99
2025-06-10 16:00:00;109047.05;109295.71;108704.18;108753.61
2025-06-10 15:00:00;108632.38;109242.18;108362.14;109047.05
2025-06-10 14:00:00;109334.6;109381.72;108500;108649.65
2025-06-10 13:00:00;109730.16;109927.98;108885.47;109334.62
2025-06-10 12:00:00;109585.04;109732.74;109443.66;109725.32
2025-06-10 11:00:00;109348.49;109898.28;109242.23;109581.05
2025-06-10 10:00:00;109556.09;109719.79;109309.57;109348.49
2025-06-10 09:00:00;109139.94;109564.43;109119.91;109556.09
2025-06-10 08:00:00;109268.31;109485.62;109100.01;109143.06
2025-06-10 07:00:00;109544.2;109578.62;109150.25;109268.31
2025-06-10 06:00:00;109356.21;109691.6;109183.14;109542.45
2025-06-10 05:00:00;109577.57;109786.73;109230.86;109356.2
2025-06-10 04:00:00;109614.66;109694.92;109404.33;109577.54
2025-06-10 03:00:00;109691.35;109739.43;109416.37;109614.65
2025-06-10 02:00:00;109820.94;109820.94;109401.47;109691.33
2025-06-10 01:00:00;109949.32;110017.31;109678;109820.93
2025-06-10 00:00:00;110299.69;110371.19;109933.6;109950.96
2025-06-09 23:00:00;110225.28;110355.4;109921.74;110301.15
2025-06-09 22:00:00;110027.36;110475;109775.94;110224.96
2025-06-09 21:00:00;108762.74;110651.12;108762.74;110021.08
2025-06-09 20:00:00;108651.14;108828.63;108514.17;108762.75
2025-06-09 19:00:00;108517.51;108858.82;108425.3;108679.24
2025-06-09 18:00:00;108409.79;108630.85;108350.03;108517.51
2025-06-09 17:00:00;107773.98;108499.99;107725.51;108416.31
2025-06-09 16:00:00;107693;108228.72;107693;107778.93
2025-06-09 15:00:00;107675.04;108091.2;107571.26;107689.6
2025-06-09 14:00:00;107073.61;108090.42;107073.61;107678.77
2025-06-09 13:00:00;107799.01;107964.39;106920.32;107074.91
2025-06-09 12:00:00;107818.56;108000;107589.96;107803.61
2025-06-09 11:00:00;107250;107862;107190.58;107817.21
2025-06-09 10:00:00;106670.09;107500;106622.9;107250
2025-06-09 09:00:00;105989.05;106958.99;105877.03;106670.09
2025-06-09 08:00:00;105614.48;106000;105525.61;105990.89
2025-06-09 07:00:00;105744.01;105744.01;105553.01;105614.48
2025-06-09 06:00:00;105437.73;105753.9;105375.01;105744
2025-06-09 05:00:00;105503.28;105593.69;105390.02;105437.73
2025-06-09 04:00:00;105720.86;105785.14;105473.59;105503.28
2025-06-09 03:00:00;105608.91;105765.84;105368.27;105720.87
2025-06-09 02:00:00;105577.19;105790.01;105523.64;105611
2025-06-09 01:00:00;105763.29;105806.8;105495.78;105577.19
2025-06-09 00:00:00;105784.41;106035.51;105640.71;105764.12
2025-06-08 23:00:00;105821.19;105839.58;105613.03;105784.4
2025-06-08 22:00:00;106385.98;106430.34;105747.32;105821.2
2025-06-08 21:00:00;106214.65;106548.9;106214.64;106392.93
2025-06-08 20:00:00;106367.5;106386.58;106177.01;106214.65
2025-06-08 19:00:00;106369.09;106400.68;106234.99;106367.49
2025-06-08 18:00:00;106151.46;106395.19;106088.07;106369.09
2025-06-08 17:00:00;106257.49;106420;106139.11;106151.47
2025-06-08 16:00:00;106039.34;106353.63;106003.64;106257.49
2025-06-08 15:00:00;105882.6;106181.3;105875.57;106039.35
2025-06-08 14:00:00;105670.02;105969.3;105613.55;105875.74
2025-06-08 13:00:00;105767.18;106178.37;105610.76;105670.02
2025-06-08 12:00:00;105726.96;105822.3;105572.53;105768.82
2025-06-08 11:00:00;105402.8;105774.4;105402.79;105727.02
2025-06-08 10:00:00;105196.46;105529.5;105028.3;105402.8
2025-06-08 09:00:00;105427.11;105460.79;105125.8;105196.46
2025-06-08 08:00:00;105485.51;105565.88;105415.01;105427.11
2025-06-08 07:00:00;105499.81;105622.93;105467.02;105485.5
2025-06-08 06:00:00;105499.82;105665.02;105483.04;105499.8
2025-06-08 05:00:00;105674.97;105700;105464.01;105499.82
2025-06-08 04:00:00;105548.74;105699.17;105462.19;105674.79
2025-06-08 03:00:00;105505.12;105579.95;105451.72;105548.75
2025-06-08 02:00:00;105756.4;105756.4;105492.01;105505.12
2025-06-08 01:00:00;105544.36;105842.42;105455.02;105756.42
2025-06-08 00:00:00;105619.02;105727.89;105502.15;105544.35
2025-06-07 23:00:00;105882.6;105900.82;105588.62;105619.02
2025-06-07 22:00:00;105832.66;105989.91;105734.01;105882.6
2025-06-07 21:00:00;105931.47;105949.97;105777.01;105832.66
2025-06-07 20:00:00;105788.47;106000;105785.4;105931.47
2025-06-07 19:00:00;105662.43;105935.61;105647.56;105786.47
2025-06-07 18:00:00;105463.15;105954.82;105462.68;105662.43
2025-06-07 17:00:00;105405.03;105618.29;105380.86;105461.96
2025-06-07 16:00:00;105628.17;105763.44;105324.09;105405.01
2025-06-07 15:00:00;105486.43;105674.11;105387;105628.18
2025-06-07 14:00:00;105678.75;105758.28;105454.51;105486.43
2025-06-07 13:00:00;105524.53;105889.42;105369.09;105678.75
2025-06-07 12:00:00;105208.82;105757.33;105208.82;105524.52
2025-06-07 11:00:00;105213.77;105370.91;105119.23;105208.82
2025-06-07 10:00:00;104922.05;105273.34;104901.37;105213.77
2025-06-07 09:00:00;104818.82;105060.22;104818.78;104922.06
2025-06-07 08:00:00;104954.79;105060.65;104772.43;104818.75
2025-06-07 07:00:00;105407.92;105421.5;104915.35;104955.07
2025-06-07 06:00:00;104955.09;105418.63;104872.38;105407.91
2025-06-07 05:00:00;104912.18;105100;104835.01;104955.09
2025-06-07 04:00:00;104972.65;104976.92;104730.01;104912.19
2025-06-07 03:00:00;104630.36;105028.65;104577.44;104972.65
2025-06-07 02:00:00;104540.32;104726.24;104425.94;104630.36
2025-06-07 01:00:00;104612.45;104678.11;104434.01;104540.33
2025-06-07 00:00:00;104398;104620;103969.7;104612.2
2025-06-06 23:00:00;104577.83;104614;104296.15;104397.99
2025-06-06 22:00:00;104490.59;104619.99;104331.51;104577.84
2025-06-06 21:00:00;104575.74;104609.4;104363.83;104490.6
2025-06-06 20:00:00;104309.01;104704.42;104249.99;104575.74
2025-06-06 19:00:00;104592.34;104691.67;104131.65;104304.24
2025-06-06 18:00:00;105019.23;105083.99;104541.75;104592.35
2025-06-06 17:00:00;104865.84;105062.56;104530.21;105019.22
2025-06-06 16:00:00;105187.21;105405.68;104795.33;104865.84
2025-06-06 15:00:00;104886.58;105439.01;104601.95;105182.17
2025-06-06 14:00:00;104168.82;105000;104075.19;104886.58
2025-06-06 13:00:00;103841.24;104634.39;103841.23;104169.86
2025-06-06 12:00:00;104005.77;104381.87;103603.36;103841.24
2025-06-06 11:00:00;103742.85;104079.99;103712.38;104005.75
2025-06-06 10:00:00;103717.64;103896;103618.81;103742.86
2025-06-06 09:00:00;103573.79;103828.26;103573.78;103715.56
2025-06-06 08:00:00;103214.54;103671;103214.54;103573.79
2025-06-06 07:00:00;103245.49;103541.03;103114.41;103214.54
2025-06-06 06:00:00;103015.14;103295.67;102959.35;103245.48
2025-06-06 05:00:00;102844.02;103049.99;102720.5;103015.15
2025-06-06 04:00:00;102556.06;102885;102446.39;102851.49
2025-06-06 03:00:00;102241.87;102600.28;102100;102556.01
2025-06-06 02:00:00;101899.09;102249.89;101573;102241.87
2025-06-06 01:00:00;101947.11;101998.99;101718.77;101896.1
2025-06-06 00:00:00;101570.2;101965.99;101132.91;101947.12
2025-06-05 23:00:00;101555.83;101884.79;101519.86;101570.2
2025-06-05 22:00:00;101581.89;101755;101063.84;101555.84
2025-06-05 21:00:00;100498.69;101708.36;100444.11;101589.19
2025-06-05 20:00:00;101917.65;102185.14;100345.73;100496.42
2025-06-05 19:00:00;103012.89;103065.26;101603.01;101908.77
2025-06-05 18:00:00;103245.8;103379.25;102553.11;103012.88
2025-06-05 17:00:00;103274.35;103630;103132.19;103245.78
2025-06-05 16:00:00;104572.69;104638.54;103256.56;103280
2025-06-05 15:00:00;104688.59;104919.19;104368.08;104572.7
2025-06-05 14:00:00;104557.3;104970;103910.44;104695.9
2025-06-05 13:00:00;105704.86;105999.68;104343.51;104557.29
2025-06-05 12:00:00;104875.46;105840.02;104828.64;105704.85
2025-06-05 11:00:00;104711.07;104919.24;104600.01;104875.47
2025-06-05 10:00:00;104944.63;104952.45;104560.03;104711.06
2025-06-05 09:00:00;104728.41;104975.34;104722.01;104944.64
2025-06-05 08:00:00;104570.77;104730.1;104461.76;104728.41
2025-06-05 07:00:00;104502.59;104675.44;104457.01;104570.76
2025-06-05 06:00:00;104700.88;104747.16;104401.49;104502.58
2025-06-05 05:00:00;105239.05;105255.29;104613.37;104698.9
2025-06-05 04:00:00;105087.89;105289.14;105077.76;105240.86
2025-06-05 03:00:00;105049.94;105122.36;104915.28;105087.89
2025-06-05 02:00:00;104828.45;105305.26;104819.02;105049.95
2025-06-05 01:00:00;105034.32;105220;104728.93;104828.45
2025-06-05 00:00:00;104753.37;105046.02;104696.54;105038.09
2025-06-04 23:00:00;104842.58;104939.24;104662.08;104753.38
2025-06-04 22:00:00;104985.77;105100;104792.43;104842.57
2025-06-04 21:00:00;104682.5;105110.19;104601.7;104985.77
2025-06-04 20:00:00;104968.19;105010.66;104462.25;104684.78
2025-06-04 19:00:00;104999;105147.99;104915;104961.64
2025-06-04 18:00:00;105098.25;105350;104955.32;104998.99
2025-06-04 17:00:00;105510.2;105547.59;104987.17;105098.25
2025-06-04 16:00:00;105353.25;105530.1;105131.26;105510.2
2025-06-04 15:00:00;105079.16;105611.83;104969.99;105353.24
2025-06-04 14:00:00;104794.82;105101.43;104202;105079.15
2025-06-04 13:00:00;105109.41;105346.7;104735.98;104793.26
2025-06-04 12:00:00;105150;105220.65;104844.27;105109.42
2025-06-04 11:00:00;105763.98;105864.49;105136.5;105143.88
2025-06-04 10:00:00;105882.8;106058.47;105705.61;105763.98
2025-06-04 09:00:00;105503.78;105968.31;105376.67;105882.81
2025-06-04 08:00:00;105371.91;105649.77;105371.91;105503.79
2025-06-04 07:00:00;105371.44;105541.83;105323.73;105371.91
2025-06-04 06:00:00;105426.15;105518.82;105316.7;105371.45
2025-06-04 05:00:00;105491.75;105607.56;105413;105426.15
2025-06-04 04:00:00;105591.68;105700.56;105467.87;105491.76
2025-06-04 03:00:00;105554.13;105827.86;105506.87;105591.68
2025-06-04 02:00:00;105659.43;105908.07;105483.69;105554.12
2025-06-04 01:00:00;105545.87;105807.46;105478.57;105656.34
2025-06-04 00:00:00;105443.95;105613.52;105174.39;105544.83
2025-06-03 23:00:00;105818.68;105818.73;105325.2;105447.82
2025-06-03 22:00:00;105451.53;105979.78;105378.35;105814.64
2025-06-03 21:00:00;105811.69;105934.21;105349.27;105451.54
2025-06-03 20:00:00;106304.14;106329.95;105431.77;105811.68
2025-06-03 19:00:00;106081.03;106521.24;106081.02;106301.7
2025-06-03 18:00:00;106029.05;106131.32;105647.52;106081.03
2025-06-03 17:00:00;105891.06;106235.49;105820;106029.05
2025-06-03 16:00:00;106702.15;106764.98;105864.83;105890.9
2025-06-03 15:00:00;106645.17;106901.68;106420.2;106702.16
2025-06-03 14:00:00;105500.71;106801.67;105211.91;106653.6
2025-06-03 13:00:00;105375.53;105743.15;105094.61;105500.71
2025-06-03 12:00:00;105352.02;105500;105289.77;105375.52
2025-06-03 11:00:00;105344.83;105422.84;105224.14;105352.02
2025-06-03 10:00:00;105242.8;105416.7;105184.8;105344.83
2025-06-03 09:00:00;105140.73;105337.95;105099.77;105242.8
2025-06-03 08:00:00;105233.05;105306.08;104910.01;105140.75
2025-06-03 07:00:00;105486.62;105498.58;105215.25;105233.05
2025-06-03 06:00:00;105520.83;105536.66;105271.7;105486.63
2025-06-03 05:00:00;105241.73;105533.93;105241.71;105520.74
2025-06-03 04:00:00;105556.2;105585.82;105178.45;105245.93
2025-06-03 03:00:00;105676.75;105787.14;105407.57;105556.21
2025-06-03 02:00:00;106547.19;106597.45;105636.11;105676.76
2025-06-03 01:00:00;106348.54;106577.55;106178.01;106547.19
2025-06-03 00:00:00;105909.79;106474.89;105798.68;106347.66
2025-06-02 23:00:00;105752.08;106000;105616.01;105904.94
2025-06-02 22:00:00;105011.99;105870;105000.91;105745
2025-06-02 21:00:00;104952.38;105185.17;104632.82;105011.98
2025-06-02 20:00:00;104466.81;105043.47;104466.81;104952.39
2025-06-02 19:00:00;104401.83;104560.25;104086.41;104470.22
2025-06-02 18:00:00;104447.72;104798.86;104248.01;104401.82
2025-06-02 17:00:00;104323.47;104542.43;104131.01;104447.73
2025-06-02 16:00:00;104499.99;104500;104076.48;104320.97
2025-06-02 15:00:00;104212.18;104635.84;103917.5;104500
2025-06-02 14:00:00;103847.03;104740.14;103685.23;104212.2
2025-06-02 13:00:00;104246.38;104603.19;103722;103862.16
2025-06-02 12:00:00;104080.89;104328.3;103899.76;104246.37
2025-06-02 11:00:00;104421.89;104547.97;103974.2;104085.64
2025-06-02 10:00:00;104629.98;104710.67;104300;104427.97
2025-06-02 09:00:00;105392.2;105404.36;104525.31;104629.61
2025-06-02 08:00:00;105446.83;106000;105296.01;105392.19
2025-06-02 07:00:00;105219.29;105495.99;105218.83;105446.88
2025-06-02 06:00:00;104892.89;105317.86;104789.81;105220.11
2025-06-02 05:00:00;104825.11;104975.97;104667.29;104890.32
2025-06-02 04:00:00;104885.77;105049.58;104750;104825.12
2025-06-02 03:00:00;105076;105100.12;104603.49;104885.77
2025-06-02 02:00:00;105444.33;105483.18;105059.17;105076
2025-06-02 01:00:00;105475.64;105698.68;105395;105444.35
2025-06-02 00:00:00;105697.93;105788.12;105449.4;105475.65
2025-06-01 23:00:00;105565.11;105937.46;105512.23;105697.94
2025-06-01 22:00:00;105547.53;105809.45;105471.38;105565.11
2025-06-01 21:00:00;105011.27;105574;104970.29;105547.53
2025-06-01 20:00:00;105179.12;105358.3;104931.69;105011.27
2025-06-01 19:00:00;104955.55;105221.91;104866.87;105179.12
2025-06-01 18:00:00;105113.72;105124.91;104395.06;104959.48
2025-06-01 17:00:00;105094.08;105265.44;105034.55;105106.98
2025-06-01 16:00:00;104767.62;105365;104707.29;105093.59
2025-06-01 15:00:00;104649.38;104875.46;104538.15;104767.63
2025-06-01 14:00:00;104308.77;104821.81;104299.45;104650.44
2025-06-01 13:00:00;104018.01;104473.25;103999.19;104308.77
2025-06-01 12:00:00;104148.26;104260.12;103800.81;104018
2025-06-01 11:00:00;103983.23;104216.06;103905.29;104148.26
2025-06-01 10:00:00;103989.75;104101.89;103820.89;103983.23
2025-06-01 09:00:00;104446.67;104520.49;103808.08;103989.75
2025-06-01 08:00:00;104335.98;104452.97;104272.38;104446.67
2025-06-01 07:00:00;104314.7;104438.65;104246.72;104339.62
2025-06-01 06:00:00;104592.73;104593.14;104250.51;104314.69
2025-06-01 05:00:00;104687.78;104771.52;104504.01;104592.74
2025-06-01 04:00:00;104429.76;104800;104412.34;104687.77
2025-06-01 03:00:00;104248.99;104520.32;104023.08;104429.76
2025-06-01 02:00:00;104187.54;104388.91;103976.1;104248.98
2025-06-01 01:00:00;104509.01;104569.28;104029.5;104188.13
2025-06-01 00:00:00;104645.87;104708.44;104382.1;104510.41
2025-05-31 23:00:00;104682.5;104905.38;104522.68;104645.87
2025-05-31 22:00:00;104928.19;104965.5;104657.29;104682.5
2025-05-31 21:00:00;104843.99;104954.54;104700;104926.82
2025-05-31 20:00:00;104767.77;104878.68;104584.71;104843.99
2025-05-31 19:00:00;104554.95;104820.86;104554.95;104767.76
2025-05-31 18:00:00;104402.74;104686.93;104402.74;104564.36
2025-05-31 17:00:00;104553.51;104691.77;104313.57;104402.75
2025-05-31 16:00:00;104607.5;104850;104450.01;104553.51
2025-05-31 15:00:00;104624.23;104921.43;104472.4;104609.23
2025-05-31 14:00:00;104171.68;104644.9;104167.13;104630.07
2025-05-31 13:00:00;104088.21;104264.08;104029.17;104177.49
2025-05-31 12:00:00;103546.34;104088.21;103526.86;104088.21
2025-05-31 11:00:00;103456.26;103577.38;103344.54;103546.34
2025-05-31 10:00:00;103580.69;103653.14;103313.31;103456.27
2025-05-31 09:00:00;103700.22;103784.77;103527.61;103580.7
2025-05-31 08:00:00;103808.2;103869.25;103568.17;103702.34
2025-05-31 07:00:00;103897.9;103897.92;103667.2;103808.19
2025-05-31 06:00:00;103575.43;103953.37;103552.4;103897.9
2025-05-31 05:00:00;103854.66;103963.11;103550.4;103575.42
2025-05-31 04:00:00;103719.34;103866.69;103532.21;103854.66
2025-05-31 03:00:00;103223.89;103733.57;103110.01;103719.33
2025-05-31 02:00:00;103512.64;103899.99;103146.14;103229.54
2025-05-31 01:00:00;104000;104245.15;103312.76;103520.09
2025-05-31 00:00:00;104033;104334.23;103603;104000
2025-05-30 23:00:00;104017.76;104305.72;103634.48;104033.26
2025-05-30 22:00:00;104657.57;104846.81;104011.73;104017.77
2025-05-30 21:00:00;104604.7;104918.57;104568.17;104657.58
2025-05-30 20:00:00;104647.14;104866.87;104394.58;104604.76
2025-05-30 19:00:00;104915.88;105008.96;104479.03;104651.99
2025-05-30 18:00:00;104187.46;104934.47;104076;104919.06
2025-05-30 17:00:00;103900.8;104313.63;103833.5;104187.47
2025-05-30 16:00:00;105558.64;105579.93;103664.03;103901.99
2025-05-30 15:00:00;105361.65;105862.49;105314.99;105558.64
2025-05-30 14:00:00;105508.26;105877.65;105052.01;105347.72
2025-05-30 13:00:00;105704.62;106017.76;105386.4;105508.26
2025-05-30 12:00:00;105901.75;106031.78;105178.36;105704.71
2025-05-30 11:00:00;105959.85;106019;105710;105901.75
2025-05-30 10:00:00;105660.93;105973.38;105320;105959.86
2025-05-30 09:00:00;105207.43;105696.27;104639;105665.73
2025-05-30 08:00:00;105087.27;105408.67;104881.94;105208.5
2025-05-30 07:00:00;105742.72;105895.17;104768.15;105096.62
2025-05-30 06:00:00;106121.13;106183.66;105549.44;105742.72
2025-05-30 05:00:00;106138.78;106377.66;106061.34;106121.13
2025-05-30 04:00:00;106051.68;106176.96;105921.38;106138.79
2025-05-30 03:00:00;106025.37;106221.01;105937.37;106051.67
2025-05-30 02:00:00;105674.91;106189.47;105653.12;106025.37
2025-05-30 01:00:00;104913.56;105946.47;104913.56;105679.95
2025-05-30 00:00:00;105572.58;106217.93;104624;104913.56
2025-05-29 23:00:00;105926.07;106094;105315;105572.58
2025-05-29 22:00:00;106456.36;106474.92;105906.34;105926.07
2025-05-29 21:00:00;106192.85;106487.8;106093.49;106456.36
2025-05-29 20:00:00;105740.1;106226.03;105738.4;106192.85
2025-05-29 19:00:00;105828.57;106116.37;105646.63;105744.47
2025-05-29 18:00:00;106303.76;106628.54;105800;105828.57
2025-05-29 17:00:00;106746;106889.4;106100.95;106302.25
2025-05-29 16:00:00;107034.17;107200.46;106585.31;106748.62
2025-05-29 15:00:00;107642.48;107767.78;106945.58;107034.16
2025-05-29 14:00:00;107644.97;107859.49;106473.06;107642.47
2025-05-29 13:00:00;108460.97;108632.16;107459.82;107644.98
2025-05-29 12:00:00;108816.43;108848.48;108400;108460.97
2025-05-29 11:00:00;108788.1;108938.85;108700.01;108816.44
2025-05-29 10:00:00;108559.81;108943.35;108432.02;108790.67
2025-05-29 09:00:00;108526.55;108676.83;108376.51;108559.79
2025-05-29 08:00:00;107925.7;108600;107719.16;108526.73
2025-05-29 07:00:00;107954.83;108066.45;107788.84;107925.69
2025-05-29 06:00:00;107721.77;108000;107687.93;107954.83
2025-05-29 05:00:00;107608.76;107815.28;107522.39;107721.78
2025-05-29 04:00:00;108092.72;108158.55;107000;107608.76
2025-05-29 03:00:00;108473.54;108479.77;107998.46;108092.72
2025-05-29 02:00:00;108202.32;108552.82;107970.49;108468.01
2025-05-29 01:00:00;108309.62;108382.71;107825;108202.33
2025-05-29 00:00:00;107819.26;108330.86;107444;108306.97
2025-05-28 23:00:00;107432.87;108097.87;107432.87;107819.29
2025-05-28 22:00:00;107522.17;107522.17;107175;107431.34
2025-05-28 21:00:00;107346.48;107591.56;107190.91;107519.54
2025-05-28 20:00:00;106956.94;107438.21;106790.16;107344.6
2025-05-28 19:00:00;107505.64;107830.53;106919.02;106956.19
2025-05-28 18:00:00;107709.73;107897.04;107407.23;107507.63
2025-05-28 17:00:00;107450;107884.52;107390.98;107709.74
2025-05-28 16:00:00;107149.26;107482.48;107149.25;107447.84
2025-05-28 15:00:00;107552.75;107722.72;107050;107149.25
2025-05-28 14:00:00;108093.69;108301.38;107504.14;107558.19
2025-05-28 13:00:00;108942.79;109061;108000.01;108101.34
2025-05-28 12:00:00;108916.33;109099;108828.48;108945.4
2025-05-28 11:00:00;108875.03;109004.86;108770.15;108916.32
2025-05-28 10:00:00;108856.52;108999.99;108317.5;108872.26
2025-05-28 09:00:00;109093.08;109137.96;108555.47;108856.32
2025-05-28 08:00:00;108869.59;109189.68;108642.86;109093.07
2025-05-28 07:00:00;108772.07;109064.15;108755.2;108869.58
2025-05-28 06:00:00;109042.12;109042.12;108668.1;108772.07
2025-05-28 05:00:00;109030.19;109148;108896.1;109042.11
2025-05-28 04:00:00;108905.66;109121.37;108664.05;109032.6
2025-05-28 03:00:00;108667.27;109024.34;108601.32;108911.52
2025-05-28 02:00:00;108728.62;108929.91;108446;108667.28
2025-05-28 01:00:00;109255.2;109344.89;108662.55;108727.2
2025-05-28 00:00:00;108978.45;109306.86;108731.38;109255.2
2025-05-27 23:00:00;109065.44;109200;108930;108978.46
2025-05-27 22:00:00;108977.63;109219.98;108622.72;109065.44
2025-05-27 21:00:00;109597.38;109738.24;108877;108978.63
2025-05-27 20:00:00;109940.2;109968.4;109590.87;109596.88
2025-05-27 19:00:00;109934.45;110115.05;109605.12;109938.56
2025-05-27 18:00:00;110296.06;110488.9;109865.18;109934.45
2025-05-27 17:00:00;110274.92;110531.65;110000;110296.06
2025-05-27 16:00:00;110197.12;110567.26;109957.27;110274.91
2025-05-27 15:00:00;109426.56;110290.03;109054.5;110200
2025-05-27 14:00:00;109899.97;110289.93;108652.66;109426.54
2025-05-27 13:00:00;109648.08;110829.42;109617.5;109904.86
2025-05-27 12:00:00;109630.64;109883.84;109496.63;109648.08
2025-05-27 11:00:00;109735.74;109819.37;109475.27;109629.01
2025-05-27 10:00:00;109881.16;109909.24;109671.39;109743.42
2025-05-27 09:00:00;109743.56;109950;109465.85;109881.16
2025-05-27 08:00:00;109576.79;109818.2;109519.88;109742.81
2025-05-27 07:00:00;108866.78;109662;108866.78;109566.99
2025-05-27 06:00:00;108942.34;109300;108866.75;108866.77
2025-05-27 05:00:00;108980.76;108999.98;108565.62;108942.34
2025-05-27 04:00:00;108925.86;109382.48;108886.63;108980.74
2025-05-27 03:00:00;108303.7;109337.16;108296.92;108925.85
2025-05-27 02:00:00;108427.39;108732.81;107920;108304.35
2025-05-27 01:00:00;109181.09;109186.62;107536.41;108427.4
2025-05-27 00:00:00;109464.33;109718.96;109155.03;109181.09
2025-05-26 23:00:00;109229.07;109510.13;109090.92;109464.32
2025-05-26 22:00:00;109382.42;109923.4;109193.78;109229.05
2025-05-26 21:00:00;109617.67;109685.33;109165.14;109382.42
2025-05-26 20:00:00;109157.58;109649.35;108970.05;109623.61
2025-05-26 19:00:00;109130.52;109229.6;108884.34;109157.59
2025-05-26 18:00:00;109217.49;109510.25;109037.81;109130.6
2025-05-26 17:00:00;109429.16;109738.79;108931.58;109217.5
2025-05-26 16:00:00;110047.52;110467.81;109134.26;109429.17
2025-05-26 15:00:00;109706.4;110474.41;109592.01;110047.43
2025-05-26 14:00:00;109644.44;109797.29;109553.64;109706.39
2025-05-26 13:00:00;109873.45;110042.92;109509.63;109650.55
2025-05-26 12:00:00;109838.57;110124.99;109704.13;109873.45
2025-05-26 11:00:00;109693.87;109888.61;109605.4;109843.01
2025-05-26 10:00:00;109773.63;109923.96;109615.61;109695.35
2025-05-26 09:00:00;109724.79;110060.72;109647.53;109773.63
2025-05-26 08:00:00;110156.05;110258.24;109656.8;109724.79
2025-05-26 07:00:00;110000;110289.59;109791.44;110156.05
2025-05-26 06:00:00;109678.17;110000.21;109562.36;109996.51
2025-05-26 05:00:00;109589.52;109738.31;109418.5;109686.64
2025-05-26 04:00:00;109686.8;109796.06;109555.34;109589.52
2025-05-26 03:00:00;109442.95;109836.31;109330.03;109682.34
2025-05-26 02:00:00;109602.98;109830.19;109237.93;109442.95
2025-05-26 01:00:00;109588.45;109905.22;109282.76;109596.88
2025-05-26 00:00:00;109048.41;109651.21;108706.04;109593.27
2025-05-25 23:00:00;109212.36;109371.04;108609.61;109048.68
2025-05-25 22:00:00;107497.78;109272.99;107385.32;109213.28
2025-05-25 21:00:00;107712.59;107955.54;107200.08;107495.37
2025-05-25 20:00:00;107742.09;107792.81;107457.77;107701.14
2025-05-25 19:00:00;107450.33;107970.82;107441.63;107745.28
2025-05-25 18:00:00;107412.31;107644.15;107247.91;107449.08
2025-05-25 17:00:00;107225.54;107420.27;107150.99;107412.31
2025-05-25 16:00:00;107002;107291.57;106632.35;107225.56
2025-05-25 15:00:00;107402.69;107464.91;106650;107001.2
2025-05-25 14:00:00;107565.63;107680.26;107173.44;107402.69
2025-05-25 13:00:00;107548.92;107802;107314.31;107565.63
2025-05-25 12:00:00;107286.33;107647.8;107205.07;107548.93
2025-05-25 11:00:00;106974.02;107319.34;106872.94;107286.33
2025-05-25 10:00:00;107153.39;107422.45;106856.42;106976.48
2025-05-25 09:00:00;107144.96;107289.89;106750;107153.39
2025-05-25 08:00:00;107707.38;107725.33;106974.02;107144.94
2025-05-25 07:00:00;107969.11;107969.11;107457.71;107713.06
2025-05-25 06:00:00;108138.96;108181.1;107708.54;107969.5
2025-05-25 05:00:00;108280.48;108327.68;107988.65;108138.97
2025-05-25 04:00:00;108134.39;108320.64;107975.47;108280.48
2025-05-25 03:00:00;107962.81;108306.58;107949.38;108134.39
2025-05-25 02:00:00;107699.63;108041.95;107514.73;107962.82
2025-05-25 01:00:00;107483.69;108050;107241.34;107699.63
2025-05-25 00:00:00;107794.01;108167.98;107325.29;107489.29
2025-05-24 23:00:00;108130.88;108434.62;107530.02;107794.01
2025-05-24 22:00:00;108854.14;108854.17;108016.83;108115.92
2025-05-24 21:00:00;108890.37;108900.91;108616.83;108847.91
2025-05-24 20:00:00;108988.71;109159.59;108860.5;108890.37
2025-05-24 19:00:00;108855.15;109053.99;108825;108988.71
2025-05-24 18:00:00;108959.94;109125.73;108811.81;108854.55
2025-05-24 17:00:00;109059.72;109247.8;108913.94;108959.97
2025-05-24 16:00:00;108966.11;109153.61;108721.62;109044.7
2025-05-24 15:00:00;108991.47;109250;108860.21;108965.47
2025-05-24 14:00:00;108620.12;109065.99;108613.74;108993.59
2025-05-24 13:00:00;108814.78;108941.67;108570.97;108630.22
2025-05-24 12:00:00;109229.8;109298.99;108651.48;108814.78
2025-05-24 11:00:00;109121.66;109517.79;109121.64;109224.02
2025-05-24 10:00:00;108203.12;109287.3;108180.12;109123.57
2025-05-24 09:00:00;108274.19;108469.33;108174.46;108196.97
2025-05-24 08:00:00;107619.17;108322.4;107619.17;108270.39
2025-05-24 07:00:00;107980.28;108264.72;107585.79;107619.15
2025-05-24 06:00:00;108265.51;108355.27;107701.01;107980.21
2025-05-24 05:00:00;108502.36;108549.76;108139.63;108265.52
2025-05-24 04:00:00;108390.96;108594.49;108305.28;108502.36
2025-05-24 03:00:00;107816.72;108391.58;107764.89;108390.96
2025-05-24 02:00:00;107502.31;107940.09;107263.62;107816.73
2025-05-24 01:00:00;107396.58;107904.38;107369.23;107502.36
2025-05-24 00:00:00;107332.08;107714.99;106895.77;107396.59
2025-05-23 23:00:00;107818.56;107940.28;106800.01;107329.61
2025-05-23 22:00:00;108320.71;108600;107631.3;107818.56
2025-05-23 21:00:00;108261.24;108700;108078.86;108320.71
2025-05-23 20:00:00;108744.54;108755.59;108205.69;108261.23
2025-05-23 19:00:00;108822.72;109222.2;108626.43;108747.25
2025-05-23 18:00:00;109433.7;109531.64;108671.59;108822.72
2025-05-23 17:00:00;109101.05;109850;109039.82;109433.7
2025-05-23 16:00:00;108973.71;109265.69;108025;109101.06
2025-05-23 15:00:00;109700.01;109904.88;108934.94;108973.71
2025-05-23 14:00:00;109661.05;110069.81;109540.4;109700
2025-05-23 13:00:00;108455.66;109762.16;107965.58;109676.93
2025-05-23 12:00:00;109105.05;109127.13;107327.94;108455.66
2025-05-23 11:00:00;111054.59;111090;108862.29;109105.05
2025-05-23 10:00:00;111321.15;111339;110801.78;111048.84
2025-05-23 09:00:00;110927.01;111377.2;110901.81;111321.16
2025-05-23 08:00:00;110718.99;111027.6;110707.57;110928.76
2025-05-23 07:00:00;110508.09;110855.45;110508.09;110718.99
2025-05-23 06:00:00;110853.89;110858.57;110400;110508.1
2025-05-23 05:00:00;110848.37;110957.57;110655.82;110855.98
2025-05-23 04:00:00;111100.88;111194.47;110543.23;110850.7
2025-05-23 03:00:00;111281.03;111390.92;111013.27;111100.87
2025-05-23 02:00:00;111348.74;111626;111200;111281.03
2025-05-23 01:00:00;111637.28;111759.41;111222.39;111348.73
2025-05-23 00:00:00;111722.54;111824.07;111400;111637.3
2025-05-22 23:00:00;111055;111749.99;111055;111722.53
2025-05-22 22:00:00;110868.89;111289.29;110868.89;111055.01
2025-05-22 21:00:00;111106.46;111152.06;110776.26;110868.57
2025-05-22 20:00:00;111241.94;111496.68;110863.64;111106.44
2025-05-22 19:00:00;111771.43;111980;110955.81;111241.94
2025-05-22 18:00:00;111538.5;111999.99;111393.54;111771.43
2025-05-22 17:00:00;111300.87;112000;111198.14;111538.49
2025-05-22 16:00:00;111332.32;111850;111110.01;111329.99
2025-05-22 15:00:00;110921.72;111597.63;110796.44;111328.2
2025-05-22 14:00:00;110932.41;111423.46;110558;110921.72
2025-05-22 13:00:00;111615.84;111634.8;110915.84;110932.5
2025-05-22 12:00:00;110999.99;111644.99;110811.67;111619.05
2025-05-22 11:00:00;110794.22;111340;110490.9;110985.64
2025-05-22 10:00:00;110830.28;110972.11;110618.18;110794.22
2025-05-22 09:00:00;110410.13;110849.98;110279.77;110830.27
2025-05-22 08:00:00;111061.85;111172.5;110390.65;110410.13
2025-05-22 07:00:00;110612.09;111157.76;110477.09;111061.79
2025-05-22 06:00:00;110871.13;111185.04;110478.12;110612.08
2025-05-22 05:00:00;111494.33;111683.85;110813.91;110871.13
2025-05-22 04:00:00;111798.08;111820.37;111245.92;111495.62
2025-05-22 03:00:00;110509.01;111903.84;110360.56;111805.99
2025-05-22 02:00:00;109953.02;110991.17;109856.87;110509.01
2025-05-22 01:00:00;109998.98;110594.9;109706.37;109957.11
2025-05-22 00:00:00;109697.19;110200;109217.23;109995.71
2025-05-21 23:00:00;108796.62;110788.98;108716.35;109699.54
2025-05-21 22:00:00;108477.83;109133.09;108326.18;108796.62
2025-05-21 21:00:00;108297.51;108622.89;107983.78;108472.54
2025-05-21 20:00:00;108675.09;108832.76;107785.92;108297.51
2025-05-21 19:00:00;107019.17;108938.33;106650.85;108675.07
2025-05-21 18:00:00;106664.82;107489.82;106385.16;107019.17
2025-05-21 17:00:00;109198.98;109419.04;106167.79;106649.54
2025-05-21 16:00:00;109030.37;109888.11;108757.37;109190.5
2025-05-21 15:00:00;109072.31;109500;108373.56;109030.37
2025-05-21 14:00:00;107319.7;109095.38;107060.02;109075.65
2025-05-21 13:00:00;106624.09;107726.02;106374.24;107317.95
2025-05-21 12:00:00;106592.79;106927.85;106453.97;106624.09
2025-05-21 11:00:00;106374.21;106803.18;106305.05;106594.49
2025-05-21 10:00:00;106239.22;106493.52;106170.98;106374.18
2025-05-21 09:00:00;106428.35;106572.16;106128.14;106239.23
2025-05-21 08:00:00;106558.54;106839.57;106393.3;106424.21
2025-05-21 07:00:00;107804.32;107924.93;106511;106559.41
2025-05-21 06:00:00;107587.36;108050.53;107338.78;107804.33
2025-05-21 05:00:00;107330.38;107779;107330.38;107579.65
2025-05-21 04:00:00;106892.95;107748.04;106789.9;107338.48
2025-05-21 03:00:00;106888.52;107155;106788.1;106892.96
2025-05-21 02:00:00;106550.38;106959.97;106235.81;106888.52
2025-05-21 01:00:00;106788.67;107137.44;106465.8;106544.8
2025-05-21 00:00:00;106883.24;107274.99;106505.01;106788.66
2025-05-20 23:00:00;106805.35;107249.99;106675;106883.24
2025-05-20 22:00:00;106659.24;106930.92;105968.14;106805.36
2025-05-20 21:00:00;106958.91;107274.99;106178.81;106659.24
2025-05-20 20:00:00;107086.17;107355;106451.65;106956.67
2025-05-20 19:00:00;105314.64;107307;105209.2;107086.17
2025-05-20 18:00:00;106242.21;106469.2;105265.53;105314.65
2025-05-20 17:00:00;105242.23;106388.9;105241.59;106249.57
2025-05-20 16:00:00;105382.35;105557.2;105128.76;105242.22
2025-05-20 15:00:00;104557.73;105448.21;104523.98;105379.12
2025-05-20 14:00:00;104485.43;105007.3;104325.82;104557.73
2025-05-20 13:00:00;104813.68;104914.59;104209.18;104477.87
2025-05-20 12:00:00;105241.6;105250.41;104683.7;104813.4
2025-05-20 11:00:00;105052.06;105381.42;104928.45;105241.6
2025-05-20 10:00:00;105316.52;105459.29;105032.39;105052.06
2025-05-20 09:00:00;105252.54;105422.49;105208.42;105315.21
2025-05-20 08:00:00;105053.32;105283.61;104871.92;105256.88
2025-05-20 07:00:00;105488.57;105779.12;104956.6;105069.33
2025-05-20 06:00:00;106135.86;106239.74;105420.88;105488.87
2025-05-20 05:00:00;106253.81;106438.34;106092.54;106135.86
2025-05-20 04:00:00;105780.47;106286.45;105561.84;106253.83
2025-05-20 03:00:00;106120.93;106200.58;105555.53;105780.46
2025-05-20 02:00:00;106471.12;106895;106013.44;106120.94
2025-05-20 01:00:00;105753.79;106800;105723.74;106471.11
2025-05-20 00:00:00;105616.21;106600;105593.01;105762.36
2025-05-19 23:00:00;105594.84;105862.54;105480;105616.18
2025-05-19 22:00:00;105486.25;105689.25;105183.94;105594.84
2025-05-19 21:00:00;105507.28;105563.42;105054.67;105486.25
2025-05-19 20:00:00;105556.13;105851.73;105357.14;105507.26
2025-05-19 19:00:00;104811.49;105615.26;104662.41;105556.13
2025-05-19 18:00:00;105400.17;105590.73;104713.71;104811.48
2025-05-19 17:00:00;105392.43;105589.91;104958.81;105400.16
2025-05-19 16:00:00;104827.01;105471.43;104525.6;105398.79
2025-05-19 15:00:00;104367.07;105000;104305.61;104822.66
2025-05-19 14:00:00;103318.61;104419.83;103210.71;104367.08
2025-05-19 13:00:00;102499.99;103559.19;102335.06;103318.56
2025-05-19 12:00:00;102979.01;102979.01;102166.31;102499.99
2025-05-19 11:00:00;102951.62;103094.99;102804.8;102979.01
2025-05-19 10:00:00;103087.9;103115.21;102860.96;102951.63
2025-05-19 09:00:00;103261.58;103484.99;103021.92;103091.87
2025-05-19 08:00:00;103256.56;103394.36;102939.61;103270.25
2025-05-19 07:00:00;102232.41;103380.02;102200.01;103256.57
2025-05-19 06:00:00;103045.53;103212.18;102105;102233.59
2025-05-19 05:00:00;103019.25;103151.4;102555;103051.85
2025-05-19 04:00:00;103630.21;103807.49;102805;103022.91
2025-05-19 03:00:00;104660.92;104660.93;103565.2;103634.83
2025-05-19 02:00:00;105077.23;105195.09;104567;104660.94
2025-05-19 01:00:00;105270;105425.49;104731.52;105073.49
2025-05-19 00:00:00;106488.77;107137.68;105152.08;105270
2025-05-18 23:00:00;105971.11;106692.97;105500;106473.46
2025-05-18 22:00:00;104230.21;105995;103991.7;105971.1
2025-05-18 21:00:00;104115.33;104667;104111.8;104230.2
2025-05-18 20:00:00;103925.74;104300;103325.98;104112.36
2025-05-18 19:00:00;104533.53;104795.53;103888.89;103925.72
2025-05-18 18:00:00;104882.36;104967.44;104009.66;104535.04
2025-05-18 17:00:00;105844.34;105930;104859.95;104878.45
2025-05-18 16:00:00;105552.04;105950;105181.99;105844.34
2025-05-18 15:00:00;105289.99;105703;105000;105551.85
2025-05-18 14:00:00;104747.99;105558.58;104574.14;105290
2025-05-18 13:00:00;103972.88;104829.06;103915.75;104750.23
2025-05-18 12:00:00;103835.55;103977.61;103735;103972.88
2025-05-18 11:00:00;103885.28;104038.02;103794.5;103836.86
2025-05-18 10:00:00;103900.57;103965.97;103821.41;103885.29
2025-05-18 09:00:00;103937.19;104062.25;103869.99;103900.77
2025-05-18 08:00:00;103960.21;104107.85;103839.17;103937.2
2025-05-18 07:00:00;103499.9;103999.88;103469.44;103957.26
2025-05-18 06:00:00;103671.07;103708.28;103400;103503.44
2025-05-18 05:00:00;103384.12;103717.91;103384.12;103671.09
2025-05-18 04:00:00;103318.3;103476.27;103318.3;103384.12
2025-05-18 03:00:00;103374.85;103428.28;103161;103320.92
2025-05-18 02:00:00;103296.13;103398.64;103279.49;103372.43
2025-05-18 01:00:00;103408.28;103446.68;103169.31;103296.14
2025-05-18 00:00:00;103162.53;103453.34;103130.95;103408.28
2025-05-17 23:00:00;103073.43;103251.28;102987.03;103161.07
2025-05-17 22:00:00;103286.8;103297.58;102940.31;103073.44
2025-05-17 21:00:00;103406.88;103516.94;103154.39;103286.46
2025-05-17 20:00:00;103188.14;103473.73;103107.66;103406.89
2025-05-17 19:00:00;103027.95;103240;102955.01;103188.14
2025-05-17 18:00:00;103164.19;103425.28;103005;103027.95
2025-05-17 17:00:00;102978.81;103334.33;102957.65;103164.2
2025-05-17 16:00:00;102976.22;103140;102797.43;102987.63
2025-05-17 15:00:00;103162.31;103213.33;102969.89;102976.24
2025-05-17 14:00:00;102746.65;103213.91;102729.85;103162.31
2025-05-17 13:00:00;102963.68;103144.35;102672.81;102742.58
2025-05-17 12:00:00;103021.2;103100.84;102910.17;102963.68
2025-05-17 11:00:00;102909.29;103136.27;102778.19;103021.2
2025-05-17 10:00:00;102928.33;103086.35;102848.24;102909.29
2025-05-17 09:00:00;103449.83;103581.54;102842.15;102928.33
2025-05-17 08:00:00;103481.5;103595.92;103151.22;103449.83
2025-05-17 07:00:00;103510.8;103658.62;103440.5;103476.63
2025-05-17 06:00:00;103376.4;103532.91;103308.58;103510.79
2025-05-17 05:00:00;103678.21;103741.98;103351.65;103377.28
2025-05-17 04:00:00;103529.58;103689.73;103479.99;103677.05
2025-05-17 03:00:00;103303.49;103617.16;103180.19;103529.59
2025-05-17 02:00:00;102867.36;103386.11;102759.03;103301.41
2025-05-17 01:00:00;103382.08;103382.08;102612;102861.15
2025-05-17 00:00:00;103500.03;103577.19;103123.97;103382.12
2025-05-16 23:00:00;103554.69;103729.01;103451.08;103500.03
2025-05-16 22:00:00;103638.32;103656.63;103440.58;103554.69
2025-05-16 21:00:00;103715.3;103823.51;103523.99;103638.32
2025-05-16 20:00:00;104073.36;104078.76;103551.24;103718.91
2025-05-16 19:00:00;103724.9;104104;103619.99;104069.32
2025-05-16 18:00:00;103901.06;104136;103720;103721.93
2025-05-16 17:00:00;104197.69;104446.91;103800;103901.06
2025-05-16 16:00:00;104229.4;104616.71;103876.78;104197.69
2025-05-16 15:00:00;103619.05;104335.46;103619.05;104229.4
2025-05-16 14:00:00;104053.02;104053.02;103367.11;103619.05
2025-05-16 13:00:00;103546.52;104158.01;103481.79;104048.99
2025-05-16 12:00:00;103706.52;103824.39;103528.54;103542.51
2025-05-16 11:00:00;103848.42;103943.47;103587.17;103706.52
2025-05-16 10:00:00;103838.24;103932.81;103666.58;103842.81
2025-05-16 09:00:00;103427.69;103859.23;103427.41;103831.44
2025-05-16 08:00:00;103737.28;103813.1;103125.51;103427.69
2025-05-16 07:00:00;104019.69;104211.65;103718.62;103737.28
2025-05-16 06:00:00;103934.58;104126.92;103881.12;104019.69
2025-05-16 05:00:00;103947.12;104172.38;103838.48;103934.56
2025-05-16 04:00:00;104046.95;104224.62;103836.99;103946.57
2025-05-16 03:00:00;104221.59;104361.41;104011.93;104046.94
2025-05-16 02:00:00;104074.55;104493.89;103950;104221.49
2025-05-16 01:00:00;103786.12;104134.01;103473.01;104074.55
2025-05-16 00:00:00;103786.4;104050;103666.81;103786.12
2025-05-15 23:00:00;103522.68;103923.8;103258.42;103786.43
2025-05-15 22:00:00;103319.97;104000;103271.92;103522.69
2025-05-15 21:00:00;103455.01;103456.75;102734.41;103323.25
2025-05-15 20:00:00;103179.6;103521.82;102907.65;103457.38
2025-05-15 19:00:00;102712.36;103268.49;102570;103179.6
2025-05-15 18:00:00;103990.87;104044.52;102660.15;102712.37
2025-05-15 17:00:00;103869.65;104200;103670;103990.88
2025-05-15 16:00:00;103287.25;103879.62;103040.01;103869.62
2025-05-15 15:00:00;101997.61;103320.83;101933.94;103286.86
2025-05-15 14:00:00;102164.97;102441.42;101400.01;101998.51
2025-05-15 13:00:00;102585.84;102831.64;101571.29;102171.81
2025-05-15 12:00:00;102402.11;102872.36;102282.11;102585.24
2025-05-15 11:00:00;101836.33;102460.16;101802.27;102402.12
2025-05-15 10:00:00;101839.68;101958.93;101614.67;101841.26
2025-05-15 09:00:00;102287.81;102293.76;101526.69;101839.68
2025-05-15 08:00:00;101807.59;102352.29;101772.85;102287.8
2025-05-15 07:00:00;102283.01;102476.02;101739.24;101807.59
2025-05-15 06:00:00;102395.05;102709.34;102171.73;102283.01
2025-05-15 05:00:00;102908.57;102944.98;102350;102389.01
2025-05-15 04:00:00;102767.53;102980.75;102722.03;102908.62
2025-05-15 03:00:00;103068.27;103171.11;102734.64;102769
2025-05-15 02:00:00;103058.11;103241.14;102926.81;103068.27
2025-05-15 01:00:00;103831.65;103831.66;102995;103058.12
2025-05-15 00:00:00;103540.91;103898.61;103518.44;103831.66
2025-05-14 23:00:00;103536.17;103653.4;103388.03;103545.38
2025-05-14 22:00:00;103666.02;103691.24;103453.11;103536.17
2025-05-14 21:00:00;103577.05;103711.93;103450.12;103666.03
2025-05-14 20:00:00;103309.71;103700;103292.89;103580.59
2025-05-14 19:00:00;103540.15;103741.08;103248.19;103302
2025-05-14 18:00:00;103279.95;103561.35;103044.31;103541.59
2025-05-14 17:00:00;103386.4;103491.98;102603.27;103279.95
2025-05-14 16:00:00;103536.89;103659.25;103188.01;103386.4
2025-05-14 15:00:00;103292.57;103581.54;102858;103536.89
2025-05-14 14:00:00;103985.96;103990.46;102911.01;103287.7
2025-05-14 13:00:00;104013.79;104373;103486.09;103989.43
2025-05-14 12:00:00;103954.37;104239.31;103909.89;104013.8
2025-05-14 11:00:00;103717.53;104168.17;103717.53;103952.28
2025-05-14 10:00:00;103486.2;103970.16;103448.56;103717.42
2025-05-14 09:00:00;103220.55;103501.77;102878.01;103486.2
2025-05-14 08:00:00;103714.43;103885.66;103211.35;103220.54
2025-05-14 07:00:00;103756.85;103805.99;103404.08;103714.43
2025-05-14 06:00:00;103912.35;103973.72;103660.17;103754.66
2025-05-14 05:00:00;103757.07;103999.42;103696.68;103912.36
2025-05-14 04:00:00;103585.3;103861.15;103465.76;103747.99
2025-05-14 03:00:00;103710.5;103780.27;103447.56;103585.29
2025-05-14 02:00:00;103728.8;103798.63;103483.44;103710.5
2025-05-14 01:00:00;103922.23;104075.87;103686.34;103728.8
2025-05-14 00:00:00;104131.2;104140.16;103777;103911.62
2025-05-13 23:00:00;104148.62;104300;103887.21;104131.06
2025-05-13 22:00:00;104363.79;104450;104100.01;104147.57
2025-05-13 21:00:00;104580.6;104650;104231;104363.8
2025-05-13 20:00:00;104831.15;104985.83;104450;104580.58
2025-05-13 19:00:00;104405.24;105038.53;104200;104836.64
2025-05-13 18:00:00;104296.97;104490.59;104110.18;104405.23
2025-05-13 17:00:00;103747.87;104354;103729.39;104298.32
2025-05-13 16:00:00;103705.49;104442.31;103554.1;103747.87
2025-05-13 15:00:00;103209.3;103900;103147.23;103705.49
2025-05-13 14:00:00;103755.74;103776.09;102850;103211.63
2025-05-13 13:00:00;103705.98;103952.42;103425.02;103751.99
2025-05-13 12:00:00;103748.33;103989.99;103332.7;103709.09
2025-05-13 11:00:00;103575.38;103847.83;103467.75;103748.34
2025-05-13 10:00:00;103467.56;103628.62;103284.23;103575.38
2025-05-13 09:00:00;102716.63;103531.14;102716.63;103467.55
2025-05-13 08:00:00;102671.88;102967.85;102547.5;102716.62
2025-05-13 07:00:00;102551.89;102952.17;102551.89;102671.88
2025-05-13 06:00:00;102471.43;102690.07;102325.11;102551.89
2025-05-13 05:00:00;102741.1;102741.1;102275.5;102471.43
2025-05-13 04:00:00;101724.52;102767.38;101603.92;102741.12
2025-05-13 03:00:00;102070.28;102173.83;101447.78;101724.52
2025-05-13 02:00:00;102405.44;102736.1;101708.61;102070.62
2025-05-13 01:00:00;102279.55;102735.97;102082.65;102398.36
2025-05-13 00:00:00;102800.22;102805.22;102169.13;102279.55
2025-05-12 23:00:00;102865.58;103137.14;102793.4;102800.21
2025-05-12 22:00:00;102508.14;102941.76;102352.29;102865.6
2025-05-12 21:00:00;102690.3;102756.23;102367.54;102513.22
2025-05-12 20:00:00;101846.78;102907.93;101760.66;102690.29
2025-05-12 19:00:00;101632.05;102117.08;101460.75;101850.92
2025-05-12 18:00:00;102564.87;102673.72;100703.71;101630.99
2025-05-12 17:00:00;102858.49;103095.89;102525.01;102564.85
2025-05-12 16:00:00;102519.82;103081.94;102421.14;102853.89
2025-05-12 15:00:00;102801.37;103205.18;102358.44;102522.89
2025-05-12 14:00:00;104348.29;104420.99;102546.4;102801.39
2025-05-12 13:00:00;103881.9;104649.99;103658.01;104339.9
2025-05-12 12:00:00;103748;104143.36;103706.85;103884.76
2025-05-12 11:00:00;104515.65;104629.26;103594.04;103753.93
2025-05-12 10:00:00;104470.27;104579.23;104167.5;104515.66
2025-05-12 09:00:00;104621.19;104683.63;104376.17;104465.03
2025-05-12 08:00:00;104479.67;104749.1;104080.46;104621.19
2025-05-12 07:00:00;104397.22;105787.37;104141.72;104479.68
2025-05-12 06:00:00;103958.22;104410.34;103797.08;104397.22
2025-05-12 05:00:00;104055.78;104069.52;103750.51;103958.27
2025-05-12 04:00:00;104108.82;104177.92;103812.68;104055.78
2025-05-12 03:00:00;103902.53;104100;103719;104100
2025-05-12 02:00:00;103997.02;104220.56;103710;103907.37
2025-05-12 01:00:00;104608.56;105059.47;103756.12;103997.01
2025-05-12 00:00:00;104137.58;104668.21;104077.67;104610.83
2025-05-11 23:00:00;103822.27;104162.19;103786;104137.62
2025-05-11 22:00:00;104396.38;104600;103581;103819.34
2025-05-11 21:00:00;104299.66;104422.94;104000;104388.08
2025-05-11 20:00:00;104455.36;104485;104184.2;104296.29
2025-05-11 19:00:00;104565.51;104690.62;104382.27;104455.36
2025-05-11 18:00:00;104060.96;104879.99;103858.5;104565.53
2025-05-11 17:00:00;104018.04;104179.23;103804.6;104066.09
2025-05-11 16:00:00;104170.95;104218.54;103759.64;104018.03
2025-05-11 15:00:00;104187.17;104713.37;103939.31;104177.33
2025-05-11 14:00:00;103997.65;104330.28;103800;104187.15
2025-05-11 13:00:00;104616.54;104689.28;103961.98;103988.54
2025-05-11 12:00:00;104665.28;104907.72;104506.45;104616.55
2025-05-11 11:00:00;104655.82;104774.47;104388.08;104665.28
2025-05-11 10:00:00;104368.07;104666;104208.01;104658.96
2025-05-11 09:00:00;103839.16;104499.82;103818;104368.08
2025-05-11 08:00:00;103394.65;104046.91;103394.47;103825.65
2025-05-11 07:00:00;103868.69;103893.7;103360.22;103393.57
2025-05-11 06:00:00;103855.9;103985.18;103622.86;103868.7
2025-05-11 05:00:00;104164.37;104214.71;103823;103845.85
2025-05-11 04:00:00;104013.5;104426;104003.51;104164.37
2025-05-11 03:00:00;103779.89;104208.15;103662.4;104016.64
2025-05-11 02:00:00;104138.31;104292.15;103450.4;103779.89
2025-05-11 01:00:00;104427.32;104537.24;103874.74;104138.3
2025-05-11 00:00:00;104817.83;104980.89;103895.45;104427.33
2025-05-10 23:00:00;103612.31;104997;103580.01;104821.19
2025-05-10 22:00:00;103759.87;103844.98;103567;103612.4
2025-05-10 21:00:00;103201.78;103827.69;103169;103770
2025-05-10 20:00:00;103205.29;103333.07;103070.16;103201.77
2025-05-10 19:00:00;103261.03;103330.19;103097.16;103205.28
2025-05-10 18:00:00;103185.02;103340.18;103023.04;103261.02
2025-05-10 17:00:00;103436.38;103623.08;103172.88;103185.01
2025-05-10 16:00:00;103154.27;103560.45;103105.01;103446.64
2025-05-10 15:00:00;103537.51;103556.08;103111.01;103156.75
2025-05-10 14:00:00;103641.95;103684.02;103427.95;103537.48
2025-05-10 13:00:00;103716.83;103813.1;103537.16;103640.85
2025-05-10 12:00:00;103440.32;103848.06;103420.24;103716.83
2025-05-10 11:00:00;103608.5;103674.19;103376.29;103440.31
2025-05-10 10:00:00;103778.13;103912.01;103595.79;103608.49
2025-05-10 09:00:00;103647.39;103933.2;103373.21;103778.13
2025-05-10 08:00:00;103779.9;104099.12;103477.29;103647.39
2025-05-10 07:00:00;103947.83;104099;103633.07;103779.9
2025-05-10 06:00:00;103375.51;103947.86;103367.57;103947.84
2025-05-10 05:00:00;103180;103383.21;103110.55;103375.52
2025-05-10 04:00:00;103235.23;103235.24;103054.26;103180
2025-05-10 03:00:00;103149.6;103249.99;102991.31;103235.24
2025-05-10 02:00:00;102986.85;103296.92;102954.37;103149.61
2025-05-10 01:00:00;102867.8;103129.78;102860.2;102986.85
2025-05-10 00:00:00;102986.94;103124.99;102831.41;102867.38
2025-05-09 23:00:00;102799.37;102999.98;102743.73;102986.96
2025-05-09 22:00:00;103000;103098.92;102753.39;102791.84
2025-05-09 21:00:00;103211.35;103244.04;102781.06;103000
2025-05-09 20:00:00;103240.53;103449.99;103155.48;103211.32
2025-05-09 19:00:00;103203.53;103328.6;102908.8;103229.28
2025-05-09 18:00:00;103220.21;103413.26;102955.05;103203.5
2025-05-09 17:00:00;102500;103256.08;102356.42;103220.67
2025-05-09 16:00:00;102909.02;102951.88;102330.76;102500
2025-05-09 15:00:00;103172.04;103331.14;102684.66;102909
2025-05-09 14:00:00;103641.78;103777;102418.38;103193.22
2025-05-09 13:00:00;102898.82;103799.48;102820.13;103641.82
2025-05-09 12:00:00;102939.79;103159.67;102784.23;102898.82
2025-05-09 11:00:00;103345.75;103500;102648.47;102942.84
2025-05-09 10:00:00;102920.66;103450;102803.88;103340.99
2025-05-09 09:00:00;102966.74;103291.44;102413.91;102910.51
2025-05-09 08:00:00;103654.74;103953.31;102650;102968.15
2025-05-09 07:00:00;103214.49;104352.6;103115.24;103659.95
2025-05-09 06:00:00;102943.99;103239.22;102904;103214.48
2025-05-09 05:00:00;102812.11;102944.2;102566.61;102944
2025-05-09 04:00:00;102434.44;102842.68;102350.64;102812.11
2025-05-09 03:00:00;102591.7;102791.26;102350.01;102433.37
2025-05-09 02:00:00;103087.81;103091.67;102500;102591.7
2025-05-09 01:00:00;102810.15;103127.03;102521.36;103080.73
2025-05-09 00:00:00;103252.2;103262.94;102529.76;102810.15
2025-05-08 23:00:00;102999.98;103300;102761.77;103253.49
2025-05-08 22:00:00;102815.97;103215.82;102343.4;102999.98
2025-05-08 21:00:00;102626.26;104176.05;102124.41;102815.96
2025-05-08 20:00:00;101337.6;102842.27;101313.54;102622.63
2025-05-08 19:00:00;101391.86;101391.86;100989.02;101335.87
2025-05-08 18:00:00;101046.79;101497.9;101000;101391.89
2025-05-08 17:00:00;101317.12;101750;100816.14;101046.79
2025-05-08 16:00:00;100797.12;101412.2;100580.02;101317.13
2025-05-08 15:00:00;99404.6;101520;99350.01;100795.68
2025-05-08 14:00:00;99322.25;99879;99189.14;99417.67
2025-05-08 13:00:00;99308.6;99657.88;99104.88;99322.48
2025-05-08 12:00:00;99424.88;99579.99;99271.53;99308.61
2025-05-08 11:00:00;99800.41;99801.56;99414.19;99423.03
2025-05-08 10:00:00;99802.93;99919.99;99692.05;99804.5
2025-05-08 09:00:00;99686.1;99820.26;99547.36;99802.92
2025-05-08 08:00:00;99274.11;99789.39;99222.6;99686.09
2025-05-08 07:00:00;99020.92;99386.74;99020.91;99274.11
2025-05-08 06:00:00;98750.29;99041.05;98680;99020.91
2025-05-08 05:00:00;98968.73;99152.62;98742.22;98760.69
2025-05-08 04:00:00;99165.51;99434.33;98944.46;98968.74
