datetime;open;high;low;close;volume
2025-12-02 15:30:00;284.57;287.39;284.2;285.53;373680
2025-12-02 14:30:00;283.05;285.3;282.655;284.54;338744
2025-12-01 20:30:00;281.92001;283.42;281.73001;283.32001;5357873
2025-12-01 19:30:00;280.88000;281.94000;280.70999;281.91000;2916696
2025-12-01 18:30:00;280.59009;281.22000;280.45;280.89001;2919865
2025-12-01 17:30:00;279.77499;280.64001;279.45999;280.58820;2222347
2025-12-01 16:30:00;277.89999;279.89001;277.89001;279.77051;2091919
2025-12-01 15:30:00;278.10001;278.48010;277.3;277.92001;1731132
2025-12-01 14:30:00;278.14999;278.76999;276.14;278.14209;5114373
2025-11-28 17:30:00;277.059998;279;276.90079;278.85999;2505536
2025-11-28 16:30:00;276.24500;277.17;275.98651;277.049988;1791406
2025-11-28 15:30:00;276.29001;276.91989;275.98999;276.25;1743837
2025-11-28 14:30:00;277.26001;278.23920;276.019989;276.26001;4040463
2025-11-26 20:30:00;278.070007;278.29999;277.14999;277.47000;9116002
2025-11-26 19:30:00;278.26010;278.94000;278.010010;278.079987;1953254
2025-11-26 18:30:00;278.56000;278.58179;277.92499;278.26001;1432964
2025-11-26 17:30:00;279.070007;279.29001;278.095001;278.54999;1871279
2025-11-26 16:30:00;279.029999;279.53000;278.87000;279.079010;2586354
2025-11-26 15:30:00;277.79001;279.14001;276.81000;279.010101;2510611
2025-11-26 14:30:00;276.95999;279.047485;276.63000;277.81000;5086107
2025-11-25 20:30:00;277.56000;278;276.85999;276.95001;2448205
2025-11-25 19:30:00;278.040009;278.14499;277.49750;277.56500;1909795
2025-11-25 18:30:00;278.76501;278.78;277.79001;278.035004;1727727
2025-11-25 17:30:00;279.089996;279.37;278.23;278.76001;1925113
2025-11-25 16:30:00;277.82001;279.31;277.5;279.070099;2504679
2025-11-25 15:30:00;278.89001;279.63000;277.77;277.82999;2840433
2025-11-25 14:30:00;275.29999;280.38000;275.26999;278.90500;9723608
2025-11-24 20:30:00;276.47000;276.98001;275.10999;275.98001;4904039
2025-11-24 19:30:00;276.23001;276.65500;275.355;276.47501;2998933
2025-11-24 18:30:00;276.12000;276.45001;275.85;276.21951;2440121
2025-11-24 17:30:00;274.85001;276.51001;274.74;276.12000;3404232
2025-11-24 16:30:00;274.97000;275.26999;274.44000;274.85001;2583089
2025-11-24 15:30:00;273.079987;275.38959;272.64999;275;7232547
2025-11-24 14:30:00;270.89999;275.92001;270.89999;273.095001;7995693
2025-11-21 20:30:00;271.35001;272.13000;270.59000;271.5;17443143
2025-11-21 19:30:00;272.57501;273.28000;271.35001;271.37000;3135966
2025-11-21 18:30:00;270.98001;273.33;270.86499;272.60999;3562846
2025-11-21 17:30:00;270.63000;271.60001;270.2;270.98001;2023820
2025-11-21 16:30:00;270.89001;271.12000;269.81000;270.54999;11635703
2025-11-21 15:30:00;269.79001;271.47000;269.22000;270.89999;4829994
2025-11-21 14:30:00;265.88000;270.45001;265.74;269.85001;10658658
2025-11-20 20:30:00;267.32001;267.57999;265.92001;266.38000;3489586
2025-11-20 19:30:00;267.78000;267.91000;267;267.32001;2094448
2025-11-20 18:30:00;268.79001;268.92999;266.35999;267.79501;2392389
2025-11-20 17:30:00;268.87000;269.25;267.020111;268.81000;2981937
2025-11-20 16:30:00;271.78000;271.78000;268.049988;268.94000;4056106
2025-11-20 15:30:00;273.91000;274.73001;271.62000;271.78000;2856925
2025-11-20 14:30:00;270.81000;275.42999;270.81000;273.90500;7869887
2025-11-19 20:30:00;270;270.32999;268.14;268.54999;9741413
2025-11-19 19:30:00;269.67001;270.73499;269.17001;270.035004;2137859
2025-11-19 18:30:00;270.010010;271.010010;269.63;269.67001;1644126
2025-11-19 17:30:00;270.45999;271.31000;269.62000;270.029999;2049762
2025-11-19 16:30:00;269.75;270.67;269.53000;270.39999;2001030
2025-11-19 15:30:00;271.85010;272.010010;269.32010;269.73001;2792346
2025-11-19 14:30:00;265.52499;272.20999;265.5;271.85001;6778562
2025-11-18 20:30:00;268.29999;268.42999;267.32;267.51001;3127789
2025-11-18 19:30:00;268.049988;268.92499;267.67999;268.28021;2115137
2025-11-18 18:30:00;268.45001;269.22000;267.95999;268.034485;2176560
2025-11-18 17:30:00;267.16000;268.93;266.42999;268.45001;2282519
2025-11-18 16:30:00;267.84000;268.33801;267.14001;267.16501;2742457
2025-11-18 15:30:00;267.66501;268.13;266.028015;267.84000;3521812
2025-11-18 14:30:00;269.91501;270.71;265.32001;267.64999;8219985
2025-11-17 20:30:00;266.44000;267.57999;266.19000;267.45999;3487816
2025-11-17 19:30:00;267.29501;267.38000;265.73;266.44000;2737988
2025-11-17 18:30:00;267.76999;268.34000;266.85999;267.29001;2030991
2025-11-17 17:30:00;268.94000;269.35001;267.44000;267.78000;1923442
2025-11-17 16:30:00;267.85001;269.57;267.82;268.92001;2089997
2025-11-17 15:30:00;269.23001;269.39001;266.64999;267.87991;3379761
2025-11-17 14:30:00;268.72000;270.48999;267;269.28000;8509806
2025-11-14 20:30:00;272.97000;273.26001;272.17;272.54999;3210889
2025-11-14 19:30:00;273.97000;274.25;272.89001;272.98999;2106336
2025-11-14 18:30:00;274.57001;274.76001;273.84000;273.95999;1593851
2025-11-14 17:30:00;275.70999;275.96;274.23001;274.58499;1963757
2025-11-14 16:30:00;274.64499;275.92001;273.54999;275.70499;4251993
2025-11-14 15:30:00;273.76999;274.64999;273.20001;274.64999;3569903
2025-11-14 14:30:00;271.049988;273.89001;269.6;273.75919;10617822
2025-11-13 20:30:00;273.029999;273.60001;272.5;273.040009;11025353
2025-11-13 19:30:00;273.53500;273.69000;272.545;273.039612;2603044
2025-11-13 18:30:00;272.56000;273.85001;272.10001;273.53000;3060900
2025-11-13 17:30:00;272.84000;273.32001;272.49;272.57010;6391535
2025-11-13 16:30:00;274.029999;274.48990;272.45999;272.85999;2339844
2025-11-13 15:30:00;273.70010;274.19000;272.17999;274.037109;3931506
2025-11-13 14:30:00;274.26999;276.69901;273.29001;273.70999;10014720
2025-11-12 20:30:00;274.049988;274.4;272.97000;273.47000;12095413
2025-11-12 19:30:00;274.45001;274.695;273.49;274.049988;2059500
2025-11-12 18:30:00;274.98999;275.73001;274.42999;274.45001;2013567
2025-11-12 17:30:00;274.38000;275.14001;274.12000;274.98001;1642127
2025-11-12 16:30:00;274.59000;274.855;273.72501;274.39001;2104341
2025-11-12 15:30:00;272.91000;274.61;272.54999;274.60001;3328165
2025-11-12 14:30:00;275.075012;275.23999;271.86;272.94000;10718425
2025-11-11 20:30:00;275.23999;275.85;274.79999;275.29999;4039713
2025-11-11 19:30:00;275.32999;275.76001;275.045;275.25;2653431
2025-11-11 18:30:00;274.48999;275.66000;274.16000;275.32001;10266363
2025-11-11 17:30:00;273.32999;274.70001;273.029999;274.48001;2634766
2025-11-11 16:30:00;272.51001;273.615;271.78000;273.31500;2525614
2025-11-11 15:30:00;274.10001;274.35;272.42999;272.5;3452496
2025-11-11 14:30:00;269.81000;274.73999;269.79999;274.10001;9244708
2025-11-10 20:30:00;269.10001;269.60001;268.76001;269.35999;2892894
2025-11-10 19:30:00;269.63000;269.81;269.049988;269.11859;2248210
2025-11-10 18:30:00;269.70999;270.30771;267.45499;269.66000;3188667
2025-11-10 17:30:00;269.070007;270.23001;269.010010;269.73001;1807442
2025-11-10 16:30:00;269.040009;269.75879;268.48;269.079987;2346213
2025-11-10 15:30:00;271.82999;271.98999;269.049988;269.066406;3083676
2025-11-10 14:30:00;268.95001;273.73001;268.95001;271.85699;7030981
2025-11-07 20:30:00;267.76001;268.58;267.69000;268.42001;3276821
2025-11-07 19:30:00;267.26001;268.5;266.78000;267.75989;3921327
2025-11-07 18:30:00;268.45001;268.66000;267.095001;267.25;2217548
2025-11-07 17:30:00;269.11499;269.14001;268.058807;268.45001;2041690
2025-11-07 16:30:00;269.51999;269.89001;268.32001;269.10999;3276263
2025-11-07 15:30:00;271.56000;271.98;269.48;269.53000;3991205
2025-11-07 14:30:00;269.79501;272.29001;267.26999;271.57999;7855390
2025-11-06 20:30:00;271.20001;271.52020;269.59500;269.64001;3825533
2025-11-06 19:30:00;272.0050049;272.20001;270.73499;271.20999;10940937
2025-11-06 18:30:00;271.37000;272.16000;271.020386;271.99011;1783486
2025-11-06 17:30:00;271.42001;272.505;270.92001;271.35001;2621839
2025-11-06 16:30:00;272.17999;272.22000;270.39001;271.42499;3198033
2025-11-06 15:30:00;272.82800;273.39999;271.55011;272.18149;9234383
2025-11-06 14:30:00;267.89001;272.82001;267.89001;272.82001;7293287
2025-11-05 20:30:00;269.60999;270.39999;268.99500;270.10999;11020583
2025-11-05 19:30:00;270.41000;271.5;269.525;269.60001;8665948
2025-11-05 18:30:00;270.10999;271.70001;269.76999;270.42999;12590046
2025-11-05 17:30:00;269.97000;270.79001;269.92999;270.12000;1426592
2025-11-05 16:30:00;270.28000;270.47000;269.5;269.97000;1631841
2025-11-05 15:30:00;268.98999;270.38000;268.76001;270.29001;2169435
2025-11-05 14:30:00;268.59000;269.58990;266.92;269.010101;7995553
2025-11-04 20:30:00;270.10001;270.40500;269.5;270.20999;3522361
2025-11-04 19:30:00;270.53000;270.60999;269.28271;270.090515;2594188
2025-11-04 18:30:00;270.60999;270.82001;269.87000;270.51041;2562532
2025-11-04 17:30:00;270.0050049;270.92999;269.89001;270.63840;2072453
2025-11-04 16:30:00;270.64001;271.48599;268.98001;270.010010;3846826
2025-11-04 15:30:00;268.42999;271;267.70999;270.60999;3278354
2025-11-04 14:30:00;268.24249;269.59000;267.61499;268.42999;11711472
2025-11-03 20:30:00;267.63000;269.10999;267.45999;269.059998;3383138
2025-11-03 19:30:00;267.32001;267.79001;266.91000;267.62000;2243434
2025-11-03 18:30:00;267.70990;268.62000;267.31000;267.31000;2075268
2025-11-03 17:30:00;267.51999;268;267.25;267.67801;2034109
2025-11-03 16:30:00;266.65991;268.14999;266.52231;267.53500;2821699
2025-11-03 15:30:00;267.64001;268.28000;266.5;266.64001;3102546
2025-11-03 14:30:00;270.42001;270.78000;266.25;267.63000;10223517
2025-10-31 19:30:00;272.13000;272.64999;269.95999;270.25;6601078
2025-10-31 18:30:00;271.79001;272.17499;271.26999;272.10501;2901733
2025-10-31 17:30:00;270.32999;272.059906;270.10999;271.81000;2396660
2025-10-31 16:30:00;272.42999;273.17001;270.14999;270.34879;4005527
2025-10-31 15:30:00;271.29990;272.85849;270.22000;272.43500;4301242
2025-10-31 14:30:00;270.42999;271.55991;270.10010;271.29999;4595066
2025-10-31 13:30:00;276.98999;277.32001;269.16000;270.38000;17228178
2025-10-30 19:30:00;271.34000;271.67001;271.049988;271.29001;5177440
2025-10-30 18:30:00;271.76001;272.0079956;270.99500;271.34000;3831349
2025-10-30 17:30:00;271.95001;272.29999;271.28000;271.75;3435055
2025-10-30 16:30:00;272;272.067810;271.040009;271.95001;2409548
2025-10-30 15:30:00;270.78000;272.39001;270.26309;272.010010;3869786
2025-10-30 14:30:00;269.089996;271.17001;268.48001;270.79001;3886744
2025-10-30 13:30:00;271.98999;274.14001;268.98999;269.089996;8387840
2025-10-29 19:30:00;268.32001;270.38000;267.79999;269.73001;4325904
2025-10-29 18:30:00;270.78500;270.92999;268.26001;268.31000;5156103
2025-10-29 17:30:00;269.89001;270.85001;269.79001;270.81000;4963178
2025-10-29 16:30:00;268.60300;269.93011;268.47009;269.93011;3066081
2025-10-29 15:30:00;267.60999;268.85999;267.10999;268.62000;4595121
2025-10-29 14:30:00;270.41000;270.44501;267.51221;267.63000;6247839
2025-10-29 13:30:00;269.27499;271.41000;268.70001;270.42001;10209230
2025-10-28 19:30:00;269.20001;269.35501;268.60001;269.029999;5339653
2025-10-28 18:30:00;269.10501;269.44000;268.78000;269.20001;4120349
2025-10-28 17:30:00;269.49500;269.49500;268.79999;269.090210;3181670
2025-10-28 16:30:00;268.98001;269.87000;268.82001;269.49500;3503864
2025-10-28 15:30:00;268.69501;269.075806;268.35001;268.99500;2758052
2025-10-28 14:30:00;268.64230;269.14001;268.14999;268.69720;3550384
2025-10-28 13:30:00;269.13501;269.87000;268.25;268.64999;11832766
2025-10-27 19:30:00;267.26999;269.079987;267.20999;268.73999;6996092
2025-10-27 18:30:00;265.59000;267.39999;265.47000;267.27499;4259189
2025-10-27 17:30:00;265.63000;266.015015;265.51001;265.59500;2171755
2025-10-27 16:30:00;265.94000;266.125;265.51001;265.62000;3331147
2025-10-27 15:30:00;265.70999;266.089996;265.049988;265.92999;3517895
2025-10-27 14:30:00;265.73999;266.42001;265.19501;265.70999;4050852
2025-10-27 13:30:00;264.88000;267.049988;264.65009;265.73001;9319511
2025-10-24 19:30:00;263.51001;263.66000;262.13000;262.73999;4742484
2025-10-24 18:30:00;264.024994;264.10001;263.14999;263.5;3187549
2025-10-24 17:30:00;263.60999;264.13000;263.41000;264.019989;2843868
2025-10-24 16:30:00;263.59000;263.70999;262.85001;263.60999;2930456
2025-10-24 15:30:00;263.29001;264.029999;262.95001;263.57999;4458666
2025-10-24 14:30:00;260.94000;263.35999;260.79001;263.28000;5490920
2025-10-24 13:30:00;261.19000;261.62000;259.17999;260.94141;7287527
2025-10-23 19:30:00;259.91000;260.049988;259.079987;259.57999;3143856
2025-10-23 18:30:00;259.97000;260.019989;259.62000;259.89999;2237171
2025-10-23 17:30:00;259.88000;260.42499;259.82999;259.97000;3320192
2025-10-23 16:30:00;260.049988;260.54999;259.51999;259.85999;2574209
2025-10-23 15:30:00;259.39999;260.61990;259.083405;260.040009;3168121
2025-10-23 14:30:00;259.42001;259.67999;258.73001;259.39999;2852790
2025-10-23 13:30:00;259.89001;260.17990;258.010101;259.47989;6251007
2025-10-22 19:30:00;257.51999;258.81000;257.42999;258.42999;4263522
2025-10-22 18:30:00;256.54999;257.67999;256.14001;257.51001;3195141
2025-10-22 17:30:00;256.67001;257.079803;255.42999;256.55099;4221043
2025-10-22 16:30:00;258.54999;258.76999;256.29999;256.69141;4679141
2025-10-22 15:30:00;258.45001;259.48999;258.049988;258.54999;3763921
2025-10-22 14:30:00;260;261.13000;257.64011;258.42990;5930214
2025-10-22 13:30:00;262.79001;262.85001;259.72000;260.049896;10285470
2025-10-21 19:30:00;263.095001;263.20999;262.47000;262.84000;3493018
2025-10-21 18:30:00;263.44958;263.73819;262.95001;263.084991;3430980
2025-10-21 17:30:00;263.32581;264.049988;262.14999;263.44989;3718095
2025-10-21 16:30:00;263.16000;263.67990;262.84750;263.32651;2671606
2025-10-21 15:30:00;263.67001;264.53500;263.080109;263.17001;5514253
2025-10-21 14:30:00;263.45999;263.82999;262.51001;263.66199;4721265
2025-10-21 13:30:00;261.88000;265.29001;261.88000;263.49991;17003580
2025-10-20 19:30:00;263.44000;263.85001;261.92999;262.23001;8021467
2025-10-20 18:30:00;263.73999;263.81000;263.040009;263.42001;5462910
2025-10-20 17:30:00;263.17999;263.82999;262.79001;263.73001;4756799
2025-10-20 16:30:00;263.48001;264.20999;262.64999;263.16501;8089517
2025-10-20 15:30:00;262.54999;264.375;262.41751;263.48999;13764809
2025-10-20 14:30:00;259.48999;263.54999;259.070007;262.57001;20690049
2025-10-20 13:30:00;255.88499;259.87000;255.63000;259.50500;19526731
2025-10-17 19:30:00;252.75;253.38000;252.12000;252.30000;7247788
2025-10-17 18:30:00;252.28239;252.82001;251.70000;252.75999;3982655
2025-10-17 17:30:00;250.80000;252.53500;250.24500;252.30000;3952984
2025-10-17 16:30:00;250.29330;251.36000;250.27521;250.81500;6063960
2025-10-17 15:30:00;248.48000;250.35001;248.097198;250.29649;4277714
2025-10-17 14:30:00;249.64400;249.86000;248.23000;248.48000;3459331
2025-10-17 13:30:00;248.020004;250.32001;247.27000;249.56010;11142993
2025-10-16 19:30:00;246.56000;247.91000;246.35001;247.42999;3734949
2025-10-16 18:30:00;245.64000;247.020004;245.13000;246.55000;3603265
2025-10-16 17:30:00;247.22000;247.42000;245.25999;245.66000;3995746
2025-10-16 16:30:00;247.70010;247.77209;246.039993;247.22000;4045208
2025-10-16 15:30:00;248.17000;248.66310;247.035004;247.72000;3305994
2025-10-16 14:30:00;247.49001;249.039993;247.48170;248.23500;4826932
2025-10-16 13:30:00;248.27000;248.38000;246.17999;247.50999;9564057
2025-10-15 19:30:00;249.92999;250.070007;248.17000;249.42999;4229173
2025-10-15 18:30:00;249.64999;250.10001;249.48000;249.92000;2139459
2025-10-15 17:30:00;248.10500;249.80000;248.050003;249.64700;1934212
2025-10-15 16:30:00;249.78000;249.94991;247.48000;248.090500;2290291
2025-10-15 15:30:00;249.82001;250.049698;248.72000;249.77499;2879510
2025-10-15 14:30:00;250.87000;251.46919;249.80000;249.85989;3430819
2025-10-15 13:30:00;249.38000;251.82001;248.64000;250.85001;8184751
2025-10-14 19:30:00;248.42999;248.84500;246.73000;247.85001;4482259
2025-10-14 18:30:00;247.49001;248.75;247.14439;248.42000;3822730
2025-10-14 17:30:00;247.81000;247.82001;247.17999;247.48500;2132596
2025-10-14 16:30:00;247.39000;248.035400;247.38499;247.79800;2048766
2025-10-14 15:30:00;246.23000;247.75;246.17000;247.39000;2724013
2025-10-14 14:30:00;247;247.74989;246.12000;246.21400;3292430
2025-10-14 13:30:00;246.61501;247.23000;244.70000;247.020004;6901149
2025-10-13 19:30:00;248.32001;248.59000;247.33000;247.59000;3786722
2025-10-13 18:30:00;249.14000;249.24001;248.13000;248.32001;2310709
2025-10-13 17:30:00;249.089996;249.32001;248.68800;249.14619;2175748
2025-10-13 16:30:00;249.17000;249.68930;248.55000;249.10420;2298264
2025-10-13 15:30:00;248.62000;249.62000;248.36000;249.17999;3115587
2025-10-13 14:30:00;246.37000;248.65990;246.23000;248.59030;5816790
2025-10-13 13:30:00;249.38000;249.49001;245.56000;246.37601;9359382
2025-10-10 19:30:00;246.17000;246.99001;244.70000;245.31000;8510251
2025-10-10 18:30:00;247.13710;247.31000;245.81500;246.16499;5426839
2025-10-10 17:30:00;247.77000;248.57001;247.080002;247.16000;4882982
2025-10-10 16:30:00;248.59000;249.059998;247.059998;247.81000;4394995
2025-10-10 15:30:00;249.125;249.94501;247.75999;248.61000;9642459
2025-10-10 14:30:00;255.039993;255.34000;248.95000;249.41000;14151116
2025-10-10 13:30:00;254.87000;256.37000;254.44000;255.087997;13007397
2025-10-09 19:30:00;253.77;254.27000;253.56;254.03;3387517
2025-10-09 18:30:00;253.42;254.11;253.32;253.78;4134551
2025-10-09 17:30:00;253.41;253.84;253.14;253.435;2537072
2025-10-09 16:30:00;253.985;254.04;253.19;253.45760;2841681
2025-10-09 15:30:00;254.62;254.75;253.77;253.99;4697624
2025-10-09 14:30:00;254.89;255.23;254.57010;254.65;4669587
2025-10-09 13:30:00;257.775;258;254.78;254.98000;8900363
2025-10-08 19:30:00;258.23999;258.48999;257.88000;258.029999;4214118
2025-10-08 18:30:00;257.89999;258.42999;257.73999;258.25;2564469
2025-10-08 17:30:00;257.92499;258.20001;257.64999;257.91501;2280625
2025-10-08 16:30:00;258.19000;258.32501;257.625;257.92499;2099955
2025-10-08 15:30:00;258.054993;258.51999;257.56000;258.20001;2832234
2025-10-08 14:30:00;257.85999;258.45499;257.20001;258.040009;4427277
2025-10-08 13:30:00;256.53000;258.19000;256.10999;257.84000;8459277
2025-10-07 19:30:00;256.019989;256.62000;255.92000;256.48999;3978516
2025-10-07 18:30:00;256.070007;256.30151;255.91010;256.019989;2361474
2025-10-07 17:30:00;255.86000;256.14999;255.42999;256.069885;2294433
2025-10-07 16:30:00;256.32999;256.66000;255.75430;255.89000;2335693
2025-10-07 15:30:00;256.39001;256.84979;255.89000;256.33841;3693772
2025-10-07 14:30:00;256.67001;257.10791;255.60001;256.37900;4534986
2025-10-07 13:30:00;256.82001;257.39999;256.28000;256.67999;6425357
2025-10-06 19:30:00;256.51001;257.25;256.45999;256.64999;3577742
2025-10-06 18:30:00;256.18021;256.66000;256.065002;256.51001;2693724
2025-10-06 17:30:00;256.54999;256.68121;255.5;256.18500;5922536
2025-10-06 16:30:00;257.13000;257.48001;256.13049;256.56000;2877222
2025-10-06 15:30:00;257.56500;257.67001;256.76999;257.13000;3501833
2025-10-06 14:30:00;257.79999;257.98001;257.28000;257.55130;3447400
2025-10-06 13:30:00;257.94501;259.070007;255.050003;257.78000;11669158
2025-10-03 19:30:00;257.92001;258.26001;257.40350;258.015015;4468054
2025-10-03 18:30:00;258.37000;258.58499;257.85001;257.92001;3050327
2025-10-03 17:30:00;258.29999;258.59000;256.95999;258.37000;5459239
2025-10-03 16:30:00;258.54001;258.92999;258.12000;258.31000;3408741
2025-10-03 15:30:00;258.49301;259.23999;258.25711;258.54871;4828730
2025-10-03 14:30:00;257.85999;258.73999;257.51999;258.51001;4452948
2025-10-03 13:30:00;254.66499;259.040009;253.96001;257.85001;16330310
2025-10-02 19:30:00;257.51001;257.875;256.88000;257.14001;5100991
2025-10-02 18:30:00;257.87000;258.16000;257.375;257.51001;4612702
2025-10-02 17:30:00;257.39001;257.91000;257.029999;257.88000;2476632
2025-10-02 16:30:00;257.34500;257.82260;257.11389;257.41000;2290319
2025-10-02 15:30:00;257.14999;258.17999;256.72101;257.34500;4388406
2025-10-02 14:30:00;256.23001;257.64001;255.97000;257.16501;4800305
2025-10-02 13:30:00;256.59000;257.29999;254.14999;256.22009;11570169
2025-10-01 19:30:00;255.94000;256.14001;255.28000;255.41000;4879162
2025-10-01 18:30:00;256.48001;256.94000;255.87000;255.94000;2751615
2025-10-01 17:30:00;256.16501;256.68591;256.059998;256.48499;10115926
2025-10-01 16:30:00;256.16360;256.82980;255.85500;256.14041;1826687
2025-10-01 15:30:00;255.53011;256.92001;255.50999;256.16000;2338742
2025-10-01 14:30:00;256.17999;256.25900;255.10001;255.52451;2972074
2025-10-01 13:30:00;255.25;258.79001;255.050003;256.16141;9677443
2025-09-30 19:30:00;253.96001;255.17999;253.81000;254.56000;3030681
2025-09-30 18:30:00;253.34000;254.24001;253.27100;253.95000;8269898
2025-09-30 17:30:00;253.75999;253.99001;253.11000;253.34000;1664288
2025-09-30 16:30:00;254.55060;254.67000;253.31171;253.73500;1623333
2025-09-30 15:30:00;254.21001;254.97000;254.16010;254.53510;1531480
2025-09-30 14:30:00;254.91000;255.67500;253.82010;254.22000;2465164
2025-09-30 13:30:00;255;255.91901;253.96001;254.88620;5901532
2025-09-29 19:30:00;253.99001;254.83000;253.94000;254.35001;2513071
2025-09-29 18:30:00;254.57001;254.60001;253.61000;253.99001;2057798
2025-09-29 17:30:00;253.39000;254.61501;253.13000;254.57001;2297052
2025-09-29 16:30:00;253.67000;253.77991;253.21001;253.39999;1744854
2025-09-29 15:30:00;253.46651;254.070007;253.12000;253.66000;2275242
2025-09-29 14:30:00;254.20500;254.24001;253.31000;253.47000;2834864
2025-09-29 13:30:00;254;254.5;253.0099945;254.21989;6306062
2025-09-26 19:30:00;255.64000;255.64980;254.89999;255.46001;3021515
2025-09-26 18:30:00;256.56500;256.72989;255.49001;255.64500;2089315
2025-09-26 17:30:00;256.51999;257.35999;255.86000;256.55499;2653513
2025-09-26 16:30:00;255.66000;256.97501;255.48000;256.51999;2086042
2025-09-26 15:30:00;255.97000;256.040009;254.86000;255.66499;2276774
2025-09-26 14:30:00;255.020004;255.99001;254.57120;255.97009;3714841
2025-09-26 13:30:00;254;256.60001;253.78000;255.020004;8034498
2025-09-25 19:30:00;256.95001;257.10999;255.42000;256.94000;28423863
2025-09-25 18:30:00;254.55000;257.17001;254.23000;256.95999;7107739
2025-09-25 17:30:00;253.49001;254.59000;252.85001;254.56000;2634795
2025-09-25 16:30:00;252.53999;253.88000;252.5;253.5;9406963
2025-09-25 15:30:00;253.50011;253.91000;252.30000;252.53030;8110562
2025-09-25 14:30:00;254.00010681;254.13879;253.029999;253.50011;7697922
2025-09-25 13:30:00;253;254.12000;251.71201;254;11441844
2025-09-24 19:30:00;251.39000;252.49001;251.28999;252.24001;11458612
2025-09-24 18:30:00;251.75;251.78999;251.24001;251.39000;1680916
2025-09-24 17:30:00;251.51500;252.11000;251.28000;251.76500;1622724
2025-09-24 16:30:00;252.17140;252.25999;251.34000;251.49001;1637321
2025-09-24 15:30:00;252.12000;252.25999;251.039993;252.16499;7561218
2025-09-24 14:30:00;252.625;252.99001;251.53999;252.12000;3291728
2025-09-24 13:30:00;255;255.37000;252.080002;252.62199;6502958
2025-09-23 19:30:00;254.16000;254.53000;253.67000;254.53000;5076635
2025-09-23 18:30:00;254.64000;254.84000;253.59000;254.16991;4692554
2025-09-23 17:30:00;254.66000;254.96100;253.92999;254.64000;16280935
2025-09-23 16:30:00;255.72009;255.85001;254.39999;254.67000;2847437
2025-09-23 15:30:00;256.13000;256.20999;255.35001;255.72690;3232527
2025-09-23 14:30:00;256.60999;256.70001;255.0099945;256.10001;5490061
2025-09-23 13:30:00;256.5;257.34000;255.28000;256.61731;11263642
2025-09-22 19:30:00;255.80499;256.26001;255.61501;256.089996;9091926
2025-09-22 18:30:00;255.24500;256.059998;254.73470;255.78999;8214973
2025-09-22 17:30:00;254.58000;255.25999;253.89999;255.24001;5242129
2025-09-22 16:30:00;253.73000;254.73000;253.16000;254.59290;8453992
2025-09-22 15:30:00;255.77000;256.63000;253.58000;253.72000;16047694
2025-09-22 14:30:00;252.66000;256.079987;252.080002;255.78979;16983776
2025-09-22 13:30:00;248.34000;252.73500;248.17000;252.67160;27825122
2025-09-19 19:30:00;245.60001;246.30000;244.74001;245.28999;12986528
2025-09-19 18:30:00;245.48500;246.10001;245.19099;245.61000;7490411
2025-09-19 17:30:00;245.24001;246.26990;244.89999;245.48849;9746967
2025-09-19 16:30:00;244.51250;245.92000;244.26871;245.24380;12269832
2025-09-19 15:30:00;242.27370;244.56911;242.049194;244.52000;9031105
2025-09-19 14:30:00;241.14999;243.16000;241.059998;242.28000;10143358
2025-09-19 13:30:00;241.17500;242.59000;240.21060;241.14999;29622491
2025-09-18 19:30:00;237.45500;238.11000;237.43500;237.85001;4049383
2025-09-18 18:30:00;237.81000;237.94640;237.25011;237.45000;3540701
2025-09-18 17:30:00;237.87000;238.10001;237.21021;237.80180;3010288
2025-09-18 16:30:00;237.95000;238.20000;237.64000;237.88000;3556108
2025-09-18 15:30:00;238.21001;238.53999;237.35001;237.94000;3609143
2025-09-18 14:30:00;237.56500;238.79500;237.31500;238.19000;4587899
2025-09-18 13:30:00;239.95000;241.20000;236.64999;237.56000;11453464
2025-09-17 19:30:00;239.27000;239.28000;238.48000;238.97000;4226195
2025-09-17 18:30:00;239.55000;239.63000;237.73010;239.26289;5910219
2025-09-17 17:30:00;239.52000;239.82001;238.45000;239.56000;4570049
2025-09-17 16:30:00;239.67999;239.77000;239.35001;239.52000;2892623
2025-09-17 15:30:00;239.48500;239.78000;239.28000;239.67430;3170671
2025-09-17 14:30:00;239.64000;240.0099945;239.20000;239.48000;4002310
2025-09-17 13:30:00;238.97000;240.10001;238.78999;239.63000;9926684
2025-09-16 19:30:00;238.94000;239.42000;238.080093;238.14000;20451492
2025-09-16 18:30:00;238.94000;239.60001;238.81000;238.93829;3145293
2025-09-16 17:30:00;239.10001;239.11000;238.13000;238.92999;2717104
2025-09-16 16:30:00;239.20000;239.39999;238.89999;239.085602;2224680
2025-09-16 15:30:00;239.58009;239.58009;238.46500;239.19501;3100557
2025-09-16 14:30:00;239.53000;239.85001;238.24500;239.59290;5338278
2025-09-16 13:30:00;237;241.22000;236.32350;239.53000;14419277
2025-09-15 19:30:00;235.97000;236.78999;235.67999;236.75999;4732529
2025-09-15 18:30:00;235.63499;236.34000;235.27000;235.97000;3570486
2025-09-15 17:30:00;235.75;236.14000;235.58000;235.64000;2953754
2025-09-15 16:30:00;236.56490;236.59050;235.70000;235.75999;2964448
2025-09-15 15:30:00;236.81500;237.30000;236.47000;236.57001;3686503
2025-09-15 14:30:00;236.21001;237.020004;235.66000;236.82001;5019754
2025-09-15 13:30:00;237;238.19000;235.029999;236.21500;14134217
2025-09-12 19:30:00;233.78000;234.28999;233.50999;234.059998;5874733
2025-09-12 18:30:00;233.53999;234.45000;233.029999;233.77550;6970851
2025-09-12 17:30:00;233.22000;233.87000;233.21851;233.53999;3203879
2025-09-12 16:30:00;233.96370;233.96500;233;233.23500;4969404
2025-09-12 15:30:00;234.089996;234.49001;233.62100;233.96941;4710781
2025-09-12 14:30:00;234.080002;234.50999;233.36000;234.095001;8044876
2025-09-12 13:30:00;230;234.078003;229.020004;234.070007;14988292
2025-09-11 19:30:00;229.84000;230.45000;229.83501;230.020004;5627999
2025-09-11 18:30:00;229.46500;230.15080;229.41000;229.85001;3884806
2025-09-11 17:30:00;229.47000;230.16000;229.17999;229.46001;4663505
2025-09-11 16:30:00;228.60001;229.53999;228.31000;229.47250;3516399
2025-09-11 15:30:00;228.75;228.78000;228.029999;228.61000;3513968
2025-09-11 14:30:00;228.94000;229.32001;228.32021;228.74001;6721728
2025-09-11 13:30:00;226.875;229.18500;226.64999;228.94000;13821091
2025-09-10 19:30:00;226.18500;227.10001;225.95219;226.78000;7727491
2025-09-10 18:30:00;227.054993;227.35001;226.17999;226.18500;6166050
2025-09-10 17:30:00;226.80000;227.085007;226.35001;227.059998;6214643
2025-09-10 16:30:00;227.74500;227.78990;226.62000;226.80499;6579251
2025-09-10 15:30:00;227.039993;228.054993;226.24010;227.73860;10156861
2025-09-10 14:30:00;228.11000;228.34641;227.020004;227.039993;11560546
2025-09-10 13:30:00;232.024994;232.34000;227.55000;228.10800;22167235
2025-09-09 19:30:00;234.31000;234.63499;233.51500;234.35001;6317179
2025-09-09 18:30:00;234.55000;234.69000;233.37000;234.31000;9553822
2025-09-09 17:30:00;237.75999;238.10001;233.67000;234.52859;16074676
2025-09-09 16:30:00;236;238.78050;235.82500;237.75;9674704
2025-09-09 15:30:00;236.23000;236.25999;235.55000;236;4300130
2025-09-09 14:30:00;236.31000;236.67999;235.78000;236.22501;4277475
2025-09-09 13:30:00;237;238;236.074997;236.31010;7890752
2025-09-08 19:30:00;237.11501;238.0099945;236.90421;237.92000;5177199
2025-09-08 18:30:00;237.15500;237.24989;236.61000;237.11000;3761415
2025-09-08 17:30:00;237.80991;237.95500;237.10500;237.16499;4114279
2025-09-08 16:30:00;237.72000;237.87990;236.34000;237.80580;4717107
2025-09-08 15:30:00;238.69501;238.78830;237.60001;237.73000;4448853
2025-09-08 14:30:00;239.22000;239.57001;238.61501;238.70000;5248756
2025-09-08 13:30:00;239.30000;240.14999;238.74001;239.23000;11885388
2025-09-05 19:30:00;239.92999;240.014999;239.059998;239.67000;4874234
2025-09-05 18:30:00;239.12000;240.13000;239.10001;239.92500;5197093
2025-09-05 17:30:00;239.64850;239.64999;238.73000;239.12000;2784543
2025-09-05 16:30:00;238.78000;239.72501;238.49010;239.625;3993359
2025-09-05 15:30:00;239.82001;240.31500;238.52000;238.77000;4219870
2025-09-05 14:30:00;239.25;240.17000;238.64000;239.80499;6538203
2025-09-05 13:30:00;239.99001;241.32001;239.12000;239.28500;17499270
2025-09-04 19:30:00;238.70000;239.89990;238.49001;239.71001;5942248
2025-09-04 18:30:00;238.070007;238.98000;237.88000;238.70450;3814924
2025-09-04 17:30:00;238.040100;238.39000;237.50999;238.059998;5093419
2025-09-04 16:30:00;237.14999;238.089996;236.97000;238.039993;3071522
2025-09-04 15:30:00;237.39000;237.67461;236.74001;237.16000;3678939
2025-09-04 14:30:00;237.67999;238.10001;237.074997;237.39999;5223309
2025-09-04 13:30:00;238.45000;239.89320;237.039993;237.69000;12016131
2025-09-03 19:30:00;237.15581;238.71001;237.15041;238.49001;8891635
2025-09-03 18:30:00;236.89999;237.45000;236.77000;237.15500;4834362
2025-09-03 17:30:00;237.42500;237.44000;236.63000;236.91000;4344650
2025-09-03 16:30:00;236.49980;237.89999;236.44000;237.42720;4651843
2025-09-03 15:30:00;236.020004;236.82001;235.49001;236.49001;4830748
2025-09-03 14:30:00;236.81390;237.60001;235.99001;236.011002;8284903
2025-09-03 13:30:00;237.20000;237.97000;234.37000;236.83000;23907992
2025-09-02 19:30:00;228.92470;230;228.89500;229.71001;4687318
2025-09-02 18:30:00;228.39999;229.080002;226.97000;228.94000;3504389
2025-09-02 17:30:00;228.42000;229.34000;228.33000;228.39999;2346892
2025-09-02 16:30:00;227.84370;228.54539;227.64999;228.41000;2530443
2025-09-02 15:30:00;227.82001;228.14690;227.17000;227.85001;3136378
2025-09-02 14:30:00;230.60001;230.75;227.52840;227.82899;5124954
2025-09-02 13:30:00;229.70000;230.78000;227.69000;230.60001;9687341
2025-08-29 19:30:00;232.35001;232.83771;231.48000;232.27000;4673659
2025-08-29 18:30:00;232.19000;232.75;232;232.35429;2433703
2025-08-29 17:30:00;232.032501;232.57500;231.97000;232.17999;3415896
2025-08-29 16:30:00;232.50999;232.96001;231.98000;232.029999;2677553
2025-08-29 15:30:00;232.98500;233.029999;231.39999;232.5;4414822
2025-08-29 14:30:00;232.80499;233.16000;232.5;232.96001;3599986
2025-08-29 13:30:00;232.56000;233.36130;231.37000;232.80960;8795007
2025-08-28 19:30:00;232.97501;233.33000;232.48000;232.49001;4913603
2025-08-28 18:30:00;232.92000;233.17000;232.69000;232.97501;2740378
2025-08-28 17:30:00;233.0099945;233.41000;232.83009;232.91920;3045856
2025-08-28 16:30:00;232.28000;233.12000;232.080002;233;3773992
2025-08-28 15:30:00;230.96001;232.35500;230.94820;232.28999;3117170
2025-08-28 14:30:00;230.43010;231.89999;230.35001;230.95000;3919070
2025-08-28 13:30:00;230.81000;230.89999;229.33501;230.41580;8017521
2025-08-27 19:30:00;230.125;230.89999;230.12000;230.44000;3801508
2025-08-27 18:30:00;230.62000;230.63499;229.72000;230.13251;2256272
2025-08-27 17:30:00;229.84000;230.67999;229.80000;230.625;2268584
2025-08-27 16:30:00;229.89000;230.089996;229.60001;229.84000;1919036
2025-08-27 15:30:00;229.57001;230.087997;229.31000;229.87000;2490171
2025-08-27 14:30:00;230.029999;230.70000;229.48000;229.57410;4445165
2025-08-27 13:30:00;228.58000;230.25;228.29500;230.014999;7840101
2025-08-26 19:30:00;228.57001;229.49001;227.72501;229.30000;5151468
2025-08-26 18:30:00;228.36000;228.62000;227.77000;228.56821;2604761
2025-08-26 17:30:00;228.11000;228.50999;227.73500;228.35921;2399616
2025-08-26 16:30:00;227.56000;228.17000;227.42000;228.11160;2684567
2025-08-26 15:30:00;226.96500;227.70000;226.55000;227.57050;4519154
2025-08-26 14:30:00;226.50999;227.29990;226.28999;226.96159;3785331
2025-08-26 13:30:00;226.87000;227.050003;224.69000;226.5;7799571
2025-08-25 19:30:00;227.60001;227.72000;227.12000;227.14999;3262464
2025-08-25 18:30:00;227.875;227.90500;227.44501;227.59840;2661985
2025-08-25 17:30:00;228.43500;228.65500;227.74001;227.88499;2684903
2025-08-25 16:30:00;228.53999;228.75999;228.32001;228.43500;2355527
2025-08-25 15:30:00;228.57001;229.30000;228.50011;228.53999;2427231
2025-08-25 14:30:00;228.77000;229.24001;228.28999;228.56500;4318256
2025-08-25 13:30:00;226.40500;229.12000;226.24001;228.81000;8000835
2025-08-22 19:30:00;227.84000;228.31000;227.44000;227.75;4139072
2025-08-22 18:30:00;227.88000;228.51981;227.78500;227.85001;4051520
2025-08-22 17:30:00;228.62740;228.62740;227.78000;227.87000;4653621
2025-08-22 16:30:00;227.17000;229.089996;227.070007;228.61000;4947377
2025-08-22 15:30:00;228.039993;228.43500;226.92500;227.16930;3180455
2025-08-22 14:30:00;227.97000;228.72000;227.80000;228.059998;5233127
2025-08-22 13:30:00;226.17000;228.19000;225.41000;227.95000;8240998
2025-08-21 19:30:00;224.89999;225.25;224.38840;224.91000;3977376
2025-08-21 18:30:00;224.22350;225.054993;224.094193;224.88000;2704582
2025-08-21 17:30:00;224.17081;224.77850;224.16000;224.23000;2428717
2025-08-21 16:30:00;224.83000;225.0099945;223.78040;224.17500;3327885
2025-08-21 15:30:00;225.13499;225.84000;224.80000;224.83000;2756586
2025-08-21 14:30:00;225.52730;225.58501;224.51010;225.13000;3627965
2025-08-21 13:30:00;226.28000;226.52000;224.67999;225.57990;6263260
2025-08-20 19:30:00;226.44000;227;225.92999;225.96001;4504957
2025-08-20 18:30:00;225.99001;226.73000;225.87000;226.44501;3388687
2025-08-20 17:30:00;226.30000;226.83000;225.77000;225.99010;2697011
2025-08-20 16:30:00;227.13000;227.16000;225.89000;226.29500;3171568
2025-08-20 15:30:00;227.33000;227.37000;226.41000;227.13460;3599979
2025-08-20 14:30:00;226.74001;227.55000;226.11000;227.33501;4855593
2025-08-20 13:30:00;229.97000;230.46989;226.5;226.72009;10654146
2025-08-19 19:30:00;230.18500;230.69000;229.99001;230.53999;3980557
2025-08-19 18:30:00;230.024994;230.19000;229.35001;230.18500;3535859
2025-08-19 17:30:00;230.62000;230.89999;229.87000;230.050003;3163874
2025-08-19 16:30:00;231.28000;231.33000;230.059998;230.625;3326154
2025-08-19 15:30:00;231.32001;231.66000;231.054993;231.30991;3317736
2025-08-19 14:30:00;231.82001;232.27000;230.47000;231.32260;5331365
2025-08-19 13:30:00;231.27499;232.86501;230.59000;231.83000;7589938
2025-08-18 19:30:00;231.22000;231.55000;230.88000;230.88000;2842575
2025-08-18 18:30:00;231.14999;231.67500;231.10001;231.22501;2886450
2025-08-18 17:30:00;231.080002;231.67000;230.89999;231.14500;3270491
2025-08-18 16:30:00;230.67999;231.14999;230.11000;231.070007;2944837
2025-08-18 15:30:00;230.86501;231.10001;230.5;230.67999;2959031
2025-08-18 14:30:00;230.62000;231.22000;230.37000;230.86000;4738486
2025-08-18 13:30:00;231.78000;233.12000;230.61000;230.66000;9378520
2025-08-15 19:30:00;231.37000;231.77000;231.020004;231.64999;4696096
2025-08-15 18:30:00;230.86000;231.5;230.48000;231.36000;6170754
2025-08-15 17:30:00;230.56000;231.28990;229.36000;230.85001;4535672
2025-08-15 16:30:00;230.74420;231.22501;230.23000;230.57001;6137966
2025-08-15 15:30:00;231.070007;231.45500;230.61971;230.74001;3957281
2025-08-15 14:30:00;232.16141;232.28999;230.47000;231.070007;5319424
2025-08-15 13:30:00;233.73000;234.22141;231.55009;232.17000;11603282
2025-08-14 19:30:00;232.92999;233.50999;232.69000;232.83000;4542543
2025-08-14 18:30:00;232.71001;233.49001;232.44000;232.94501;4523178
2025-08-14 17:30:00;232.92999;233.13000;232.32001;232.73000;3634219
2025-08-14 16:30:00;232.020004;233.14000;231.96880;232.92731;3209373
2025-08-14 15:30:00;231.75;232.29500;230.91000;232.0099945;4323697
2025-08-14 14:30:00;232.20500;232.46001;230.85001;231.74020;6624676
2025-08-14 13:30:00;234.054993;235.11000;231.67020;232.21001;16052941
2025-08-13 19:30:00;233.58501;234.33000;233.11000;233.33000;5738352
2025-08-13 18:30:00;232.94000;233.91000;230.80000;233.58501;9192848
2025-08-13 17:30:00;232.45000;234.99001;232.020004;232.92500;8137347
2025-08-13 16:30:00;233.070007;233.36000;231.56010;232.45500;5417224
2025-08-13 15:30:00;232.28000;233.39729;232.030197;233.095001;5966244
2025-08-13 14:30:00;231.81000;234.55000;231.67999;232.28999;11605576
2025-08-13 13:30:00;231.070007;232.72000;230.42999;231.81000;14738656
2025-08-12 19:30:00;229.17000;230.10001;229.059998;229.64999;4734707
2025-08-12 18:30:00;229.58000;229.61000;228.92000;229.18300;3327871
2025-08-12 17:30:00;229.77010;230.55000;229.45000;229.57001;3593400
2025-08-12 16:30:00;229.78000;230.78000;229.66000;229.77499;5072601
2025-08-12 15:30:00;229.72990;230.11000;228.32001;229.78000;4868374
2025-08-12 14:30:00;228.59000;230.58650;228.25999;229.73000;10092499
2025-08-12 13:30:00;228.0050049;229.93990;227.10001;228.57001;12606943
2025-08-11 19:30:00;227.65919;227.69501;226.64000;227.20500;5849057
2025-08-11 18:30:00;227.75999;227.96001;227.10001;227.64999;7584927
2025-08-11 17:30:00;228.089996;228.19501;227.0099945;227.73500;5313497
2025-08-11 16:30:00;228.73500;229.099899;228;228.10001;4120877
2025-08-11 15:30:00;227.47000;229.56000;227.47000;228.73000;7420183
2025-08-11 14:30:00;226.78999;227.89000;226.10001;227.47000;7977854
2025-08-11 13:30:00;226.75;228.73000;224.76241;226.77499;16200328
2025-08-08 19:30:00;228.82001;229.69000;228.46001;229.37000;11188500
2025-08-08 18:30:00;229.29160;229.87990;228.50999;228.83000;11212305
2025-08-08 17:30:00;228.67000;230.99001;228.55000;229.28999;12552865
2025-08-08 16:30:00;228.20979;230.91000;227.94360;228.67500;25554276
2025-08-08 15:30:00;224.35500;228.22501;224.31000;228.20000;17035169
2025-08-08 14:30:00;222.78000;224.63000;222.63000;224.36000;10674558
2025-08-08 13:30:00;220.82001;223.10001;219.25;222.78169;15552244
2025-08-07 19:30:00;219.30450;220.20000;219.25;220.13000;6898669
2025-08-07 18:30:00;219.49001;220.85001;219.24350;219.30009;9312135
2025-08-07 17:30:00;218.72000;219.73000;218.71010;219.5;4729353
2025-08-07 16:30:00;219.92000;220.21001;213.25;218.71001;7182645
2025-08-07 15:30:00;219.62000;220.34000;219.42000;219.91499;9896825
2025-08-07 14:30:00;218.28630;220.13000;217.64999;219.62900;11957311
2025-08-07 13:30:00;218.875;220.33000;216.58000;218.27000;30765656
2025-08-06 19:30:00;213.88499;214.42000;212.81000;213.25;9553119
2025-08-06 18:30:00;214.61000;214.79500;213.75;213.875;7181809
2025-08-06 17:30:00;214.51500;215.38000;214.089996;214.60249;8218314
2025-08-06 16:30:00;214.51970;214.88989;213.86900;214.53999;7331995
2025-08-06 15:30:00;214.22501;214.99001;213.67000;214.49989;15397308
2025-08-06 14:30:00;210.75999;214.34000;210.63000;214.22501;15618173
2025-08-06 13:30:00;205.60001;211.14999;205.59000;210.75999;24201133
2025-08-05 19:30:00;203.34000;203.41000;202.67000;202.92999;3784751
2025-08-05 18:30:00;203.86000;203.97000;203.19009;203.33501;3354757
2025-08-05 17:30:00;204.050003;204.30000;203.75999;203.87000;2677706
2025-08-05 16:30:00;203.71001;204.17000;203.089996;204.035004;3720976
2025-08-05 15:30:00;204.62000;204.69000;203.44000;203.71001;3782674
2025-08-05 14:30:00;204.53500;205.34000;203.90500;204.63000;6466189
2025-08-05 13:30:00;203.43500;204.55499;202.16000;204.53000;9849014
2025-08-04 19:30:00;202.33000;203.45000;201.67500;203.34000;8673869
2025-08-04 18:30:00;203.44000;203.53000;202.070007;202.32500;10594574
2025-08-04 17:30:00;204.14000;204.22000;203.41000;203.42999;4659225
2025-08-04 16:30:00;203.94000;204.48000;203.86501;204.14999;5046794
2025-08-04 15:30:00;205.75999;205.88000;203.92999;203.93500;5759426
2025-08-04 14:30:00;206.75999;207.88000;205.74001;205.77000;8818623
2025-08-04 13:30:00;204.50500;206.84000;204.19501;206.75999;13432036
2025-08-01 19:30:00;203.17999;203.24001;202.17000;202.27000;8416967
2025-08-01 18:30:00;203.55000;204.32120;202.89999;203.19000;7684390
2025-08-01 17:30:00;201.98010;203.73000;201.63010;203.55000;8026633
2025-08-01 16:30:00;202.75999;203.28951;201.5;201.98250;8501358
2025-08-01 15:30:00;203.42000;204.59000;202.64999;202.75;9260890
2025-08-01 14:30:00;205.33000;205.73000;203.070007;203.44000;11748154
2025-08-01 13:30:00;210.84000;213.58000;204.37000;205.36000;29330279
2025-07-31 19:30:00;208.57001;208.85001;207.16000;207.61000;8246453
2025-07-31 18:30:00;208.61000;209.38429;208.49001;208.56990;6111529
2025-07-31 17:30:00;208.66499;208.92000;207.59000;208.61000;5001721
2025-07-31 16:30:00;208.95000;209.84000;208.5;208.66499;5149802
2025-07-31 15:30:00;208.27000;209;208.17000;208.95450;4573826
2025-07-31 14:30:00;208.86000;209.55000;208.070007;208.28281;6709067
2025-07-31 13:30:00;208.38000;209.68150;207.82500;208.84241;11337524
2025-07-30 19:30:00;208.50999;209.10989;208.13000;209.020004;4211968
2025-07-30 18:30:00;209.85500;210.14000;207.72000;208.52000;5902392
2025-07-30 17:30:00;209.75;210.14990;209.48000;209.85500;3212089
2025-07-30 16:30:00;210.11000;210.17000;209.32001;209.75650;2841873
2025-07-30 15:30:00;209.72000;210.42000;209.57001;210.12000;2797713
2025-07-30 14:30:00;210.62000;210.72000;209.62000;209.71500;3740789
2025-07-30 13:30:00;211.89500;212.39000;210.020004;210.61000;7457383
2025-07-29 19:30:00;211.89000;211.91000;211.054504;211.35001;4836491
2025-07-29 18:30:00;211.96500;212.44000;211.60001;211.89000;3376083
2025-07-29 17:30:00;212.21001;212.39000;211.81500;211.96001;3024877
2025-07-29 16:30:00;211.99001;212.39000;210.82500;212.20000;4558639
2025-07-29 15:30:00;211.88100;212.92999;211.70000;212;4842502
2025-07-29 14:30:00;213.039993;213.24831;211.89000;211.89999;5430052
2025-07-29 13:30:00;214.16000;214.81000;211.50999;213.050003;11818861
2025-07-28 19:30:00;213.42000;214.050003;213.32001;214.039993;3976187
2025-07-28 18:30:00;213.82001;213.83000;213.059998;213.42999;4397176
2025-07-28 17:30:00;213.63499;214.020004;213.62000;213.80000;2392173
2025-07-28 16:30:00;214.53500;214.57500;213.41499;213.64500;3975039
2025-07-28 15:30:00;214.44000;214.75;214.28999;214.53999;2580952
2025-07-28 14:30:00;214.53500;214.84500;214.12230;214.43500;3872401
2025-07-28 13:30:00;214.029999;214.74001;213.58000;214.52000;7838862
2025-07-25 19:30:00;213.50500;214;213.49001;213.96001;4400863
2025-07-25 18:30:00;213.91000;214.0099945;213.39999;213.5;2957957
2025-07-25 17:30:00;214.17039;214.50999;213.82001;213.89000;3060915
2025-07-25 16:30:00;214.39000;214.59000;214.039993;214.17000;2636543
2025-07-25 15:30:00;214.5;214.64000;214.050003;214.38960;5282528
2025-07-25 14:30:00;214.59000;215.24001;214.21001;214.50999;5133351
2025-07-25 13:30:00;214.70000;214.86000;213.74001;214.58530;10049768
2025-07-24 19:30:00;214.81100;214.94000;213.72000;213.75999;5843431
2025-07-24 18:30:00;214.73891;215.020004;214.33000;214.81000;3138944
2025-07-24 17:30:00;214.78999;215.20000;214.56000;214.73500;2538966
2025-07-24 16:30:00;214.34000;215.20000;214.28000;214.78999;2987772
2025-07-24 15:30:00;215.26160;215.49001;214.20000;214.34000;4945138
2025-07-24 14:30:00;214.45000;215.35001;214.059601;215.25999;6108820
2025-07-24 13:30:00;214.059998;215.69000;213.53000;214.46001;11740713
2025-07-23 19:30:00;214.14500;214.31000;213.61000;214.31000;4190088
2025-07-23 18:30:00;214.40500;214.69501;213.94000;214.14000;3541364
2025-07-23 17:30:00;214.12000;214.63499;214.070007;214.40500;4350901
2025-07-23 16:30:00;213.5;214.22850;213.36000;214.125;2552446
2025-07-23 15:30:00;213.14999;213.81000;212.64999;213.5;4465099
2025-07-23 14:30:00;212.94991;213.17000;212.5;213.14999;4588657
2025-07-23 13:30:00;215.044998;215.10001;212.41000;212.93510;13479209
2025-07-22 19:30:00;214.17999;214.64500;213.92999;214.39000;4788294
2025-07-22 18:30:00;213.71001;214.41991;213.71001;214.18500;3749973
2025-07-22 17:30:00;214.39999;214.42340;213.44000;213.71001;3620984
2025-07-22 16:30:00;213.24001;214.48000;212.84000;214.41119;4068346
2025-07-22 15:30:00;213.47000;213.82001;212.75999;213.28000;5611485
2025-07-22 14:30:00;213.25999;213.69000;212.72000;213.47729;4721399
2025-07-22 13:30:00;213.23500;214.029999;212.23010;213.26550;12377510
2025-07-21 19:30:00;212.58000;212.71860;212.070007;212.53999;3808451
2025-07-21 18:30:00;213.26880;213.42999;212.50999;212.58000;2890224
2025-07-21 17:30:00;213.66000;213.71001;212.50999;213.25999;4055325
2025-07-21 16:30:00;213.31500;213.86000;213.14000;213.67999;2907043
2025-07-21 15:30:00;213.46001;213.71001;213.16000;213.31960;3139375
2025-07-21 14:30:00;214.64000;214.71001;212.87000;213.47000;7487806
2025-07-21 13:30:00;212.050003;215.78000;211.64090;214.64500;19931497
2025-07-18 19:30:00;210.94000;211.34500;210.83000;211.22000;4433304
2025-07-18 18:30:00;210.92999;211.19501;210.78999;210.95000;2639727
2025-07-18 17:30:00;211.17999;211.53999;210.75999;210.93500;3054294
2025-07-18 16:30:00;211.020004;211.78999;210.88000;211.19000;3840387
2025-07-18 15:30:00;210.85500;211.13000;210.67999;211.0099945;3993353
2025-07-18 14:30:00;209.96001;211.0099945;209.77000;210.85001;4957360
2025-07-18 13:30:00;210.75500;211.0099945;209.70450;209.95430;15729684
2025-07-17 19:30:00;210.99989;211.050003;209.74001;210.061005;7016080
2025-07-17 18:30:00;211.28000;211.28000;210.78000;210.99500;4445454
2025-07-17 17:30:00;210.95000;211.80000;210.90010;211.28000;5287499
2025-07-17 16:30:00;211.38890;211.50999;210.78999;210.95500;3852173
2025-07-17 15:30:00;210.45000;211.45000;210.10500;211.39000;5714933
2025-07-17 14:30:00;209.94000;210.83000;209.77000;210.44000;4483480
2025-07-17 13:30:00;210.625;211.0099945;209.59000;209.95000;9963627
2025-07-16 19:30:00;210.32001;210.63660;209.97000;210.22000;4310071
2025-07-16 18:30:00;210.039993;210.58510;210.039993;210.32500;2064165
2025-07-16 17:30:00;210.34000;210.63190;209.87100;210.038498;2329673
2025-07-16 16:30:00;209.60001;210.94800;209.37000;210.35001;2958239
2025-07-16 15:30:00;210.14880;210.5;208.64000;209.59000;5283557
2025-07-16 14:30:00;212.11000;212.18449;209.28999;210.12000;6716190
2025-07-16 13:30:00;210.28999;212.39999;209.91051;212.085007;11863740
2025-07-15 19:30:00;210.20300;210.28999;208.99001;209.0099945;3872873
2025-07-15 18:30:00;211.38890;211.48000;209.96001;210.17999;3943223
2025-07-15 17:30:00;210.68500;211.67000;210.66000;211.375;2756121
2025-07-15 16:30:00;210.69501;211.070007;210.38000;210.67270;2111068
2025-07-15 15:30:00;211.42999;211.89000;210.36000;210.67999;4632180
2025-07-15 14:30:00;210.14000;211.42999;209.19769;211.42999;5300718
2025-07-15 13:30:00;209.14999;211.13000;208.92000;210.17000;9804649
2025-07-14 19:30:00;209.17000;209.19000;208.52000;208.53999;4180894
2025-07-14 18:30:00;209;209.40730;208.87010;209.19991;3211653
2025-07-14 17:30:00;209.013306;209.45000;208.96080;209;2387557
2025-07-14 16:30:00;208.85001;209.33000;208.76019;209;2496708
2025-07-14 15:30:00;208.77000;209.17999;208.56000;208.84070;3442253
2025-07-14 14:30:00;208.029999;208.89169;207.82500;208.76500;4099030
2025-07-14 13:30:00;209.90900;210.91000;207.53999;208.029999;11410322
2025-07-11 19:30:00;211.13000;211.39999;211.029297;211.074997;4157903
2025-07-11 18:30:00;211.41000;211.51700;210.62000;211.16000;2371782
2025-07-11 17:30:00;211.15500;211.65981;210.95200;211.40500;2380669
2025-07-11 16:30:00;210.62000;211.28999;210.45000;211.16499;2805663
2025-07-11 15:30:00;210.83000;211.21001;210.42830;210.63499;3418923
2025-07-11 14:30:00;211.78999;211.78999;210.48000;210.82500;4031708
2025-07-11 13:30:00;210.56500;212.13000;209.86000;211.78999;8592173
2025-07-10 19:30:00;212.58000;213.020004;212.089996;212.42000;4470431
2025-07-10 18:30:00;212.59489;213.45000;212.57001;212.57500;3348322
2025-07-10 17:30:00;212.61000;213.16000;212.31000;212.60001;3025386
2025-07-10 16:30:00;212.070007;212.78000;211.85001;212.62000;3384939
2025-07-10 15:30:00;212.99001;213.17999;211.83000;212.080002;4598153
2025-07-10 14:30:00;212.029999;213.48000;211.89999;212.98000;8764628
2025-07-10 13:30:00;210.50500;212.29990;210.12000;212.0099945;9635284
2025-07-09 19:30:00;209.88000;211.33000;209.73000;211.11000;6191235
2025-07-09 18:30:00;209.74500;210.19000;209.62000;209.89000;3724436
2025-07-09 17:30:00;208.91499;209.98000;208.72000;209.73250;4016622
2025-07-09 16:30:00;207.81039;209.044998;207.57140;208.91560;3964765
2025-07-09 15:30:00;207.81000;208.22000;207.26590;207.80000;4676493
2025-07-09 14:30:00;209.89000;209.89999;207.22000;207.80499;8309318
2025-07-09 13:30:00;209.53000;210.89999;209.35001;209.91000;8992949
2025-07-08 19:30:00;209.59000;210.34000;209.30000;210.035004;5121140
2025-07-08 18:30:00;209.95000;210.044998;209.40500;209.60500;2636682
2025-07-08 17:30:00;209.84000;210.25999;209.32001;209.94501;2881574
2025-07-08 16:30:00;210.84000;210.89000;209.5;209.83501;3725509
2025-07-08 15:30:00;209.88000;211.18500;209.78000;210.83000;3771024
2025-07-08 14:30:00;209.28500;211.42999;209.25999;209.87070;5868490
2025-07-08 13:30:00;210.13000;210.46001;208.45000;209.28000;9413843
2025-07-07 19:30:00;209.46001;210.25;209.19000;209.94000;4768433
2025-07-07 18:30:00;208.94000;210.070007;208.80000;209.45000;4388321
2025-07-07 17:30:00;209.67000;210.5;208.91000;208.94040;4210639
2025-07-07 16:30:00;210.83900;211.16991;209.52000;209.67039;5039814
2025-07-07 15:30:00;212.035004;212.22000;210.38000;210.83650;4843940
2025-07-07 14:30:00;212.37000;212.60001;211.60001;212.039993;4504869
2025-07-07 13:30:00;212.67999;216.23;211.81000;212.36000;13683615
2025-07-03 16:30:00;214.1;214.14;213.34;213.44;272714
2025-07-03 15:30:00;213.885;214.65;213.67;214.1;550789
2025-07-03 14:30:00;213.74;214.45;213.04;213.88;677504
2025-07-03 13:30:00;212.145;213.855;211.825;213.715;776274
2025-07-02 19:30:00;211.94000;212.75;211.92999;212.41000;6287690
2025-07-02 18:30:00;211.57500;212.96001;211.37000;211.94501;6995805
2025-07-02 17:30:00;210.81000;211.77000;210.74001;211.59000;3704293
2025-07-02 16:30:00;210.92000;211.35001;210.22000;210.81810;5039298
2025-07-02 15:30:00;211.49001;212.020004;210.86000;210.92030;6059046
2025-07-02 14:30:00;212.28000;212.85001;211.42000;211.47501;8338925
2025-07-02 13:30:00;209.080002;213.34000;208.14000;212.30000;24809075
2025-07-01 19:30:00;208.18500;208.23000;207.51500;207.86000;5286012
2025-07-01 18:30:00;208.21001;208.42990;207.375;208.19000;5033918
2025-07-01 17:30:00;208.088898;208.42000;207.61000;208.21001;4666140
2025-07-01 16:30:00;207.87000;208.53000;207.10001;208.089996;6089153
2025-07-01 15:30:00;207.96001;208.18500;206.78999;207.875;7412772
2025-07-01 14:30:00;209.55009;210.18649;207.47000;207.95000;15475523
2025-07-01 13:30:00;206.66499;209.83000;206.14011;209.54010;26727051
2025-06-30 19:30:00;206.55000;207.39000;205.050003;205.12000;13979109
2025-06-30 18:30:00;200.69510;207.089996;199.26070;206.58560;26976520
2025-06-30 17:30:00;200.15500;200.83000;199.89999;200.69501;3674697
2025-06-30 16:30:00;200.31000;200.48000;199.84500;200.15500;4227066
2025-06-30 15:30:00;199.98920;200.42000;199.80000;200.32500;4709275
2025-06-30 14:30:00;201.0050049;201.32001;199.59010;199.97000;7348749
2025-06-30 13:30:00;202.0099945;202.19000;200.35240;201.0099030;9949504
2025-06-27 19:30:00;201.13000;201.27000;200.22000;201.10001;6326536
2025-06-27 18:30:00;201.45000;201.52000;200.78999;201.125;5338193
2025-06-27 17:30:00;202.10001;202.12000;200.92999;201.44000;5147746
2025-06-27 16:30:00;201.99001;202.70000;201.73000;202.080002;4499910
2025-06-27 15:30:00;201.39999;202.050003;201.39000;201.99001;4142671
2025-06-27 14:30:00;201.59000;201.95020;200.85500;201.38181;6069609
2025-06-27 13:30:00;201.89500;203.22000;201.25999;201.58009;11392916
2025-06-26 19:30:00;201.17520;201.56000;200.78999;200.94000;5945620
2025-06-26 18:30:00;200.99001;201.17870;200.75;201.17500;3971689
2025-06-26 17:30:00;200.25;201.36000;199.97501;200.98000;5027751
2025-06-26 16:30:00;200.13780;200.27000;199.63499;200.24001;4568502
2025-06-26 15:30:00;199.71001;200.78999;199.46001;200.12280;4778323
2025-06-26 14:30:00;199.74001;200.50999;199.62000;199.69000;6026822
2025-06-26 13:30:00;201.42999;202.61501;199.64999;199.75;11861101
2025-06-25 19:30:00;201.14000;201.62000;200.88499;201.60001;4058748
2025-06-25 18:30:00;201.020004;201.5;200.95000;201.15981;3073812
2025-06-25 17:30:00;201.14000;201.28000;200.62010;201.015396;3158873
2025-06-25 16:30:00;201.88000;202.19991;201.089996;201.14000;2830902
2025-06-25 15:30:00;202.10500;202.17000;201.39999;201.87000;3575642
2025-06-25 14:30:00;202.44000;203.17500;201.96;202.10001;5935974
2025-06-25 13:30:00;201.42000;203.66000;201.20000;202.44000;10894360
2025-06-24 19:30:00;201.53500;201.59990;200.27000;200.28999;7488205
2025-06-24 18:30:00;201.58000;202.014999;201.30499;201.53000;5015277
2025-06-24 17:30:00;201.96001;202.33000;201.31000;201.57001;4599071
2025-06-24 16:30:00;202.45151;203.44000;201.94000;201.96001;6930517
2025-06-24 15:30:00;201.46001;202.56500;201.24001;202.45000;4744798
2025-06-24 14:30:00;200.99001;201.58000;200.74040;201.38000;4701597
2025-06-24 13:30:00;202.59000;202.78000;200.20000;200.98230;12527280
2025-06-23 19:30:00;201.35001;201.84000;201.13499;201.55000;3965279
2025-06-23 18:30:00;201.67000;201.89680;201.050705;201.36020;4184558
2025-06-23 17:30:00;201.46001;202.24001;201.080002;201.69000;6635454
2025-06-23 16:30:00;200.14000;201.52000;198.96001;201.43900;4896458
2025-06-23 15:30:00;200.33000;200.52000;199.50999;200.13960;5020117
2025-06-23 14:30:00;201.38000;201.59000;200.22501;200.53000;5366444
2025-06-23 13:30:00;201.53200;202.30000;199.94000;201.37180;12829209
2025-06-20 19:30:00;199.92000;201.70000;199.77000;200.94000;10755124
2025-06-20 18:30:00;199.82001;200.33670;199.60010;199.92999;7927637
2025-06-20 17:30:00;198.32001;200.19000;198.070007;199.81000;5317209
2025-06-20 16:30:00;198.49001;199.37000;198.27000;198.32001;4286863
2025-06-20 15:30:00;197.71001;198.86000;197.70000;198.49001;4328941
2025-06-20 14:30:00;198.69000;198.69000;196.85960;197.67000;6972780
2025-06-20 13:30:00;198.23500;200.94000;197.53000;198.67999;26036396
2025-06-18 19:30:00;195.63000;197.11000;195.46600;196.25;7662210
2025-06-18 18:30:00;195.91000;196.45000;195.11000;195.64000;5009904
2025-06-18 17:30:00;196.070007;196.98000;195.63000;195.91000;3683814
2025-06-18 16:30:00;196.94000;197.020004;196.050003;196.059998;2527979
2025-06-18 15:30:00;196.88;197.23000;196.50031;196.95081;2691146
2025-06-18 14:30:00;197.11000;197.57001;196.63499;196.94000;3996580
2025-06-18 13:30:00;195.94501;197.50999;195.070007;197.060196;8663131
2025-06-17 19:30:00;195.85001;195.88499;195.44099;195.64000;4321581
2025-06-17 18:30:00;195.48000;195.94000;195.42030;195.84000;3616427
2025-06-17 17:30:00;196.50999;196.82001;195.21001;195.46001;4013715
2025-06-17 16:30:00;197.61000;197.84570;196.46500;196.52000;4474144
2025-06-17 15:30:00;197.59000;198.38890;197.46001;197.61501;3514424
2025-06-17 14:30:00;197.58299;197.78999;197.32500;197.58000;3367583
2025-06-17 13:30:00;197.25;197.92999;196.25500;197.58000;7915100
2025-06-16 19:30:00;198.24500;198.49001;197.92999;198.37000;4720848
2025-06-16 18:30:00;197.99001;198.39999;197.66000;198.24500;3569146
2025-06-16 17:30:00;197.88499;198.19000;197.77000;197.98869;3200825
2025-06-16 16:30:00;197.10001;197.95500;197.020004;197.875;2678380
2025-06-16 15:30:00;197.31000;197.63000;196.875;197.080002;4273184
2025-06-16 14:30:00;198.43500;198.66000;197.16499;197.31500;5091014
2025-06-16 13:30:00;197.28999;198.68500;196.56360;198.42999;10592956
2025-06-13 19:30:00;196.24001;196.69000;195.77000;196.45000;5657582
2025-06-13 18:30:00;196.25999;196.64000;195.81000;196.22000;5166232
2025-06-13 17:30:00;197.25;197.71001;196.22000;196.27800;4012087
2025-06-13 16:30:00;197.28999;197.57001;196.92000;197.27000;3612021
2025-06-13 15:30:00;197.52000;198.047501;197.21001;197.27000;4078021
2025-06-13 14:30:00;196.14000;197.64000;195.98000;197.50999;5870070
2025-06-13 13:30:00;199.50999;200.37000;195.91000;196.15500;14838340
2025-06-12 19:30:00;198.88000;199.20000;198.39999;199.20000;3810972
2025-06-12 18:30:00;198.75999;199.060394;198.54500;198.88499;3065411
2025-06-12 17:30:00;199.25999;199.67990;198.66960;198.75;3327953
2025-06-12 16:30:00;198.58000;199.44000;198.21001;199.25999;4180715
2025-06-12 15:30:00;198.089996;198.64000;197.75500;198.59000;3800303
2025-06-12 14:30:00;198.080002;198.92;197.86270;198.16499;5352447
2025-06-12 13:30:00;198.89880;199.39000;197.36011;198.066696;10599878
2025-06-11 19:30:00;198.95000;199.125;198.41000;198.85001;6079183
2025-06-11 18:30:00;199.22000;199.60001;198.62000;198.98000;6509323
2025-06-11 17:30:00;200.90500;200.98500;198.71001;199.23920;6328523
2025-06-11 16:30:00;200.19070;201.23650;200.18500;200.91000;5829435
2025-06-11 15:30:00;200.98;201.14999;199.65961;200.20711;10068427
2025-06-11 14:30:00;202.70351;202.80000;200.97000;201.0099945;7423527
2025-06-11 13:30:00;203.47000;204.5;202.33000;202.76010;10387805
2025-06-10 19:30:00;202.82111;202.97501;202.33000;202.75;4081286
2025-06-10 18:30:00;201.69000;203.22501;201.60001;202.82001;4955808
2025-06-10 17:30:00;201.77499;202.10001;201.31000;201.70000;5126577
2025-06-10 16:30:00;202.53000;202.76300;201.75;201.75999;4174154
2025-06-10 15:30:00;203.32001;203.32001;202.30009;202.53880;4294134
2025-06-10 14:30:00;202.86000;204.35001;202.73000;203.31500;6675574
2025-06-10 13:30:00;200.60001;203.35690;200.57001;202.87000;13200692
2025-06-09 19:30:00;201.21001;202.35500;200.89000;201.44000;7398849
2025-06-09 18:30:00;201.42999;201.70000;200.63000;201.25;8620350
2025-06-09 17:30:00;200.71001;202.66769;200.029999;201.46001;13053525
2025-06-09 16:30:00;203.92999;205.29990;200.020004;200.72000;14949524
2025-06-09 15:30:00;204.53011;204.91000;203.73000;203.92880;4663097
2025-06-09 14:30:00;205.30000;205.74001;204.50999;204.53000;4646532
2025-06-09 13:30:00;204.39999;206;203.98000;205.32001;10204602
2025-06-06 19:30:00;204.69000;205.22000;203.89500;203.92999;5954114
2025-06-06 18:30:00;204.99001;205.47000;204.68500;204.70000;4253859
2025-06-06 17:30:00;203.60001;205.21001;203.59000;204.98500;4252337
2025-06-06 16:30:00;202.66220;203.78000;202.050003;203.59000;4406812
2025-06-06 15:30:00;203.020004;203.60001;202.61000;202.625;3205114
2025-06-06 14:30:00;203.53999;204.059998;202.86011;203.039993;5422200
2025-06-06 13:30:00;202.99500;205.70000;202.98309;203.66000;11118470
2025-06-05 19:30:00;200.74001;201.77000;200.15961;200.55000;6191418
2025-06-05 18:30:00;202.21001;202.72000;200.20000;200.73000;4833279
2025-06-05 17:30:00;202.60001;202.89999;201.14999;202.21040;3145886
2025-06-05 16:30:00;203.14000;203.25;201.55000;202.60010;3950866
2025-06-05 15:30:00;204.53500;204.75;202.48000;203.14000;4792656
2025-06-05 14:30:00;202.45000;204.59000;201.67720;204.54379;6631520
2025-06-05 13:30:00;203.59500;203.84000;201.27000;202.45000;9791765
2025-06-04 19:30:00;203.19000;203.44769;202.75999;202.88699;3543324
2025-06-04 18:30:00;203.11000;203.25;202.75999;203.19000;3114173
2025-06-04 17:30:00;203.41200;203.47000;202.85001;203.12000;2609590
2025-06-04 16:30:00;202.82001;203.59000;202.61501;203.41499;2639222
2025-06-04 15:30:00;204.089996;204.60001;202.14999;202.83000;7130175
2025-06-04 14:30:00;205.12000;205.17999;203.99010;204.089996;4439145
2025-06-04 13:30:00;202.91000;206.24001;202.65080;205.14000;12638615
2025-06-03 19:30:00;203.17999;203.46989;202.98000;203.34000;4035108
2025-06-03 18:30:00;203.080002;203.43990;202.99001;203.17999;2991230
2025-06-03 17:30:00;203.33501;203.77000;202.5;203.091705;3339508
2025-06-03 16:30:00;203.059998;203.74001;202.72000;203.31461;3820571
2025-06-03 15:30:00;202.52000;203.34000;202.059998;203.054993;4217975
2025-06-03 14:30:00;201.74001;202.69000;201.52020;202.5;4750946
2025-06-03 13:30:00;202.13499;203.24001;200.95500;201.74001;10328628
2025-06-02 19:30:00;201.64999;201.80991;201.30000;201.80000;3972829
2025-06-02 18:30:00;201.45000;201.77991;201.14000;201.66000;2805599
2025-06-02 17:30:00;200.86000;201.53000;200.58009;201.45399;2804759
2025-06-02 16:30:00;201.029999;201.16800;200.57001;200.86011;2227466
2025-06-02 15:30:00;200.72000;201.11870;200.30000;201.029999;3147865
2025-06-02 14:30:00;200.52000;201.99001;200.35001;200.71001;4890288
2025-06-02 13:30:00;201.625;202.13000;200.12000;200.53000;8866907
2025-05-30 19:30:00;200.070007;201.95000;199.74010;200.66000;14540371
2025-05-30 18:30:00;199.12000;200.23000;198.92000;200.050598;4653738
2025-05-30 17:30:00;198.080002;199.17999;197.95000;199.12000;3188808
2025-05-30 16:30:00;197.72000;198.17000;196.78000;198.085007;5105841
2025-05-30 15:30:00;199.30000;199.37000;197.55040;197.71500;3638495
2025-05-30 14:30:00;199.23000;199.48500;198.81000;199.31000;3302545
2025-05-30 13:30:00;199.40500;199.57001;197.97000;199.24001;8945068
2025-05-29 19:30:00;199.125;200.24800;199.080002;199.95000;5888522
2025-05-29 18:30:00;199.039993;199.57001;198.57001;199.13930;4850814
2025-05-29 17:30:00;199.96001;200.17000;199.039993;199.039993;3863280
2025-05-29 16:30:00;199.39999;200.44960;199.39999;199.97501;3935142
2025-05-29 15:30:00;200.74001;200.80000;198.50999;199.42000;6137020
2025-05-29 14:30:00;201.11000;201.64999;200.55000;200.74001;4965675
2025-05-29 13:30:00;203.27000;203.78000;200.75999;201.14000;13282532
2025-05-28 19:30:00;201.089996;201.39500;200.19501;200.42000;4638874
2025-05-28 18:30:00;200.84000;201.52110;200.32001;201.12860;3702217
2025-05-28 17:30:00;201.12000;201.25;200.73000;200.85001;2564636
2025-05-28 16:30:00;201.089996;201.52000;200.82500;201.11000;2692955
2025-05-28 15:30:00;201.050003;201.28999;200.86200;201.10001;2681810
2025-05-28 14:30:00;200.74001;201.31000;200.21001;201.044998;4989502
2025-05-28 13:30:00;200.67999;202.73000;199.89999;200.75;11384135
2025-05-27 19:30:00;200.30000;200.47000;199.92999;200.20000;6028688
2025-05-27 18:30:00;200.38000;200.55000;200.19000;200.29440;4344607
2025-05-27 17:30:00;199.95500;200.74001;199.81000;200.37000;4199118
2025-05-27 16:30:00;199.99001;200.64999;199.67000;199.95990;4788957
2025-05-27 15:30:00;199.36000;200.58000;199;199.99500;6497053
2025-05-27 14:30:00;198.36000;199.37000;198.0099945;199.36501;6877187
2025-05-27 13:30:00;198.30000;199.17000;197.42999;198.35001;13343197
2025-05-23 19:30:00;195.46001;195.97000;195.029999;195.34000;8128777
2025-05-23 18:30:00;195.72000;195.89999;195.029999;195.46240;6291505
2025-05-23 17:30:00;196.60001;196.60001;195.089996;195.75;7300789
2025-05-23 16:30:00;196.050797;196.67239;195.63499;196.62000;6093930
2025-05-23 15:30:00;196.59000;197.12000;195.71500;196.050201;6900965
2025-05-23 14:30:00;197.14999;197.37000;195.69000;196.58501;7789566
2025-05-23 13:30:00;193.66499;197.70000;193.46001;197.17000;27970489
2025-05-22 19:30:00;202.62000;202.64999;201;201.37000;5705738
2025-05-22 18:30:00;201.96001;202.72000;201.64999;202.61000;5071372
2025-05-22 17:30:00;201.88000;202.22000;201.67000;201.97000;3552562
2025-05-22 16:30:00;201.94501;202.069901;201.16000;201.89000;3223269
2025-05-22 15:30:00;200.95000;202.40990;200.86000;201.95000;4473843
2025-05-22 14:30:00;200.37000;201.36000;200.35361;200.95000;5245221
2025-05-22 13:30:00;200.71500;201.64000;199.70000;200.36000;13339867
2025-05-21 19:30:00;201.059998;202.49001;201.050003;202.059998;6085411
2025-05-21 18:30:00;202.32001;202.61000;200.72000;201.030106;7028968
2025-05-21 17:30:00;202.089996;203.34500;201.75999;202.34151;7684596
2025-05-21 16:30:00;205.64999;206.089996;202.020004;202.10001;12405386
2025-05-21 15:30:00;206.57001;206.87000;205.52010;205.64000;3570453
2025-05-21 14:30:00;205.85001;207.039993;205.47620;206.58000;4273571
2025-05-21 13:30:00;205.12000;206.77991;204.059998;205.81000;8941675
2025-05-20 19:30:00;206.27000;206.94000;205.92999;206.87000;3731510
2025-05-20 18:30:00;205.58000;206.41000;205.029999;206.27000;4844502
2025-05-20 17:30:00;207.37000;207.40500;205.47000;205.59000;4199913
2025-05-20 16:30:00;207.81000;208.015396;207.11000;207.38000;2803301
2025-05-20 15:30:00;207.64999;208.42999;207.050003;207.81000;4102805
2025-05-20 14:30:00;207.83000;208.47000;207.22000;207.63429;3762244
2025-05-20 13:30:00;208.044998;208.14360;206.47000;207.84500;9911111
2025-05-19 19:30:00;208.12000;208.92999;208.10001;208.75999;4045825
2025-05-19 18:30:00;208.050003;208.80000;207.96001;208.12740;2702881
2025-05-19 17:30:00;208.92999;209.20000;207.78000;208.029999;3106651
2025-05-19 16:30:00;208.49001;209.48000;208.070007;208.92999;3363890
2025-05-19 15:30:00;207.32001;208.58000;207.28000;208.48260;3033717
2025-05-19 14:30:00;206.61000;208.039993;206.24001;207.33000;5318353
2025-05-19 13:30:00;208.024994;208.27000;204.25999;206.61990;15175631
2025-05-16 19:30:00;211.71001;211.73000;211.11000;211.19000;3920156
2025-05-16 18:30:00;211.63000;211.92999;211.42999;211.72501;3274956
2025-05-16 17:30:00;211.11000;211.74001;210.73000;211.62000;3898429
2025-05-16 16:30:00;210.96001;211.42000;210.70000;211.11000;3241029
2025-05-16 15:30:00;210.089996;211.14990;210.089996;210.95500;3654109
2025-05-16 14:30:00;210.59000;210.66000;209.77000;210.080002;7002612
2025-05-16 13:30:00;212.32001;212.57001;210.56000;210.60001;15838181
2025-05-15 19:30:00;210.35001;211.46001;210.14999;211.45799;5877104
2025-05-15 18:30:00;210.63000;211.21001;210.32500;210.36000;3629914
2025-05-15 17:30:00;212.13000;212.13000;210.25999;210.63000;3649292
2025-05-15 16:30:00;211.63000;212.28000;211.21001;212.12010;2927204
2025-05-15 15:30:00;212.5;212.96001;211.41010;211.64169;4296380
2025-05-15 14:30:00;210.32001;212.80000;210.19000;212.49640;5115199
2025-05-15 13:30:00;210.99500;212.53000;209.53999;210.27499;9925447
2025-05-14 19:30:00;211.34000;212.60001;211.24001;212.41000;6352084
2025-05-14 18:30:00;211.38000;212.050003;210.99001;211.35950;3801274
2025-05-14 17:30:00;210.97000;211.94521;210.96001;211.37000;3051755
2025-05-14 16:30:00;212.29500;212.60001;210.58009;210.96001;4235129
2025-05-14 15:30:00;212.61800;212.88000;211.99001;212.28999;3092741
2025-05-14 14:30:00;213.30499;213.71640;211.88980;212.62000;4939187
2025-05-14 13:30:00;212.42500;213.94000;211.87000;213.28999;12100199
2025-05-13 19:30:00;213.19000;213.36000;212.60500;212.84000;4596157
2025-05-13 18:30:00;212.47520;213.39999;212.039993;213.23000;4652431
2025-05-13 17:30:00;211.71001;212.97000;211.70990;212.46001;4232828
2025-05-13 16:30:00;211.28000;211.94000;210.90981;211.71001;3331068
2025-05-13 15:30:00;211.39751;211.61000;210.48000;211.28000;4186585
2025-05-13 14:30:00;211.44501;211.88000;211.080002;211.38499;4801517
2025-05-13 13:30:00;210.42999;211.66570;209.080002;211.45000;15261368
2025-05-12 19:30:00;210.059998;210.85001;209.96001;210.83000;5815190
2025-05-12 18:30:00;210.78000;211.14999;209.92000;210.050003;4909377
2025-05-12 17:30:00;209.94000;210.96001;209.93500;210.77000;4651025
2025-05-12 16:30:00;208.73000;209.99001;208.70920;209.93500;4323467
2025-05-12 15:30:00;208.78000;208.98650;208.25;208.73000;3944326
2025-05-12 14:30:00;209.17000;210.23000;208.12000;208.75999;6321815
2025-05-12 13:30:00;210.97000;211.26649;206.75;209.16000;23789646
2025-05-09 19:30:00;198.80000;198.92990;198.34010;198.53999;3474290
2025-05-09 18:30:00;198.94000;199.42999;198.71001;198.78000;2945367
2025-05-09 17:30:00;198.14500;199.099899;197.91000;198.91000;2470206
2025-05-09 16:30:00;198.13000;198.45000;197.60001;198.14000;3054224
2025-05-09 15:30:00;198.42000;199.0099945;197.92999;198.13499;2891812
2025-05-09 14:30:00;198.38499;199.17999;197.53500;198.42999;4706752
2025-05-09 13:30:00;199.0050049;200.53990;198.12000;198.36011;9829701
2025-05-08 19:30:00;199.57001;199.62000;197.16400;197.39999;5279543
2025-05-08 18:30:00;198.64000;199.68800;198.45000;199.56000;3714346
2025-05-08 17:30:00;199.14000;199.21201;198.089996;198.64000;3307947
2025-05-08 16:30:00;199.23570;199.99001;199.010101;199.14000;3093141
2025-05-08 15:30:00;197.53000;200.049805;197.31000;199.24001;6698875
2025-05-08 14:30:00;195.83000;197.83000;195.51500;197.53999;5637721
2025-05-08 13:30:00;197.74001;198.13000;194.67960;195.82001;10449699
2025-05-07 19:30:00;194.34000;197.46989;194.28999;196.25;6299703
2025-05-07 18:30:00;193.99699;195.71001;193.83141;194.32001;4886414
2025-05-07 17:30:00;195.32001;195.36000;193.30000;194.0099945;5113387
2025-05-07 16:30:00;194.85001;195.78000;194.57500;195.30000;4049885
2025-05-07 15:30:00;194.36000;195.37000;193.25;194.87000;7971845
2025-05-07 14:30:00;199.22701;199.39999;193.81000;194.35069;11257129
2025-05-07 13:30:00;199.19501;199.44000;197.35001;199.22000;9871911
2025-05-06 19:30:00;199.73000;200.17000;198.38000;198.41000;4603113
2025-05-06 18:30:00;199.29500;199.85001;199.020004;199.70840;3342061
2025-05-06 17:30:00;199.45000;199.82001;198.69000;199.30499;2836848
2025-05-06 16:30:00;198.97501;200.020004;198.96001;199.42500;3055441
2025-05-06 15:30:00;199.035004;200.64900;198.66000;198.98000;4709429
2025-05-06 14:30:00;198.89999;199.13000;197.85001;199.035004;5182787
2025-05-06 13:30:00;198.125;199.88000;197.020004;198.91000;16561562
2025-05-05 19:30:00;199.39999;199.59990;198.51970;198.77000;6786984
2025-05-05 18:30:00;200.95000;201.16000;199.39999;199.39999;5400812
2025-05-05 17:30:00;200.41000;201.089996;200.16000;200.96001;3841975
2025-05-05 16:30:00;199.96001;200.64000;199.46;200.41000;4950636
2025-05-05 15:30:00;199.19000;200.039993;198.66000;199.97400;5978364
2025-05-05 14:30:00;198.78700;199.64999;198.21001;199.19960;8474385
2025-05-05 13:30:00;203.125;204.10001;198.62000;198.78000;17363317
2025-05-02 19:30:00;204.75999;205.5;203.89000;205.30000;9990065
2025-05-02 18:30:00;204.87000;205.42999;203.66000;204.75999;8882491
2025-05-02 17:30:00;204.70000;205.83000;204.70000;204.88000;7087245
2025-05-02 16:30:00;205;205.89000;204.14999;204.69901;7635353
2025-05-02 15:30:00;204.92000;206.58000;204.86060;205;8718007
2025-05-02 14:30:00;206.72000;206.99001;204.60001;204.90080;9323215
2025-05-02 13:30:00;206.089996;206.81990;202.16000;206.72000;30704404
2025-05-01 19:30:00;212.94000;214.55000;212.47000;212.83000;7135104
2025-05-01 18:30:00;212.78999;213.20000;212.30000;212.94000;3941988
2025-05-01 17:30:00;212.50999;213;212.065002;212.78000;2827555
2025-05-01 16:30:00;212.78000;212.87759;211.85001;212.50999;4133080
2025-05-01 15:30:00;212.89500;213.12000;211.41499;212.78000;4005190
2025-05-01 14:30:00;211.75;214.22000;211.31500;212.89661;5794472
2025-05-01 13:30:00;209.0099945;212.5;208.89999;211.74001;11460361
2025-04-30 19:30:00;210.375;213.53999;210.050003;212.49001;7076663
2025-04-30 18:30:00;210.70000;211.31000;210.28000;210.34460;2871370
2025-04-30 17:30:00;211.070007;212.97000;210.31500;210.71500;3447792
2025-04-30 16:30:00;210.59000;211.36000;209.80000;211.080002;2462208
2025-04-30 15:30:00;210.56000;211.28000;209.95000;210.59000;2740535
2025-04-30 14:30:00;209.34950;210.86000;208.71010;210.54500;3782710
2025-04-30 13:30:00;209.30000;209.72000;206.67050;209.32120;7770541
2025-04-29 19:30:00;211.31000;211.77000;210.95000;211.24001;3222132
2025-04-29 18:30:00;211.72000;211.96060;211.10010;211.30000;2519310
2025-04-29 17:30:00;210.37000;211.85001;210.22000;211.72270;2467158
2025-04-29 16:30:00;210.49001;210.69000;209.35001;210.36000;2562388
2025-04-29 15:30:00;211.039993;211.32530;210.39999;210.48801;2669695
2025-04-29 14:30:00;210.96001;212.070007;210.67000;211.039993;3218454
2025-04-29 13:30:00;208.69299;212.24001;208.37000;210.95000;9190516
2025-04-28 19:30:00;210.53;211.48;210.04;210.1;214732
2025-04-28 18:30:00;209.87;210.94;209.8;210.54;153327
2025-04-28 17:30:00;208.07;210.05;208.07;209.87;143564
2025-04-28 16:30:00;207.89;208.71;207.855;208.16;98200
2025-04-28 15:30:00;207.99;208.39;207.47;207.86;101348
2025-04-28 14:30:00;208.83;209.79;207.86;207.97;213292
2025-04-28 13:30:00;210.055;211.45;208.76;208.84;328486
2025-04-25 19:30:00;208.21001;209.42999;207.87000;209.23000;4418187
2025-04-25 18:30:00;208.50999;208.87000;208.14000;208.22000;2357459
2025-04-25 17:30:00;209.39000;209.41499;207.37000;208.50450;3053055
2025-04-25 16:30:00;208.60001;209.41000;208.28999;209.37019;3714961
2025-04-25 15:30:00;207.11000;208.89999;206.66000;208.59129;3799231
2025-04-25 14:30:00;206.64000;207.76289;206.51500;207.10001;3766130
2025-04-25 13:30:00;206.42999;209.24989;206.20000;206.63480;8557840
2025-04-24 19:30:00;207.11000;208.82990;207.089996;208.20000;5785557
2025-04-24 18:30:00;207.30000;208.10001;207.029999;207.090103;3837311
2025-04-24 17:30:00;206.92000;207.78999;206.55000;207.28900;2687289
2025-04-24 16:30:00;206.28999;207.029999;205.82001;206.90500;2541750
2025-04-24 15:30:00;205.88499;206.75;205.58009;206.28999;4462199
2025-04-24 14:30:00;206.28999;206.66000;205.22009;205.92500;4262818
2025-04-24 13:30:00;204.88499;206.35001;202.94000;206.32001;8437662
2025-04-23 19:30:00;204.030899;205.75;203.61000;204.36000;5424069
2025-04-23 18:30:00;204.47000;205.17000;203.65669;204.0099945;3587154
2025-04-23 17:30:00;205;205.64999;204.22000;204.48241;3056243
2025-04-23 16:30:00;204.14000;205.44000;203.51840;204.95000;3150358
2025-04-23 15:30:00;204.625;205.41000;202.79900;204.11000;5789475
2025-04-23 14:30:00;206.81000;207.95000;204.059998;204.63000;7455119
2025-04-23 13:30:00;206;208;204.63010;206.80499;15174509
2025-04-22 19:30:00;198.625;199.89000;198;199.66000;5543168
2025-04-22 18:30:00;199.88000;200.5;198.56000;198.62019;6982874
2025-04-22 17:30:00;198.51620;200.0099945;198.10240;199.89180;3865378
2025-04-22 16:30:00;201.40010;201.53000;198.32030;198.53999;6210265
2025-04-22 15:30:00;198.83000;201.55000;197.86000;201.38000;6986542
2025-04-22 14:30:00;198.12000;199.55000;197.67000;198.83000;5200594
2025-04-22 13:30:00;196.070007;198.94000;196;198.11000;8343567
2025-04-21 19:30:00;191.089996;193.42000;191.050003;193.089996;5337999
2025-04-21 18:30:00;190.81500;191.38000;190.20000;191.10500;3470291
2025-04-21 17:30:00;190.59000;191;190.24001;190.82001;2848270
2025-04-21 16:30:00;191.12000;191.75;190.14000;190.61400;3331629
2025-04-21 15:30:00;190.72000;191.32001;189.81120;191.13000;4469110
2025-04-21 14:30:00;192.11000;192.49001;190.60500;190.73500;4480370
2025-04-21 13:30:00;193.26500;193.80000;191.36000;192.12000;8862849
2025-04-17 19:30:00;197.25;197.70000;195.82001;196.87000;4510991
2025-04-17 18:30:00;198.28999;198.66000;196.87000;197.24220;4857368
2025-04-17 17:30:00;196.71001;198.83350;196.67000;198.28000;3858649
2025-04-17 16:30:00;197.82600;198.57001;196.67999;196.70000;4953563
2025-04-17 15:30:00;196.029999;198.050003;195.98869;197.80499;4703332
2025-04-17 14:30:00;195.69000;197.095001;194.42000;196.039993;6835084
2025-04-17 13:30:00;197.14999;197.20000;194.64000;195.64000;11995068
2025-04-16 19:30:00;192.58000;194.86349;192.57001;194.30000;7049437
2025-04-16 18:30:00;194.53999;194.64371;192.37000;192.57001;5831097
2025-04-16 17:30:00;197.75999;197.81000;193.92000;194.55499;7922500
2025-04-16 16:30:00;196.91000;197.92000;196.64999;197.75999;3351617
2025-04-16 15:30:00;198.375;198.39999;196.39050;196.91000;4369963
2025-04-16 14:30:00;197.059998;198.98849;196.81000;198.35010;6372057
2025-04-16 13:30:00;198.36000;200.70000;196.020004;197.070007;13937138
2025-04-15 19:30:00;202.83000;202.95900;201.92000;202.13000;4409283
2025-04-15 18:30:00;201.71500;203.28999;201.64000;202.80000;4048783
2025-04-15 17:30:00;201.58501;202.77690;201.30499;201.76500;4045655
2025-04-15 16:30:00;203.050003;203.28400;201.11501;201.60440;3893654
2025-04-15 15:30:00;202.14000;203.35001;201.96001;203.039993;3730153
2025-04-15 14:30:00;200.78999;203.089996;200.68600;202.11501;6103100
2025-04-15 13:30:00;201.85500;203.50500;199.82001;200.80000;13453371
2025-04-14 19:30:00;205.72000;205.89999;202.32001;202.59000;8409251
2025-04-14 18:30:00;205.78999;206.66000;205.39000;205.71001;6862210
2025-04-14 17:30:00;203.88499;205.81000;203.42999;205.78999;6209694
2025-04-14 16:30:00;201.73000;204.97850;201.58501;203.86400;8024983
2025-04-14 15:30:00;203.64999;204.38000;201.16209;201.75;11801459
2025-04-14 14:30:00;204.80000;206.19991;203.41000;203.60001;11826668
2025-04-14 13:30:00;211.44000;212.94000;204.61000;204.75;38852582
2025-04-11 19:30:00;198.35001;199;197.54140;198.020004;9619486
2025-04-11 18:30:00;197.60001;198.94389;197.40179;198.34200;6229743
2025-04-11 17:30:00;196.85249;199.53999;196.037903;197.58000;8204023
2025-04-11 16:30:00;195.82001;199.35001;195.81000;196.83070;10272519
2025-04-11 15:30:00;193.28999;197.67000;192.87860;195.80099;11426289
2025-04-11 14:30:00;189.94000;194.20000;189.64000;193.32001;10224897
2025-04-11 13:30:00;186.17999;193.25;186.059998;189.92999;17625839
2025-04-10 19:30:00;190;192.43500;187.83000;190.44000;10417028
2025-04-10 18:30:00;191.75;192.80000;189.020004;189.98500;10246898
2025-04-10 17:30:00;187.97000;192;186;191.75999;14336457
2025-04-10 16:30:00;184.26500;189.89999;184.17500;188.0099945;13927222
2025-04-10 15:30:00;188.85500;189.23000;183;184.27000;16399003
2025-04-10 14:30:00;192.22000;193.57001;188.69000;188.85921;10348115
2025-04-10 13:30:00;189.16499;194.77991;189;192.14500;25783702
2025-04-09 19:30:00;196;200.61000;195.91000;198.85001;20947383
2025-04-09 18:30:00;190.78999;198.98000;183.87000;196.059998;30349699
2025-04-09 17:30:00;188.50999;194.86990;188.13000;190.80000;27276269
2025-04-09 16:30:00;179.57990;194.49001;179.24001;188.52499;19036631
2025-04-09 15:30:00;179.75;181.070007;177.75;179.59000;11721052
2025-04-09 14:30:00;178.50999;180.42000;176.83000;179.75500;15996521
2025-04-09 13:30:00;172.17900;179.42000;171.89000;178.41180;32288949
2025-04-08 19:30:00;172.87000;173.44000;169.21010;172.77000;16156814
2025-04-08 18:30:00;175.31219;177.23000;171.63000;172.89000;15040705
2025-04-08 17:30:00;175.020004;178.60989;174.85001;175.33000;11562913
2025-04-08 16:30:00;183.32001;183.51500;175;175.029999;15712598
2025-04-08 15:30:00;184.070007;185.53999;182.28999;183.33000;7825256
2025-04-08 14:30:00;189.32001;189.92999;184.059998;184.089996;11822751
2025-04-08 13:30:00;186.73000;190.33501;185.10001;189.33000;25336677
2025-04-07 19:30:00;178.44000;182;178.43500;181.59000;11790019
2025-04-07 18:30:00;180.34000;182.30000;178.28011;178.42130;12053848
2025-04-07 17:30:00;181.55499;183.89000;179.5;180.33501;12360402
2025-04-07 16:30:00;178.10001;181.72000;177.10001;181.53999;10820708
2025-04-07 15:30:00;176.41000;180.16000;175.75;178.14000;12923106
2025-04-07 14:30:00;181.75;185.93980;175.70000;176.36000;22337720
2025-04-07 13:30:00;177.24001;194.14000;174.62000;182.39999;60052232
2025-04-04 19:30:00;190.15500;191.73000;188.059998;188.38000;14314619
2025-04-04 18:30:00;188.89999;190.86880;187.34500;190.23000;13768421
2025-04-04 17:30:00;190.98000;192.57001;188.83099;188.88000;12241484
2025-04-04 16:30:00;192.78000;193.97620;190.89999;190.99001;8258826
2025-04-04 15:30:00;194.46500;196;192.25999;192.81000;9394573
2025-04-04 14:30:00;195.29500;197.21170;191.059998;194.49001;19674778
2025-04-04 13:30:00;196.17000;199.88000;192.80000;195.28000;32119623
2025-04-03 19:30:00;202.20000;203.86000;201.25;203.059998;14152077
2025-04-03 18:30:00;202.98280;203.52000;202.14000;202.20000;9806166
2025-04-03 17:30:00;203.99001;204.60510;202.70000;203;6326946
2025-04-03 16:30:00;206.10001;206.30000;203.84010;204.0050049;5727160
2025-04-03 15:30:00;204.050003;207.039993;203.70430;206.059998;8453124
2025-04-03 14:30:00;205.63499;206.47000;203.37000;204.050003;11492280
2025-04-03 13:30:00;205.52000;207.48990;202.52000;205.63499;32868028
2025-04-02 19:30:00;223.67000;224.46001;223.5;223.78999;4054405
2025-04-02 18:30:00;222.92000;223.94099;222.86140;223.66010;2653899
2025-04-02 17:30:00;224.72000;224.81000;222.92000;222.92999;2445540
2025-04-02 16:30:00;224.13000;225.19000;223.19000;224.72000;3616264
2025-04-02 15:30:00;224.45000;224.60001;223.11000;224.13000;2694881
2025-04-02 14:30:00;224.020004;224.71539;223.45000;224.48000;3704510
2025-04-02 13:30:00;221.19000;224.10851;221.050003;224.039993;5984058
2025-04-01 19:30:00;221.71001;223.49001;221.57001;223.14000;4133846
2025-04-01 18:30:00;221.49001;222.12000;221.14999;221.73000;2520811
2025-04-01 17:30:00;222.30000;222.77499;221.45000;221.5;2283252
2025-04-01 16:30:00;222.55499;223.080002;222.19000;222.33850;2079835
2025-04-01 15:30:00;222.86501;223.14000;222.14999;222.53000;2944555
2025-04-01 14:30:00;221.49001;223.42999;221.36000;222.87990;4206063
2025-04-01 13:30:00;219.80499;223.39000;218.89999;221.51990;9638876
2025-03-31 19:30:00;221.21001;224.97000;220.99010;221.99500;11487559
2025-03-31 18:30:00;220.80000;221.73500;220.39000;221.22501;4172283
2025-03-31 17:30:00;219.85001;220.88000;219.24170;220.79500;2764885
2025-03-31 16:30:00;220.89999;221.020004;219.39000;219.87000;2845575
2025-03-31 15:30:00;219.10001;220.92999;218.88519;220.92000;3711918
2025-03-31 14:30:00;218.61000;220.080002;218.35;219.13000;5131843
2025-03-31 13:30:00;217.22000;219.31000;216.24001;218.57001;13611371
2025-03-28 19:30:00;218.5;218.75;217.67999;217.88000;5319689
2025-03-28 18:30:00;219.039993;219.14999;218.11040;218.50999;3188030
2025-03-28 17:30:00;218.5;219.16650;218.17999;219.050003;2307054
2025-03-28 16:30:00;218.67000;219.12000;218.21001;218.49001;3059478
2025-03-28 15:30:00;219.89110;220.22000;218.35001;218.69000;3075097
2025-03-28 14:30:00;219.89000;220.64999;219.17000;219.98000;4819013
2025-03-28 13:30:00;221.64900;223.80000;219.69501;219.91000;8900229
2025-03-27 19:30:00;224.80000;224.99001;223.70000;223.92999;5491814
2025-03-27 18:30:00;224.35001;224.99001;223.94501;224.78999;3376619
2025-03-27 17:30:00;223.080002;224.56000;223.050003;224.37000;3521517
2025-03-27 16:30:00;223.17999;223.98000;222.72000;223.10500;3509193
2025-03-27 15:30:00;222.80000;223.75999;222.56500;223.19501;2866958
2025-03-27 14:30:00;221.64999;223.24001;221.39999;222.80009;3784484
2025-03-27 13:30:00;221.33000;222.10001;220.56010;221.64999;5508724
2025-03-26 19:30:00;220.61501;221.88000;220.47000;221.39999;4140037
2025-03-26 18:30:00;221.81500;221.88499;220.60001;220.60001;3054676
2025-03-26 17:30:00;222.080002;222.22000;221.40010;221.83501;2219567
2025-03-26 16:30:00;223.67500;223.78999;221.63000;222.080002;2855124
2025-03-26 15:30:00;223.72009;223.89999;222.12000;223.67500;3220107
2025-03-26 14:30:00;224.085007;224.31560;223.11000;223.72000;3253126
2025-03-26 13:30:00;223.50999;225.020004;222.84000;224.074493;8223129
2025-03-25 19:30:00;223.41;224.1;223.3;223.76;217661
2025-03-25 18:30:00;223.495;223.71;222.79;223.39;194998
2025-03-25 17:30:00;222.835;223.94;222.615;223.49;137193
2025-03-25 16:30:00;223.105;223.63;222.83;222.83;135363
2025-03-25 15:30:00;223.555;223.685;223.01;223.135;135677
2025-03-25 14:30:00;223.33;223.895;222.3;223.55;251023
2025-03-25 13:30:00;220.77;223.38;220.085;223.37;484371
2025-03-24 19:30:00;219.78999;221.0099945;219.66000;220.42999;6001386
2025-03-24 18:30:00;219.77499;220.47000;219.46581;219.77000;4139018
2025-03-24 17:30:00;219.32001;219.85001;219.089996;219.75999;2530901
2025-03-24 16:30:00;219.014999;219.5;218.82001;219.28999;3057015
2025-03-24 15:30:00;219.15500;220.050003;218.96001;219;3264720
2025-03-24 14:30:00;219.81000;220.69000;219.029205;219.15750;4668518
2025-03-24 13:30:00;221;221.020996;218.58000;219.77000;9344812
2025-03-21 19:30:00;215.31000;218.84000;215.0099945;218.36000;10148885
2025-03-21 18:30:00;214.67000;215.37000;214.64000;215.31000;4189003
2025-03-21 17:30:00;214.61000;215.039001;214.26010;214.67000;3091390
2025-03-21 16:30:00;214.67000;215.48000;214.48480;214.62000;3366634
2025-03-21 15:30:00;213.44000;215.39999;212.64000;214.65500;3813985
2025-03-21 14:30:00;213.71001;214.84000;213.26070;213.44350;7872381
2025-03-21 13:30:00;211.51500;214.41000;211.47000;213.74001;21249328
2025-03-20 19:30:00;212.69000;214.75999;212.69000;214.14999;5352998
2025-03-20 18:30:00;212.77000;213.39999;212.22000;212.68350;4531064
2025-03-20 17:30:00;213.25999;213.89000;212.73000;212.75999;3180049
2025-03-20 16:30:00;214.14000;214.50999;213;213.23000;5149763
2025-03-20 15:30:00;215.94000;216.46001;214.020004;214.14000;4431089
2025-03-20 14:30:00;216.98000;217.29500;215.78760;215.9;4569561
2025-03-20 13:30:00;213.99001;217.48990;212.89999;216.99040;7527757
2025-03-19 19:30:00;215.5;215.67999;214.48000;215.30000;5255712
2025-03-19 18:30:00;214.27000;217.059006;214.25;215.50990;6058928
2025-03-19 17:30:00;214.39200;215.049698;213.75;214.27000;4823378
2025-03-19 16:30:00;215.28999;215.33000;214.28999;214.38000;2801294
2025-03-19 15:30:00;215.69000;216.75;215.17999;215.30000;3259079
2025-03-19 14:30:00;217.21001;217.21980;214.96001;215.66901;5121699
2025-03-19 13:30:00;214.22000;218.75999;213.91010;217.14500;11409119
2025-03-18 19:30:00;212.34500;213.25999;212.31000;212.78999;4396249
2025-03-18 18:30:00;212;212.65500;211.81030;212.34500;3435188
2025-03-18 17:30:00;212.30000;212.32001;211.55980;211.99500;3006313
2025-03-18 16:30:00;213.70000;213.77361;211.49001;212.28340;4535545
2025-03-18 15:30:00;213.25;213.98000;212.78999;213.72000;3176514
2025-03-18 14:30:00;214.55000;214.89000;212.64999;213.33000;4477342
2025-03-18 13:30:00;214.14000;215.14999;212.95000;214.55141;10203982
2025-03-17 19:30:00;214.67999;215.22000;213.67000;214.19000;6930829
2025-03-17 18:30:00;214.45000;214.79680;214.070007;214.68500;3623892
2025-03-17 17:30:00;212.35500;214.73019;212.28000;214.45500;4126373
2025-03-17 16:30:00;211.21001;212.37000;211.089996;212.33031;3083388
2025-03-17 15:30:00;210.75500;211.80000;209.98000;211.20000;4394790
2025-03-17 14:30:00;213.22501;213.25999;210.46970;210.75470;5939423
2025-03-17 13:30:00;213.36000;214.97000;212.17000;213.22470;9583454
2025-03-14 19:30:00;212.89461;213.89999;212.71001;213.38000;6350358
2025-03-14 18:30:00;211.25;213.41100;211.25;212.90530;4621820
2025-03-14 17:30:00;212.30260;212.68990;210.75999;211.24500;6041620
2025-03-14 16:30:00;212.23500;213.5;212.072296;212.31500;3579047
2025-03-14 15:30:00;211.92999;213.94000;211.91000;212.23070;5950062
2025-03-14 14:30:00;210.38000;212.38000;209.98000;211.92999;7259676
2025-03-14 13:30:00;211.25;213.42999;209.58000;210.37810;14448242
2025-03-13 19:30:00;210.67000;210.71001;208.42000;209.71001;9508816
2025-03-13 18:30:00;212.28600;212.46989;210.36000;210.63000;5897570
2025-03-13 17:30:00;211.14000;212.47000;210.50011;212.28999;5034049
2025-03-13 16:30:00;211.93381;212.92999;210.69000;211.15500;5949778
2025-03-13 15:30:00;214.044998;214.35001;211.56;211.94000;8254454
2025-03-13 14:30:00;214.30000;214.82001;213.63000;214.040207;6041469
2025-03-13 13:30:00;215.94000;216.83940;214.22000;214.28000;11543428
2025-03-12 19:30:00;215.64999;217.27000;215.28000;216.94000;7314758
2025-03-12 18:30:00;216.12000;217.089905;215.050003;215.63989;6048770
2025-03-12 17:30:00;218.13000;218.22000;215.92999;216.11000;5341362
2025-03-12 16:30:00;218.44501;218.60001;216.88000;218.18980;4501805
2025-03-12 15:30:00;216.47000;218.61000;216.33000;218.36040;5962200
2025-03-12 14:30:00;218.95000;219.39999;214.91000;216.44501;10778249
2025-03-12 13:30:00;220.17999;221.75;218.83000;218.95000;13585830
2025-03-11 19:30:00;221.82001;222.050003;220.58000;220.73000;6574063
2025-03-11 18:30:00;220.55000;223.28000;220.090195;221.82021;7110964
2025-03-11 17:30:00;217.73000;220.98000;217.67999;220.54500;6404020
2025-03-11 16:30:00;218.53999;219.88000;217.45000;217.75500;7268661
2025-03-11 15:30:00;220.98000;221.74001;218.5;218.55000;8365238
2025-03-11 14:30:00;222.49001;222.95000;220.59000;221.0032043;7863529
2025-03-11 13:30:00;223.80000;225.83990;220.0099945;222.52000;17705238
2025-03-10 19:30:00;226.99001;228.64999;226.5;227.54100;8057482
2025-03-10 18:30:00;226.59000;227.51500;224.42090;226.97620;7127512
2025-03-10 17:30:00;225.24001;226.98000;224.87000;226.58000;5343177
2025-03-10 16:30:00;225.53999;226.69000;224.32500;225.21001;5441202
2025-03-10 15:30:00;226.53000;227.28999;224.22000;225.48000;6728298
2025-03-10 14:30:00;228.55499;229.5;225.28999;226.50870;11879291
2025-03-10 13:30:00;235.48000;236.16000;228.52000;228.55000;15210592
2025-03-07 20:30:00;238.80000;239.77000;237.94000;239.070007;4811911
2025-03-07 19:30:00;239.66499;239.86000;238.080002;238.81140;3265326
2025-03-07 18:30:00;240.42500;240.91000;238.57001;239.64999;4109056
2025-03-07 17:30:00;239.25999;241.37000;238.80000;240.41440;6264766
2025-03-07 16:30:00;239.039993;239.69749;237.86000;239.28999;6229746
2025-03-07 15:30:00;238.31500;240.16000;237.030106;239.020004;6445384
2025-03-07 14:30:00;235.10500;239.42999;234.835;238.31000;8601005
2025-03-06 20:30:00;235.17000;235.75999;234.45000;235.32001;4800803
2025-03-06 19:30:00;233.65500;236.0099945;233.33000;235.17999;4926584
2025-03-06 18:30:00;234.30499;235.17000;233.39999;233.69000;4333970
2025-03-06 17:30:00;234.39999;235.42999;234.059998;234.29500;3660287
2025-03-06 16:30:00;236.74001;237.34000;234.040405;234.41499;4246957
2025-03-06 15:30:00;236.47000;237.86000;236.24500;236.78000;4326344
2025-03-06 14:30:00;234.43500;237.16000;233.53999;236.47000;8965074
2025-03-05 20:30:00;236.0099945;236.35001;235.059998;235.77000;3864004
2025-03-05 19:30:00;235.80000;236.48000;235.14999;236.039993;3103634
2025-03-05 18:30:00;234.66530;236.55000;234.10001;235.74750;2837195
2025-03-05 17:30:00;234.53999;235.53999;234;234.67999;3887648
2025-03-05 16:30:00;230.62000;234.64999;229.23000;234.53990;5831367
2025-03-05 15:30:00;230.94000;233.20000;230.14000;230.64900;4757085
2025-03-05 14:30:00;235.49500;235.95000;230.55000;230.92000;11396281
2025-03-04 20:30:00;238.67999;238.75;234.70000;236.070007;6470426
2025-03-04 19:30:00;238.28999;239.24989;237.98230;238.69000;4113744
2025-03-04 18:30:00;236.75;238.56000;236.42999;238.28889;3524557
2025-03-04 17:30:00;238.11000;238.17990;236.16000;236.75;4297681
2025-03-04 16:30:00;238.59000;240.070007;238.12891;238.16499;4617834
2025-03-04 15:30:00;238.39999;239.81000;237.64999;238.63000;6419558
2025-03-04 14:30:00;237.70500;239.39000;236.35001;238.39999;12574876
2025-03-03 20:30:00;236.88000;238.56000;236.11200;238.14000;6362960
2025-03-03 19:30:00;241.16000;242;236.64999;236.88921;5255129
2025-03-03 18:30:00;241.020004;241.87000;240.44000;241.15179;3716220
2025-03-03 17:30:00;242.53999;242.98680;240.74001;240.96500;2892774
2025-03-03 16:30:00;241.23000;242.55000;240.66499;242.53999;2726862
2025-03-03 15:30:00;241.5;242.63000;241.12669;241.19000;3962348
2025-03-03 14:30:00;241.72200;244.027206;239.82500;241.48500;10137001
2025-02-28 20:30:00;239.69000;242.089996;238.81000;241.84000;7654870
2025-02-28 19:30:00;237.88000;239.78000;237.70039;239.71001;4607390
2025-02-28 18:30:00;237.40500;238.30830;237.0099945;237.92000;3074577
2025-02-28 17:30:00;237.69000;237.89999;236.23000;237.41000;3253563
2025-02-28 16:30:00;236.87000;237.75;236.55000;237.60500;2856512
2025-02-28 15:30:00;237.58000;237.83000;236.49001;236.92000;3856963
2025-02-28 14:30:00;236.95000;237.80000;234.50999;237.59500;9860731
2025-02-27 20:30:00;238.95500;239.36951;237.10001;237.38000;5981830
2025-02-27 19:30:00;240.64500;240.66000;238.77029;238.92000;4411625
2025-02-27 18:30:00;241.92999;242.050003;240.52000;240.63000;2376630
2025-02-27 17:30:00;241.12970;242.17999;240.36000;241.89999;2123940
2025-02-27 16:30:00;241.52000;241.78481;239.58501;241.057999;2483584
2025-02-27 15:30:00;241.36000;242.46001;240.64000;241.52000;3314596
2025-02-27 14:30:00;239.34500;242.28000;238.47000;241.375;11860928
2025-02-26 20:30:00;239.96001;240.71001;239.68500;240.31000;4066395
2025-02-26 19:30:00;239.81000;240.45000;239.53000;239.95000;3160834
2025-02-26 18:30:00;240.34000;240.39000;239.13000;239.82001;4096351
2025-02-26 17:30:00;243.14000;243.28999;240.24001;240.34030;4011307
2025-02-26 16:30:00;241.80000;243.89000;241.75;243.13000;3260739
2025-02-26 15:30:00;243.49500;243.72000;241.58000;241.81000;4844532
2025-02-26 14:30:00;244.33000;244.98000;241.42000;243.48000;11922325
2025-02-25 20:30:00;247.72501;247.77000;246.044998;247.050003;4291190
2025-02-25 19:30:00;247.64000;248.59000;247.55000;247.72000;3408426
2025-02-25 18:30:00;247.97000;248.62000;247.16000;247.66811;3236285
2025-02-25 17:30:00;249.58000;249.62000;247.73000;247.98000;3204536
2025-02-25 16:30:00;246.53500;249.98000;246.43010;249.58000;6711698
2025-02-25 15:30:00;245.13000;246.87000;244.91000;246.52499;4912736
2025-02-25 14:30:00;248;249.52000;244.91000;245.11000;12543414
2025-02-24 20:30:00;247.59500;247.78999;246.82001;247.23000;4976822
2025-02-24 19:30:00;248.66000;248.75;247.42999;247.61000;3657066
2025-02-24 18:30:00;248.050003;248.80000;247.67000;248.66000;4364825
2025-02-24 17:30:00;247.82001;248.14000;247.22000;248.050003;2551528
2025-02-24 16:30:00;247.13000;248.32001;247.12000;247.79500;3638770
2025-02-24 15:30:00;247.85001;247.95410;246.0099945;247.11020;6816716
2025-02-24 14:30:00;244.80800;248.86000;244.59000;247.85001;13194485
2025-02-21 20:30:00;245.81500;246.089996;245.33000;245.59000;5597952
2025-02-21 19:30:00;246.50500;246.82001;245.39011;245.80000;7827784
2025-02-21 18:30:00;247.44510;248.076706;246.42999;246.49001;4986285
2025-02-21 17:30:00;247.38000;248.69000;247.10001;247.44119;6864397
2025-02-21 16:30:00;247.14500;247.64999;246.64999;247.37000;4700950
2025-02-21 15:30:00;245.77499;247.45000;245.22000;247.13000;5440754
2025-02-21 14:30:00;245.96500;246.94000;245.22000;245.78999;8207297
2025-02-20 20:30:00;245.61000;246;245.36000;245.86000;3152476
2025-02-20 19:30:00;245.25;245.75;244.85001;245.62000;2339026
2025-02-20 18:30:00;245.44000;245.58000;245.020004;245.25500;1791583
2025-02-20 17:30:00;246.37000;246.41000;245.16000;245.44501;2248069
2025-02-20 16:30:00;246.125;246.46001;245.029999;246.38000;4072175
2025-02-20 15:30:00;244.74001;246.70000;244.59000;246.13060;4332976
2025-02-20 14:30:00;244.97000;246.78000;244.28999;244.74500;7059474
2025-02-19 20:30:00;244.88000;245.089600;244.53500;244.88000;2963614
2025-02-19 19:30:00;244.89999;245.17000;244.45010;244.88000;2676277
2025-02-19 18:30:00;244.71500;245.18990;244.22000;244.90010;2025071
2025-02-19 17:30:00;245.14000;245.28000;244.23000;244.71001;1965036
2025-02-19 16:30:00;244.39000;245.65140;244.029999;245.14999;3328518
2025-02-19 15:30:00;243.92999;244.49001;243.16040;244.39571;3875842
2025-02-19 14:30:00;244.61000;246.0099945;243.78999;243.93990;7953912
2025-02-18 20:30:00;243.53000;244.60001;243.14999;244.47000;4972578
2025-02-18 19:30:00;243.054993;243.83501;242.98000;243.52000;2923310
2025-02-18 18:30:00;243.42999;243.48331;241.84000;243.054993;3303217
2025-02-18 17:30:00;244.45000;244.5;243.25;243.43500;2653024
2025-02-18 16:30:00;244.72000;245.050003;244.17999;244.42999;3072601
2025-02-18 15:30:00;244.080002;244.96989;243.94000;244.73000;3162208
2025-02-18 14:30:00;243.91000;245.17999;242.86011;244.090500;10825110
2025-02-14 20:30:00;244.080002;245.41000;243.91000;244.57001;4882408
2025-02-14 19:30:00;244.13989;244.37000;243.91010;244.10001;2427820
2025-02-14 18:30:00;243.98000;244.53999;243.94000;244.14999;1978801
2025-02-14 17:30:00;243.82500;244.31000;243.34000;243.99989;2425988
2025-02-14 16:30:00;243.94000;244.53000;243.69000;243.81520;4178251
2025-02-14 15:30:00;244.38000;244.38000;243.16000;243.94501;5067705
2025-02-14 14:30:00;241.070007;245.050003;241;244.38000;11286651
2025-02-13 20:30:00;241.54500;241.76900;241.0099945;241.52000;4257586
2025-02-13 19:30:00;241.75011;242.33990;241.25999;241.54500;3705280
2025-02-13 18:30:00;241.039993;242.070007;240.53000;241.76990;3762258
2025-02-13 17:30:00;240.34990;241.35001;240.19000;241.029999;3189003
2025-02-13 16:30:00;240.49030;240.84000;239.82001;240.34500;3794477
2025-02-13 15:30:00;237.89600;241.61000;237.73000;240.48000;8946690
2025-02-13 14:30:00;238.42000;239;235.57001;237.88000;9840230
2025-02-12 20:30:00;236.46001;236.96001;235.91000;236.89000;4493778
2025-02-12 19:30:00;236.21001;236.66000;236.070007;236.46500;3343068
2025-02-12 18:30:00;235.47321;236.42000;235.32001;236.21001;3035921
2025-02-12 17:30:00;235.27330;235.89000;234.86000;235.48000;2818998
2025-02-12 16:30:00;235.070007;235.66000;234.73000;235.28999;3522413
2025-02-12 15:30:00;233.58121;235.14000;233.58000;235.070007;5468072
2025-02-12 14:30:00;231.27499;234.050003;230.67999;233.60500;11367975
2025-02-11 20:30:00;233.11000;233.30000;232.17000;232.77000;4615039
2025-02-11 19:30:00;233.36211;233.92500;232.89999;233.11079;3713673
2025-02-11 18:30:00;233.72000;234.18990;233.13000;233.37000;2814146
2025-02-11 17:30:00;234.59000;234.625;233.25;233.54500;3044289
2025-02-11 16:30:00;234.66000;235.23000;233.72169;234.57230;5739801
2025-02-11 15:30:00;233.21500;234.71790;232.82010;234.64999;7044939
2025-02-11 14:30:00;228.20000;233.49001;228.13000;233.34000;16450453
2025-02-10 20:30:00;227.73000;227.88000;227.20000;227.64000;3507594
2025-02-10 19:30:00;228.70000;228.84000;227.60001;227.69000;2971999
2025-02-10 18:30:00;228.48500;229.035004;228.40500;228.69991;1724822
2025-02-10 17:30:00;228.47000;228.88000;228.37000;228.47000;2458759
2025-02-10 16:30:00;229.37080;229.38499;228.23920;228.47070;2475816
2025-02-10 15:30:00;229.89000;229.91161;228.74001;229.36000;3755997
2025-02-10 14:30:00;229.57001;230.58501;228.80000;229.86620;6363524
2025-02-07 20:30:00;227.99001;228.14999;227.25999;227.71001;5030513
2025-02-07 19:30:00;227.89000;228.58000;227.78999;228;2965606
2025-02-07 18:30:00;229.28999;229.5;227.83000;227.88000;2602577
2025-02-07 17:30:00;228.39000;229.44000;228.36330;229.29890;3721234
2025-02-07 16:30:00;229.085007;229.42000;228.19501;228.40060;3763438
2025-02-07 15:30:00;230.34000;231.26801;228.89999;229.054993;5830454
2025-02-07 14:30:00;232.51500;234;229.88000;230.39000;7814805
2025-02-06 20:30:00;232.28999;233.28000;231.92999;233.22000;3111368
2025-02-06 19:30:00;232.89000;232.89000;231.89500;232.28000;2205672
2025-02-06 18:30:00;232.19000;233.11000;232.080002;232.87000;1818718
2025-02-06 17:30:00;231.34500;232.34000;231.029999;232.19000;2393555
2025-02-06 16:30:00;231.50999;231.63499;230.89999;231.33000;2213517
2025-02-06 15:30:00;231.58501;232.32561;230.42500;231.51500;3602110
2025-02-06 14:30:00;231.34000;233.80000;230.77930;231.53999;6919081
2025-02-05 20:30:00;231.78000;232.67000;231.11011;232.46001;3443172
2025-02-05 19:30:00;230.64000;231.87000;230.5;231.79500;2873550
2025-02-05 18:30:00;229.89999;231.53000;229.71001;230.64870;3043439
2025-02-05 17:30:00;230.67999;230.75;229.63000;229.91000;2376629
2025-02-05 16:30:00;230.080002;231.28000;229.99001;230.69000;2916208
2025-02-05 15:30:00;229.50999;230.19749;228.85139;230.089996;3448041
2025-02-05 14:30:00;229.39529;230.61971;228.30000;229.5;9950472
2025-02-04 20:30:00;232.28999;233.13000;232.029999;232.78999;3490884
2025-02-04 19:30:00;232.14000;232.95000;232.13499;232.30901;3344618
2025-02-04 18:30:00;232.22569;232.36000;231.38000;232.14000;2286596
2025-02-04 17:30:00;231.78999;232.38000;231.39000;232.22000;3095970
2025-02-04 16:30:00;231.059998;232.78999;231.050003;231.78000;5209179
2025-02-04 15:30:00;230.38000;231.54880;230.13499;231.050003;5366151
2025-02-04 14:30:00;227.20000;230.41180;226.64999;230.37000;11635605
2025-02-03 20:30:00;228.57001;228.96989;227.63000;227.98000;5648751
2025-02-03 19:30:00;228.48000;229.21001;228.32001;228.55009;4499030
2025-02-03 18:30:00;226.91000;228.84770;226.89000;228.47000;5283668
2025-02-03 17:30:00;226.36000;227.070007;225.95000;226.89999;4952072
2025-02-03 16:30:00;226.41000;227.13000;225.71001;226.36990;7067637
2025-02-03 15:30:00;229.25999;229.81990;226.080002;226.42000;10353683
2025-02-03 14:30:00;229.44000;231.83000;226.63499;229.25999;21198249
2025-01-31 20:30:00;234.31000;236.5;233.74001;235.86000;8379858
2025-01-31 19:30:00;235.15500;235.27991;233.44000;234.28999;7945570
2025-01-31 18:30:00;236.42999;236.86000;234.47000;235.13499;7380314
2025-01-31 17:30:00;239.75;239.80099;236.22000;236.42500;7822078
2025-01-31 16:30:00;238.97000;240.050003;238.74001;239.74001;6222938
2025-01-31 15:30:00;240.90500;241.42931;238.59000;238.94901;10169789
2025-01-31 14:30:00;247.039993;247.19000;240.55000;240.94360;27334395
2025-01-30 20:30:00;239.58000;239.85500;237.24001;237.56000;6836079
2025-01-30 19:30:00;239.25;240.050003;239.21001;239.58000;4799123
2025-01-30 18:30:00;238.44000;239.67000;238.44000;239.25;3360211
2025-01-30 17:30:00;238.029999;238.76860;237.90500;238.45000;2683972
2025-01-30 16:30:00;238.18440;238.88000;237.81000;238.029999;3226450
2025-01-30 15:30:00;238.46001;239.029999;237.21001;238.16000;6219473
2025-01-30 14:30:00;238.66499;240.78999;238.089996;238.46001;8800925
2025-01-29 20:30:00;239.059998;239.85500;238.72000;239.35001;5064524
2025-01-29 19:30:00;236.44000;239.24001;236.34500;239.050003;4886187
2025-01-29 18:30:00;237.45000;237.66000;236.31000;236.44501;2765958
2025-01-29 17:30:00;236.87000;237.43500;235.46001;237.42999;3899414
2025-01-29 16:30:00;236.53000;237.22000;236.13000;236.86900;4055486
2025-01-29 15:30:00;236.81000;238;236.42999;236.51570;4860134
2025-01-29 14:30:00;234.14999;237.13000;234.0099945;236.83000;11611110
2025-01-28 20:30:00;238.84;238.96;237.77;238.23;240632
2025-01-28 19:30:00;238.82;239.48;238.31;238.82;153550
2025-01-28 18:30:00;238.76;239.085;238.6;238.93;265147
2025-01-28 17:30:00;238.64;239.25;238.27;238.71;161978
2025-01-28 16:30:00;239.18;240.19;238.2;238.64;289453
2025-01-28 15:30:00;237.645;239.43;237.63;238.95;422180
2025-01-28 14:30:00;230.85;237.79;230.85;237.64;736633
2025-01-27 20:30:00;230.70000;231.38000;228.48000;229.94000;10815158
2025-01-27 19:30:00;232.029999;232.029999;230.14000;230.67999;9473126
2025-01-27 18:30:00;231.30000;232.14999;230.99001;232.029999;7080439
2025-01-27 17:30:00;230.089996;231.38000;229.81050;231.32001;6766052
2025-01-27 16:30:00;228.47000;230.14000;228.17999;230.089996;8523755
2025-01-27 15:30:00;227.30000;228.83000;227.089996;228.49380;9565070
2025-01-27 14:30:00;224.029999;227.70000;224;227.29230;22927445
2025-01-24 20:30:00;222.38499;223.044998;222.20000;222.78999;4335892
2025-01-24 19:30:00;222.35001;222.92999;221.41000;222.32001;13422266
2025-01-24 18:30:00;222.19000;222.55000;221.92000;222.37000;10848882
2025-01-24 17:30:00;222.22000;222.72450;221.95000;222.16000;2528503
2025-01-24 16:30:00;222.77000;223.49001;222.14000;222.28000;16594219
2025-01-24 15:30:00;222.73500;223.37000;222.35010;222.75999;5636625
2025-01-24 14:30:00;224.97501;225.63000;222.53011;222.73000;15246324
2025-01-23 20:30:00;222.86501;223.64999;222.30000;223.64999;6903829
2025-01-23 19:30:00;222.81000;223.17000;222.57500;222.88000;4096781
2025-01-23 18:30:00;223.56000;223.63499;222.42999;222.80000;4375171
2025-01-23 17:30:00;223.56500;223.78000;223.19000;223.55000;5083443
2025-01-23 16:30:00;225.16000;225.19501;223.38570;223.57001;5267365
2025-01-23 15:30:00;225.96500;226.37000;224.38000;225.17500;6666106
2025-01-23 14:30:00;224.73000;227.029999;224.25999;225.97000;14316012
2025-01-22 20:30:00;223.36501;223.98000;223.059998;223.77000;5027611
2025-01-22 19:30:00;222.75;223.60001;222.42000;223.35001;5606510
2025-01-22 18:30:00;222.13000;222.86501;221.91000;222.74600;3384532
2025-01-22 17:30:00;222.56500;222.85001;222.014999;222.11571;3954228
2025-01-22 16:30:00;222.85789;222.92799;221.70000;222.56500;5094747
2025-01-22 15:30:00;221.63499;223.080002;221.55000;222.85980;6743134
2025-01-22 14:30:00;219.94000;223.35280;219.80000;221.63100;16298662
2025-01-21 20:30:00;221.62000;222.78000;221.34000;222.66000;4823568
2025-01-21 19:30:00;221.60001;221.67000;220.31000;221.64990;5067344
2025-01-21 18:30:00;220.40469;221.69000;220.37000;221.60989;4338291
2025-01-21 17:30:00;220.36000;221.070007;220.0099945;220.40500;4412791
2025-01-21 16:30:00;220.089996;220.77000;219.38000;220.36000;6632233
2025-01-21 15:30:00;221.77000;222.089996;219.70000;220.10780;11789902
2025-01-21 14:30:00;224;224.42000;220.80000;221.77029;25254813
2025-01-17 20:30:00;229.44000;230.020004;229.23000;229.99001;5430152
2025-01-17 19:30:00;229.17999;229.77000;229.080002;229.44009;4408697
2025-01-17 18:30:00;229.91020;229.95000;228.48000;229.17999;4996598
2025-01-17 17:30:00;230.26500;230.44000;229.89000;229.91000;3639355
2025-01-17 16:30:00;231.28999;231.32001;229.49001;230.25909;5636022
2025-01-17 15:30:00;230.39999;231.64999;230.35001;231.28130;6642384
2025-01-17 14:30:00;232.11501;232.28999;229.72000;230.38499;25704386
2025-01-16 20:30:00;229.0099945;229.29179;228.029999;228.24001;9428533
2025-01-16 19:30:00;229.17500;230.068604;228.89999;229.024994;6469586
2025-01-16 18:30:00;229.18500;229.39999;228.56000;229.17500;5846132
2025-01-16 17:30:00;230.92000;231.20000;229.070007;229.19000;6223224
2025-01-16 16:30:00;230.59950;231.10001;229.75;230.92000;8412063
2025-01-16 15:30:00;232.80200;233.020004;230.16000;230.58501;11066513
2025-01-16 14:30:00;237.49001;238.0099945;232.71060;232.81799;10445774
2025-01-15 20:30:00;237.62000;238.47000;237.39000;237.85001;4684385
2025-01-15 19:30:00;237.58000;238.034195;237.52000;237.62120;2782086
2025-01-15 18:30:00;237.52000;237.75999;237.25999;237.56010;1908254
2025-01-15 17:30:00;237.11501;237.74001;236.97000;237.53000;2206504
2025-01-15 16:30:00;237.39999;237.58000;236.50240;237.11990;2959584
2025-01-15 15:30:00;237.96001;238.53999;237.31000;237.40070;3712355
2025-01-15 14:30:00;234.64000;238.39000;234.42999;237.92010;8599650
2025-01-14 20:30:00;233.28000;233.44000;232.53999;233.28000;4851942
2025-01-14 19:30:00;234.25;234.64999;232.47200;233.29500;3619972
2025-01-14 18:30:00;234.039993;234.92000;233.72000;234.25870;2448410
2025-01-14 17:30:00;233.31000;234.12000;232.64999;234.020203;2179055
2025-01-14 16:30:00;234.19000;234.47630;232.84500;233.32500;3092459
2025-01-14 15:30:00;235.60001;235.97000;234.13000;234.21001;3836690
2025-01-14 14:30:00;234.75;236.12000;234.25999;235.61000;6863540
2025-01-13 20:30:00;233.69000;234.67000;233.65500;234.39999;4579852
2025-01-13 19:30:00;233.55000;234.20000;233.37000;233.68440;3290938
2025-01-13 18:30:00;233.38000;233.97000;233.25999;233.56000;2678525
2025-01-13 17:30:00;232.28999;233.43500;231.98000;233.38000;2920622
2025-01-13 16:30:00;230.73250;232.53000;230.39999;232.32001;4160495
2025-01-13 15:30:00;230.38000;231.80000;230.22000;230.72501;5360716
2025-01-13 14:30:00;233.5;233.59000;229.72000;230.38000;13314474
2025-01-10 20:30:00;235.99500;237.28999;235.77000;236.92999;5097656
2025-01-10 19:30:00;236.84000;236.88000;235.75;235.99500;3582593
2025-01-10 18:30:00;237.12000;237.58501;236.41000;236.83000;3175363
2025-01-10 17:30:00;235.53999;237.33971;235.065002;237.11501;3958571
2025-01-10 16:30:00;233.77000;235.89999;233;235.57001;7179671
2025-01-10 15:30:00;237.42419;237.44830;233.5;233.77000;8432448
2025-01-10 14:30:00;240.024994;240.14999;235.80000;237.42500;13137403
2025-01-08 20:30:00;242.38000;242.98700;241.80000;242.72000;3573432
2025-01-08 19:30:00;242.70000;242.72000;241.70000;242.38400;2452219
2025-01-08 18:30:00;242.35001;242.98000;241.044006;242.79500;2761227
2025-01-08 17:30:00;241.36000;242.50870;241.20000;242.35001;2612848
2025-01-08 16:30:00;242.72610;243.58000;241.24001;241.37000;3009958
2025-01-08 15:30:00;242.39000;243.71230;242.085007;242.71001;4154228
2025-01-08 14:30:00;241.97000;242.86549;240.050003;242.40990;7170550
2025-01-07 20:30:00;242.020004;242.40500;241.53900;242.19000;2714735
2025-01-07 19:30:00;242.45000;242.49001;241.75;242.0099945;1914254
2025-01-07 18:30:00;243.14999;243.17999;242.070099;242.45799;1958317
2025-01-07 17:30:00;242.39999;243.40840;241.36000;243.15550;2352480
2025-01-07 16:30:00;243.74001;243.87520;242.13820;242.39000;2227908
2025-01-07 15:30:00;245.16000;245.38000;243.71001;243.77000;3708136
2025-01-07 14:30:00;242.98000;245.55000;242.83000;245.16499;8221675
2025-01-06 20:30:00;244.91000;245.34000;244.42000;245;3773029
2025-01-06 19:30:00;244.98000;245.13000;244.42500;244.89500;2306175
2025-01-06 18:30:00;245.029999;245.17999;244.60001;244.98000;2065770
2025-01-06 17:30:00;245.75999;245.87000;244.48000;245.029999;3070077
2025-01-06 16:30:00;246.75500;246.76100;245.70129;245.77000;3354093
2025-01-06 15:30:00;245.53999;247.33000;245.33000;246.74001;5006800
2025-01-06 14:30:00;244.33000;246.18269;243.84000;245.55000;10577599
2025-01-03 20:30:00;242.84000;243.60001;242.61000;243.30000;4394832
2025-01-03 19:30:00;242.66000;243.44240;242.64000;242.85001;3007142
2025-01-03 18:30:00;243;243.059998;242.57001;242.67000;3135384
2025-01-03 17:30:00;242.78000;243.16000;242.28000;243.0099945;3313371
2025-01-03 16:30:00;243.48000;244.048599;242.67000;242.77071;3673389
2025-01-03 15:30:00;242.45000;243.67560;242.14000;243.49001;4968968
2025-01-03 14:30:00;243.37000;244.17999;241.89000;242.45979;9135529
2025-01-02 20:30:00;243.25;243.95000;243.010193;243.82001;6167957
2025-01-02 19:30:00;242.48000;243.44000;241.87131;243.23109;5106418
2025-01-02 18:30:00;242.67000;242.84000;241.82010;242.48840;5547977
2025-01-02 17:30:00;243.41000;243.41000;242.31000;242.68620;6464462
2025-01-02 16:30:00;244.90990;245.25;243.32001;243.42860;4384552
2025-01-02 15:30:00;245.63000;245.88000;244.16010;244.89500;6832210
2025-01-02 14:30:00;248.92999;249.10001;244.80000;245.73990;13501229
2024-12-31 20:30:00;250.77000;251.080002;249.5;250.38000;7162976
2024-12-31 19:30:00;249.76500;250.88000;249.69000;250.77010;3376639
2024-12-31 18:30:00;249.69000;250.26801;249.53000;249.77000;2272071
2024-12-31 17:30:00;250.70000;250.75999;249.44000;249.69000;3894785
2024-12-31 16:30:00;251.17999;251.55000;250.64999;250.71629;1975317
2024-12-31 15:30:00;251.69000;252.13989;251.024994;251.17999;2379768
2024-12-31 14:30:00;252.66000;253.28000;251.32001;251.68770;5118031
2024-12-30 20:30:00;252.73000;253.039993;252.039993;252.12000;2405332
2024-12-30 19:30:00;252.92999;253.49989;252.69000;252.72000;7638042
2024-12-30 18:30:00;252.80499;253.28999;252.59000;252.93640;1378349
2024-12-30 17:30:00;253.059998;253.47000;252.5;252.82001;1519612
2024-12-30 16:30:00;251.89000;253.10001;251.81000;253.050003;1848616
2024-12-30 15:30:00;250.91600;252.28500;250.91600;251.89999;2495373
2024-12-30 14:30:00;252.23000;253;250.75;250.92000;5467222
2024-12-27 20:30:00;255.17000;255.82001;254.97000;255.72000;5269742
2024-12-27 19:30:00;255.029999;255.55991;254.96001;255.17000;2513045
2024-12-27 18:30:00;254.94000;255.50999;254.86000;255.014999;2423344
2024-12-27 17:30:00;253.67000;254.97990;253.64780;254.95000;3338291
2024-12-27 16:30:00;254.74001;254.80000;253.059998;253.67999;4795494
2024-12-27 15:30:00;254.96001;255.39999;254.039993;254.73000;5252455
2024-12-27 14:30:00;257.89999;258.70001;254.91000;254.99001;7279122
2024-12-26 20:30:00;259.12000;259.51001;259.010010;259.10001;2691314
2024-12-26 19:30:00;258.60999;259.47000;258.59000;259.10999;2293812
2024-12-26 18:30:00;258.81000;258.94891;258.41000;258.60001;1532082
2024-12-26 17:30:00;258.98801;259.32501;258.57001;258.81891;1857025
2024-12-26 16:30:00;258.89001;259.34000;258.82001;258.98499;1989211
2024-12-26 15:30:00;258.36499;259.19000;258.13000;258.88000;2886529
2024-12-26 14:30:00;258.35501;260.089996;257.63000;258.36121;8036580
2024-12-24 20:30:00;258.20001;258.20001;258.20001;258.20001;0
2024-12-24 17:30:00;257.37759;258.20001;257.061401;258.20001;9203673
2024-12-24 16:30:00;257.28000;257.53500;256.89001;257.38000;2867954
2024-12-24 15:30:00;257.13000;257.98999;257.13000;257.31000;3926985
2024-12-24 14:30:00;255.37000;257.42999;255.36000;257.10501;6593820
2024-12-23 20:30:00;254.34000;255.64999;254.34000;255.31000;4322344
2024-12-23 19:30:00;254.30000;254.39999;253.67999;254.34000;2612184
2024-12-23 18:30:00;253.92000;254.46001;253.87000;254.29500;2441370
2024-12-23 17:30:00;254.42999;254.75500;253.72000;253.92000;3619882
2024-12-23 16:30:00;254.83910;255.23000;254.37000;254.42999;2397338
2024-12-23 15:30:00;254.050003;255.070007;253.46001;254.83000;3133940
2024-12-23 14:30:00;254.77000;255.64500;253.45000;254.070007;8639208
2024-12-20 20:30:00;253.5;255;252.78999;254.59000;8461430
2024-12-20 19:30:00;253.63000;254.19000;253.30000;253.49001;5096339
2024-12-20 18:30:00;252.91000;253.64999;252.67999;253.62030;3481696
2024-12-20 17:30:00;253.73500;253.77000;252.77200;252.87000;3597562
2024-12-20 16:30:00;251.98000;253.92999;251.89000;253.73500;6609817
2024-12-20 15:30:00;249.59000;252;249.39999;251.99001;5538078
2024-12-20 14:30:00;248.12000;249.62410;246.30000;249.59500;21606592
2024-12-19 20:30:00;250.33000;250.55000;249.40930;249.85001;4256393
2024-12-19 19:30:00;250.50999;250.52000;249.53000;250.32500;2871418
2024-12-19 18:30:00;250.81500;251.45000;250.29021;250.52000;2255973
2024-12-19 17:30:00;250.59000;250.94000;249.72000;250.83000;3212228
2024-12-19 16:30:00;251.039993;251.85001;250.53500;250.58000;4327867
2024-12-19 15:30:00;249.89000;251.38760;249.37000;251.039993;6035985
2024-12-19 14:30:00;247.46001;251.020004;247.095001;249.89000;13163580
2024-12-18 20:30:00;249.92000;250.39920;247.75;247.86000;8666490
2024-12-18 19:30:00;252.44901;252.98000;249.5;249.89999;8004435
2024-12-18 18:30:00;253.70000;254.28000;251.53999;252.45000;4517172
2024-12-18 17:30:00;253.63000;254.0099945;253.47000;253.71010;2498618
2024-12-18 16:30:00;253.32359;254.039993;253.17500;253.63499;3385526
2024-12-18 15:30:00;253.070007;253.79990;252.85001;253.32001;4538349
2024-12-18 14:30:00;252.22000;253.39999;251.33000;253.070007;7181202
2024-12-17 20:30:00;252.88000;253.81000;252.64999;253.48000;6517824
2024-12-17 19:30:00;253.20000;253.39000;252.75;252.88000;3197831
2024-12-17 18:30:00;253.14000;253.63499;252.92999;253.20000;3028678
2024-12-17 17:30:00;253.25;253.28999;252.69009;253.13000;2789948
2024-12-17 16:30:00;252.53000;253.30000;252.48000;253.22501;3694338
2024-12-17 15:30:00;252.25500;253.35001;251.77000;252.55000;4418275
2024-12-17 14:30:00;250.13499;252.98000;249.78999;252.27000;8272806
2024-12-16 20:30:00;250.70000;251.10001;249.95000;251.039993;3755928
2024-12-16 19:30:00;250.81000;251.00019836;250.21001;250.69501;3296914
2024-12-16 18:30:00;251.089996;251.24719;250.58000;250.80009;2929661
2024-12-16 17:30:00;250.059998;251.37891;250.052597;251.11000;3741887
2024-12-16 16:30:00;249.71001;250.30000;249.53500;250.059998;3966563
2024-12-16 15:30:00;249.029999;249.96001;248.82001;249.67000;3291322
2024-12-16 14:30:00;248;250;247.64999;249.059998;7886881
2024-12-13 20:30:00;248.020004;248.29871;247.89000;248.13000;2031038
2024-12-13 19:30:00;247.90500;248.10001;247.64000;248.020004;1855450
2024-12-13 18:30:00;247.17500;248.014999;247.16010;247.91000;1483870
2024-12-13 17:30:00;246.47000;247.25999;246.34000;247.19000;1214676
2024-12-13 16:30:00;246.77010;247.029999;246.24001;246.46001;1923076
2024-12-13 15:30:00;247.58000;247.95000;246.5;246.625;2461736
2024-12-13 14:30:00;247.88000;249.29021;247.35001;247.55000;4571060
2024-12-12 20:30:00;247.75999;248.20000;247.74001;247.95000;2674221
2024-12-12 19:30:00;248.014999;248.21001;247.45000;247.75;1927714
2024-12-12 18:30:00;248.52000;248.74001;248;248.020004;1974147
2024-12-12 17:30:00;248.089996;248.74001;247.64000;248.53000;2027236
2024-12-12 16:30:00;248.48000;248.54990;247.99001;248.092804;2067122
2024-12-12 15:30:00;247.99001;248.59959;247.66000;248.47099;4799716
2024-12-12 14:30:00;246.94501;248.12000;245.67999;247.99001;7733107
2024-12-11 20:30:00;247.14000;247.16000;246.26010;246.42999;5247010
2024-12-11 19:30:00;248.28011;248.44000;247.050003;247.14999;3703277
2024-12-11 18:30:00;249.089996;249.16499;248.086304;248.28000;2859618
2024-12-11 17:30:00;249.67999;249.78000;248.97000;249.10001;2034409
2024-12-11 16:30:00;250.42000;250.42000;249.34000;249.68140;2792683
2024-12-11 15:30:00;249.42999;250.80000;249.39500;250.44000;6585752
2024-12-11 14:30:00;247.94501;249.99001;247.64999;249.42999;8367368
2024-12-10 20:30:00;247.72501;248.070007;247.37000;247.80000;3607802
2024-12-10 19:30:00;247.42999;248.21001;247.41000;247.72000;4138454
2024-12-10 18:30:00;247.40500;247.80000;247.35001;247.42999;2326302
2024-12-10 17:30:00;247.059998;247.47839;246.72000;247.40660;2160359
2024-12-10 16:30:00;245.67000;247.17999;245.61000;247.070007;2669027
2024-12-10 15:30:00;246.73500;246.92000;245.34200;245.67000;3845062
2024-12-10 14:30:00;246.95000;247.78709;245.81000;246.73000;7969297
2024-12-09 20:30:00;246.78000;247.089996;246.11000;246.81000;5245539
2024-12-09 19:30:00;246.095001;246.78000;245.89999;246.75999;2636199
2024-12-09 18:30:00;246.89000;246.89000;246.059998;246.095001;2110393
2024-12-09 17:30:00;246.82500;247.015106;245.71001;246.90540;3215218
2024-12-09 16:30:00;246.48500;247.24001;246.31000;246.79030;3738978
2024-12-09 15:30:00;244.48000;247.23880;244.42000;246.47000;7896898
2024-12-09 14:30:00;241.83000;244.72000;241.75999;244.50999;6763286
2024-12-06 20:30:00;243.050003;243.14999;242.20000;242.86000;4585536
2024-12-06 19:30:00;243.16000;243.39999;242.87010;243.050003;3531491
2024-12-06 18:30:00;243.25999;243.64000;243.039993;243.16270;2434412
2024-12-06 17:30:00;243.59000;243.61501;242.94000;243.26410;2315920
2024-12-06 16:30:00;243.58000;243.84000;243.21001;243.60001;2643208
2024-12-06 15:30:00;243.45000;244.10001;243.27499;243.58200;3073497
2024-12-06 14:30:00;242.87000;244.63000;242.080002;243.44000;7897447
2024-12-05 20:30:00;242.90500;243.080002;242.13000;243.080002;4497338
2024-12-05 19:30:00;243.28500;243.36000;242.74500;242.90581;3074491
2024-12-05 18:30:00;242.89000;243.69000;242.84000;243.28000;2513592
2024-12-05 17:30:00;243.35831;243.37000;242.61000;242.88499;2973235
2024-12-05 16:30:00;242.54500;243.40990;242.31000;243.36000;4262442
2024-12-05 15:30:00;242.92999;243.080002;242.23000;242.55000;3597584
2024-12-05 14:30:00;244.050003;244.53999;242.71280;242.92999;8289397
2024-12-04 20:30:00;242.98500;243.53999;242.82610;243.020004;3738537
2024-12-04 19:30:00;243.059998;243.125;242.78000;242.98500;2751650
2024-12-04 18:30:00;242.24001;243.17641;241.92999;243.070007;3055452
2024-12-04 17:30:00;242.039993;242.50999;241.64000;242.25870;2189900
2024-12-04 16:30:00;242.90500;242.90990;241.25;242.039902;7183414
2024-12-04 15:30:00;243.44000;243.82001;242.85001;242.90500;3476264
2024-12-04 14:30:00;242.88000;244.10500;242.50999;243.45000;8409865
2024-12-03 20:30:00;242.059998;242.75500;242.059998;242.63000;3704333
2024-12-03 19:30:00;242.15500;242.46001;241.85001;242.053207;3274479
2024-12-03 18:30:00;241.42000;242.17000;241.34500;242.14999;3311661
2024-12-03 17:30:00;241.26500;241.69991;241.14500;241.42000;2157544
2024-12-03 16:30:00;241.33000;241.63499;240.98199;241.26500;3152692
2024-12-03 15:30:00;240.47501;241.34000;240.45000;241.33000;3962336
2024-12-03 14:30:00;239.92000;241.36990;238.90030;240.47000;8548308
2024-12-02 20:30:00;239.78999;239.94000;239.050003;239.60001;3858894
2024-12-02 19:30:00;239.33000;239.84000;239.25011;239.78999;2497573
2024-12-02 18:30:00;239.42000;239.50999;239.029999;239.33000;2372094
2024-12-02 17:30:00;239.84000;240;239.24001;239.44000;3599025
2024-12-02 16:30:00;239.82719;240.20000;239.36000;239.83000;2850375
2024-12-02 15:30:00;240.27000;240.78999;239.44000;239.83000;5968600
2024-12-02 14:30:00;237.27000;240.28000;237.16000;240.27000;11143242
2024-11-29 20:30:00;237.33000;237.33000;237.33000;237.33000;100855
2024-11-29 17:30:00;236.37000;237.81000;236.37000;237.33000;14950655
2024-11-29 16:30:00;236.38000;237.14999;236.28999;236.37000;3843062
2024-11-29 15:30:00;235.35001;236.59990;235.34000;236.39999;3997632
2024-11-29 14:30:00;234.84000;235.89000;233.97000;235.34500;5532507
2024-11-27 20:30:00;234.84000;235.089996;234.58501;234.99001;2919382
2024-11-27 19:30:00;234.98000;235.25;234.73500;234.84500;2045715
2024-11-27 18:30:00;234.78000;235.13710;234.71001;234.98000;1683157
2024-11-27 17:30:00;234.56000;235;234.40939;234.78011;2325512
2024-11-27 16:30:00;234.62010;234.89000;233.98000;234.57001;2845831
2024-11-27 15:30:00;235.16000;235.69000;234.15460;234.67000;3809592
2024-11-27 14:30:00;234.46500;235.67999;233.81010;235.16000;7058124
2024-11-26 20:30:00;234.81000;235.28000;234.58000;235.080002;5458831
2024-11-26 19:30:00;234.92500;235.25;234.73000;234.81000;3000602
2024-11-26 18:30:00;234.50999;235.10001;234.44501;234.92999;2752588
2024-11-26 17:30:00;234.48000;235.17999;234.35001;234.50999;3515885
2024-11-26 16:30:00;235.039993;235.10471;234.27000;234.48000;2980746
2024-11-26 15:30:00;234.36000;235.57001;234.21001;235.039993;4973601
2024-11-26 14:30:00;234.089996;235.43500;233.47501;234.36000;12979643
2024-11-25 20:30:00;230.50130;233.17000;229.84500;232.88000;11344808
2024-11-25 19:30:00;230.66499;230.85001;230.095001;230.52000;2752031
2024-11-25 18:30:00;230.42500;230.74001;230.20000;230.68500;2057791
2024-11-25 17:30:00;230.20000;230.58000;229.74001;230.41499;2947971
2024-11-25 16:30:00;231.70500;231.85001;229.96001;230.20680;3682262
2024-11-25 15:30:00;231.98000;232.80099;231.70030;231.71001;3799907
2024-11-25 14:30:00;231.84000;233.18500;231.42000;232;9845812
2024-11-22 20:30:00;229.37000;230.14999;229.31000;229.75999;4345539
2024-11-22 19:30:00;229.44501;229.64000;228.92999;229.375;2765287
2024-11-22 18:30:00;230.16499;230.39000;229.33000;229.44000;2939345
2024-11-22 17:30:00;229.98500;230.71989;229.67500;230.17999;3201749
2024-11-22 16:30:00;229.48990;230.12000;228.97000;229.98500;3272578
2024-11-22 15:30:00;229.28000;229.92999;228.83000;229.48000;4454609
2024-11-22 14:30:00;228.059998;230.13000;228.059998;229.28000;6571537
2024-11-21 20:30:00;229.27000;229.28999;228.27000;228.50999;4482648
2024-11-21 19:30:00;229.38000;229.58000;228.99001;229.27000;2610348
2024-11-21 18:30:00;229.85001;229.93370;229.22000;229.36000;2913322
2024-11-21 17:30:00;229.31000;230.14999;229.27000;229.84000;3200750
2024-11-21 16:30:00;228.75;229.46989;228.49001;229.28999;3469645
2024-11-21 15:30:00;225.94000;228.92000;225.83000;228.77000;4774630
2024-11-21 14:30:00;228.78999;229.92000;225.71030;225.95000;9622311
2024-11-20 20:30:00;227.97000;229;227.97000;229;4127268
2024-11-20 19:30:00;226.81000;228;226.70000;227.97490;2315522
2024-11-20 18:30:00;226.78999;227.0099945;226.39500;226.81000;1602064
2024-11-20 17:30:00;226.85001;227.37000;226.38000;226.81329;2118040
2024-11-20 16:30:00;226.19000;227.70000;225.89000;226.85010;2793314
2024-11-20 15:30:00;226.52499;227.20500;226.10001;226.17999;3004734
2024-11-20 14:30:00;228.10500;229.92999;226.42000;226.51500;7607276
2024-11-19 20:30:00;228.42999;228.72000;227.72000;228.34000;3951414
2024-11-19 19:30:00;229.39000;229.49001;228.35001;228.44000;2882576
2024-11-19 18:30:00;229.53450;229.99001;229.35500;229.39000;2243620
2024-11-19 17:30:00;229.85500;230.16000;229.25;229.58000;3430327
2024-11-19 16:30:00;229.33501;229.86000;229.19000;229.85500;3852606
2024-11-19 15:30:00;228.84000;229.61000;228.67999;229.31000;2959806
2024-11-19 14:30:00;226.79500;228.86501;226.66000;228.85001;6182588
2024-11-18 20:30:00;228.050003;228.24001;227.32001;227.99001;3614507
2024-11-18 19:30:00;228.82001;229.080307;228.033707;228.059998;3403227
2024-11-18 18:30:00;228.96001;229.49800;228.67999;228.81500;2504537
2024-11-18 17:30:00;228.74500;229.74001;228.63499;228.96719;3233690
2024-11-18 16:30:00;229.065094;229.16000;228.36000;228.75;2932115
2024-11-18 15:30:00;228.10001;229.21001;228.10001;229.059998;4333949
2024-11-18 14:30:00;225.20000;228.22000;225.17999;228.10001;8356934
2024-11-15 20:30:00;224.81000;225.24001;224.56990;224.92000;4237936
2024-11-15 19:30:00;224.39999;225.31000;224.30000;224.81000;3159811
2024-11-15 18:30:00;224.70000;224.96001;224.33000;224.39990;3058253
2024-11-15 17:30:00;224.87000;224.95000;224.27000;224.73500;4906231
2024-11-15 16:30:00;225.23100;225.48000;224.67000;224.87241;3065408
2024-11-15 15:30:00;224.63000;225.24001;224.47;225.23500;3740368
2024-11-15 14:30:00;225.92000;226.92000;224.44000;224.63000;12149935
2024-11-14 20:30:00;227.035004;228.38000;227.035004;228.19000;4276782
2024-11-14 19:30:00;228.50999;228.71001;226.99001;227.035004;5226141
2024-11-14 18:30:00;228.47009;228.87000;227.83000;228.52750;3310597
2024-11-14 17:30:00;227.0099945;228.64000;226.77000;228.47279;4327298
2024-11-14 16:30:00;226.58000;227.080002;226.5;227;2372710
2024-11-14 15:30:00;226.56500;227.059998;226.34000;226.42000;4309435
2024-11-14 14:30:00;225.070007;226.60001;225.050003;226.57001;8371080
2024-11-13 20:30:00;225.38000;225.92000;224.47000;225.070007;5085654
2024-11-13 19:30:00;225.91000;225.99130;225.11861;225.37019;2989568
2024-11-13 18:30:00;226.36000;226.42999;225.75290;225.91991;3034597
2024-11-13 17:30:00;225.024994;226.64999;224.94000;226.36380;3682752
2024-11-13 16:30:00;224.46490;225.55000;223.77000;225.020004;3325662
2024-11-13 15:30:00;223.24001;224.47000;223.22501;224.39500;3884318
2024-11-13 14:30:00;223.95000;225.20990;222.75999;223.21001;10070641
2024-11-12 20:30:00;224.59000;224.80000;223.94040;224.24001;5475872
2024-11-12 19:30:00;224.63000;224.82001;224.44040;224.60001;2217197
2024-11-12 18:30:00;224.45000;224.75990;224.14000;224.61990;2559013
2024-11-12 17:30:00;223.92000;224.47000;223.35500;224.47000;2814384
2024-11-12 16:30:00;224.99989;225.50999;223.88499;223.92000;4075218
2024-11-12 15:30:00;224.20500;225.59000;224.17999;225;4696267
2024-11-12 14:30:00;224.63000;225.039993;223.57500;224.17000;6623428
2024-11-11 20:30:00;223.64000;224.35001;223.46001;224.25;3922850
2024-11-11 19:30:00;223.059998;223.74001;222.97000;223.63499;2570966
2024-11-11 18:30:00;222.44991;223.10001;222.36000;223.059998;2795549
2024-11-11 17:30:00;222.19000;222.46001;221.5;222.46001;3705260
2024-11-11 16:30:00;222.78000;223.13879;222.0099945;222.19501;4557733
2024-11-11 15:30:00;222.81000;223.72000;222.67000;222.77000;5008612
2024-11-11 14:30:00;225.054993;225.70000;222.77000;222.80499;11242059
2024-11-08 20:30:00;227.45000;227.48500;226.72000;227.16000;6567817
2024-11-08 19:30:00;227.53000;227.72000;227.25999;227.48000;2313467
2024-11-08 18:30:00;227;227.61000;226.97000;227.53990;4000748
2024-11-08 17:30:00;226.87000;227.45650;226.78999;226.99500;2566711
2024-11-08 16:30:00;226.68500;227.58000;226.68500;226.88000;2696407
2024-11-08 15:30:00;227.48000;227.56000;226.40840;226.68810;3790404
2024-11-08 14:30:00;227.14000;228.66000;227.14000;227.49471;7149832
2024-11-07 20:30:00;227.53500;227.87000;226.75;227.69000;5268867
2024-11-07 19:30:00;227.11000;227.75999;226.85500;227.53000;3884098
2024-11-07 18:30:00;227.10001;227.38000;226.74500;227.10001;2170877
2024-11-07 17:30:00;227.21001;227.49001;226.77000;227.10330;2598523
2024-11-07 16:30:00;226.30000;227.42000;226.17000;227.21500;3447650
2024-11-07 15:30:00;225.75;226.42000;225.35001;226.30499;3595807
2024-11-07 14:30:00;224.625;226.55000;224.57001;225.73360;10347470
2024-11-06 20:30:00;223.66000;223.88000;222.5;222.70000;5070195
2024-11-06 19:30:00;223.86000;224.22501;223.25999;223.62550;4462407
2024-11-06 18:30:00;224.18500;224.33000;223.74500;223.85001;3301101
2024-11-06 17:30:00;224.27000;224.60001;223.99001;224.18770;3127772
2024-11-06 16:30:00;224.80240;225.17999;223.96500;224.25999;4364147
2024-11-06 15:30:00;225.66000;226.065002;223.69501;224.80000;5934080
2024-11-06 14:30:00;221.21500;225.89000;221.19000;225.65131;15626726
2024-11-05 20:30:00;223.25;223.53000;222.71001;223.45000;3341639
2024-11-05 19:30:00;223.34000;223.44710;222.81000;223.25;1939508
2024-11-05 18:30:00;222.63000;223.45000;222.40021;223.33009;2141597
2024-11-05 17:30:00;223.39999;223.78000;222.62000;222.62000;2147843
2024-11-05 16:30:00;222.67999;223.75;222.67999;223.38000;2163887
2024-11-05 15:30:00;223.32001;223.48000;221.93500;222.67000;4046507
2024-11-05 14:30:00;221.79500;223.94501;221.79500;223.31911;6371475
2024-11-04 20:30:00;222.5;222.56000;221.52000;222.12000;4039677
2024-11-04 19:30:00;222.25;222.78999;222.20000;222.48000;2504276
2024-11-04 18:30:00;222.020004;222.61909;221.96010;222.25999;2412789
2024-11-04 17:30:00;221.11501;222.62000;221.020096;222.020493;2890130
2024-11-04 16:30:00;221.48080;221.57001;220.41000;221.11510;4999217
2024-11-04 15:30:00;221.75;222.26500;221.13010;221.48010;4458145
2024-11-04 14:30:00;221.011993;222.53999;219.71001;221.73151;9635855
2024-11-01 19:30:00;222.34000;223.25;222.27000;222.85001;5287191
2024-11-01 18:30:00;222.24001;223.099899;222.14000;222.33000;4035303
2024-11-01 17:30:00;223.34019;223.36000;222.070007;222.24500;3414057
2024-11-01 16:30:00;222.14000;223.39990;222.050003;223.34000;3824883
2024-11-01 15:30:00;223.22000;223.25;221.77000;222.16000;6405088
2024-11-01 14:30:00;224.089996;224.21400;221.60001;223.21049;10239831
2024-11-01 13:30:00;220.97000;225.34000;220.28000;224.070007;20933780
2024-10-31 19:30:00;227.33000;227.78000;225.39000;225.39000;7068003
2024-10-31 18:30:00;227.095001;227.78000;226.69501;227.33000;5061193
2024-10-31 17:30:00;227.86000;227.96629;226.82500;227.089996;3797245
2024-10-31 16:30:00;227.28000;228.17680;227.20020;227.86011;3453223
2024-10-31 15:30:00;227.31000;227.48500;226.41000;227.25;3755298
2024-10-31 14:30:00;228.45000;228.73000;226.88000;227.31500;5589842
2024-10-31 13:30:00;229.23000;229.83000;227.81000;228.44501;9166433
2024-10-30 19:30:00;230.73000;230.84000;229.56000;230.14000;6851304
2024-10-30 18:30:00;230.62010;230.94000;230.17000;230.73000;2963500
2024-10-30 17:30:00;230.24500;231;229.87041;230.64999;3567357
2024-10-30 16:30:00;231.20000;231.39000;230.23000;230.24110;2658161
2024-10-30 15:30:00;231.56000;231.66499;231.059998;231.19991;3239280
2024-10-30 14:30:00;231.86690;231.95000;230.50500;231.55499;5454960
2024-10-30 13:30:00;232.62000;233.22990;231.69000;231.86000;8472341
2024-10-29 19:30:00;234.20500;234.32001;233.53999;233.75;3460514
2024-10-29 18:30:00;233.98500;234.21989;233.88000;234.20000;3638890
2024-10-29 17:30:00;233.92000;234.14000;233.75999;233.97000;1696611
2024-10-29 16:30:00;233.10500;234.21001;233.020004;233.89000;2623926
2024-10-29 15:30:00;233.25999;233.59000;233.020096;233.10001;2253309
2024-10-29 14:30:00;233.050003;233.69000;233.039993;233.27000;3007074
2024-10-29 13:30:00;233.19501;234.054993;232.32001;233.059998;6668061
2024-10-28 19:30:00;233.96001;233.98129;233.11000;233.49001;4008212
2024-10-28 18:30:00;233.91000;234.11000;233.57001;233.97000;2014045
2024-10-28 17:30:00;234.42500;234.64500;233.91000;233.91499;1760124
2024-10-28 16:30:00;234.31000;234.73000;233.93260;234.42999;2874054
2024-10-28 15:30:00;233.55000;234.31500;233.14999;234.31010;2912804
2024-10-28 14:30:00;233.62000;234.33000;233.22000;233.55000;3740019
2024-10-28 13:30:00;233.31500;234.55000;232.55000;233.63460;7460256
2024-10-25 19:30:00;231.64999;231.80000;231.11000;231.39999;3697758
2024-10-25 18:30:00;231.84689;232.20000;231.37000;231.62000;2642893
2024-10-25 17:30:00;231.83000;231.97150;231.070007;231.84000;2818009
2024-10-25 16:30:00;232.73500;232.94000;231.53000;231.85750;2367087
2024-10-25 15:30:00;232.23000;232.73199;231.75999;232.71001;3861234
2024-10-25 14:30:00;232.12000;233.20000;232.12000;232.23000;4150841
2024-10-25 13:30:00;229.74001;232.42990;229.57001;232.13000;8236893
2024-10-24 19:30:00;230.53999;230.80000;230.22000;230.57001;2953907
2024-10-24 18:30:00;230.42999;230.81000;230.12000;230.53000;1900378
2024-10-24 17:30:00;230.28000;230.53999;230.039993;230.46001;1809617
2024-10-24 16:30:00;229.52000;230.82001;229.52000;230.27000;2497557
2024-10-24 15:30:00;229.82001;230.039993;228.67000;229.51939;3095463
2024-10-24 14:30:00;229.85001;230.38000;229.23000;229.82001;3122536
2024-10-24 13:30:00;229.91701;230.39999;228.41000;229.81000;7885026
2024-10-23 19:30:00;229.70000;230.86000;229.61000;230.75;4272929
2024-10-23 18:30:00;228.60001;229.80991;228.50999;229.67500;3897807
2024-10-23 17:30:00;230.020004;230.070007;227.75999;228.62000;4848232
2024-10-23 16:30:00;229.67000;230.25;228.92999;230.054993;6554954
2024-10-23 15:30:00;233.49001;233.73621;229.64000;229.69000;12888223
2024-10-23 14:30:00;234.72000;235.11990;233.32500;233.5;3486087
2024-10-23 13:30:00;234.32001;235.14400;233.81000;234.72000;6240289
2024-10-22 19:30:00;235.70000;236.19000;235.70000;235.86000;3335830
2024-10-22 18:30:00;235.33000;235.74001;235.17999;235.70000;1919543
2024-10-22 17:30:00;234.85001;236.0050049;234.84500;235.31320;3270200
2024-10-22 16:30:00;234.19000;235.039993;234.14999;234.85001;3239691
2024-10-22 15:30:00;234.40070;234.90990;234.13000;234.17000;2255776
2024-10-22 14:30:00;233.90500;234.45000;233.47000;234.39951;3560805
2024-10-22 13:30:00;233.22000;234.15300;232.61000;233.91000;10307807
2024-10-21 19:30:00;236.13499;236.58000;235.82750;236.58000;3275560
2024-10-21 18:30:00;236.23000;236.27000;235.89000;236.13499;2196498
2024-10-21 17:30:00;236.38000;236.85001;236.20000;236.22501;2198486
2024-10-21 16:30:00;236.30000;236.61501;236.11400;236.37010;2531558
2024-10-21 15:30:00;235.39999;236.60500;235.28500;236.28000;3915718
2024-10-21 14:30:00;235.67000;236.10001;235.12000;235.42000;5509527
2024-10-21 13:30:00;234.45000;235.99001;234.45000;235.67000;7360513
2024-10-18 19:30:00;235.28999;235.30000;234.80000;234.98000;3233611
2024-10-18 18:30:00;235.52499;235.64000;235.029999;235.30000;2651508
2024-10-18 17:30:00;235.24001;235.75;235.041595;235.53000;2317890
2024-10-18 16:30:00;234.99001;235.85001;234.94000;235.24001;2973498
2024-10-18 15:30:00;235.039993;235.34000;234.75;234.99001;4353306
2024-10-18 14:30:00;234.75999;235.14999;234.27499;235.039993;4579796
2024-10-18 13:30:00;235.88000;236.050003;234.020004;234.77000;17238560
2024-10-17 19:30:00;231.75500;232.33000;231.64000;232.25999;3485679
2024-10-17 18:30:00;231.58000;232.11000;231.37000;231.75500;2566480
2024-10-17 17:30:00;232.39999;232.58000;231.27499;231.58650;2722249
2024-10-17 16:30:00;232.24001;232.53000;232.029999;232.38741;2159812
2024-10-17 15:30:00;232.25999;232.80400;232.050003;232.25;2263962
2024-10-17 14:30:00;232.42999;232.48990;231.20000;232.25999;2876717
2024-10-17 13:30:00;233.44000;233.85001;230.53000;232.40010;7759044
2024-10-16 19:30:00;231.62000;231.92999;231.22000;231.75;3021398
2024-10-16 18:30:00;231.10001;231.62000;230.98000;231.61501;2354257
2024-10-16 17:30:00;230.90990;231.36000;230.58000;231.11000;2251178
2024-10-16 16:30:00;230.34500;231.28999;230.32001;230.90990;2259958
2024-10-16 15:30:00;230.58000;230.95990;230.061005;230.34000;3420832
2024-10-16 14:30:00;230.71001;231.14000;230.050003;230.58501;3846997
2024-10-16 13:30:00;231.62000;232.12000;229.85001;230.72971;10626875
2024-10-15 19:30:00;233.25;234.069901;232.81000;233.80000;5720018
2024-10-15 18:30:00;233.94000;234.080002;233.044998;233.24001;3377696
2024-10-15 17:30:00;233.96400;234.47000;233.5;233.94000;3554666
2024-10-15 16:30:00;234.75;235.20000;233.85001;234.020004;3242105
2024-10-15 15:30:00;235.42999;236.28999;234.55000;234.75999;5436418
2024-10-15 14:30:00;235.82001;236.13000;234.67010;235.43140;8085291
2024-10-15 13:30:00;233.59000;237.49001;232.37000;235.82001;21113639
2024-10-14 19:30:00;231.22000;231.72780;231.039993;231.30000;4541236
2024-10-14 18:30:00;230.48351;231.44679;230.45000;231.22260;3574497
2024-10-14 17:30:00;230.41000;230.55029;230.059998;230.46001;2240039
2024-10-14 16:30:00;230.25999;230.60640;230.20000;230.42999;1601087
2024-10-14 15:30:00;229.67999;230.52921;229.42999;230.24950;2488171
2024-10-14 14:30:00;230.68500;230.88000;229.14999;229.69000;3661063
2024-10-14 13:30:00;228.70000;231.31000;228.60001;230.68500;8542412
2024-10-11 19:30:00;228.68871;228.75999;227.5;227.52000;3955806
2024-10-11 18:30:00;228.19501;228.97000;228.059998;228.69000;2828890
2024-10-11 17:30:00;227.82500;228.45000;227.58000;228.19501;2354655
2024-10-11 16:30:00;227.83000;227.98500;227.41000;227.84000;2091191
2024-10-11 15:30:00;227.97009;228.11000;227.66000;227.83009;3047535
2024-10-11 14:30:00;228.74001;229.19000;227.78999;227.97501;3392321
2024-10-11 13:30:00;228.29500;228.89999;227.34000;228.75999;6270537
2024-10-10 19:30:00;228.85500;229.5;228.80499;229.029999;3089900
2024-10-10 18:30:00;228.32001;228.94501;228.070007;228.85500;1924289
2024-10-10 17:30:00;228.49001;228.80000;228.039993;228.32001;1786905
2024-10-10 16:30:00;228.72501;228.73911;228.12030;228.5;1857916
2024-10-10 15:30:00;228.28999;229.23000;228.14000;228.71001;2234297
2024-10-10 14:30:00;228.23640;228.39600;227.63000;228.28999;3150593
2024-10-10 13:30:00;227.78000;228.82980;227.17000;228.25549;6391325
2024-10-09 19:30:00;229.070007;229.75;229.059998;229.50999;3238655
2024-10-09 18:30:00;229.62000;229.62990;228.80000;229.074203;3361168
2024-10-09 17:30:00;228.84000;229.67000;228.029999;229.63000;2705052
2024-10-09 16:30:00;228.72000;229.039902;228.52000;228.86000;2317434
2024-10-09 15:30:00;228.21001;228.71001;228.082001;228.71001;3064533
2024-10-09 14:30:00;227.10001;228.28999;226.97000;228.19000;4601032
2024-10-09 13:30:00;225.5;227.17000;224.83000;227.10001;6790643
2024-10-08 19:30:00;225.27000;225.97501;225.23500;225.78000;3794652
2024-10-08 18:30:00;224.92000;225.59000;224.78000;225.27000;2592549
2024-10-08 17:30:00;224.74001;225.11501;224.66000;224.92970;1560837
2024-10-08 16:30:00;224.83000;225;224.22240;224.74001;1971901
2024-10-08 15:30:00;225.33929;225.60001;224.74001;224.82001;2178501
2024-10-08 14:30:00;224.89760;225.96001;224.66000;225.33000;3802538
2024-10-08 13:30:00;224.31000;225.88000;223.25;224.89999;8969276
2024-10-07 19:30:00;222.56400;222.63000;221.33501;221.72000;4695507
2024-10-07 18:30:00;223.73000;223.73000;222.23000;222.56500;4495723
2024-10-07 17:30:00;223.78011;224.059998;223.39999;223.74989;2377594
2024-10-07 16:30:00;224.25;224.57001;223.81000;223.81000;2471841
2024-10-07 15:30:00;225.080002;225.28000;224.070007;224.25999;2734711
2024-10-07 14:30:00;225.31500;225.69000;224.48000;225.060104;3155397
2024-10-07 13:30:00;224.46001;225.53999;224.054993;225.32001;7846943
2024-10-04 19:30:00;226.095001;226.98000;225.92999;226.78000;4791908
2024-10-04 18:30:00;225.089996;226.19000;225.039993;226.090103;3128943
2024-10-04 17:30:00;225.12000;225.35001;224.55000;225.089996;2430951
2024-10-04 16:30:00;224.95711;225.48000;224.86760;225.10010;1978865
2024-10-04 15:30:00;224.53000;225.57001;224.32500;224.95000;3129678
2024-10-04 14:30:00;224.49001;225.53999;224.14000;224.56000;4171900
2024-10-04 13:30:00;227.89000;228;224.38000;224.51050;8338473
2024-10-03 19:30:00;223.71001;225.84000;223.66000;225.67000;5709739
2024-10-03 18:30:00;223.83501;224.039993;223.50011;223.70000;2380663
2024-10-03 17:30:00;223.84000;224.40990;223.70010;223.84010;1911305
2024-10-03 16:30:00;225.089996;225.096298;223.32390;223.83501;3492200
2024-10-03 15:30:00;224.88840;225.37000;224.83000;225.071198;3280055
2024-10-03 14:30:00;224.81000;225.53000;224.26500;224.87421;4151629
2024-10-03 13:30:00;225.24001;226.80000;224.72000;224.83501;6220681
2024-10-02 19:30:00;227.22501;227.37000;226.69009;226.81000;2793983
2024-10-02 18:30:00;226.80000;227.33000;226.64999;227.24001;2105356
2024-10-02 17:30:00;226.94000;227.17999;226.35001;226.82001;2418335
2024-10-02 16:30:00;226.95000;227.039398;226.59000;226.95990;2173028
2024-10-02 15:30:00;226.22000;227.050003;226.16499;226.95200;3954712
2024-10-02 14:30:00;225.39999;226.60001;225.27000;226.20500;4589680
2024-10-02 13:30:00;225.89000;226.11000;223.029999;225.42000;9385176
2024-10-01 19:30:00;226.14999;226.34000;225.87570;226.25999;5044106
2024-10-01 18:30:00;225.44000;226.18840;225.24600;226.15010;4202375
2024-10-01 17:30:00;223.92999;225.64000;223.84000;225.46001;4115947
2024-10-01 16:30:00;225.30000;225.39500;223.74001;223.92999;4629057
2024-10-01 15:30:00;225.47000;225.94000;225.050003;225.31300;5236262
2024-10-01 14:30:00;224.70000;225.5;224.52000;225.47501;7243882
2024-10-01 13:30:00;228.5;228.77000;224.66000;224.96001;18787494
2024-09-30 19:30:00;231.20500;233;231.11000;233;9077998
2024-09-30 18:30:00;231;231.91000;230.77640;231.22000;3385830
2024-09-30 17:30:00;231.64999;232;230.55000;231.0099945;3105354
2024-09-30 16:30:00;232.12000;232.20000;231.31000;231.64500;2500766
2024-09-30 15:30:00;232.020004;232.53830;231.83000;232.12000;3947937
2024-09-30 14:30:00;230.97000;232.049896;230.75;231.89999;4589382
2024-09-30 13:30:00;231;232.34120;230.31000;230.98000;11787517
2024-09-27 19:30:00;227.82001;228;227.55000;227.82001;3703154
2024-09-27 18:30:00;227.89999;228.19000;227.53000;227.81000;2165156
2024-09-27 17:30:00;227.99001;228.52000;227.81000;227.89500;2008696
2024-09-27 16:30:00;228.14000;228.62000;227.92000;227.99500;1914209
2024-09-27 15:30:00;228.12000;228.25;227.30000;228.14999;3339358
2024-09-27 14:30:00;228.96500;229.070007;227.84000;228.13000;4071424
2024-09-27 13:30:00;229;229.52000;227.99001;228.96500;7075031
2024-09-26 19:30:00;227.58000;227.78999;226.99001;227.62000;3934449
2024-09-26 18:30:00;227.71001;227.86501;227.46201;227.57500;2387943
2024-09-26 17:30:00;227.15500;227.71001;226.97099;227.70500;2270366
2024-09-26 16:30:00;227.31500;227.39999;226.67000;227.15500;1819367
2024-09-26 15:30:00;227.38651;227.82001;226.67999;227.31000;2992378
2024-09-26 14:30:00;226.91000;228.5;226.53000;227.38969;5650385
2024-09-26 13:30:00;227;227.099701;225.89000;226.89999;7865653
2024-09-25 19:30:00;225.25;226.44000;225.19000;226.31000;4052804
2024-09-25 18:30:00;224.89000;225.32001;224.76500;225.25990;2750104
2024-09-25 17:30:00;225.35001;225.45000;224.029999;224.89999;4551081
2024-09-25 16:30:00;225.86000;226.020004;225.27000;225.36000;2776079
2024-09-25 15:30:00;225.39999;225.98990;225.32001;225.87010;2773529
2024-09-25 14:30:00;226.27000;226.79990;225.38000;225.45000;4105730
2024-09-25 13:30:00;225.25;227.28999;224.61000;226.38499;8474137
2024-09-24 19:30:00;227.039993;227.5;226.37000;227.36000;4656959
2024-09-24 18:30:00;226.87000;227.089996;226.53999;227.026001;1999556
2024-09-24 17:30:00;227.24220;227.48000;226.81000;226.87910;1955339
2024-09-24 16:30:00;227.53999;227.75999;226.81000;227.24001;2149179
2024-09-24 15:30:00;227.020004;227.73940;226.70000;227.55000;2884573
2024-09-24 14:30:00;226.070007;227.48000;225.74001;227.012100;4155910
2024-09-24 13:30:00;228.64500;229.35001;226.050003;226.070007;7586069
2024-09-23 19:30:00;226.28000;226.70000;225.81000;226.45000;4397453
2024-09-23 18:30:00;226.69000;226.75999;225.89999;226.28999;3625613
2024-09-23 17:30:00;226.74899;227.17999;226.50999;226.67999;2921492
2024-09-23 16:30:00;226.94000;227.41000;226.62010;226.74001;3228628
2024-09-23 15:30:00;228.66000;228.89999;226.92999;226.94000;3575768
2024-09-23 14:30:00;228.0099945;229.45000;227.63000;228.65340;6527900
2024-09-23 13:30:00;227.34000;228.070007;225.86000;228.0099945;13371857
2024-09-20 19:30:00;231.97501;233.089996;227.62000;228.53000;25542112
2024-09-20 18:30:00;229.77000;232;229.5;231.97501;10546962
2024-09-20 17:30:00;230.74001;231.25999;229.60001;229.77721;7870480
2024-09-20 16:30:00;231.72000;231.92000;230.61000;230.75;6485883
2024-09-20 15:30:00;229.75999;231.74001;229.74001;231.73000;7914719
2024-09-20 14:30:00;230.029999;230.58000;229.20000;229.77000;15364350
2024-09-20 13:30:00;230.13000;231.16000;229.30110;230.034500;28984533
2024-09-19 19:30:00;229.46001;229.59000;228.28999;228.82001;7376731
2024-09-19 18:30:00;228.87000;229.49001;228.76010;229.46719;4815301
2024-09-19 17:30:00;229.17690;229.45570;228.39999;228.87000;4410441
2024-09-19 16:30:00;228.99001;229.33000;228.72079;229.17010;4098355
2024-09-19 15:30:00;228.48460;229.17999;228;228.99500;5729594
2024-09-19 14:30:00;229.59000;229.74001;227.66000;228.49001;8846328
2024-09-19 13:30:00;225;229.60001;224.64000;229.49500;18240737
2024-09-18 19:30:00;221.53999;221.81000;219.88000;220.69000;6247706
2024-09-18 18:30:00;221.49590;221.85001;218.92999;221.5;7309128
2024-09-18 17:30:00;221.22000;222.70000;219.92999;221.40730;7417109
2024-09-18 16:30:00;220.80000;221.35001;220.25999;221.21010;4663209
2024-09-18 15:30:00;220.64000;220.86990;219.52000;220.81000;4730443
2024-09-18 14:30:00;220.73010;221.61000;220.25101;220.63000;8156848
2024-09-18 13:30:00;218.25;220.73500;218.17220;220.73500;11719790
2024-09-17 19:30:00;216.60001;216.85001;216.17000;216.85001;4733527
2024-09-17 18:30:00;216.14000;216.62000;215.30000;216.61000;3928149
2024-09-17 17:30:00;216.16000;216.39000;215.059998;216.14999;3204596
2024-09-17 16:30:00;215.77000;216.23000;215.23000;216.17000;4929353
2024-09-17 15:30:00;216.21001;216.84000;215.50999;215.75999;4563369
2024-09-17 14:30:00;216.39999;216.89999;215.89000;216.20500;5086919
2024-09-17 13:30:00;215.5;216.56000;214.5;216.42000;11537502
2024-09-16 19:30:00;216.22501;216.70000;216.17999;216.30000;5232224
2024-09-16 18:30:00;216.42500;216.46680;215.92000;216.22501;4144167
2024-09-16 17:30:00;215.96001;216.52000;215.75;216.42999;3606890
2024-09-16 16:30:00;215.39000;215.98000;214.92010;215.96500;3748142
2024-09-16 15:30:00;216.55000;216.58000;214.91000;215.39999;4852521
2024-09-16 14:30:00;216.64011;216.91499;214.84000;216.55650;8162086
2024-09-16 13:30:00;216.47000;217.20000;213.92000;216.66000;21390296
2024-09-13 19:30:00;222.53999;222.84300;222.31000;222.46001;4426267
2024-09-13 18:30:00;222.99500;223.050003;222.33121;222.53400;3150741
2024-09-13 17:30:00;223.58000;224.020004;222.85001;223;2945593
2024-09-13 16:30:00;223.32001;224.029999;223.22000;223.58380;2326834
2024-09-13 15:30:00;223.54500;223.99001;223.054993;223.31010;2825345
2024-09-13 14:30:00;222.35001;223.75;221.91000;223.54500;4492965
2024-09-13 13:30:00;223;223.39000;222.19000;222.37000;9588975
2024-09-12 19:30:00;222.92999;223.34900;222.44000;222.87000;5236457
2024-09-12 18:30:00;223.14000;223.53999;222.16000;222.94000;3839512
2024-09-12 17:30:00;222.60001;223.23000;222.58000;223.14011;2928926
2024-09-12 16:30:00;221.95000;223.050003;221.71001;222.62000;2450018
2024-09-12 15:30:00;221.89999;222.53999;221.62000;221.92999;2289208
2024-09-12 14:30:00;222.071198;223.067505;221.089996;221.89999;4368515
2024-09-12 13:30:00;222;222.37939;219.82001;222.070007;8196037
2024-09-11 19:30:00;221.95500;223;221.67999;222.86000;5531388
2024-09-11 18:30:00;221.64999;221.97000;221.11000;221.97000;4285668
2024-09-11 17:30:00;221.22000;221.70000;220.84000;221.62000;3495565
2024-09-11 16:30:00;220.86000;221.85001;220.50999;221.20970;2846309
2024-09-11 15:30:00;218.89999;220.95000;218.67000;220.83521;3877451
2024-09-11 14:30:00;219.24001;219.34000;217.96899;218.89999;4829294
2024-09-11 13:30:00;221;222.75;219.14999;219.25;9711760
2024-09-10 19:30:00;220.74500;221.11000;219.67999;220.17000;4674197
2024-09-10 18:30:00;220.83000;221.044998;220.21001;220.75;5332395
2024-09-10 17:30:00;220.27000;221.48000;220.19591;220.81000;3978034
2024-09-10 16:30:00;218.53011;220.64999;218.49001;220.27000;3685902
2024-09-10 15:30:00;219.95000;220.41000;218.040405;218.53999;4556201
2024-09-10 14:30:00;219.76500;220.22000;218.22000;219.95000;6070513
2024-09-10 13:30:00;219.59000;219.97501;216.73000;219.78000;14107304
2024-09-09 19:30:00;219.27000;221.036499;219.27000;220.99001;8206929
2024-09-09 18:30:00;217.14000;219.27251;216.72000;219.25999;9269515
2024-09-09 17:30:00;220.83800;220.85001;217.080002;217.17000;11488645
2024-09-09 16:30:00;220.21260;220.92999;219.81000;220.84000;4747989
2024-09-09 15:30:00;218.98000;220.5;218.92999;220.20390;4368450
2024-09-09 14:30:00;218.88000;219.0099945;217.050003;218.96001;6687481
2024-09-09 13:30:00;220.89999;221;217.82001;218.875;13584958
2024-09-06 19:30:00;221.0625;221.55000;220.14000;220.91000;4598421
2024-09-06 18:30:00;220.19000;221.47000;219.82001;221.059998;3924346
2024-09-06 17:30:00;220.95000;221.089996;219.77000;220.18781;3000383
2024-09-06 16:30:00;220.70000;221.64000;220.46001;220.98000;3419148
2024-09-06 15:30:00;221.25;222.067795;220.66200;220.68570;3892604
2024-09-06 14:30:00;222.67000;223.020004;220.83000;221.25;6153091
2024-09-06 13:30:00;224;225.24001;222.38000;222.69000;10837127
2024-09-05 19:30:00;222.82001;223.37000;221.81010;222.39999;3426613
2024-09-05 18:30:00;223.34000;223.89999;222.11000;222.83000;2545064
2024-09-05 17:30:00;222.39771;223.75;222.37421;223.33060;2790012
2024-09-05 16:30:00;222.78999;223.14999;222.34000;222.39000;2425313
2024-09-05 15:30:00;222.46001;222.81960;221.89000;222.79520;3171908
2024-09-05 14:30:00;225.080002;225.39000;222.38000;222.48000;4610917
2024-09-05 13:30:00;222.5;225.48000;222.36000;225.059998;10704328
2024-09-04 19:30:00;220.55000;221.43010;220.42000;220.78999;4798739
2024-09-04 18:30:00;220.89999;221.14000;220.17000;220.55000;3235654
2024-09-04 17:30:00;220.10460;221.11000;220.070007;220.91000;3084195
2024-09-04 16:30:00;220.11000;220.78430;219.53999;220.12000;3079132
2024-09-04 15:30:00;218.69501;219.96500;218.020004;219.92999;3511080
2024-09-04 14:30:00;218.63000;220.25;218.53999;218.68010;6164983
2024-09-04 13:30:00;221.66000;221.75500;217.48000;218.63499;13419708
2024-09-03 19:30:00;222.44000;222.78000;221.17000;222.75;6650499
2024-09-03 18:30:00;222.12000;222.73000;221.77000;222.45000;4336460
2024-09-03 17:30:00;223.82520;223.92000;221.84000;222.13000;4242288
2024-09-03 16:30:00;223.88000;224.14999;223.45000;223.83150;2520844
2024-09-03 15:30:00;223.86000;224.42999;223.27000;223.89000;3719653
2024-09-03 14:30:00;225.30499;225.30499;223.50999;223.85500;5984800
2024-09-03 13:30:00;228.61000;229;224.73000;225.31000;10969784
2024-08-30 19:30:00;229.039993;229.85001;228.38000;228.86000;6922500
2024-08-30 18:30:00;228;229.050003;227.95000;229.039993;3332557
2024-08-30 17:30:00;228.13499;228.31500;227.66000;227.99001;2414533
2024-08-30 16:30:00;228.020203;228.70000;227.48000;228.14999;2683350
2024-08-30 15:30:00;228.22000;228.875;227.55000;228.029999;3257176
2024-08-30 14:30:00;229.20000;230.0099945;227.73000;228.24500;4967193
2024-08-30 13:30:00;230;230.39999;228.54010;229.19501;8962269
2024-08-29 19:30:00;230.17000;230.77000;229.33000;229.81000;4555336
2024-08-29 18:30:00;230.83000;230.97000;229.62010;230.14000;5247410
2024-08-29 17:30:00;232.14000;232.5;230.55000;230.83600;4397231
2024-08-29 16:30:00;232.45000;232.71001;231.87000;232.13000;3294196
2024-08-29 15:30:00;232.44760;232.70911;231.49001;232.45000;5159490
2024-08-29 14:30:00;231.42999;232.89000;231.38000;232.45000;7514585
2024-08-29 13:30:00;230.28000;231.94000;228.88000;231.42000;15038590
2024-08-28 19:30:00;227.45000;227.53999;226.34000;226.49001;3607069
2024-08-28 18:30:00;226.080002;227.64000;225.96001;227.46001;3017614
2024-08-28 17:30:00;227.47000;227.60001;225.68010;226.080002;2477678
2024-08-28 16:30:00;227.020004;227.75999;227.0099945;227.47000;3147608
2024-08-28 15:30:00;226.80000;227.27000;226.25999;227.029999;5540740
2024-08-28 14:30:00;229.63000;229.85001;226.33000;226.81000;5991731
2024-08-28 13:30:00;228.050003;229.66000;227.87100;229.64000;8121114
2024-08-27 19:30:00;228.14999;228.27000;227.75;228.14000;3396614
2024-08-27 18:30:00;228.48000;228.54900;228.089996;228.14999;1885195
2024-08-27 17:30:00;228.5;228.66400;228.070007;228.48320;1944293
2024-08-27 16:30:00;227.92999;228.53000;227.55000;228.49001;2150303
2024-08-27 15:30:00;228.57001;228.66000;227.87000;227.94000;2877065
2024-08-27 14:30:00;227.96001;228.81000;227.65010;228.63000;4591987
2024-08-27 13:30:00;226.21010;228.22000;224.89000;227.97000;8575296
2024-08-26 19:30:00;226.42999;227.28000;226.28999;227.25999;3543413
2024-08-26 18:30:00;225.86000;226.67000;225.76010;226.43010;2444527
2024-08-26 17:30:00;226.13000;226.42500;225.44299;225.87000;2251610
2024-08-26 16:30:00;225.81100;226.39999;225.75;226.12000;2092165
2024-08-26 15:30:00;225.059998;225.82001;224.64000;225.81050;3335827
2024-08-26 14:30:00;224.92000;225.19000;223.89050;225.070007;3930509
2024-08-26 13:30:00;227.21001;227.21001;224.47720;224.95000;6251104
2024-08-23 19:30:00;227.065002;227.16690;226.23000;226.77361;3536618
2024-08-23 18:30:00;226.45500;227.10001;226.22000;227.059998;2752049
2024-08-23 17:30:00;225.97000;226.55000;225.95000;226.45270;2323736
2024-08-23 16:30:00;225.11000;225.99001;224.34000;225.96500;2664126
2024-08-23 15:30:00;225.96851;226.71001;224.88000;225.11501;3192087
2024-08-23 14:30:00;227.99001;228.10001;225.19009;225.95000;5457419
2024-08-23 13:30:00;225.65891;228.22000;225.52000;227.97501;8606738
2024-08-22 19:30:00;224.34000;224.92000;224.029999;224.53000;4874043
2024-08-22 18:30:00;224.86000;224.94000;224.14999;224.32001;2652812
2024-08-22 17:30:00;225.63000;225.82001;223.89999;224.85989;3951613
2024-08-22 16:30:00;226.43500;226.61000;225.084793;225.64500;2873698
2024-08-22 15:30:00;226.14000;226.44000;224.92010;226.42999;3401206
2024-08-22 14:30:00;226.75999;227.21001;226.14000;226.17999;3513476
2024-08-22 13:30:00;227.60001;228.34000;226.55000;226.77000;8837839
2024-08-21 19:30:00;225.78000;226.56000;225.19099;226.39999;3834165
2024-08-21 18:30:00;226.45000;226.58000;225.33020;225.77000;2984227
2024-08-21 17:30:00;226.0099945;226.45000;225.83000;226.45000;2566714
2024-08-21 16:30:00;226.25;226.50400;225.92010;226.00010681;2061134
2024-08-21 15:30:00;226.49989;226.59000;225.63499;226.24001;2772090
2024-08-21 14:30:00;227.23000;227.98000;225.88000;226.49001;4755603
2024-08-21 13:30:00;226.49001;227.67000;225.91000;227.22501;8159799
2024-08-20 19:30:00;226.48000;226.92999;226.39000;226.49001;2581538
2024-08-20 18:30:00;227.029999;227.059998;226.19000;226.48500;2299219
2024-08-20 17:30:00;226.70000;227.11000;226.35001;227.014999;1991274
2024-08-20 16:30:00;226.89500;227.089996;226.11000;226.71001;2086631
2024-08-20 15:30:00;226.20500;227.095001;226.089996;226.89999;2572227
2024-08-20 14:30:00;226.67999;226.69000;225.71001;226.21001;3611714
2024-08-20 13:30:00;225.77000;227.17000;225.45000;226.66000;7693400
2024-08-19 19:30:00;224.92500;225.97000;224.89000;225.89999;4867293
2024-08-19 18:30:00;224.64500;224.95000;224.58000;224.92999;2814556
2024-08-19 17:30:00;224.029999;224.66000;223.80000;224.64000;3556772
2024-08-19 16:30:00;224.41000;224.46500;223.75;224.024994;2649753
2024-08-19 15:30:00;224.42760;224.64999;223.75;224.42500;3379602
2024-08-19 14:30:00;224.16000;224.73000;223.49001;224.43021;4193053
2024-08-19 13:30:00;225.69501;225.69501;223.039993;224.16000;9670189
2024-08-16 19:30:00;225.96049;226.14000;225.53999;226.10001;3252354
2024-08-16 18:30:00;225.98500;226.21001;225.76360;225.96001;2364036
2024-08-16 17:30:00;226.55000;226.67000;225.63000;225.99001;3023962
2024-08-16 16:30:00;226.35001;226.82710;226.31000;226.55000;4500362
2024-08-16 15:30:00;224.91000;226.44560;224.91000;226.34000;5068731
2024-08-16 14:30:00;224.38000;225.020004;223.96609;224.91000;4500724
2024-08-16 13:30:00;223.92000;225.020004;223.65010;224.39000;11905855
2024-08-15 19:30:00;225.054993;225.089996;223.84500;224.71001;5065291
2024-08-15 18:30:00;225.059998;225.33000;224.91380;225.059998;3818557
2024-08-15 17:30:00;224.56000;225.14999;224.50999;225.070007;2520626
2024-08-15 16:30:00;225;225.020004;224.24500;224.54500;3507566
2024-08-15 15:30:00;224.0099945;225.014999;223.85001;224.99500;3233561
2024-08-15 14:30:00;224.78000;225.34000;223.89999;224.0050049;5316678
2024-08-15 13:30:00;224.55000;224.99001;222.75999;224.78999;9897134
2024-08-14 19:30:00;221.16000;222.35001;221.15311;221.62000;4112373
2024-08-14 18:30:00;221.53000;221.61000;220.81000;221.16000;2990194
2024-08-14 17:30:00;221.16000;221.76900;220.91000;221.53999;3099853
2024-08-14 16:30:00;221.32001;221.46001;220.38000;221.17500;3645945
2024-08-14 15:30:00;222.55000;223.029999;221.014999;221.30499;4029799
2024-08-14 14:30:00;221.11000;222.56000;220.45500;222.55870;4517827
2024-08-14 13:30:00;220.56500;222.020004;219.70000;221.11040;10322006
2024-08-13 19:30:00;220.67000;221.28000;220.42000;221.27000;3842702
2024-08-13 18:30:00;221.24609;221.48489;220.53999;220.66000;2559260
2024-08-13 17:30:00;221.69000;221.89000;220.56500;221.21800;3040248
2024-08-13 16:30:00;221.089996;221.80000;220.96001;221.69000;2825480
2024-08-13 15:30:00;221.050003;221.59869;220.89000;221.11050;3691243
2024-08-13 14:30:00;220.99500;221.5;220.26060;221.054993;4325256
2024-08-13 13:30:00;219.10500;221.71001;219.0099945;221;11857628
2024-08-12 19:30:00;217.039993;217.63000;216.59000;217.55000;3179687
2024-08-12 18:30:00;216.70000;217.42999;216.59500;217.029999;2657864
2024-08-12 17:30:00;217.25;217.45500;216.48000;216.74500;2928826
2024-08-12 16:30:00;217.97000;218.34000;217.029999;217.24770;3376508
2024-08-12 15:30:00;217.79480;218.75740;217.35001;217.98000;4072901
2024-08-12 14:30:00;218.44000;219.50990;217.14999;217.81000;5785498
2024-08-12 13:30:00;216;218.71500;215.60001;218.45000;8545889
2024-08-09 19:30:00;216.25999;216.61501;215.34000;216.30000;5238718
2024-08-09 18:30:00;215.27499;216.38000;214.89999;216.28500;4226291
2024-08-09 17:30:00;216.53999;216.78000;214.92000;215.28000;3531367
2024-08-09 16:30:00;214.53000;216.53999;214.51010;216.53500;3806159
2024-08-09 15:30:00;215.12000;215.71001;214.41000;214.53011;3993538
2024-08-09 14:30:00;214.71001;215.73500;213.67000;215.13499;4852988
2024-08-09 13:30:00;212.080002;214.78951;211.98000;214.70000;7767530
2024-08-08 19:30:00;212.14000;213.52000;211.88000;213.34000;4665159
2024-08-08 18:30:00;212.99590;213.42999;212.12000;212.13010;3833831
2024-08-08 17:30:00;213.89999;214.20000;212.70750;212.98000;3971724
2024-08-08 16:30:00;213.26500;213.99001;212.5;213.89760;3977066
2024-08-08 15:30:00;212.21001;213.46001;211.71001;213.25;4529256
2024-08-08 14:30:00;212.58000;212.99001;211.080002;212.21001;4980328
2024-08-08 13:30:00;213.095001;213.21001;208.83000;212.56000;10469761
2024-08-07 19:30:00;210.55000;210.99001;209.41000;209.86000;5358011
2024-08-07 18:30:00;211.020004;211.020004;208.48000;210.52010;6015049
2024-08-07 17:30:00;211.039993;211.49001;210.020004;211.059998;5095212
2024-08-07 16:30:00;212.59970;212.97000;210.35001;211.039993;5212227
2024-08-07 15:30:00;213.12399;213.64000;211.17999;212.58501;5060827
2024-08-07 14:30:00;211.69000;213.59000;211.47000;213.16000;6367518
2024-08-07 13:30:00;206.89000;212.89999;206.41000;211.70000;15714668
2024-08-06 19:30:00;208.50500;208.59000;206.39999;207.125;6503258
2024-08-06 18:30:00;209.45000;209.95000;207.39999;208.50500;5270629
2024-08-06 17:30:00;209.0099945;209.47990;207.70500;209.44640;4848283
2024-08-06 16:30:00;208.67000;209.98000;208.36000;208.99001;4607591
2024-08-06 15:30:00;206.12041;208.99001;206.059998;208.63100;5901965
2024-08-06 14:30:00;204.98000;207.73950;204.37000;206.11000;7809373
2024-08-06 13:30:00;205.39000;206.25;201.070007;204.89011;24100484
2024-08-05 19:30:00;206.42999;209.35001;206.011703;209.19000;11251750
2024-08-05 18:30:00;210.56300;210.95000;203.92000;206.42999;16677734
2024-08-05 17:30:00;210.78999;211.89000;209.37000;210.61000;5113963
2024-08-05 16:30:00;212.62000;212.64999;209.72000;210.81000;6246693
2024-08-05 15:30:00;211.20000;213;209.50500;212.61501;8715135
2024-08-05 14:30:00;207.94070;213.47000;207.82001;211.17000;13404154
2024-08-05 13:30:00;199.14000;211.11000;196.21001;207.97870;43357359
2024-08-02 19:30:00;222.63000;222.98830;219.059998;219.80000;11042774
2024-08-02 18:30:00;223.42000;224.10001;222.11000;222.62000;6527167
2024-08-02 17:30:00;224.63000;225.0050049;221.91000;223.43500;7549443
2024-08-02 16:30:00;224.61501;225.60001;223.45000;224.64000;7487153
2024-08-02 15:30:00;222.86000;224.72000;221.42000;224.62000;9098444
2024-08-02 14:30:00;222.63000;224.37990;221.75999;222.83000;14319380
2024-08-02 13:30:00;219.14999;224.41499;217.71001;222.65500;29536982
2024-08-01 19:30:00;218.050003;219.14000;217.13499;218.28000;7438049
2024-08-01 18:30:00;217.79500;218.15990;217.020004;218.054993;6030523
2024-08-01 17:30:00;218.16000;218.80000;217.19080;217.78999;6390068
2024-08-01 16:30:00;219.34000;219.5;217.63000;218.14999;4455108
2024-08-01 15:30:00;220.56000;220.85001;219.020004;219.32001;4477931
2024-08-01 14:30:00;221.27969;221.73000;220.12000;220.53999;6309661
2024-08-01 13:30:00;224.37000;224.45050;221.25999;221.28000;10512069
2024-07-31 19:30:00;221.64000;223.0092926;221.37000;221.99001;5618520
2024-07-31 18:30:00;222.94000;223.37000;221.28500;221.61011;4951278
2024-07-31 17:30:00;222.59500;223.0099945;221.31000;222.92999;3509520
2024-07-31 16:30:00;222.38361;223.0099945;222.080093;222.60001;3484238
2024-07-31 15:30:00;223.15500;223.37000;222.17000;222.37000;3107571
2024-07-31 14:30:00;222.84000;223.82001;222.30000;223.15500;5147851
2024-07-31 13:30:00;221.53000;223.44000;220.64000;222.83000;10966219
2024-07-30 19:30:00;218.64000;219.92000;218.45000;218.78999;5666938
2024-07-30 18:30:00;218.28000;218.71001;217.97000;218.63000;3328246
2024-07-30 17:30:00;217.24001;218.74001;216.96001;218.28500;3146102
2024-07-30 16:30:00;216.96001;217.35001;216.12000;217.25;3365740
2024-07-30 15:30:00;217.28000;217.53999;216.33000;216.98000;3537121
2024-07-30 14:30:00;219.070007;219.33580;217.17000;217.28999;5639492
2024-07-30 13:30:00;219.039993;220.32500;218.56000;219.070007;8172417
2024-07-29 19:30:00;218.59000;219.12000;218;218.21001;3984140
2024-07-29 18:30:00;218.34000;218.75;217.97000;218.59000;3092834
2024-07-29 17:30:00;218.70000;219.086899;218.050003;218.35001;2855524
2024-07-29 16:30:00;218.55000;219.28000;218.375;218.70000;2769535
2024-07-29 15:30:00;217.11000;218.96001;216.60049;218.54500;3349338
2024-07-29 14:30:00;217.75;218.69000;216.50999;217.14000;5007715
2024-07-29 13:30:00;216.67999;219.30000;215.92999;217.73000;9684510
2024-07-26 19:30:00;218.62000;218.62000;217.13000;218.12000;4479378
2024-07-26 18:30:00;218.16000;218.75;217.56100;218.60500;3261740
2024-07-26 17:30:00;219.30499;219.32690;217.67999;218.14999;3519375
2024-07-26 16:30:00;218.71001;219.49001;218.71001;219.30450;3100683
2024-07-26 15:30:00;217.95500;219.020004;217.50999;218.69119;4508080
2024-07-26 14:30:00;217.39500;218.15401;216.45590;217.95540;4349192
2024-07-26 13:30:00;218.85001;219.14990;216.0099945;217.39999;10822541
2024-07-25 19:30:00;220.10001;220.27000;217.33000;217.49001;5667186
2024-07-25 18:30:00;219.86000;220.42000;218.61700;220.125;3922802
2024-07-25 17:30:00;219.42999;220.48000;219.35730;219.88000;3151089
2024-07-25 16:30:00;220.20000;220.85001;219.27000;219.42000;4035246
2024-07-25 15:30:00;218.68401;220.52000;218.11000;220.19200;5489891
2024-07-25 14:30:00;215.82001;219.39999;215.44009;218.67999;7550272
2024-07-25 13:30:00;219.48990;219.84500;214.62000;215.81000;14511154
2024-07-24 19:30:00;217.88000;218.78000;217.70000;218.57001;7678488
2024-07-24 18:30:00;218.16000;218.42999;217.75630;217.89000;4462246
2024-07-24 17:30:00;218.020004;218.86000;217.84000;218.16000;3875716
2024-07-24 16:30:00;217.90990;218.55000;217.72000;218.025803;4492564
2024-07-24 15:30:00;218.67000;218.84000;217.13000;217.90500;6271860
2024-07-24 14:30:00;220.89999;221.029999;218.28999;218.67500;9222223
2024-07-24 13:30:00;224;224.80000;220.30000;220.89000;11171284
2024-07-23 19:30:00;225.059998;225.28000;224.32001;225.0099945;3762733
2024-07-23 18:30:00;224.57240;225.10001;224.32800;225.074707;2717902
2024-07-23 17:30:00;224.71001;225.039993;224.38000;224.53999;2742571
2024-07-23 16:30:00;225.63000;225.69991;224.61501;224.72000;3440068
2024-07-23 15:30:00;226.61501;226.92999;225.20000;225.63989;4621340
2024-07-23 14:30:00;224.64000;226.73000;224.10060;226.60890;6499237
2024-07-23 13:30:00;224.39999;225.14000;222.67999;224.625;7388967
2024-07-22 19:30:00;224.67999;225.039993;223.78000;223.92999;4547672
2024-07-22 18:30:00;225.059998;225.63000;224.63000;224.67999;4186965
2024-07-22 17:30:00;224.37000;225.42010;224.33000;225.050003;3036671
2024-07-22 16:30:00;223.83000;224.59000;223.70000;224.39000;3586983
2024-07-22 15:30:00;223.78000;224.14000;223.089996;223.83501;5069673
2024-07-22 14:30:00;226.80499;227.12511;223.72000;223.82990;6311242
2024-07-22 13:30:00;227.27000;227.78000;225.58000;226.80000;10034749
2024-07-19 19:30:00;225;225.069901;224.0099945;224.38000;5391560
2024-07-19 18:30:00;224.46001;225.12000;223.89000;225.0099945;3663851
2024-07-19 17:30:00;224.42999;224.94501;223.86000;224.44000;3290229
2024-07-19 16:30:00;223.94000;224.57990;223.27499;224.46001;3519449
2024-07-19 15:30:00;223.96001;225.050003;223.56000;223.94501;5582598
2024-07-19 14:30:00;225.059998;225.86000;223.87080;223.96001;5147862
2024-07-19 13:30:00;224.85201;226.80000;224.42000;225.014206;14532936
2024-07-18 19:30:00;224.12000;225.14999;223.82500;224.19000;5051993
2024-07-18 18:30:00;224.58000;225.070007;223.45090;224.13000;4639961
2024-07-18 17:30:00;224.55000;225.20000;224.41499;224.60010;5011871
2024-07-18 16:30:00;223.35001;225.065002;222.47000;224.56000;6798222
2024-07-18 15:30:00;222.98000;224.029999;222.45000;223.35001;7965624
2024-07-18 14:30:00;227.87000;228.0099945;222.78999;222.99001;12807960
2024-07-18 13:30:00;230.34500;230.44000;226.59000;227.89000;12105218
2024-07-17 19:30:00;229.14000;229.82001;228.57001;228.88499;6250577
2024-07-17 18:30:00;229.51801;229.80000;228.96001;229.14000;4776274
2024-07-17 17:30:00;228.67999;229.78000;228.25999;229.51910;4477036
2024-07-17 16:30:00;228.48500;229.0099945;228.14999;228.70000;3870619
2024-07-17 15:30:00;228.63000;229.0099945;228.095001;228.49500;4229799
2024-07-17 14:30:00;227.80000;228.83000;227.45000;228.62000;6106772
2024-07-17 13:30:00;229.48000;231.45990;226.64000;227.82001;17630432
2024-07-16 19:30:00;234.55000;234.98000;234.28500;234.81000;2857260
2024-07-16 18:30:00;234.39951;234.86501;234.30000;234.55991;3209757
2024-07-16 17:30:00;233.53999;234.55000;233.41499;234.39000;3187466
2024-07-16 16:30:00;232.92500;233.79720;232.33000;233.54500;4383942
2024-07-16 15:30:00;234.16000;234.35001;232.62000;232.94791;5683620
2024-07-16 14:30:00;233.83000;234.91000;233.67500;234.16000;5219269
2024-07-16 13:30:00;235.20500;236.27000;233.0099945;233.83000;11433979
2024-07-15 19:30:00;234.58000;234.78999;233.089996;234.42000;5847732
2024-07-15 18:30:00;234.21001;235.070007;233.97000;234.58000;4097236
2024-07-15 17:30:00;234.65950;234.80000;233.90401;234.20500;3774759
2024-07-15 16:30:00;235.32001;235.88000;234.62000;234.69000;3851727
2024-07-15 15:30:00;235.58000;235.94980;234.5;235.30800;6582105
2024-07-15 14:30:00;234.82001;236.31010;234.48000;235.60001;7067378
2024-07-15 13:30:00;236.53200;237.23000;233.34000;234.79010;20535733
2024-07-12 19:30:00;231.86000;231.87000;229.91000;230.57001;5822133
2024-07-12 18:30:00;232.26500;232.36000;231.56000;231.85989;3484723
2024-07-12 17:30:00;231.89999;232.64000;231.84000;232.27000;4525973
2024-07-12 16:30:00;230.71001;231.91000;230.57001;231.90250;4220317
2024-07-12 15:30:00;231.89999;231.99001;230.50999;230.71001;5014273
2024-07-12 14:30:00;230.88000;232.39799;230.62000;231.89990;7527748
2024-07-12 13:30:00;229;231.5;228.67999;230.88000;14080146
2024-07-11 19:30:00;227.72000;228.70000;227.55000;227.55000;6050973
2024-07-11 18:30:00;227.25999;228.55000;227.21001;227.71001;4129270
2024-07-11 17:30:00;227.97000;227.97501;226.59000;227.26500;3378095
2024-07-11 16:30:00;227.75999;228.72000;227.27000;227.98000;5833847
2024-07-11 15:30:00;226.62000;227.84000;225.77000;227.76579;7102718
2024-07-11 14:30:00;228.87000;229.64000;226.27000;226.62000;10923612
2024-07-11 13:30:00;231.31171;232.39000;228.53000;228.89999;16644797
2024-07-10 19:30:00;231.75999;233.080002;231.70500;232.91000;7115598
2024-07-10 18:30:00;232.10001;232.19000;231.63000;231.75999;4261881
2024-07-10 17:30:00;231.57001;232.14999;231.52000;232.10001;4334817
2024-07-10 16:30:00;232.20000;232.42000;230.71001;231.56000;7182941
2024-07-10 15:30:00;231;232.74001;230.95500;232.19501;9467527
2024-07-10 14:30:00;231.11000;231.15500;230.10500;230.99500;6360484
2024-07-10 13:30:00;229.44000;231.72200;229.25;231.10001;14711583
2024-07-09 19:30:00;228.35001;228.78000;228.18420;228.70000;4806474
2024-07-09 18:30:00;228.45000;228.51990;228.16000;228.36000;3274100
2024-07-09 17:30:00;228;228.53500;227.85001;228.44000;3230951
2024-07-09 16:30:00;228.17000;228.72540;228.0099945;228.0099945;4244252
2024-07-09 15:30:00;227.91010;228.24800;227.60001;228.17999;4278456
2024-07-09 14:30:00;228.52290;228.65500;227.30000;227.91499;8133838
2024-07-09 13:30:00;228.18500;229.39500;226.37210;228.53000;13450286
2024-07-08 19:30:00;226.81000;227.84000;226.76010;227.80000;6040675
2024-07-08 18:30:00;227.33000;227.36000;226.46001;226.82500;4484923
2024-07-08 17:30:00;226.58000;227.44000;226.39000;227.33000;4890440
2024-07-08 16:30:00;226.50999;226.89999;226.050003;226.59990;4946609
2024-07-08 15:30:00;226.53000;227;225.78999;226.52000;5305936
2024-07-08 14:30:00;225.19980;226.81000;224.78320;226.50999;8150247
2024-07-08 13:30:00;227.089996;227.35001;223.25;225.20000;16387202
2024-07-05 19:30:00;225.41991;226.45000;225.36000;226.31000;7165954
2024-07-05 18:30:00;225.25999;225.52499;225.0099945;225.42000;4479668
2024-07-05 17:30:00;225.35500;225.64000;224.98000;225.25;4601702
2024-07-05 16:30:00;225.23000;225.37000;224.73000;225.35001;3808323
2024-07-05 15:30:00;224.72000;225.41910;224.67999;225.22000;5004157
2024-07-05 14:30:00;225.17000;225.19000;223.83000;224.72000;7018234
2024-07-05 13:30:00;221.64999;225.44000;221.64999;225.17081;17905237
2024-07-03 16:30:00;221.28999;221.55000;220.88000;221.55000;10951170
2024-07-03 15:30:00;220.11501;221.30000;219.77000;221.30000;5274586
2024-07-03 14:30:00;219.37990;220.73000;219.10010;220.11501;6600486
2024-07-03 13:30:00;220.42999;221.39999;219.029999;219.38000;14372255
2024-07-02 19:30:00;219.61000;220.38000;219.5;220.37000;5279602
2024-07-02 18:30:00;220.029999;220.33000;219.50999;219.62000;4789218
2024-07-02 17:30:00;219.40010;220.070007;219.27000;220.029999;3762941
2024-07-02 16:30:00;219.14999;219.5;218.83080;219.39999;3236672
2024-07-02 15:30:00;219.53000;220.11000;218.75999;219.16499;5151809
2024-07-02 14:30:00;218.71001;220.33000;218.56380;219.51019;11593279
2024-07-02 13:30:00;216.14999;218.89999;215.10001;218.70990;14475116
2024-07-01 19:30:00;215.53500;217;215.47000;216.73000;5426090
2024-07-01 18:30:00;215.92000;216.24001;215.16000;215.53500;5271949
2024-07-01 17:30:00;217.16499;217.17999;215.94000;215.94000;4139880
2024-07-01 16:30:00;216.51500;217.5;216.5;217.25500;8453035
2024-07-01 15:30:00;214.95000;216.55499;214.71500;216.55009;6938052
2024-07-01 14:30:00;215.22000;215.53000;214.089996;215.013306;7686790
2024-07-01 13:30:00;212.17999;215.58000;211.96500;215.23500;14825593
2024-06-28 19:30:00;213.050003;213.60989;210.30000;210.61000;13592315
2024-06-28 18:30:00;213.21001;213.48500;212.70000;213.054993;4936041
2024-06-28 17:30:00;213.85001;214.080002;213.13000;213.21001;3774396
2024-06-28 16:30:00;213.83501;214.53000;213.27000;213.83009;4952402
2024-06-28 15:30:00;214.33000;214.71001;213.52000;213.84000;5602697
2024-06-28 14:30:00;214.63499;215.30000;213.77000;214.34000;6226559
2024-06-28 13:30:00;215.80499;216.070007;213.57030;214.64000;13755548
2024-06-27 19:30:00;213.83000;214.11000;213.14500;214.10001;5159462
2024-06-27 18:30:00;213.41499;214.014999;213.28000;213.83000;3517000
2024-06-27 17:30:00;213.99541;214.070007;213.050003;213.42000;3164711
2024-06-27 16:30:00;213.85500;214.17000;213.56599;214;3650065
2024-06-27 15:30:00;212.92999;213.86000;212.58990;213.86000;4416969
2024-06-27 14:30:00;213.79500;213.95630;212.39999;212.98000;6786435
2024-06-27 13:30:00;214.64999;215.63000;213.39999;213.78500;14258527
2024-06-26 19:30:00;213.28990;213.5;212.72000;213.12000;5827438
2024-06-26 18:30:00;214.34500;214.57001;212.83000;213.26199;5748909
2024-06-26 17:30:00;213.55170;214.86000;213.49001;214.35001;5926758
2024-06-26 16:30:00;214.34500;214.37000;213.23000;213.56000;4272468
2024-06-26 15:30:00;213.21001;214.78000;213.029999;214.34500;6975792
2024-06-26 14:30:00;212.37000;213.74001;212.34399;213.21001;8758442
2024-06-26 13:30:00;211.44000;213;210.64000;212.36000;15333791
2024-06-25 19:30:00;210.14000;210.14000;208.82001;209.076004;5902321
2024-06-25 18:30:00;210.65891;210.66901;209.89000;210.14011;3656016
2024-06-25 17:30:00;210.11501;210.67010;209.94000;210.66000;3356142
2024-06-25 16:30:00;210.029999;210.19000;209.38000;210.11501;3379196
2024-06-25 15:30:00;209.72000;210.48500;209.71001;210.031403;3540240
2024-06-25 14:30:00;209.80000;210.25999;209.20010;209.71001;6546201
2024-06-25 13:30:00;209.080002;211.38000;208.61000;209.79990;14332677
2024-06-24 19:30:00;208.85001;208.91000;207.84460;208.14999;8540682
2024-06-24 18:30:00;209.38000;209.50999;208.52000;208.85899;5602001
2024-06-24 17:30:00;210;210.089996;208.88000;209.37000;5647376
2024-06-24 16:30:00;210.91000;211;209.39200;210.0050049;6365972
2024-06-24 15:30:00;212.38000;212.61000;210.63000;210.91000;8594567
2024-06-24 14:30:00;209;212.70000;208.92000;212.36549;13997902
2024-06-24 13:30:00;207.72000;209.56000;206.59000;209.0050049;16085400
2024-06-21 19:30:00;210.41499;210.85001;207.11000;207.11000;19612185
2024-06-21 18:30:00;210.84000;210.97000;209.97000;210.42000;9306373
2024-06-21 17:30:00;210.059998;210.98000;209.95000;210.84500;5231252
2024-06-21 16:30:00;211.089996;211.10989;209.85001;210.059998;8297469
2024-06-21 15:30:00;210.82001;211.63000;210.72000;211.10001;4636632
2024-06-21 14:30:00;210.83000;211.43480;210.42000;210.82001;9274770
2024-06-21 13:30:00;210.39000;211.89000;209.59000;210.82010;29890095
2024-06-20 19:30:00;209.67500;209.75;208.85001;209.56000;9279123
2024-06-20 18:30:00;210.039993;210.17000;209.16000;209.67320;8591610
2024-06-20 17:30:00;209.37000;210.60001;209.21001;210.039993;6536332
2024-06-20 16:30:00;209.53000;210.28990;209.13000;209.38000;6958427
2024-06-20 15:30:00;209.53999;211.17000;209.42000;209.52499;9155236
2024-06-20 14:30:00;211.63000;211.97000;209.53000;209.53500;12783233
2024-06-20 13:30:00;213.92999;214.24001;211.48000;211.63860;18864147
2024-06-18 19:30:00;214.64500;215.10001;213.91000;214.38000;7980426
2024-06-18 18:30:00;213.72501;214.91000;213.40010;214.64999;7084903
2024-06-18 17:30:00;213.66000;214.055695;213.070007;213.72301;5483651
2024-06-18 16:30:00;213.22000;214.23000;213.21651;213.66000;7074821
2024-06-18 15:30:00;214.35500;214.44000;213;213.22000;7665650
2024-06-18 14:30:00;215.31000;215.80000;213.44000;214.36000;11158176
2024-06-18 13:30:00;217.61000;218.63000;214.44000;215.31000;21562377
2024-06-17 19:30:00;218.16000;218.34000;215.48000;216.71001;11852085
2024-06-17 18:30:00;218.34520;218.94501;217.96001;218.15500;9383966
2024-06-17 17:30:00;217.83000;218.75;217.75;218.35001;8525981
2024-06-17 16:30:00;216.53999;218.10001;216.13000;217.82001;7465754
2024-06-17 15:30:00;216.33000;217.070007;215.82001;216.53999;7605894
2024-06-17 14:30:00;216.089996;217.33000;215.33000;216.33150;11752782
2024-06-17 13:30:00;213.83501;216.49001;212.72000;216.091400;23579228
2024-06-14 19:30:00;212.375;212.58791;211.42000;212.52000;7731194
2024-06-14 18:30:00;212.22951;212.39000;211.67999;212.38000;5080813
2024-06-14 17:30:00;211.78000;212.45000;211.69000;212.22501;5419804
2024-06-14 16:30:00;211.75;212.27901;211.30000;211.78000;6971182
2024-06-14 15:30:00;213.59500;213.82001;211.67000;211.75;9057332
2024-06-14 14:30:00;213.39000;213.91991;212.66000;213.59500;9007098
2024-06-14 13:30:00;213.81000;215.17000;212.62000;213.39000;16970905
2024-06-13 19:30:00;214.33000;214.88000;213.83200;214.13000;9252524
2024-06-13 18:30:00;213.20000;214.39999;213.039993;214.34000;12111802
2024-06-13 17:30:00;213.60500;213.78999;212.40010;213.19000;6146495
2024-06-13 16:30:00;212.11000;213.74001;212.029999;213.60001;6757287
2024-06-13 15:30:00;213.43590;214.061798;211.60001;212.10001;8952250
2024-06-13 14:30:00;213.86430;214.55901;212.17010;213.44501;11890302
2024-06-13 13:30:00;214.78000;216.75;213.14000;213.85020;30111186
2024-06-12 19:30:00;217.74001;217.75999;212.84000;213.11169;27633505
2024-06-12 18:30:00;218.95010;220.20000;217.37000;217.73000;23575609
2024-06-12 17:30:00;216.92751;219.32500;216.46001;218.96021;17876803
2024-06-12 16:30:00;215.33060;217.36000;214.86099;216.92999;12561436
2024-06-12 15:30:00;217.58000;217.60001;215.27000;215.35001;17483667
2024-06-12 14:30:00;215.22000;218.12000;214.67999;217.58009;28525914
2024-06-12 13:30:00;207.75;215.99001;207.42999;215.23500;56496074
2024-06-11 19:30:00;205.73000;207.16000;205.49001;207.14000;16510894
2024-06-11 18:30:00;205.089996;205.92999;204.70000;205.73000;12935816
2024-06-11 17:30:00;205.029999;205.41000;204.44000;205.080002;11453848
2024-06-11 16:30:00;204.24760;206.029999;203.80000;205.039993;15916325
2024-06-11 15:30:00;204.39500;205.45000;203.45000;204.22501;23287350
2024-06-11 14:30:00;200.89250;204.50999;200.88000;204.40990;33923446
2024-06-11 13:30:00;193.66000;201.044998;193.64000;200.89999;42189427
2024-06-10 19:30:00;192.96001;193.19000;192.28999;193.13000;9924521
2024-06-10 18:30:00;193.14999;194.30000;192.33000;192.96500;17145821
2024-06-10 17:30:00;195.44000;196.45000;192.14999;193.16000;23696662
2024-06-10 16:30:00;195.89000;196.38000;195.11000;195.42500;7537803
2024-06-10 15:30:00;195.56000;196.21001;195.070007;195.88840;6844150
2024-06-10 14:30:00;195.62170;195.74001;195.25;195.55420;5515526
2024-06-10 13:30:00;197.20000;197.28169;194.83000;195.62000;15640700
2024-06-07 19:30:00;196.43500;196.94000;196.24001;196.89999;7738011
2024-06-07 18:30:00;195.86000;196.44000;195.58000;196.43950;4413006
2024-06-07 17:30:00;196.36000;196.58000;195.72000;195.87000;5669748
2024-06-07 16:30:00;195.96001;196.49001;195.71001;196.36000;4552773
2024-06-07 15:30:00;195.625;196.18500;195.60001;195.95500;7373793
2024-06-07 14:30:00;194.80499;195.97000;194.74010;195.62000;6480520
2024-06-07 13:30:00;194.66000;195.75;194.14000;194.81000;10154074
2024-06-06 19:30:00;195.39500;195.47000;194.17999;194.48000;5961138
2024-06-06 18:30:00;195.53999;195.53999;195.029999;195.39000;3431683
2024-06-06 17:30:00;195.64130;195.73000;194.96001;195.53410;3817331
2024-06-06 16:30:00;195.67050;196.069794;195.47360;195.64999;3210796
2024-06-06 15:30:00;195.83000;195.83501;195.42000;195.67500;3210743
2024-06-06 14:30:00;195.89000;195.99001;195.45000;195.83501;4454058
2024-06-06 13:30:00;195.59000;196.48500;195.21519;195.94991;9627083
2024-06-05 19:30:00;196.13000;196.45000;195.62000;195.89999;6222302
2024-06-05 18:30:00;196.20000;196.44000;195.72000;196.13989;4731794
2024-06-05 17:30:00;195.88000;196.70000;195.88000;196.20500;5004091
2024-06-05 16:30:00;195.92000;196.25999;195.60010;195.88519;4380580
2024-06-05 15:30:00;196.14000;196.89999;195.82001;195.92500;6551624
2024-06-05 14:30:00;195.38000;196.17000;195.19501;196.14000;6044987
2024-06-05 13:30:00;195.42000;196.42000;194.88000;195.375;11655383
2024-06-04 19:30:00;194.50500;194.87000;194.17999;194.36501;4327507
2024-06-04 18:30:00;195.23000;195.32001;193.92999;194.50720;5071285
2024-06-04 17:30:00;194.81000;195.32001;194.41000;195.23500;5053574
2024-06-04 16:30:00;194.47000;194.82001;194.34000;194.80499;3308960
2024-06-04 15:30:00;194.054993;194.49001;193.71500;194.47000;3593838
2024-06-04 14:30:00;194.024994;194.39999;193.66000;194.050003;5032304
2024-06-04 13:30:00;194.72000;194.92999;193.034195;194.029999;10693104
2024-06-03 19:30:00;193.36000;194.11000;193.28000;194.089996;5118764
2024-06-03 18:30:00;193.10001;193.52000;192.91010;193.35400;3785048
2024-06-03 17:30:00;193.75999;194.054993;193.089996;193.10001;3561086
2024-06-03 16:30:00;193.28000;193.82640;192.84000;193.78999;4233538
2024-06-03 15:30:00;194.12000;194.39000;193.24001;193.28940;4781872
2024-06-03 14:30:00;194.83000;194.92000;193.58000;194.13000;6469352
2024-06-03 13:30:00;192.98000;194.99001;192.53000;194.83501;14806084
2024-05-31 19:30:00;191;192.47990;190.90460;192.39000;9851463
2024-05-31 18:30:00;190.52000;191.23880;190.34000;191.050003;6021035
2024-05-31 17:30:00;190.57539;190.82001;190.38499;190.55499;2877381
2024-05-31 16:30:00;190.19000;190.59000;189.92000;190.57001;3119027
2024-05-31 15:30:00;190.36000;190.69991;189.92999;190.19720;4381497
2024-05-31 14:30:00;191.69000;191.95000;190.12000;190.35001;6878138
2024-05-31 13:30:00;191.31000;192.56000;191.30000;191.69000;10357913
2024-05-30 19:30:00;191.58000;191.84000;190.85001;191.28999;6616325
2024-05-30 18:30:00;191.53670;191.80000;191.41000;191.56500;4143522
2024-05-30 17:30:00;192.080002;192.17999;191.36000;191.53500;3362017
2024-05-30 16:30:00;191.25999;192.14000;191.20500;192.078705;3757523
2024-05-30 15:30:00;191.67000;191.75;191.10001;191.25999;3047619
2024-05-30 14:30:00;191.45000;191.82500;191;191.69501;5533218
2024-05-30 13:30:00;191.081100;192.10001;190.63000;191.44501;11192477
2024-05-29 19:30:00;191.12000;191.21001;189.98000;190.38000;6680542
2024-05-29 18:30:00;191.56000;191.62000;190.72031;191.13000;4717806
2024-05-29 17:30:00;191.78011;191.96001;191.31000;191.60001;4163769
2024-05-29 16:30:00;191.77000;192.024994;191.50999;191.78999;3262144
2024-05-29 15:30:00;191.48500;191.77499;191.10500;191.75999;4647422
2024-05-29 14:30:00;191.84010;192.23000;191.13550;191.48940;6820441
2024-05-29 13:30:00;189.61011;192.24001;189.61011;191.86000;12966955
2024-05-28 19:30:00;189.53799;190.10001;189.33000;190.10001;4991097
2024-05-28 18:30:00;189.72501;189.87000;189.10001;189.53281;5144489
2024-05-28 17:30:00;190.875;190.96001;189.64999;189.72980;4766217
2024-05-28 16:30:00;191.25020;191.45900;190.86000;190.875;3205058
2024-05-28 15:30:00;191.61000;191.95000;191.059998;191.25500;4381780
2024-05-28 14:30:00;191.63000;191.77000;191.13010;191.62000;5158227
2024-05-28 13:30:00;191.53200;192.99001;190.34000;191.64000;15396828
2024-05-24 19:30:00;190.059998;190.23000;189.84000;190;3537017
2024-05-24 18:30:00;190.15199;190.38499;189.95500;190.080002;2748947
2024-05-24 17:30:00;190.42000;190.46001;190.065002;190.14999;3081367
2024-05-24 16:30:00;190.37199;190.55000;190.24451;190.41991;2486911
2024-05-24 15:30:00;190.098801;190.58000;189.75999;190.37990;3584085
2024-05-24 14:30:00;189.48500;190.25999;189.27000;190.089996;4865844
2024-05-24 13:30:00;188.82001;189.51990;188.11130;189.51089;9163482
2024-05-23 19:30:00;187.62000;187.82001;186.625;186.91000;5803901
2024-05-23 18:30:00;187.70000;187.80000;187.16000;187.62000;4566990
2024-05-23 17:30:00;188.64999;188.68500;187.31000;187.70500;5194146
2024-05-23 16:30:00;189.52499;189.59950;188.42999;188.64011;3640141
2024-05-23 15:30:00;189.45500;189.71001;189.070007;189.52499;3243022
2024-05-23 14:30:00;189.059998;189.69000;188.67999;189.45000;6137975
2024-05-23 13:30:00;191;191;188.50500;189.050003;10163386
2024-05-22 19:30:00;190.92000;191.28999;190.39999;190.89999;4402504
2024-05-22 18:30:00;190.59500;190.94000;190.53000;190.93990;2706845
2024-05-22 17:30:00;191.36240;191.42500;190.28000;190.58501;3968743
2024-05-22 16:30:00;191.61501;191.72990;191.080002;191.37000;2595827
2024-05-22 15:30:00;192.14999;192.19000;191.52499;191.62000;3218749
2024-05-22 14:30:00;192.71001;192.75999;192.039993;192.14000;3841169
2024-05-22 13:30:00;192.41000;192.82001;191.99001;192.71500;6191966
2024-05-21 19:30:00;192.52499;192.72000;192.28000;192.35001;5258702
2024-05-21 18:30:00;192.50999;192.67000;192.39999;192.52499;3653779
2024-05-21 17:30:00;192.375;192.53540;192.30000;192.51500;3617656
2024-05-21 16:30:00;192.19000;192.375;191.78000;192.36659;3026325
2024-05-21 15:30:00;192.28000;192.41499;191.84010;192.17909;3297144
2024-05-21 14:30:00;192.24001;192.63499;191.86990;192.28270;5834975
2024-05-21 13:30:00;191.089996;192.59000;190.96860;192.21001;9574936
2024-05-20 19:30:00;191.31000;191.34801;190.81000;191.080002;4813353
2024-05-20 18:30:00;191.41000;191.5;191.080002;191.31400;3014420
2024-05-20 17:30:00;191.46400;191.62000;191.16010;191.41000;2512725
2024-05-20 16:30:00;191.16000;191.80499;191.16000;191.46500;3428382
2024-05-20 15:30:00;191.17500;191.50999;191.020004;191.16499;3353981
2024-05-20 14:30:00;191.60001;191.91991;191.17000;191.17999;6619615
2024-05-20 13:30:00;189.14999;191.77000;189.0099945;191.60500;11170465
2024-05-17 19:30:00;190.11000;190.14999;189.75999;189.92000;5707506
2024-05-17 18:30:00;189.63499;190.13000;189.62199;190.10831;3545493
2024-05-17 17:30:00;189.67000;189.87000;189.39999;189.67999;3173583
2024-05-17 16:30:00;189.79500;189.98990;189.59000;189.69000;2226643
2024-05-17 15:30:00;189.69000;189.95940;189.42010;189.78999;3478131
2024-05-17 14:30:00;190.15500;190.30000;189.65500;189.69009;3636858
2024-05-17 13:30:00;189.52000;190.80499;189.42090;190.15840;10312500
2024-05-16 19:30:00;189.89000;190.22000;189.66010;189.89999;6377484
2024-05-16 18:30:00;189.92000;190.10001;189.84000;189.88499;3752308
2024-05-16 17:30:00;190.00050354;190.25999;189.75999;189.92740;3578815
2024-05-16 16:30:00;190.32950;190.48810;189.97000;190.0099945;3483587
2024-05-16 15:30:00;189.96500;190.38000;189.76500;190.32111;5165187
2024-05-16 14:30:00;190.58501;190.75;189.72501;189.96989;6757108
2024-05-16 13:30:00;190.51601;191.095001;189.97501;190.58020;13478830
2024-05-15 19:30:00;189.88000;190.12000;189.5;189.74001;8181060
2024-05-15 18:30:00;189.92500;190.25999;189.82001;189.875;6702029
2024-05-15 17:30:00;190.38000;190.55000;189.86031;189.92999;5363162
2024-05-15 16:30:00;190.15500;190.64999;190.14000;190.37000;6113081
2024-05-15 15:30:00;189.92500;190.21001;189.53999;190.15500;5492250
2024-05-15 14:30:00;189.58000;190.070007;189.52000;189.92000;10479415
2024-05-15 13:30:00;187.98000;189.73000;187.38000;189.57899;15211599
2024-05-14 19:30:00;187.75;187.91000;187.16000;187.39000;5635981
2024-05-14 18:30:00;187.32500;187.81000;187.20000;187.74500;4923069
2024-05-14 17:30:00;186.53500;187.37000;186.48500;187.32941;5421425
2024-05-14 16:30:00;186.80000;186.95000;186.45100;186.53000;3012019
2024-05-14 15:30:00;186.98500;187;186.52000;186.80000;3617615
2024-05-14 14:30:00;187.0099945;187.20000;186.28999;186.98000;5035426
2024-05-14 13:30:00;187.64999;188.30000;186.55000;187.0099945;14754549
2024-05-13 19:30:00;186.98500;187.029999;186.070007;186.28500;9250536
2024-05-13 18:30:00;186.65990;187.10001;186.56000;186.98990;6516486
2024-05-13 17:30:00;186.66000;186.95000;186.37000;186.65010;5453676
2024-05-13 16:30:00;186.28999;186.92999;186.25;186.65860;8098301
2024-05-13 15:30:00;185.91499;186.5;185.78000;186.28999;7835544
2024-05-13 14:30:00;185.68500;186.42999;185.63000;185.92000;9423195
2024-05-13 13:30:00;185.43500;185.86501;184.62000;185.68900;13788872
2024-05-10 19:30:00;182.94000;183.20000;182.78999;183;5183512
2024-05-10 18:30:00;182.73000;182.96001;182.57001;182.94000;4005294
2024-05-10 17:30:00;182.39000;182.85001;182.13000;182.74001;4477086
2024-05-10 16:30:00;182.48500;182.59000;182.21001;182.39500;2997546
2024-05-10 15:30:00;182.70000;182.73500;182.24500;182.48880;3801053
2024-05-10 14:30:00;183.21001;183.39970;182.25999;182.69000;7423228
2024-05-10 13:30:00;184.92000;185.089996;183.14999;183.20500;12508339
2024-05-09 19:30:00;184.31000;184.64999;184.30000;184.64999;5820164
2024-05-09 18:30:00;184.24001;184.61501;184.22000;184.31500;4012982
2024-05-09 17:30:00;184.39000;184.64999;184.059998;184.25;4829910
2024-05-09 16:30:00;183.60500;184.5;183.53990;184.38000;6031102
2024-05-09 15:30:00;183.64999;183.84000;183.43500;183.60500;4233577
2024-05-09 14:30:00;183.42500;183.86000;183.11000;183.64000;5753829
2024-05-09 13:30:00;182.56000;183.82990;182.12000;183.42000;9634755
2024-05-08 19:30:00;182.89500;183.050003;182.68500;182.74001;5220918
2024-05-08 18:30:00;182.69000;182.99001;182.61000;182.89011;4937356
2024-05-08 17:30:00;182.30499;182.72000;182.29500;182.68500;3954343
2024-05-08 16:30:00;182.34000;182.49001;182.029999;182.30000;3047249
2024-05-08 15:30:00;182.28500;182.61000;181.85100;182.34000;4579068
2024-05-08 14:30:00;181.89000;182.38000;181.75500;182.28500;4657669
2024-05-08 13:30:00;182.71001;182.96001;181.46001;181.91000;10261929
2024-05-07 19:30:00;182.63000;182.67999;182.22000;182.37000;5031993
2024-05-07 18:30:00;182.37000;182.78000;182.17000;182.63499;4785926
2024-05-07 17:30:00;182.56000;182.92000;182.089996;182.37601;5590298
2024-05-07 16:30:00;181.52000;182.72000;181.32001;182.56000;6083145
2024-05-07 15:30:00;182.16000;182.35620;181.41000;181.52000;7432182
2024-05-07 14:30:00;182.82500;183.11000;182.16000;182.17999;10527042
2024-05-07 13:30:00;183.45000;184.89999;182.71001;182.83990;23887519
2024-05-06 19:30:00;181.49001;182.020004;181.24001;181.70000;8682134
2024-05-06 18:30:00;180.81000;181.62000;180.70000;181.48061;6903326
2024-05-06 17:30:00;180.59000;181.34000;180.42000;180.80499;7890598
2024-05-06 16:30:00;181.60001;181.82990;180.58121;180.59000;8392750
2024-05-06 15:30:00;182.0050049;182.39999;181.5;181.60001;7543780
2024-05-06 14:30:00;182.89000;183.38000;181.73000;181.99710;8234392
2024-05-06 13:30:00;182.35400;184.17000;181.63000;182.62000;21498066
2024-05-03 19:30:00;185;185.0099945;183.050003;183.39000;14886978
2024-05-03 18:30:00;185.75500;185.99001;184.25999;184.99500;16502580
2024-05-03 17:30:00;185.36000;185.86000;184.81000;185.75;12223485
2024-05-03 16:30:00;184.35989;185.49500;184.30000;185.36011;12652093
2024-05-03 15:30:00;184.66000;184.94000;184.13000;184.36000;10376113
2024-05-03 14:30:00;184.19901;184.99001;183.53999;184.64999;17983283
2024-05-03 13:30:00;186.67000;187;182.66000;184.17999;55819788
2024-05-02 19:30:00;173.14500;173.41499;172.53999;173.089996;9688076
2024-05-02 18:30:00;172.89999;173.22000;172.55000;173.14999;8749459
2024-05-02 17:30:00;172.70000;172.94000;172.41000;172.89999;6288261
2024-05-02 16:30:00;172.34500;172.78000;171.94000;172.69890;5497209
2024-05-02 15:30:00;171.59720;172.50500;171.46249;172.34990;6639465
2024-05-02 14:30:00;171.59419;172.080002;171.42000;171.60001;6351847
2024-05-02 13:30:00;172.42000;172.66000;170.89000;171.59000;16705177
2024-05-01 19:30:00;172.38499;172.38499;169.25;169.28999;9451344
2024-05-01 18:30:00;171.42000;172.69000;170.89500;172.37000;8561606
2024-05-01 17:30:00;171.125;171.50999;170.61000;171.42300;4066520
2024-05-01 16:30:00;171.38000;171.45000;170.75500;171.12000;2863605
2024-05-01 15:30:00;171.17000;171.72000;171.10001;171.39000;4126555
2024-05-01 14:30:00;170.78500;171.36000;170.64500;171.17000;4408772
2024-05-01 13:30:00;170;171.070007;169.11000;170.81500;8294097
2024-04-30 19:30:00;172.74001;172.94000;170.020004;170.089996;11784580
2024-04-30 18:30:00;173.20000;173.34500;172.56000;172.73000;4786101
2024-04-30 17:30:00;173.30499;173.87990;173.10001;173.17999;3964263
2024-04-30 16:30:00;173.84000;173.92999;173.22000;173.27530;4148810
2024-04-30 15:30:00;173.86990;174.19991;173.60500;173.83659;3446845
2024-04-30 14:30:00;174.42500;174.94501;173.72459;173.86501;6270352
2024-04-30 13:30:00;173.20200;174.99001;172.64999;174.42999;9649989
2024-04-29 19:30:00;173.82500;173.97890;173.12000;173.49001;5978948
2024-04-29 18:30:00;174.26010;174.66000;173.35150;173.82500;5832343
2024-04-29 17:30:00;174.87000;175.10500;174.089996;174.26579;4501161
2024-04-29 16:30:00;174.32770;174.88879;174.22000;174.87000;4546336
2024-04-29 15:30:00;174.51990;174.82001;174.0099945;174.32500;5706873
2024-04-29 14:30:00;174.75;175.13000;173.98000;174.50999;8042592
2024-04-29 13:30:00;173.39000;176.029999;173.13000;174.75999;22509930
2024-04-26 19:30:00;169.98000;170.089996;169.19000;169.28999;6146863
2024-04-26 18:30:00;169.70000;170.11000;169.52000;169.99001;4106101
2024-04-26 17:30:00;169.88000;169.89000;169.37000;169.70000;4417993
2024-04-26 16:30:00;170.25;170.25999;169.76010;169.875;4152260
2024-04-26 15:30:00;170.68500;170.92000;170.21001;170.24500;3957825
2024-04-26 14:30:00;170.66000;171.34000;170.41000;170.69000;5410620
2024-04-26 13:30:00;169.87000;171.059998;169.53999;170.66000;9247096
2024-04-25 19:30:00;169.92999;170.0099945;169.41000;169.89999;6221758
2024-04-25 18:30:00;169.11000;170.035004;168.96010;169.93500;5505667
2024-04-25 17:30:00;169.054993;169.74989;168.86000;169.13000;4047077
2024-04-25 16:30:00;169.18761;169.53830;168.92000;169.059998;3597812
2024-04-25 15:30:00;168.56500;169.20000;168.15109;169.19000;4246795
2024-04-25 14:30:00;168.89999;169.085602;168.45000;168.56779;4953755
2024-04-25 13:30:00;169.60001;170.61000;168.47000;168.91750;13123892
2024-04-24 19:30:00;169.054092;169.30000;168.67000;168.95000;5580723
2024-04-24 18:30:00;168.75;169.089905;168.28000;169.054993;3796420
2024-04-24 17:30:00;168.47000;169.28999;168.46001;168.75;3891894
2024-04-24 16:30:00;168.72501;168.85001;168.11000;168.46170;3760303
2024-04-24 15:30:00;167.92500;169.27499;167.91000;168.72501;6588577
2024-04-24 14:30:00;167.99500;168.28000;167.52000;167.92000;5338812
2024-04-24 13:30:00;166.39999;168.30000;166.21001;167.99500;9855592
2024-04-23 19:30:00;166.84000;167.050003;166.75500;166.91000;5719471
2024-04-23 18:30:00;166.84000;166.86990;166.5;166.85001;3658150
2024-04-23 17:30:00;166.39999;166.86000;166.32500;166.84000;2849527
2024-04-23 16:30:00;166.27000;166.64000;166.17171;166.39200;4067219
2024-04-23 15:30:00;166.62000;166.70000;166.057404;166.27000;3828132
2024-04-23 14:30:00;165.82001;166.98000;165.82001;166.625;6119113
2024-04-23 13:30:00;165.25999;166.71001;164.92999;165.82001;9482507
2024-04-22 19:30:00;166.66000;166.73990;165.64000;165.84000;5290621
2024-04-22 18:30:00;166.86000;167.050003;166.25500;166.66000;6192002
2024-04-22 17:30:00;166.27000;167.25999;166.27000;166.85500;5021219
2024-04-22 16:30:00;165.61420;166.28500;165.43500;166.27499;3510757
2024-04-22 15:30:00;165.39999;165.87000;165.37480;165.62000;4178724
2024-04-22 14:30:00;165.37000;165.53999;164.77000;165.39500;4893035
2024-04-22 13:30:00;165.75;166.23000;165.23000;165.37000;9753629
2024-04-19 19:30:00;165.16000;165.20000;164.79500;164.92999;7970297
2024-04-19 18:30:00;165.020004;165.24001;164.52000;165.16499;6320854
2024-04-19 17:30:00;164.89999;165.67000;164.89999;165.039993;5158159
2024-04-19 16:30:00;164.37000;165.30000;164.17999;164.92000;6201635
2024-04-19 15:30:00;164.98000;165.16000;164.080002;164.36240;6573825
2024-04-19 14:30:00;165.25999;165.66000;164.875;164.98500;6502988
2024-04-19 13:30:00;166.12000;166.39999;164.82001;165.27000;16054093
2024-04-18 19:30:00;167.10001;167.37430;166.77499;167.039993;4286307
2024-04-18 18:30:00;166.88000;167.25;166.64000;167.10001;3707430
2024-04-18 17:30:00;166.99001;167.11000;166.55000;166.85989;4043124
2024-04-18 16:30:00;167.56500;167.70000;166.63000;166.97990;5691557
2024-04-18 15:30:00;168;168.014999;167.39999;167.56500;3556423
2024-04-18 14:30:00;168.039993;168.28000;167.86000;167.99001;4639772
2024-04-18 13:30:00;168;168.64000;167.33000;168.039902;9532841
2024-04-17 19:30:00;168.089996;168.54500;168;168;5025607
2024-04-17 18:30:00;168.62000;169.17999;168.020004;168.089996;4554925
2024-04-17 17:30:00;168.83000;169;168.50999;168.61000;4907946
2024-04-17 16:30:00;168.70000;168.97000;168.070007;168.82001;4690283
2024-04-17 15:30:00;169.22000;169.36000;168.60001;168.70000;5853359
2024-04-17 14:30:00;170.45000;170.47501;169.21001;169.21001;7818704
2024-04-17 13:30:00;169.58000;170.64000;169.31010;170.45500;10358959
2024-04-16 19:30:00;169.99001;170.014999;169.28000;169.33791;5938491
2024-04-16 18:30:00;168.92500;170.080002;168.88000;169.99500;5187348
2024-04-16 17:30:00;169.39999;170.39999;168.39999;168.92500;8396515
2024-04-16 16:30:00;169.41000;169.73000;168.92999;169.39000;5079739
2024-04-16 15:30:00;169.45000;169.85001;168.27000;169.41499;11289116
2024-04-16 14:30:00;171.20000;171.45000;169.020004;169.44501;13407042
2024-04-16 13:30:00;172.080002;173.75500;171.18201;171.22000;14947040
2024-04-15 19:30:00;172.92999;173.61000;172.66000;172.68500;6819556
2024-04-15 18:30:00;173.12000;173.75999;172.80000;172.92999;6849808
2024-04-15 17:30:00;174.50999;174.61000;172.5;173.13000;9423818
2024-04-15 16:30:00;175.095001;175.57001;174.51010;174.52000;6093345
2024-04-15 15:30:00;175.39999;176.14999;174.96001;175.10001;5334563
2024-04-15 14:30:00;174.88000;176.63000;174.56000;175.41000;9497153
2024-04-15 13:30:00;175.38000;175.97990;173.85001;174.88000;16099072
2024-04-12 19:30:00;176.014999;176.74001;175.95500;176.56500;10614487
2024-04-12 18:30:00;175.97000;176.25999;175.63000;176.017502;8125126
2024-04-12 17:30:00;175.34000;176;175.23500;175.97000;6848567
2024-04-12 16:30:00;175.59500;175.66000;174.80000;175.35001;8466020
2024-04-12 15:30:00;176.25999;176.99001;175.56500;175.59000;8240618
2024-04-12 14:30:00;176.74249;176.81000;175.32001;176.25430;12592011
2024-04-12 13:30:00;174.28500;178.36000;174.21001;176.75;35055623
2024-04-11 19:30:00;174.74001;175.46001;174.62000;175.039993;15008834
2024-04-11 18:30:00;174.17999;174.86000;173.55000;174.73990;15407602
2024-04-11 17:30:00;172.11000;174.48000;171.96010;174.17999;15507718
2024-04-11 16:30:00;169.92000;172.19000;169.84000;172.10500;9777671
2024-04-11 15:30:00;169.0010986;170.28999;169;169.91000;5616006
2024-04-11 14:30:00;168.73000;169.42000;168.57001;169;7020839
2024-04-11 13:30:00;168.25;169.17000;168.16010;168.72000;9488061
2024-04-10 19:30:00;168.25999;168.68500;167.70000;167.75;5084905
2024-04-10 18:30:00;167.76500;169.67000;167.69000;168.25999;4221664
2024-04-10 17:30:00;168.12100;168.58000;167.63000;167.75999;4513653
2024-04-10 16:30:00;168.037003;168.60001;167.67999;168.13499;4311563
2024-04-10 15:30:00;167.94000;168.11000;167.53999;168.014999;4681455
2024-04-10 14:30:00;168.044006;168.70000;167.61000;167.91499;5526659
2024-04-10 13:30:00;168.84000;169.089996;167.11000;168.029999;14120359
2024-04-09 19:30:00;169.25999;169.73000;168.94000;169.69000;5472554
2024-04-09 18:30:00;168.58000;169.25999;168.35001;169.25250;4206061
2024-04-09 17:30:00;169.27000;169.5;168.5;168.58501;4167688
2024-04-09 16:30:00;169.070007;169.56000;168.89999;169.25999;3462971
2024-04-09 15:30:00;168.70000;169.16000;168.69000;169.070007;3680884
2024-04-09 14:30:00;169.47501;169.49001;168.48000;168.69501;5975622
2024-04-09 13:30:00;168.69200;170.074997;168.5;169.47000;9892473
2024-04-08 19:30:00;168.78500;168.96001;168.32500;168.46001;4991117
2024-04-08 18:30:00;168.79500;168.79990;168.54500;168.78500;2798561
2024-04-08 17:30:00;168.64500;168.89999;168.47000;168.79010;2336490
2024-04-08 16:30:00;168.41499;168.83501;168.40500;168.64500;2982857
2024-04-08 15:30:00;168.81500;168.81500;168.26500;168.41240;4134102
2024-04-08 14:30:00;168.82500;169.13000;168.64999;168.81500;4718366
2024-04-08 13:30:00;169.059998;169.19000;168.24001;168.82001;8279940
2024-04-05 19:30:00;169.89000;169.98000;169.5;169.57001;4423994
2024-04-05 18:30:00;169.50999;169.92000;169.36000;169.89000;4067851
2024-04-05 17:30:00;170.089996;170.17000;169.35001;169.50031;3347777
2024-04-05 16:30:00;170.17000;170.375;169.78000;170.074005;3488779
2024-04-05 15:30:00;169.46500;170.38000;169.38901;170.17000;4669016
2024-04-05 14:30:00;169.23000;169.82001;169.089996;169.46500;4890929
2024-04-05 13:30:00;169.5;169.91000;168.95000;169.22000;8091763
2024-04-04 19:30:00;169.039993;169.74001;168.83000;168.89000;8099922
2024-04-04 18:30:00;169.74001;170.10001;169.020004;169.041000;8346418
2024-04-04 17:30:00;171.54680;171.61000;169.70000;169.75;6544667
2024-04-04 16:30:00;171.73000;171.86990;171.33501;171.53999;3395662
2024-04-04 15:30:00;171.28000;171.92000;171.27499;171.72031;4325890
2024-04-04 14:30:00;171.014999;171.28000;170.71001;171.27000;4628313
2024-04-04 13:30:00;170.28999;171.19000;170.039993;171.0099945;9047827
2024-04-03 19:30:00;169.53000;170.14999;169.38000;169.66000;6602092
2024-04-03 18:30:00;170.20000;170.60001;169.28000;169.52499;6323307
2024-04-03 17:30:00;170.21001;170.39000;170.12010;170.19701;3156608
2024-04-03 16:30:00;170.31000;170.44000;169.75;170.20500;3812096
2024-04-03 15:30:00;170.52000;170.67500;170.20000;170.32001;3684320
2024-04-03 14:30:00;170.024994;170.67999;169.98000;170.52000;6176025
2024-04-03 13:30:00;168.75;170.080002;168.59000;170.036697;8758184
2024-04-02 19:30:00;168.99001;169.22009;168.77000;168.94000;6380958
2024-04-02 18:30:00;168.92000;169.070007;168.73000;168.97501;3699021
2024-04-02 17:30:00;169;169.10500;168.86000;168.92000;3451310
2024-04-02 16:30:00;168.67999;169.089996;168.64000;168.99500;3340894
2024-04-02 15:30:00;168.83501;169.14799;168.37000;168.66499;4166243
2024-04-02 14:30:00;169.035004;169.19501;168.53000;168.83220;4826587
2024-04-02 13:30:00;169.059998;169.34000;168.23019;169.039993;11163207
2024-04-01 19:30:00;169.93500;170.14000;169.87000;170.0099945;5786677
2024-04-01 18:30:00;169.99001;170.24001;169.85001;169.93500;3725960
2024-04-01 17:30:00;169.92000;170.089996;169.88000;169.99500;2605346
2024-04-01 16:30:00;169.89500;170.020004;169.75999;169.91570;2857559
2024-04-01 15:30:00;169.84000;170.080002;169.58501;169.89500;4325649
2024-04-01 14:30:00;170.089005;170.16000;169.48000;169.84500;5566284
2024-04-01 13:30:00;171.1875;171.22000;169.83501;170.089905;12016910
2024-03-28 19:30:00;172.14000;172.23000;171.25999;171.52000;6848121
2024-03-28 18:30:00;171.78999;172.23000;171.61000;172.13989;4699109
2024-03-28 17:30:00;170.96001;171.81030;170.89000;171.78011;4247361
2024-03-28 16:30:00;171.17000;171.37000;170.95000;170.96500;4292029
2024-03-28 15:30:00;170.84000;171.20000;170.73000;171.16920;5149011
2024-03-28 14:30:00;171.20000;171.21001;170.50999;170.83501;7903177
2024-03-28 13:30:00;171.70000;171.93500;170.72000;171.19501;14682071
2024-03-27 19:30:00;173;173.60001;172.88000;173.41000;8611965
2024-03-27 18:30:00;172.75500;173.10001;172.42630;172.99001;5418271
2024-03-27 17:30:00;172.27000;172.82001;172.14000;172.75;3957014
2024-03-27 16:30:00;172.050003;172.39000;172;172.25999;3604513
2024-03-27 15:30:00;172.46001;172.70000;171.86000;172.046799;4655107
2024-03-27 14:30:00;172.039993;172.75999;171.94009;172.45500;5913439
2024-03-27 13:30:00;170.42000;173.11000;170.11000;172.044998;16062624
2024-03-26 19:30:00;170.53999;170.55000;169.60001;169.81500;9108998
2024-03-26 18:30:00;170.51250;170.68500;170.33000;170.53999;4054402
2024-03-26 17:30:00;170.82401;170.89000;170.16000;170.52000;4370611
2024-03-26 16:30:00;171.23109;171.42000;170.67500;170.82001;4667926
2024-03-26 15:30:00;170.65500;171.25;170.49500;171.23470;5591305
2024-03-26 14:30:00;170.72000;170.89000;170.36000;170.65100;5336353
2024-03-26 13:30:00;170;171.068604;169.64999;170.72000;12465952
2024-03-25 19:30:00;171.56000;171.94000;170.78999;170.86000;6913173
2024-03-25 18:30:00;171.32500;171.63000;171.23500;171.55800;3617953
2024-03-25 17:30:00;171.36000;171.60970;171.15500;171.33000;3830333
2024-03-25 16:30:00;170.73500;171.47000;170.64500;171.36501;4742467
2024-03-25 15:30:00;170.12000;170.82001;170.095001;170.73790;4808454
2024-03-25 14:30:00;170.039993;170.73000;169.97000;170.12000;6645377
2024-03-25 13:30:00;170.53000;170.69000;169.45000;170.039993;13738571
2024-03-22 19:30:00;172.98160;173.050003;172.24001;172.25;7983892
2024-03-22 18:30:00;172.62759;172.99001;172.62000;172.98689;5786041
2024-03-22 17:30:00;172.62000;172.67999;172.36000;172.625;4107617
2024-03-22 16:30:00;172.37000;172.94000;172.089996;172.61400;5023927
2024-03-22 15:30:00;172.27000;172.89000;172.070007;172.36501;5763015
2024-03-22 14:30:00;171.79500;172.56000;171.59000;172.25999;9035728
2024-03-22 13:30:00;171.86000;172.32001;170.059998;171.78571;22009712
2024-03-21 19:30:00;171.24001;171.57001;170.84000;171.39999;9723209
2024-03-21 18:30:00;171.080002;171.33000;170.85001;171.25;9119635
2024-03-21 17:30:00;172.10010;172.13000;170.91000;171.074997;10317094
2024-03-21 16:30:00;172.57001;172.60001;171.95000;172.10831;7139429
2024-03-21 15:30:00;172.82001;173.23500;171.86000;172.56500;13930077
2024-03-21 14:30:00;175.029999;175.059998;171.83000;172.82130;27939112
2024-03-21 13:30:00;177;177.49001;175.0099945;175.021805;15825387
2024-03-20 19:30:00;178.21001;178.67000;177.94501;178.66000;7696922
2024-03-20 18:30:00;177.0099945;178.42999;176.72000;178.21500;9778064
2024-03-20 17:30:00;176.31000;177.39000;176.28000;177.0075073;6092320
2024-03-20 16:30:00;176.38000;176.77499;176.31000;176.32500;3578644
2024-03-20 15:30:00;176.059296;176.50999;175.94501;176.38010;3092842
2024-03-20 14:30:00;176.16499;176.38000;175.72000;176.059906;4488283
2024-03-20 13:30:00;175.73000;176.17000;175.089996;176.16051;8587629
2024-03-19 19:30:00;176.33501;176.53999;175.78999;176.080002;6908180
2024-03-19 18:30:00;176.42171;176.60500;176;176.33000;5274655
2024-03-19 17:30:00;175.64999;176.43500;175.64000;176.42500;5001221
2024-03-19 16:30:00;175.31500;175.85001;175.17130;175.64500;4140302
2024-03-19 15:30:00;174.84000;175.41000;174.84000;175.31000;4206842
2024-03-19 14:30:00;174.70000;175.37000;174.56000;174.84000;6172012
2024-03-19 13:30:00;174.089996;175.039993;173.029999;174.70500;11721089
2024-03-18 19:30:00;175.070007;175.17500;173.52000;173.70000;7286587
2024-03-18 18:30:00;175.53600;175.53999;174.82001;175.065002;5777258
2024-03-18 17:30:00;175.39999;175.53999;174.99001;175.53011;4053801
2024-03-18 16:30:00;175.25500;175.62000;174.75;175.39500;5477904
2024-03-18 15:30:00;176.82001;176.90500;175.20000;175.25830;7068789
2024-03-18 14:30:00;177.37000;177.71001;176.56000;176.82001;8667055
2024-03-18 13:30:00;175.60001;177.58000;174.89059;177.35001;22893626
2024-03-15 19:30:00;171.85600;172.60001;171.47800;172.57001;6260589
2024-03-15 18:30:00;171.21500;171.99001;171.089905;171.86501;4328832
2024-03-15 17:30:00;170.70000;171.25;170.52499;171.21500;3679425
2024-03-15 16:30:00;171.31500;171.51500;170.60001;170.69501;18771774
2024-03-15 15:30:00;170.95500;171.48000;170.73199;171.31500;3870787
2024-03-15 14:30:00;170.61810;171.17000;170.28999;170.95500;5599492
2024-03-15 13:30:00;171;172.47000;170.56400;170.61011;21995996
2024-03-14 19:30:00;172.66000;173.28250;172.50330;173.080002;7750362
2024-03-14 18:30:00;173.83000;173.84000;172.22000;172.66000;6609776
2024-03-14 17:30:00;172.96890;174;172.89999;173.82500;7128040
2024-03-14 16:30:00;172.67999;173.36920;172.24001;172.96300;9628933
2024-03-14 15:30:00;173.34500;173.49001;172.39999;172.67000;6752491
2024-03-14 14:30:00;173.67000;174.30780;173.30000;173.34000;8727021
2024-03-14 13:30:00;172.32001;173.82500;172.050003;173.66499;14937852
2024-03-13 19:30:00;171.28000;171.70500;171.039993;171.17000;5993931
2024-03-13 18:30:00;171.58000;171.80000;171.029999;171.28000;4228485
2024-03-13 17:30:00;171.42999;171.75999;171.16000;171.58000;3845695
2024-03-13 16:30:00;171.070007;171.46001;170.94000;171.43500;5933623
2024-03-13 15:30:00;171;171.17999;170.85271;171.059998;4389249
2024-03-13 14:30:00;170.98500;171.35001;170.86501;170.99500;6130049
2024-03-13 13:30:00;172.77000;173.18500;170.75999;170.98500;11960722
2024-03-12 19:30:00;173.85500;174.029999;173.14999;173.22000;6368886
2024-03-12 18:30:00;173.79500;174.0099945;173.35001;173.84500;5389586
2024-03-12 17:30:00;173.044998;173.84000;173.0099945;173.79990;5308038
2024-03-12 16:30:00;172.53000;173.25999;171.94000;173.039993;6672048
2024-03-12 15:30:00;172.67500;173.10001;172.21500;172.52000;5867479
2024-03-12 14:30:00;172.64000;172.91000;172.32010;172.67990;6625420
2024-03-12 13:30:00;173.14999;173.47000;171.0099945;172.63499;13927121
2024-03-11 19:30:00;172.71001;173.069901;172.45000;172.78999;5939837
2024-03-11 18:30:00;172.63000;172.94000;172.43500;172.70000;4048971
2024-03-11 17:30:00;172.38499;173.42000;172.22000;172.625;5585359
2024-03-11 16:30:00;172.82500;172.98000;172.050003;172.39000;3959687
2024-03-11 15:30:00;172.67799;173.32961;172.53999;172.82001;5493373
2024-03-11 14:30:00;173.34891;173.64000;172.28999;172.67310;7509998
2024-03-11 13:30:00;173.25;174.25;172.83000;173.35001;17506196
2024-03-08 20:30:00;171.41000;171.73280;170.72000;170.74001;8836925
2024-03-08 19:30:00;173.47000;173.70000;171.34500;171.39999;8844545
2024-03-08 18:30:00;172.23500;173.5;172.089996;173.47000;7762851
2024-03-08 17:30:00;172.72000;172.78999;171.71001;172.23000;6861688
2024-03-08 16:30:00;171.62000;172.77000;170.92999;172.71500;10400918
2024-03-08 15:30:00;171.78000;172.050003;171.020004;171.62000;9142498
2024-03-08 14:30:00;169;171.84900;168.94000;171.78000;16160343
2024-03-07 20:30:00;169.61501;169.66000;168.89999;168.98000;7405147
2024-03-07 19:30:00;170.089996;170.44000;169.60049;169.61011;6424710
2024-03-07 18:30:00;169.63000;170.73000;169.55000;170.10001;9957544
2024-03-07 17:30:00;169.17000;169.64999;168.99001;169.625;5894598
2024-03-07 16:30:00;169.28999;169.60001;168.92000;169.16000;6669342
2024-03-07 15:30:00;168.98000;169.53000;168.61000;169.28000;8612815
2024-03-07 14:30:00;169.14999;169.78000;168.49001;168.97000;15511305
2024-03-06 20:30:00;169.0099945;169.39500;168.87000;169.12000;21763488
2024-03-06 19:30:00;169.11000;169.24001;168.70000;169;4147280
2024-03-06 18:30:00;169.99500;170.044998;168.67999;169.10001;4963027
2024-03-06 17:30:00;170.17500;170.35001;169.91000;169.99150;3526171
2024-03-06 16:30:00;169.77499;170.30000;169.33501;170.17990;5004145
2024-03-06 15:30:00;169.59000;170.050003;169.27000;169.78000;6772639
2024-03-06 14:30:00;170.42999;171.070007;168.92999;169.58000;20056778
2024-03-05 20:30:00;169.99001;170.20000;169.83000;170.17000;32406499
2024-03-05 19:30:00;170.049896;170.24831;169.78999;169.98000;5324135
2024-03-05 18:30:00;170.46001;170.47200;169.94000;170.044006;5130323
2024-03-05 17:30:00;170.78500;170.82870;170.14999;170.47000;4315788
2024-03-05 16:30:00;170.41499;170.89500;169.86000;170.78500;5238898
2024-03-05 15:30:00;169.92000;170.82001;169.62000;170.42000;12208620
2024-03-05 14:30:00;171;171.97000;169.89999;169.91000;28565817
2024-03-04 20:30:00;175.44501;175.5;174.95000;175.089996;28556615
2024-03-04 19:30:00;174.35629;175.64500;174.35500;175.44000;5373792
2024-03-04 18:30:00;173.89999;174.50500;173.79500;174.35001;4710827
2024-03-04 17:30:00;174.63000;174.67999;173.79010;173.90500;4979309
2024-03-04 16:30:00;174.82001;175.0050049;174.0099945;174.62700;5211390
2024-03-04 15:30:00;174.19000;175.020004;173.89999;174.81500;9118400
2024-03-04 14:30:00;175.80000;176.83000;173.92999;174.17000;24053178
2024-03-01 20:30:00;179.67999;179.80000;179.41499;179.64000;5971790
2024-03-01 19:30:00;180.20000;180.20500;179.55000;179.67999;6521136
2024-03-01 18:30:00;178.70500;180.22000;178.56000;180.20000;7669052
2024-03-01 17:30:00;178.042206;178.80000;177.95000;178.70010;6896281
2024-03-01 16:30:00;178.25;178.25;177.38000;178.039993;8174426
2024-03-01 15:30:00;178.31000;178.47000;177.67000;178.23000;18570130
2024-03-01 14:30:00;180.44000;180.53000;178.29601;178.30850;13634967
2024-02-29 20:30:00;180.58501;181.11000;179.57001;180.77000;13220925
2024-02-29 19:30:00;180.12000;180.70000;179.86000;180.58501;6246756
2024-02-29 18:30:00;180.38000;180.49001;179.67999;180.11000;6547702
2024-02-29 17:30:00;179.82001;180.80000;179.64999;180.38000;7795890
2024-02-29 16:30:00;180.42500;180.42999;179.53000;179.82001;8149732
2024-02-29 15:30:00;181.62531;181.71001;180.42000;180.42999;7277897
2024-02-29 14:30:00;182;182.36000;181.28999;181.62000;12685419
2024-02-28 20:30:00;180.83501;181.47000;180.83501;181.42000;5579634
2024-02-28 19:30:00;180.60500;180.86000;180.35001;180.83501;4490821
2024-02-28 18:30:00;180.61000;180.92999;180.53011;180.61990;3681788
2024-02-28 17:30:00;180.70470;180.70470;180.13000;180.60220;5735191
2024-02-28 16:30:00;181.62000;181.67000;180.60001;180.70100;6240997
2024-02-28 15:30:00;181.16000;181.76500;180.96001;181.60150;5720266
2024-02-28 14:30:00;182.50999;183.12000;181.11000;181.16000;11442944
2024-02-27 20:30:00;182.60001;182.75;182.28000;182.63000;6563443
2024-02-27 19:30:00;182.59790;183.92250;182.17999;182.60500;12441282
2024-02-27 18:30:00;180.070007;182.60001;179.56000;182.60001;10154303
2024-02-27 17:30:00;180.68500;180.78999;180.040100;180.065399;3614103
2024-02-27 16:30:00;180.86000;181.010101;180.55000;180.69000;2764462
2024-02-27 15:30:00;181.16010;181.27000;180.75999;180.86279;3681857
2024-02-27 14:30:00;181.25;181.67000;180.30000;181.17000;8245225
2024-02-26 20:30:00;181.38000;181.47000;181.074997;181.14000;4001708
2024-02-26 19:30:00;181.71001;181.78000;181.25999;181.38000;3361670
2024-02-26 18:30:00;180.99001;181.73000;180.85001;181.71201;3813825
2024-02-26 17:30:00;180.97310;181.33000;180.64999;180.98500;3721259
2024-02-26 16:30:00;180.94000;181.25999;180.83501;180.97000;3653300
2024-02-26 15:30:00;181.61000;181.85001;180.74001;180.94000;5659166
2024-02-26 14:30:00;182.39999;182.75999;181.14841;181.60220;8939120
2024-02-23 20:30:00;182.59000;182.82001;182.23000;182.50999;5352894
2024-02-23 19:30:00;182.48000;182.69501;182.44000;182.58501;4028588
2024-02-23 18:30:00;182.95500;182.97000;182.43030;182.47000;2955884
2024-02-23 17:30:00;182.55499;182.96001;182.31000;182.95500;6905673
2024-02-23 16:30:00;183.054993;183.11501;182.39011;182.56000;4001601
2024-02-23 15:30:00;183.29500;183.55600;182.64000;183.059006;5717230
2024-02-23 14:30:00;185.0099945;185.039993;183.29500;183.30000;8567439
2024-02-22 20:30:00;184.56740;184.62000;184.17999;184.37000;7964831
2024-02-22 19:30:00;184.94000;184.95500;184.39000;184.56000;5171492
2024-02-22 18:30:00;184.050003;184.95000;183.94000;184.94000;4540628
2024-02-22 17:30:00;183.070007;184.11000;183;184.039993;4935398
2024-02-22 16:30:00;183.039993;183.25999;182.74001;183.059998;3670959
2024-02-22 15:30:00;183.059998;183.29680;182.46001;183.035004;4961137
2024-02-22 14:30:00;183.84000;184.039993;182.52400;183.054993;11857133
2024-02-21 20:30:00;181.21001;182.39000;181.20500;182.33000;4689099
2024-02-21 19:30:00;180.95000;181.30499;180.76500;181.20500;3885929
2024-02-21 18:30:00;181.42999;181.52000;180.66000;180.95000;3555971
2024-02-21 17:30:00;181.39000;181.72501;181.059998;181.42000;3311637
2024-02-21 16:30:00;182.14999;182.33000;181.36000;181.39000;3729837
2024-02-21 15:30:00;182.56000;182.64999;182.070007;182.15500;4359759
2024-02-21 14:30:00;181.60001;182.88879;181.55499;182.56000;9104336
2024-02-20 20:30:00;181.39000;181.66000;180.86000;181.61000;6301252
2024-02-20 19:30:00;180.69000;181.46001;180.47000;181.38271;3858975
2024-02-20 18:30:00;180.50500;180.84000;180.39999;180.69000;3193463
2024-02-20 17:30:00;180.74500;180.95000;180.44000;180.50999;3708310
2024-02-20 16:30:00;181.13000;181.37000;180.60001;180.74500;5338226
2024-02-20 15:30:00;180.46001;181.16499;180;181.125;6493899
2024-02-20 14:30:00;182;182.42999;180.24500;180.46001;11558221
2024-02-16 20:30:00;182.25999;182.31000;181.66499;182.28999;5087964
2024-02-16 19:30:00;183.14880;183.19749;182.029999;182.25600;4414931
2024-02-16 18:30:00;182.65700;183.17999;182.48500;183.14301;3501742
2024-02-16 17:30:00;182.95000;183.0099945;182.48000;182.64999;3133873
2024-02-16 16:30:00;183.15500;183.28999;182.72000;182.94009;3563098
2024-02-16 15:30:00;182.55000;183.44730;182.42000;183.14999;5935048
2024-02-16 14:30:00;183.75;184.85001;181.86000;182.54500;14074668
2024-02-15 20:30:00;182.38690;184.49001;182.21001;183.95000;11866107
2024-02-15 19:30:00;181.97000;182.64999;181.74001;182.38010;5376205
2024-02-15 18:30:00;182.045898;182.46001;181.86000;181.97890;5128374
2024-02-15 17:30:00;182.029999;182.19501;181.66499;182.050003;4337741
2024-02-15 16:30:00;182;182.24989;181.56000;182.024994;4268275
2024-02-15 15:30:00;181.89999;182.12000;181.44000;181.99001;7072846
2024-02-15 14:30:00;183.55000;184.089401;181.35001;181.88000;15865879
2024-02-14 20:30:00;183.53000;184.27000;183.42450;184.020004;6170787
2024-02-14 19:30:00;183.16000;183.56000;182.81000;183.52499;4560865
2024-02-14 18:30:00;182.58000;183.19000;182.49001;183.14999;4242351
2024-02-14 17:30:00;182.80000;182.92740;182.44000;182.57001;4266603
2024-02-14 16:30:00;183.49001;183.60001;182.50999;182.80000;5070640
2024-02-14 15:30:00;183.80499;183.96001;182.80350;183.49001;7267868
2024-02-14 14:30:00;185.32001;185.53000;183.42000;183.80000;10773002
2024-02-13 20:30:00;183.72501;185.20000;183.69000;185.029999;7155981
2024-02-13 19:30:00;184.28000;184.59500;183.51280;183.72990;5652730
2024-02-13 18:30:00;185.28999;185.38000;184.19000;184.28500;4531260
2024-02-13 17:30:00;185.48000;185.77000;185.11000;185.29500;3022354
2024-02-13 16:30:00;185.59500;185.73940;185.25160;185.47501;3585593
2024-02-13 15:30:00;185.47990;186.19000;185.36000;185.61000;5975114
2024-02-13 14:30:00;185.77000;186.21001;184.17999;185.47079;13054284
2024-02-12 20:30:00;187.10890;187.45000;186.88000;187.17999;4927400
2024-02-12 19:30:00;187.44501;187.5;186.78999;187.11000;3698293
2024-02-12 18:30:00;187.97501;188.10970;187.41000;187.45000;3735143
2024-02-12 17:30:00;187.86031;188.37000;187.86020;187.97501;3095209
2024-02-12 16:30:00;187.99001;188.17999;187.70000;187.86501;3034871
2024-02-12 15:30:00;187.47000;188.059998;187.38010;187.99001;5040878
2024-02-12 14:30:00;188.41499;188.67000;187.44000;187.46860;9188512
2024-02-09 20:30:00;188.81000;188.91000;188.57001;188.82001;4247081
2024-02-09 19:30:00;188.84070;189.029999;188.56500;188.81000;3908875
2024-02-09 18:30:00;189.48000;189.53000;188.70000;188.85001;3957939
2024-02-09 17:30:00;189.33501;189.67999;189.14999;189.47009;3946336
2024-02-09 16:30:00;189.58839;189.99001;189.10010;189.34000;5933174
2024-02-09 15:30:00;188.49001;189.86000;188.39999;189.58580;7401539
2024-02-09 14:30:00;188.64999;188.92999;188;188.49001;7269191
2024-02-08 20:30:00;188.35500;188.42000;188.070007;188.34000;4392367
2024-02-08 19:30:00;188.014999;188.44501;187.99001;188.34000;3130920
2024-02-08 18:30:00;188.23000;188.35001;187.99001;188.020004;2950677
2024-02-08 17:30:00;188.70900;188.75;188;188.23000;3684608
2024-02-08 16:30:00;187.99071;188.71989;187.93500;188.70000;3704042
2024-02-08 15:30:00;187.80000;188.22000;187.35001;188.0050049;6068902
2024-02-08 14:30:00;189.38499;189.53500;187.77000;187.79640;9404735
2024-02-07 20:30:00;189.17500;189.42000;188.93500;189.41000;5356489
2024-02-07 19:30:00;188.98000;189.41000;188.89000;189.17500;4428203
2024-02-07 18:30:00;189.13000;189.29500;188.86000;188.97340;3634993
2024-02-07 17:30:00;189;189.17500;188.64999;189.12000;4225096
2024-02-07 16:30:00;189.074997;189.27000;188.81000;188.99500;4142050
2024-02-07 15:30:00;190.38000;190.39999;188.80600;189.074997;7039606
2024-02-07 14:30:00;190.64000;191.050003;188.61000;190.37100;13070939
2024-02-06 20:30:00;188.36000;189.31000;188.17000;189.28999;4836714
2024-02-06 19:30:00;188.45000;188.63831;188.23000;188.35500;3103015
2024-02-06 18:30:00;188.89500;188.94000;188.36110;188.44850;2989009
2024-02-06 17:30:00;188.84000;189;188.42999;188.89000;3663298
2024-02-06 16:30:00;188.82001;189.14000;188.41000;188.84000;4757028
2024-02-06 15:30:00;187.91000;188.86000;187.27000;188.81500;6350337
2024-02-06 14:30:00;186.86000;188.63000;186.76950;187.92999;11081527
2024-02-05 20:30:00;188.34000;188.42000;187.64000;187.67000;5767234
2024-02-05 19:30:00;188.48700;188.84000;188.029999;188.35001;6093208
2024-02-05 18:30:00;188.54010;189.020004;188.38499;188.46500;4527382
2024-02-05 17:30:00;188.42999;189.25;188.42000;188.54010;7252942
2024-02-05 16:30:00;187.25;188.49001;187.23010;188.42999;6730072
2024-02-05 15:30:00;186.67000;187.75999;186.11000;187.25;7667117
2024-02-05 14:30:00;187.125;188.36000;185.84000;186.70000;21074171
2024-02-02 20:30:00;186.73500;186.89000;185.83000;185.84000;7701037
2024-02-02 19:30:00;186.089996;187.070007;186.080002;186.73000;7311261
2024-02-02 18:30:00;186.039993;186.24001;185.59000;186.080002;5735681
2024-02-02 17:30:00;187.029999;187.12000;184.85400;186.035004;8500269
2024-02-02 16:30:00;187.0099945;187.10001;185.83000;187.020905;8987019
2024-02-02 15:30:00;183.33000;187.33000;183.16000;187;15943080
2024-02-02 14:30:00;180.45000;184.17000;180.050003;183.31500;35096943
2024-02-01 20:30:00;186.64999;186.95000;186.36000;186.89000;6843756
2024-02-01 19:30:00;185.97990;186.80000;185.88110;186.66000;5947190
2024-02-01 18:30:00;185.74001;186.15500;185.25999;185.97501;4416220
2024-02-01 17:30:00;185.89000;186.44000;185.57001;185.73000;4488849
2024-02-01 16:30:00;185.39000;186.29500;185.36000;185.89000;4622455
2024-02-01 15:30:00;186.12000;186.31000;185.28999;185.39500;5815982
2024-02-01 14:30:00;184.25;186.17999;183.96001;186.10500;12493823
2024-01-31 20:30:00;185.52000;185.58870;184.35001;184.36000;6428646
2024-01-31 19:30:00;185.67000;186.94000;185.035004;185.52000;6707892
2024-01-31 18:30:00;186.17000;186.53000;185.25999;185.67000;4331208
2024-01-31 17:30:00;186.080002;186.44000;185.83330;186.16000;3297036
2024-01-31 16:30:00;185.72000;186.11000;185.42000;186.089996;3731068
2024-01-31 15:30:00;185.020004;185.87000;184.89999;185.71989;5060007
2024-01-31 14:30:00;187.039993;187.095001;184.78999;185.014999;12426052
2024-01-30 20:30:00;188.065002;188.14000;187.80000;187.98000;5122448
2024-01-30 19:30:00;187.84500;188.28000;187.77000;188.070007;4500321
2024-01-30 18:30:00;188.56000;188.63989;187.47000;187.84500;4840030
2024-01-30 17:30:00;188.39999;188.57001;187.67999;188.56400;4738358
2024-01-30 16:30:00;188.65500;188.94000;188.23000;188.41000;4796471
2024-01-30 15:30:00;189.92999;190.25;187.86501;188.65320;12493978
2024-01-30 14:30:00;190.94000;191.80000;189.46001;189.95000;10879513
2024-01-29 20:30:00;191.93500;192.10500;191.39000;191.78000;5062975
2024-01-29 19:30:00;191.53560;192.20000;191.28000;191.93500;5766967
2024-01-29 18:30:00;191.25999;191.62000;191.21001;191.53500;3065266
2024-01-29 17:30:00;191.035004;191.28999;190.78000;191.25;2704473
2024-01-29 16:30:00;190.68500;191.13890;190.39999;191.029999;4112191
2024-01-29 15:30:00;190.87000;191.14999;190.40500;190.69000;4793101
2024-01-29 14:30:00;192.0099945;192.17799;189.58000;190.87000;11790966
2024-01-26 20:30:00;192.42500;192.59000;191.94000;192.37000;6951830
2024-01-26 19:30:00;192.48000;192.97501;192.34000;192.42500;3467304
2024-01-26 18:30:00;192.66000;192.73000;192.27000;192.47510;3375089
2024-01-26 17:30:00;193.70010;193.71001;192.27000;192.66000;6154152
2024-01-26 16:30:00;194.39999;194.47501;193.60001;193.72000;3732100
2024-01-26 15:30:00;194.69000;194.74500;194.36000;194.39000;3865162
2024-01-26 14:30:00;194.27000;194.75999;193.75;194.68500;8196843
2024-01-25 20:30:00;193.85500;194.31000;193.75999;194.19000;5031642
2024-01-25 19:30:00;193.91499;194.13000;193.11250;193.85350;5204479
2024-01-25 18:30:00;194.70500;194.93500;193.75169;193.91110;5786472
2024-01-25 17:30:00;195.75;195.95740;194.10001;194.71001;7792813
2024-01-25 16:30:00;195.84000;196.26750;195.53000;195.74001;5865883
2024-01-25 15:30:00;195.36000;195.87000;195.14000;195.84000;6222253
2024-01-25 14:30:00;195.30499;195.59000;194.63000;195.35500;9104188
2024-01-24 20:30:00;194.65990;195.10001;194.34000;194.50999;4950346
2024-01-24 19:30:00;194.81000;195.21820;194.55000;194.65669;4745911
2024-01-24 18:30:00;195.66000;195.66010;194.69000;194.81000;4659865
2024-01-24 17:30:00;195.75270;196.080002;195.21500;195.65500;5360074
2024-01-24 16:30:00;195.41000;195.89999;195.34500;195.75;6119557
2024-01-24 15:30:00;195.99010;196.34000;195.27000;195.39999;6668217
2024-01-24 14:30:00;195.42000;196.38000;194.66000;196;11411670
2024-01-23 20:30:00;194.83501;195.25;194.65990;195.16000;5250835
2024-01-23 19:30:00;194.64500;195.19000;194.57001;194.83501;4587060
2024-01-23 18:30:00;195.050003;195.14999;194.57001;194.73399;3863074
2024-01-23 17:30:00;194.67000;195.24001;194.49500;195.054993;3772811
2024-01-23 16:30:00;194.32001;194.78000;194.20010;194.66499;3737253
2024-01-23 15:30:00;194.20000;194.57001;194;194.32001;5182788
2024-01-23 14:30:00;195.020004;195.75;193.82990;194.19501;10604009
2024-01-22 20:30:00;193.89999;193.92000;193.46001;193.87000;4882197
2024-01-22 19:30:00;194.39000;194.57001;193.70500;193.90010;4425371
2024-01-22 18:30:00;193.75999;194.5;193.74500;194.38000;4701837
2024-01-22 17:30:00;193.66319;194.14000;193.50999;193.75729;5093193
2024-01-22 16:30:00;193.78999;193.85500;193.029999;193.66750;5000034
2024-01-22 15:30:00;194.77000;195.33000;193.14999;193.78000;10872656
2024-01-22 14:30:00;192.42999;194.95000;192.42999;194.75;14810964
2024-01-19 20:30:00;191.43430;191.82001;191.32001;191.58000;5716572
2024-01-19 19:30:00;191.48000;191.74001;191.17000;191.43500;6438261
2024-01-19 18:30:00;190.93449;191.95000;190.92500;191.47000;6850175
2024-01-19 17:30:00;190.32001;190.99001;190.28000;190.93500;7184895
2024-01-19 16:30:00;189.89999;190.42999;189.33009;190.31500;5987140
2024-01-19 15:30:00;189.94000;190.16000;189.58000;189.91000;7573154
2024-01-19 14:30:00;189.33000;189.96500;188.82001;189.94009;16382763
2024-01-18 20:30:00;188.96001;188.99001;188.50999;188.73000;6982801
2024-01-18 19:30:00;188.92500;189.14000;188.70500;188.95990;7066159
2024-01-18 18:30:00;186.92999;188.95000;186.92000;188.92450;6516026
2024-01-18 17:30:00;187.92999;187.92999;186.75011;186.92500;5973240
2024-01-18 16:30:00;188.76500;188.78000;187.67999;187.92999;8302899
2024-01-18 15:30:00;187.46001;188.96001;187.27000;188.77000;11697457
2024-01-18 14:30:00;186.089996;187.64999;185.83000;187.45010;19756876
2024-01-17 20:30:00;182.20500;182.92999;182.17999;182.66000;4353739
2024-01-17 19:30:00;182.53780;182.68010;182.050095;182.20551;4778525
2024-01-17 18:30:00;182.11501;182.55000;181.37000;182.53560;5569336
2024-01-17 17:30:00;182.12000;182.53500;181.83000;182.12000;3345645
2024-01-17 16:30:00;181.81000;182.33000;181.48801;182.12000;4248713
2024-01-17 15:30:00;181.68500;182.065002;181.30000;181.80499;5778219
2024-01-17 14:30:00;181.27000;181.84000;180.30000;181.70000;12537805
2024-01-16 20:30:00;183.17999;183.63000;183.13499;183.61000;4776796
2024-01-16 19:30:00;182.45500;183.25999;182.27000;183.17000;4700690
2024-01-16 18:30:00;182.75;182.94991;182.14000;182.45860;6561011
2024-01-16 17:30:00;182.42000;182.92999;182.21001;182.73500;4292807
2024-01-16 16:30:00;183.96001;184.16000;182.38000;182.41499;5404103
2024-01-16 15:30:00;182.77000;184.25999;182.52000;183.95000;11408997
2024-01-16 14:30:00;182.5;182.85001;180.93401;182.75999;16725135
2024-01-12 20:30:00;185.52000;185.98000;185.46590;185.92000;4865441
2024-01-12 19:30:00;185.60330;185.61000;185.22000;185.51500;3823230
2024-01-12 18:30:00;185.80000;186.066895;185.60001;185.61000;2732716
2024-01-12 17:30:00;185.61501;185.84000;185.42999;185.79379;2308362
2024-01-12 16:30:00;185.875;185.92500;185.39000;185.62000;3521446
2024-01-12 15:30:00;185.80000;186.059998;185.19000;185.875;4645419
2024-01-12 14:30:00;186.059998;186.74001;185.48500;185.78999;8367726
2024-01-11 20:30:00;185.37000;185.77000;185.32001;185.58000;5030776
2024-01-11 19:30:00;185.52000;185.70000;184.75500;185.37000;4502053
2024-01-11 18:30:00;184.67000;185.53999;184.56000;185.51500;3924789
2024-01-11 17:30:00;184.074997;184.77721;184.074997;184.65500;4000614
2024-01-11 16:30:00;184.18500;184.45000;183.83501;184.050003;3849444
2024-01-11 15:30:00;184.36501;184.88000;183.83501;184.19000;5619114
2024-01-11 14:30:00;186.53999;187.050003;183.62000;184.37000;13337967
2024-01-10 20:30:00;185.83000;186.27000;185.27000;186.14000;5937690
2024-01-10 19:30:00;185.63000;186.39999;185.62000;185.82500;7533201
2024-01-10 18:30:00;184.38000;185.67999;184.35500;185.625;3976057
2024-01-10 17:30:00;184.27000;184.57500;184.080002;184.375;3133102
2024-01-10 16:30:00;184.51500;184.55000;184.050003;184.27000;3427864
2024-01-10 15:30:00;184.54500;185.0099945;184.22250;184.50999;5574178
2024-01-10 14:30:00;184.35001;184.96001;183.92000;184.55000;8558186
2024-01-09 20:30:00;184.78000;185.14999;184.41000;185.11000;6123108
2024-01-09 19:30:00;184.31010;184.89999;184.30020;184.77000;3646429
2024-01-09 18:30:00;184.39999;184.73000;184.039993;184.31500;3180445
2024-01-09 17:30:00;184.44000;184.92000;184.39000;184.39999;2818553
2024-01-09 16:30:00;184.23000;184.83000;184.14999;184.44000;3908469
2024-01-09 15:30:00;183.53000;184.25999;183.21001;184.23000;4602813
2024-01-09 14:30:00;183.92000;184.23000;182.73000;183.52499;10523629
2024-01-08 20:30:00;185.21500;185.60001;184.91000;185.55000;6759299
2024-01-08 19:30:00;184.84000;185.42000;184.70000;185.22000;5370765
2024-01-08 18:30:00;184.12000;184.875;184.050003;184.83250;3724042
2024-01-08 17:30:00;184;184.47000;183.96001;184.11501;4151910
2024-01-08 16:30:00;183.24500;184.57001;183.23500;183.99010;5720535
2024-01-08 15:30:00;183.82001;183.88000;183.21001;183.24500;5198974
2024-01-08 14:30:00;182.085007;183.88499;181.5;183.81000;13311025
2024-01-05 20:30:00;180.27991;181.25999;180.23810;181.17000;6775472
2024-01-05 19:30:00;181.11000;181.39000;180.17000;180.28000;7993182
2024-01-05 18:30:00;181.74500;182.23000;180.42000;181.12000;9901415
2024-01-05 17:30:00;181.36000;181.86000;181.21001;181.74001;4262774
2024-01-05 16:30:00;182.080002;182.22501;181.32001;181.36501;4494198
2024-01-05 15:30:00;182.066299;182.74001;181.96500;182.087601;5524889
2024-01-05 14:30:00;181.99001;182.75999;181.52000;182.070007;13194900
2024-01-04 20:30:00;181.94501;182.41499;181.42999;181.92000;7594098
2024-01-04 19:30:00;182.5;182.66000;181.87210;181.94009;6011068
2024-01-04 18:30:00;182.91000;183.070007;182.42000;182.5;4172442
2024-01-04 17:30:00;182.13000;182.99001;181.96001;182.91499;4961844
2024-01-04 16:30:00;182.12700;182.44000;181.32001;182.14000;7509793
2024-01-04 15:30:00;181.67000;182.35500;180.88000;182.125;10313237
2024-01-04 14:30:00;182.14999;183.087204;181.22760;181.67999;16075231
2024-01-03 20:30:00;184.39000;184.52000;183.75;184.25;5053608
2024-01-03 19:30:00;184.74950;184.94000;184.21010;184.39000;4256338
2024-01-03 18:30:00;184.47501;184.82001;183.80499;184.74001;4500805
2024-01-03 17:30:00;183.92709;184.55000;183.85170;184.47310;3968490
2024-01-03 16:30:00;184.19000;184.38000;183.42999;183.92999;5295920
2024-01-03 15:30:00;183.95500;184.27000;183.45000;184.20000;7486162
2024-01-03 14:30:00;184.66800;185.88000;183.63000;183.95869;15935130
2024-01-02 20:30:00;184.42000;185.64000;184.41499;185.52499;9447841
2024-01-02 19:30:00;184.49001;184.67999;183.88499;184.42000;8238940
2024-01-02 18:30:00;185.28999;185.53999;184.23000;184.49500;7228643
2024-01-02 17:30:00;186.61501;187.039993;185.25999;185.29500;5381701
2024-01-02 16:30:00;186.80000;187.35001;186.57001;186.61501;6143754
2024-01-02 15:30:00;186.17999;186.90500;185.18430;186.80499;9166397
2024-01-02 14:30:00;187.80099;188.44000;186.0099945;186.18990;21173591
2023-12-29 20:30:00;192.67500;193.13000;192.020004;192.52000;7753795
2023-12-29 19:30:00;192.11501;192.73000;192.11000;192.67999;4109754
2023-12-29 18:30:00;191.90500;192.45000;191.89999;192.12000;2809737
2023-12-29 17:30:00;191.90500;192.23000;191.78000;191.89999;3916853
2023-12-29 16:30:00;191.96500;192.48000;191.72501;191.89999;4320986
2023-12-29 15:30:00;193.50999;193.55000;191.90990;191.96001;4269845
2023-12-29 14:30:00;193.89999;194.39999;193.22031;193.50999;5115085
2023-12-28 20:30:00;193.67000;193.85970;193.17000;193.58000;5075432
2023-12-28 19:30:00;194.014999;194.089996;193.55000;193.67500;3023980
2023-12-28 18:30:00;193.70000;194.070007;193.67000;194.014999;2478139
2023-12-28 17:30:00;194.16499;194.19000;193.58000;193.70000;3732168
2023-12-28 16:30:00;194.054993;194.42999;193.99001;194.16000;2553278
2023-12-28 15:30:00;194.25;194.48000;193.89000;194.050003;4231835
2023-12-28 14:30:00;194.14000;194.66000;193.73000;194.24910;8051158
2023-12-27 20:30:00;192.92999;193.22000;192.73000;193.17000;5694099
2023-12-27 19:30:00;193.17000;193.24001;192.75999;192.92999;3255762
2023-12-27 18:30:00;192.97900;193.5;192.78000;193.14999;4552245
2023-12-27 17:30:00;192.47501;193.14999;192.46001;192.97600;5731943
2023-12-27 16:30:00;191.67999;192.53000;191.55000;192.48000;5827388
2023-12-27 15:30:00;191.63499;191.77499;191.089996;191.68040;5823979
2023-12-27 14:30:00;192.49001;192.89720;191.44501;191.63850;8800358
2023-12-26 20:30:00;193.42000;193.49001;192.92000;193.039993;3715355
2023-12-26 19:30:00;193.089996;193.46001;192.96001;193.41209;2934413
2023-12-26 18:30:00;193.14500;193.16000;192.83000;193.080002;2499981
2023-12-26 17:30:00;193.095001;193.36000;193.029999;193.14000;2356084
2023-12-26 16:30:00;192.96500;193.30000;192.96001;193.095001;2510474
2023-12-26 15:30:00;193.074997;193.44000;192.89000;192.96500;3334201
2023-12-26 14:30:00;193.61000;193.89000;192.89000;193.070007;6773942
2023-12-22 20:30:00;193.97501;193.99001;193.48500;193.53000;4377805
2023-12-22 19:30:00;193.11501;193.98000;192.97000;193.98000;4274216
2023-12-22 18:30:00;194.125;194.29500;193.080002;193.11951;3592914
2023-12-22 17:30:00;194.059998;194.46001;193.95000;194.13000;3020351
2023-12-22 16:30:00;194.17000;194.35001;193.84000;194.050003;3433322
2023-12-22 15:30:00;194.66499;194.74120;194.0099945;194.17500;4730474
2023-12-22 14:30:00;195.17999;195.41000;194.42500;194.66499;7689027
2023-12-21 20:30:00;194.41000;194.98000;194.33211;194.67999;5015136
2023-12-21 19:30:00;193.99500;194.42000;193.75999;194.40511;4415883
2023-12-21 18:30:00;194.070007;194.24001;193.77000;194;3625960
2023-12-21 17:30:00;194.050003;194.25999;193.5;194.059998;4316193
2023-12-21 16:30:00;194.86000;194.97000;193.91000;194.039993;4574715
2023-12-21 15:30:00;195.13000;195.20000;194.28999;194.86000;5694052
2023-12-21 14:30:00;196.10001;197.080002;194.82001;195.12970;9854488
2023-12-20 20:30:00;195.21001;195.75;194.84000;194.84000;7046047
2023-12-20 19:30:00;197.19000;197.23500;195.16000;195.20000;8708764
2023-12-20 18:30:00;197.41000;197.57001;197.11501;197.18500;3246347
2023-12-20 17:30:00;197.35001;197.45261;197.22310;197.39999;2564829
2023-12-20 16:30:00;197.23000;197.44000;197.0099945;197.35831;3204045
2023-12-20 15:30:00;197.38499;197.59500;197.14000;197.23000;4183100
2023-12-20 14:30:00;196.92999;197.67999;196.69000;197.38499;9234134
2023-12-19 20:30:00;196.45000;196.95000;196.32500;196.92999;4003318
2023-12-19 19:30:00;196.080002;196.47000;195.98000;196.45000;2992125
2023-12-19 18:30:00;196.25;196.28999;195.99001;196.070007;2263009
2023-12-19 17:30:00;196.23000;196.33000;195.97000;196.24500;2379955
2023-12-19 16:30:00;196.59500;196.74001;195.97000;196.23000;3463432
2023-12-19 15:30:00;196.55000;196.95000;196.27750;196.60001;4831194
2023-12-19 14:30:00;196.16000;196.65500;195.89000;196.53999;9236022
2023-12-18 20:30:00;196.21001;196.44000;195.78000;195.86230;5129751
2023-12-18 19:30:00;196.21001;196.45000;196.10001;196.20000;3915676
2023-12-18 18:30:00;196.14999;196.48000;195.99500;196.20990;3900936
2023-12-18 17:30:00;195.25;196.16330;195.15500;196.14500;3772276
2023-12-18 16:30:00;194.92999;195.35001;194.69501;195.25011;4447711
2023-12-18 15:30:00;195.36000;195.52499;194.62000;194.92999;6148853
2023-12-18 14:30:00;196.089996;196.63000;194.41000;195.36501;16633548
2023-12-15 20:30:00;197.99400;198.20000;197;197.12000;9086193
2023-12-15 19:30:00;197.29089;198.089996;197.28000;197.99001;3896083
2023-12-15 18:30:00;197.38000;197.66499;197.020004;197.27000;4612469
2023-12-15 17:30:00;197.74001;197.74001;197.10001;197.375;4909415
2023-12-15 16:30:00;197.63000;198.020004;197.53500;197.73000;4016473
2023-12-15 15:30:00;198.039993;198.15900;197.35001;197.625;6121490
2023-12-15 14:30:00;197.75;198.39990;197.080002;198.029999;27708449
2023-12-14 20:30:00;197.91000;198.16000;197.56000;198.14000;7132229
2023-12-14 19:30:00;197.89500;198.079895;197.23500;197.91010;5349291
2023-12-14 18:30:00;196.85001;197.89999;196.16000;197.89500;4865005
2023-12-14 17:30:00;198.39000;198.56000;196.71500;196.85500;5584658
2023-12-14 16:30:00;198.35500;198.56000;197.59000;198.39999;5791822
2023-12-14 15:30:00;198.80000;199.38499;198.14500;198.36000;9538233
2023-12-14 14:30:00;198.67999;199.62000;198.59000;198.78999;18480165
2023-12-13 20:30:00;196.97501;197.89000;196.67000;197.87000;8132395
2023-12-13 19:30:00;197.29500;198;196.57001;196.97501;10813120
2023-12-13 18:30:00;196.55499;197.45000;196.42999;197.29750;9689287
2023-12-13 17:30:00;195.76630;196.62000;195.48000;196.55499;4814751
2023-12-13 16:30:00;195.96500;196.28000;195.69501;195.77000;4074995
2023-12-13 15:30:00;196.52499;196.73810;195.64999;195.96001;6786044
2023-12-13 14:30:00;195.089996;196.63000;194.85001;196.52010;12404139
2023-12-12 20:30:00;194.38000;194.72000;194.21001;194.67000;5381974
2023-12-12 19:30:00;194.22000;194.56000;194.14500;194.38499;4304737
2023-12-12 18:30:00;193.67000;194.33000;193.63000;194.22000;4270270
2023-12-12 17:30:00;193.48000;193.81000;193.25999;193.66000;4224679
2023-12-12 16:30:00;193.25;193.49989;193.070007;193.46581;3481895
2023-12-12 15:30:00;192.84000;193.62000;192.75500;193.24001;5949225
2023-12-12 14:30:00;193.080002;193.39000;191.72099;192.83501;11344243
2023-12-11 20:30:00;192.87000;193.31000;192.83000;193.17999;5215874
2023-12-11 19:30:00;192.79500;193.125;192.75;192.87000;4731090
2023-12-11 18:30:00;192.47000;192.97000;192.47000;192.79179;3897170
2023-12-11 17:30:00;192.10989;192.59000;192.059998;192.45500;3798928
2023-12-11 16:30:00;191.81000;192.39000;191.49001;192.10001;4471150
2023-12-11 15:30:00;192.12000;192.42999;191.42000;191.81000;9504078
2023-12-11 14:30:00;193.21899;193.41000;192.020004;192.11000;18453650
2023-12-08 20:30:00;195.73500;195.99001;195.62000;195.72000;5190666
2023-12-08 19:30:00;195.71500;195.98000;195.41000;195.74001;5640599
2023-12-08 18:30:00;195.24001;195.72000;195.15500;195.71500;3904469
2023-12-08 17:30:00;195.099304;195.36000;194.92000;195.24001;4520094
2023-12-08 16:30:00;194.75999;195.19000;194.27100;195.10001;5398492
2023-12-08 15:30:00;194.64999;195;194.17999;194.75999;5158425
2023-12-08 14:30:00;194.20000;195;193.67000;194.64990;11185810
2023-12-07 20:30:00;194.17000;194.35001;194.0099945;194.24001;4479168
2023-12-07 19:30:00;194.47000;194.47501;194.12000;194.17000;3026122
2023-12-07 18:30:00;194.42999;194.53000;194.17000;194.47000;3233037
2023-12-07 17:30:00;194.94000;194.97000;194.31310;194.42999;4481336
2023-12-07 16:30:00;194.28999;195;194.21500;194.94000;4611066
2023-12-07 15:30:00;194.72501;194.98000;194.020004;194.30000;5216520
2023-12-07 14:30:00;193.63000;194.92000;193.59000;194.72501;11958910
2023-12-06 20:30:00;192.42999;192.56000;192.11000;192.31000;5184527
2023-12-06 19:30:00;192.78000;193.050003;192.34000;192.42599;3147189
2023-12-06 18:30:00;192.91000;193.23500;192.74001;192.78000;2713794
2023-12-06 17:30:00;192.84000;192.98000;192.37000;192.90590;3389634
2023-12-06 16:30:00;193.10001;193.13000;192.47000;192.83000;3252326
2023-12-06 15:30:00;192.42000;193.34000;192.36011;193.095001;4374474
2023-12-06 14:30:00;194.45000;194.75999;192.20500;192.42000;11260893
2023-12-05 20:30:00;193.19501;193.53999;192.87000;193.5;6418486
2023-12-05 19:30:00;193;193.47000;192.77000;193.19170;4787623
2023-12-05 18:30:00;193.14500;193.31000;192.75;192.99001;5223621
2023-12-05 17:30:00;193.77000;193.83000;192.95000;193.14000;4164417
2023-12-05 16:30:00;193.56000;193.80000;192.62000;193.75999;6074350
2023-12-05 15:30:00;193.58459;194.39999;193.47000;193.56000;8331133
2023-12-05 14:30:00;190.21001;194.31000;190.17999;193.59000;22073030
2023-12-04 20:30:00;189.065002;189.66000;188.98000;189.45000;5548831
2023-12-04 19:30:00;188.84000;189.13000;188.72000;189.059998;3402787
2023-12-04 18:30:00;188.54500;188.96500;188.49001;188.85001;2892130
2023-12-04 17:30:00;188.46001;188.81000;188.42000;188.54990;2820690
2023-12-04 16:30:00;187.96001;188.57001;187.83501;188.45419;3813425
2023-12-04 15:30:00;188.16000;188.28000;187.45110;187.97000;6707290
2023-12-04 14:30:00;189.82500;190;188.089996;188.16000;10608539
2023-12-01 20:30:00;191.12241;191.38000;190.88161;191.25999;5182498
2023-12-01 19:30:00;191.28000;191.34000;190.92000;191.12000;3998274
2023-12-01 18:30:00;191.050003;191.28999;190.82010;191.27870;3259102
2023-12-01 17:30:00;191.44000;191.56000;191.039993;191.059998;3380700
2023-12-01 16:30:00;190.84000;191.45020;190.60001;191.44501;5387598
2023-12-01 15:30:00;190.059998;190.99001;189.92000;190.83009;5955415
2023-12-01 14:30:00;190.33000;190.5;189.23000;190.059998;8588385
2023-11-30 20:30:00;188.76500;190.20000;188.75999;189.98000;7329917
2023-11-30 19:30:00;188.78799;189.21001;188.64000;188.78000;3353372
2023-11-30 18:30:00;188.33501;188.83000;188.28999;188.78999;2750590
2023-11-30 17:30:00;188.35001;188.75951;188.27000;188.33000;2774969
2023-11-30 16:30:00;188.48000;188.61000;188.19000;188.35001;3433969
2023-11-30 15:30:00;188.83000;188.99001;188.34000;188.48000;4576249
2023-11-30 14:30:00;189.84000;190.32001;188.66000;188.82590;8749839
2023-11-29 20:30:00;189.0099945;189.44501;188.97000;189.35500;4438836
2023-11-29 19:30:00;189.26500;189.40500;189.0099945;189.014999;3344970
2023-11-29 18:30:00;189.50500;189.50999;189.17999;189.26350;2911454
2023-11-29 17:30:00;189.89000;189.92999;189.28000;189.50031;2949200
2023-11-29 16:30:00;190.10001;190.27499;189.52000;189.89999;4186819
2023-11-29 15:30:00;190.89000;191.074997;190.050003;190.097397;4753727
2023-11-29 14:30:00;190.89999;192.089996;190.60001;190.88000;9347732
2023-11-28 20:30:00;189.82001;190.39999;189.78000;190.39000;4808968
2023-11-28 19:30:00;189.81000;190.11000;189.58501;189.83000;3364115
2023-11-28 18:30:00;189.97501;190.12000;189.66000;189.81400;3305993
2023-11-28 17:30:00;190.51010;190.52000;189.75999;189.97009;3610946
2023-11-28 16:30:00;190.58000;191.080002;190.49001;190.52000;3957042
2023-11-28 15:30:00;189.98129;190.61000;189.94000;190.58501;4971867
2023-11-28 14:30:00;189.78000;190.27000;189.39999;189.98000;7575785
2023-11-27 20:30:00;189.85001;190.059998;189.60500;189.77000;4637560
2023-11-27 19:30:00;190.074997;190.074997;189.52000;189.84000;3148374
2023-11-27 18:30:00;190.36501;190.36501;189.95000;190.070007;2711904
2023-11-27 17:30:00;190.37900;190.67000;190.25580;190.36501;2958636
2023-11-27 16:30:00;189.49001;190.50999;189.44000;190.37000;4866435
2023-11-27 15:30:00;189.070007;189.5;189.0099945;189.49500;3959357
2023-11-27 14:30:00;190.25070;190.39000;188.89999;189.059998;8344466
2023-11-24 17:30:00;189.53999;189.72910;189.51810;189.66000;1036863
2023-11-24 16:30:00;189.60001;189.78889;189.35001;189.53999;3827135
2023-11-24 15:30:00;189.47000;189.67000;189.25;189.61000;4853829
2023-11-24 14:30:00;190.87000;190.89999;189.30000;189.46001;7873135
2023-11-22 20:30:00;191.52000;191.98500;191.22000;191.30000;3537662
2023-11-22 19:30:00;191.64000;191.64000;190.82500;191.51250;3992146
2023-11-22 18:30:00;192.0099945;192.030304;191.49001;191.63499;3409564
2023-11-22 17:30:00;191.91499;192.089996;191.64000;192.0050049;3467320
2023-11-22 16:30:00;191.66000;191.96001;191.48000;191.91499;3340080
2023-11-22 15:30:00;191.95000;192.37000;191.39000;191.66000;4786188
2023-11-22 14:30:00;192.36000;192.92999;191.42999;191.93150;11546645
2023-11-21 20:30:00;190.64500;190.73000;190.28999;190.66000;5535871
2023-11-21 19:30:00;190.38280;190.71001;190.28999;190.64999;3442863
2023-11-21 18:30:00;190.12000;190.61501;190.085007;190.38000;2874142
2023-11-21 17:30:00;190.27699;190.60001;190.039993;190.12000;3112369
2023-11-21 16:30:00;189.94000;190.32001;189.83000;190.27499;3359800
2023-11-21 15:30:00;190.35001;191.46010;189.74001;189.94200;5681421
2023-11-21 14:30:00;191.41000;191.52000;190.27000;190.34750;8992766
2023-11-20 20:30:00;191.875;191.875;191.16000;191.49100;5319166
2023-11-20 19:30:00;191.50999;191.90500;191.5;191.875;3980122
2023-11-20 18:30:00;191.62000;191.77000;191.33000;191.51990;3173051
2023-11-20 17:30:00;191.25;191.80000;191.080002;191.625;4827400
2023-11-20 16:30:00;191.17000;191.55000;191.089996;191.23000;3453437
2023-11-20 15:30:00;190.72000;191.37000;190.53000;191.16499;5212746
2023-11-20 14:30:00;189.89000;191.66901;189.88000;190.71500;10886688
2023-11-17 20:30:00;189.88499;189.96001;189.52000;189.71001;5381674
2023-11-17 19:30:00;189.73500;190.17999;189.58000;189.88800;4775134
2023-11-17 18:30:00;189.49001;189.89999;189.35001;189.73500;3674072
2023-11-17 17:30:00;188.96500;189.61000;188.89999;189.48500;3093549
2023-11-17 16:30:00;189.059998;189.46001;188.82001;188.96761;3598292
2023-11-17 15:30:00;189.58501;189.75999;188.87000;189.051498;5463980
2023-11-17 14:30:00;190.25;190.38000;188.57001;189.58000;14964688
2023-11-16 20:30:00;189.42500;189.87000;189.34000;189.76891;5829998
2023-11-16 19:30:00;189.35001;189.73500;189.22000;189.42500;4436273
2023-11-16 18:30:00;189.32500;189.57001;189.0099945;189.35500;3451902
2023-11-16 17:30:00;189.64000;189.98000;188.64999;189.33000;3843638
2023-11-16 16:30:00;189.0099945;189.66000;188.72000;189.64500;4821908
2023-11-16 15:30:00;190.10001;190.21001;188.81000;189.0099945;6893426
2023-11-16 14:30:00;189.59000;190.95000;189.52000;190.085403;18705132
2023-11-15 20:30:00;188.20000;188.56000;187.78000;188.089996;5901858
2023-11-15 19:30:00;188.77000;188.78000;187.95500;188.19501;4032908
2023-11-15 18:30:00;189.031006;189.080002;188.39999;188.77000;4508244
2023-11-15 17:30:00;189.12000;189.17000;188.46500;189.035004;4164889
2023-11-15 16:30:00;189.41499;189.44991;188.53000;189.12000;5324873
2023-11-15 15:30:00;188.16000;189.5;188.11000;189.41499;8051018
2023-11-15 14:30:00;187.84500;188.70000;187.80000;188.14999;11861855
2023-11-14 20:30:00;187.92000;188.029999;187.21001;187.44000;6872181
2023-11-14 19:30:00;187.41499;188.11000;187.41499;187.91200;7317327
2023-11-14 18:30:00;187.46001;187.49001;186.82001;187.41370;4558716
2023-11-14 17:30:00;187.059998;187.5;187.0099945;187.46001;3663476
2023-11-14 16:30:00;186.92500;187.22000;186.41000;187.054993;4868237
2023-11-14 15:30:00;187.44000;187.48000;186.67999;186.92590;5319775
2023-11-14 14:30:00;187.34000;187.72000;186.30000;187.45000;16941276
2023-11-13 20:30:00;184.96001;185.0099945;184.61050;184.77000;4422642
2023-11-13 19:30:00;184.99001;185.080002;184.72990;184.95000;3878074
2023-11-13 18:30:00;184.57001;185.0099945;184.46001;184.99010;2982413
2023-11-13 17:30:00;184.57001;184.92990;184.39000;184.56000;2665925
2023-11-13 16:30:00;184.96001;185.13499;184.5;184.56500;6061513
2023-11-13 15:30:00;184.77000;185.14000;184.39000;184.96001;5748681
2023-11-13 14:30:00;185.82001;186.029999;184.21001;184.76610;11087334
2023-11-10 20:30:00;186.11000;186.56500;185.95500;186.34000;9457191
2023-11-10 19:30:00;185.85001;186.13000;185.55499;186.12000;6857111
2023-11-10 18:30:00;185.40500;185.97501;185.39999;185.85001;5159113
2023-11-10 17:30:00;184.94009;185.50999;184.88000;185.40500;6479424
2023-11-10 16:30:00;184.75999;185;184.42999;184.94000;4269310
2023-11-10 15:30:00;183.78000;184.94000;183.61501;184.75;6942798
2023-11-10 14:30:00;183.71100;184.78999;183.53000;183.77991;13042014
2023-11-09 20:30:00;181.85001;182.48000;181.83000;182.44000;5102309
2023-11-09 19:30:00;182.79500;182.83000;181.81000;181.86000;5496571
2023-11-09 18:30:00;183.70000;183.72411;182.34010;182.81000;7012882
2023-11-09 17:30:00;183.58000;184.014999;182.69000;183.68770;5877497
2023-11-09 16:30:00;183.53999;184.11501;183.48100;183.57001;5025268
2023-11-09 15:30:00;182.63499;183.97971;182.48000;183.53500;6860479
2023-11-09 14:30:00;182.95000;183.55000;182.60001;182.63000;9703743
2023-11-08 20:30:00;182.78999;183.0099945;182.62250;182.89000;5331712
2023-11-08 19:30:00;182.78000;182.85001;182.37000;182.78500;4758437
2023-11-08 18:30:00;182.50999;182.89000;182.46001;182.77499;3100003
2023-11-08 17:30:00;181.89999;182.58000;181.74001;182.50999;4014911
2023-11-08 16:30:00;182.14999;182.65500;181.59000;181.89000;5030995
2023-11-08 15:30:00;182.49001;182.98500;182;182.14999;6325309
2023-11-08 14:30:00;182.35001;183.45000;182.17999;182.49850;13792847
2023-11-07 20:30:00;182.19501;182.34000;181.55000;181.88000;8142789
2023-11-07 19:30:00;182.35001;182.42999;181.89999;182.19830;5513486
2023-11-07 18:30:00;182.018494;182.44000;181.92999;182.34090;5219872
2023-11-07 17:30:00;181.17500;182.16000;180.93500;182.014999;6208182
2023-11-07 16:30:00;181.45500;181.64000;180.52000;181.17500;7493420
2023-11-07 15:30:00;180.69501;181.59500;180.53000;181.45500;8413164
2023-11-07 14:30:00;179.17999;180.82001;178.98000;180.71001;16663471
2023-11-06 20:30:00;179.11000;179.33000;178.70000;179.28999;6666486
2023-11-06 19:30:00;178.75;179.32001;178.67999;179.10001;5205707
2023-11-06 18:30:00;178.32500;178.76500;178.020004;178.75990;4555749
2023-11-06 17:30:00;178.88499;179.059998;178.0099945;178.33000;4910582
2023-11-06 16:30:00;179.089996;179.39000;178.71001;178.88989;5026147
2023-11-06 15:30:00;178.25999;179.42999;178.21001;179.089996;8179075
2023-11-06 14:30:00;176.38000;178.86000;176.21001;178.25999;19458592
2023-11-03 19:30:00;176.039993;176.82001;175.95000;176.63000;7080006
2023-11-03 18:30:00;175.78000;176.46750;175.67999;176.040100;6461456
2023-11-03 17:30:00;175.76170;175.89000;175.070007;175.78990;6023082
2023-11-03 16:30:00;176.35001;176.45000;174.27000;175.76790;5533801
2023-11-03 15:30:00;174.80000;176.49001;174.60001;176.34000;7570993
2023-11-03 14:30:00;174.70000;175.94000;174.66000;174.80000;9711814
2023-11-03 13:30:00;174.24001;176.39999;173.35001;174.71001;28550758
2023-11-02 19:30:00;177.23500;177.78000;177.17000;177.78000;9466400
2023-11-02 18:30:00;177.30209;177.72000;177.19000;177.23000;7714957
2023-11-02 17:30:00;177.080002;177.61000;177.080002;177.31000;5633333
2023-11-02 16:30:00;176.98000;177.31500;176.78000;177.087997;5823586
2023-11-02 15:30:00;176.77000;177.10001;176.41000;176.98000;6002941
2023-11-02 14:30:00;176.88000;177.66000;176.62000;176.77400;9566990
2023-11-02 13:30:00;175.52000;177.089996;175.46001;176.87000;12660603
2023-11-01 19:30:00;173.91000;174.23000;173.62000;173.91000;7383247
2023-11-01 18:30:00;172.625;174.17000;172.10001;173.91000;9807734
2023-11-01 17:30:00;172.14999;172.71001;171.91000;172.61000;4969733
2023-11-01 16:30:00;171.90500;172.37849;171.63000;172.16200;3737051
2023-11-01 15:30:00;171.42999;172;171.19501;171.89999;3513854
2023-11-01 14:30:00;171.83000;172.080002;171;171.42999;6768770
2023-11-01 13:30:00;171;171.97000;170.13000;171.84000;10300794
2023-10-31 19:30:00;170.64000;170.89999;170.38000;170.78999;4801321
2023-10-31 18:30:00;169.94000;170.77000;169.93100;170.64500;3549907
2023-10-31 17:30:00;170.28999;170.75;169.95000;169.96001;4291573
2023-10-31 16:30:00;169.55000;170.29500;169.27000;170.28200;3963511
2023-10-31 15:30:00;169.23000;169.78999;168.84500;169.55000;4428156
2023-10-31 14:30:00;169.14999;169.87000;168.75;169.23000;5158750
2023-10-31 13:30:00;169.35001;169.55000;167.89999;169.13000;9517172
2023-10-30 19:30:00;169.85001;170.48000;169.84500;170.24001;5989283
2023-10-30 18:30:00;170.35001;170.82001;169.84019;169.85500;6108045
2023-10-30 17:30:00;169.92000;170.49001;169.88000;170.36000;4232265
2023-10-30 16:30:00;169.46500;170.050003;169.050003;169.91991;4478492
2023-10-30 15:30:00;169.67000;170.16000;169.41000;169.46609;3744068
2023-10-30 14:30:00;169.37990;170.20000;169.21001;169.67000;6708135
2023-10-30 13:30:00;169.020004;171.17000;168.87000;169.375;12638771
2023-10-27 19:30:00;167.99001;168.34000;167.49001;168.28500;6380136
2023-10-27 18:30:00;167.70000;168.24001;167.45000;167.99001;6000178
2023-10-27 17:30:00;167.17999;167.98000;166.92999;167.69501;6106335
2023-10-27 16:30:00;167.77000;167.96310;166.83000;167.19000;4730969
2023-10-27 15:30:00;168.75;168.81810;167.52000;167.75999;3987468
2023-10-27 14:30:00;168.16000;168.96001;167.39000;168.73500;6386633
2023-10-27 13:30:00;166.91000;168.77000;166.19000;168.16000;13125053
2023-10-26 19:30:00;167.31000;167.44000;166.375;166.75999;8082422
2023-10-26 18:30:00;167.17000;167.94000;166.89999;167.31430;6614410
2023-10-26 17:30:00;165.95000;167.38290;165.67000;167.17999;6261731
2023-10-26 16:30:00;166.28999;166.70000;165.72000;165.95000;5923516
2023-10-26 15:30:00;166.94501;167.53000;165.97000;166.29739;8539868
2023-10-26 14:30:00;168.64999;168.95000;166.84000;166.94960;10641541
2023-10-26 13:30:00;170.37000;171.37750;168.13000;168.66000;13990133
2023-10-25 19:30:00;171.17780;171.42999;170.86000;171.089996;6991582
2023-10-25 18:30:00;171.42999;171.53999;170.64999;171.17500;4546917
2023-10-25 17:30:00;171.14000;171.61980;170.77000;171.42000;5060830
2023-10-25 16:30:00;171.75999;172.050003;171.059998;171.14500;5032990
2023-10-25 15:30:00;172.44501;172.60001;171.53999;171.76500;4440866
2023-10-25 14:30:00;172.13000;173.059998;171.88000;172.44501;7738217
2023-10-25 13:30:00;171.88000;172.24001;170.83000;172.13000;11042020
2023-10-24 19:30:00;173.58501;173.66499;173.23000;173.39000;4601374
2023-10-24 18:30:00;172.75;173.67000;172.67999;173.58501;5963929
2023-10-24 17:30:00;172.19991;172.75999;171.92000;172.75999;3410631
2023-10-24 16:30:00;172.10001;172.20000;171.45000;172.19000;3752978
2023-10-24 15:30:00;172.31000;173.020004;171.98280;172.080002;4403856
2023-10-24 14:30:00;172.82491;172.89000;172.13000;172.30499;5390228
2023-10-24 13:30:00;173.050003;173.31000;171.81000;172.83000;10973848
2023-10-23 19:30:00;173.14500;173.25999;172.75999;172.96001;5236992
2023-10-23 18:30:00;173.39000;173.72501;173.085007;173.13300;5131178
2023-10-23 17:30:00;173.31000;174.0099945;173.13901;173.38000;4849773
2023-10-23 16:30:00;172.86000;173.64000;172.64000;173.31000;4597769
2023-10-23 15:30:00;172.81000;172.98500;172.28000;172.84000;5567383
2023-10-23 14:30:00;171.59000;172.91029;171.17000;172.81000;6828633
2023-10-23 13:30:00;171.59000;171.91000;169.92999;171.59000;15939825
2023-10-20 19:30:00;173.37000;173.49001;172.80000;172.84000;6815706
2023-10-20 18:30:00;173.56000;173.86000;173.125;173.38000;5284310
2023-10-20 17:30:00;174.18500;174.39000;173.46001;173.58000;4406928
2023-10-20 16:30:00;173.57001;174.72000;173.56000;174.17999;6019902
2023-10-20 15:30:00;172.88000;173.84000;172.67000;173.56000;6364462
2023-10-20 14:30:00;174.24001;174.25999;172.64000;172.86990;9848621
2023-10-20 13:30:00;175.31000;175.42000;174.070007;174.24001;13576409
2023-10-19 19:30:00;175.73000;176.059998;175.19000;175.45000;5577054
2023-10-19 18:30:00;176.59000;176.59000;175.52000;175.74001;7026256
2023-10-19 17:30:00;177.50990;177.83000;176.50999;176.59000;5201089
2023-10-19 16:30:00;176.69000;177.84000;175.46001;177.48000;7557915
2023-10-19 15:30:00;176.25;177.76199;176.10001;176.67999;9335959
2023-10-19 14:30:00;176.21001;176.87000;175.63499;176.24989;6273547
2023-10-19 13:30:00;176.039993;177.33000;175.84500;176.21001;11060282
2023-10-18 19:30:00;175.88000;176.089996;175.11000;175.78101;6442293
2023-10-18 18:30:00;176.68500;176.91499;175.78000;175.87990;5250110
2023-10-18 17:30:00;177.12000;177.13000;176.22000;176.69501;4533374
2023-10-18 16:30:00;176.82001;177.37000;176.22501;177.12000;5355115
2023-10-18 15:30:00;176.73000;177.53000;176.63010;176.82001;5348489
2023-10-18 14:30:00;176.60500;177.12000;175.75500;176.73000;7751259
2023-10-18 13:30:00;175.58000;177.57500;175.42000;176.62000;11694290
2023-10-17 19:30:00;176.78000;177.30000;176.44501;177.14000;6288297
2023-10-17 18:30:00;177.089996;177.34000;176.36501;176.77000;6304509
2023-10-17 17:30:00;177.66100;177.83000;176.95000;177.098907;5642528
2023-10-17 16:30:00;178.23000;178.42000;177.66000;177.66780;4501217
2023-10-17 15:30:00;177.080002;178.31000;177.080002;178.22501;5332952
2023-10-17 14:30:00;176.45000;177.25;176.32001;177.089996;8139131
2023-10-17 13:30:00;176.64500;176.99001;174.80000;176.45000;15753761
2023-10-16 19:30:00;178.78999;179;178.39999;178.67500;6982113
2023-10-16 18:30:00;178.125;178.82001;177.89999;178.78999;4680497
2023-10-16 17:30:00;177.47000;178.35460;177.43010;178.13000;4678814
2023-10-16 16:30:00;177.83000;177.94000;176.85001;177.46500;5480319
2023-10-16 15:30:00;178.52000;178.69000;177.625;177.82001;4772017
2023-10-16 14:30:00;178.44400;179.074997;178.29500;178.50900;7597187
2023-10-16 13:30:00;176.75;178.54750;176.50999;178.44501;13920394
2023-10-13 19:30:00;178.94000;179.089996;178.52000;178.87000;5735444
2023-10-13 18:30:00;179.24500;179.74001;178.85001;178.93500;5632908
2023-10-13 17:30:00;178.26100;179.31000;178.14000;179.24001;5205186
2023-10-13 16:30:00;179.25999;179.47000;178.22000;178.25999;4418100
2023-10-13 15:30:00;179.19000;179.36250;178.47000;179.25500;5900854
2023-10-13 14:30:00;180.52000;180.76500;178.95000;179.19000;6768178
2023-10-13 13:30:00;181.42000;181.92999;180.36000;180.53000;9761566
2023-10-12 19:30:00;180.39999;180.81500;180.39000;180.71001;5779961
2023-10-12 18:30:00;179.63499;180.48000;179.49001;180.39999;4772922
2023-10-12 17:30:00;180.34000;180.63000;179.039993;179.64000;6607337
2023-10-12 16:30:00;182.28000;182.28000;180.33000;180.35490;5641539
2023-10-12 15:30:00;181.76500;182.28999;181.50999;182.27000;5426017
2023-10-12 14:30:00;181.73000;182.34000;181.46001;181.77000;8055060
2023-10-12 13:30:00;180.070007;182.14990;179.84000;181.72000;13432759
2023-10-11 19:30:00;179.17000;179.85001;179.14000;179.75;6056858
2023-10-11 18:30:00;178.95000;179.28999;178.89999;179.17000;5572352
2023-10-11 17:30:00;178.59000;179.38000;178.36000;178.95000;3720449
2023-10-11 16:30:00;178.58000;178.74200;178.27000;178.59070;3560007
2023-10-11 15:30:00;178.59000;178.95000;178.36501;178.57010;3901012
2023-10-11 14:30:00;178.28000;179.32001;178.13100;178.58830;6752681
2023-10-11 13:30:00;178.20000;178.95760;177.60001;178.28000;9911043
2023-10-10 19:30:00;178.78999;178.80000;178.12000;178.41000;5623523
2023-10-10 18:30:00;178.19000;178.90990;177.96001;178.78999;4901034
2023-10-10 17:30:00;178.46001;178.57590;177.95000;178.17000;4369971
2023-10-10 16:30:00;179.62000;179.69000;178.14000;178.45000;4901581
2023-10-10 15:30:00;179.48500;179.72000;179.34000;179.61011;3098344
2023-10-10 14:30:00;179.19099;179.67999;179.039993;179.48000;5374796
2023-10-10 13:30:00;178.10001;179.31000;178.10001;179.18510;9164127
2023-10-09 19:30:00;178.89999;179.050003;178.66499;178.99001;5217876
2023-10-09 18:30:00;178.84500;179.050003;178.42000;178.89999;5031854
2023-10-09 17:30:00;177.96001;178.97000;177.94000;178.84000;5257785
2023-10-09 16:30:00;177.60001;177.97000;177.43500;177.95000;2606059
2023-10-09 15:30:00;177.074997;178.070007;176.87000;177.61000;4765690
2023-10-09 14:30:00;176.87000;177.125;176.19000;177.085007;5008572
2023-10-09 13:30:00;176.81000;177.36000;175.80000;176.87000;9359311
2023-10-06 19:30:00;177.93500;177.99001;177.39999;177.49001;7319309
2023-10-06 18:30:00;177.53000;177.95500;177.42000;177.94000;5634496
2023-10-06 17:30:00;177.17000;177.53999;177.10001;177.52910;4054867
2023-10-06 16:30:00;176.67999;177.36000;176.45000;177.16000;5056666
2023-10-06 15:30:00;175.45000;177.050003;175.42999;176.67010;7166594
2023-10-06 14:30:00;174.80000;175.72440;174.73000;175.45000;8065283
2023-10-06 13:30:00;173.80000;175.059998;173.17999;174.81000;11096512
2023-10-05 19:30:00;175.12000;175.22000;174.84000;174.98000;4853082
2023-10-05 18:30:00;174.95000;175.45000;174.87000;175.12000;4890794
2023-10-05 17:30:00;174.14999;175.20000;173.96001;174.95990;6318028
2023-10-05 16:30:00;173.96010;174.16000;173.62000;174.15820;4292030
2023-10-05 15:30:00;173.60500;174.029999;173.26500;173.97000;5261407
2023-10-05 14:30:00;173.69000;173.75620;172.67999;173.60001;6597067
2023-10-05 13:30:00;173.78999;174.40800;173.070007;173.69000;9578634
2023-10-04 19:30:00;173.77000;174.21001;173.37000;173.64000;7816168
2023-10-04 18:30:00;172.74001;173.81500;172.61000;173.76990;5119455
2023-10-04 17:30:00;172.67999;172.92000;172.35001;172.74001;3835275
2023-10-04 16:30:00;173.17000;173.25999;172.64500;172.67999;3158072
2023-10-04 15:30:00;172.86000;173.28999;172.5;173.17000;4452327
2023-10-04 14:30:00;172.39500;173.49001;172.13000;172.86000;8441652
2023-10-04 13:30:00;171.089996;172.74001;170.97000;172.39000;13074765
2023-10-03 19:30:00;171.85500;172.52000;171.78000;172.46001;6252137
2023-10-03 18:30:00;171.85001;172.39999;171.78999;171.86000;4821504
2023-10-03 17:30:00;172.0099945;172.13000;171.55099;171.85001;3774205
2023-10-03 16:30:00;172.28000;172.80499;171.96490;172.0018005;4727540
2023-10-03 15:30:00;171.64000;172.36501;171.36000;172.26401;4492914
2023-10-03 14:30:00;171.17999;171.98500;171.070007;171.63000;6743872
2023-10-03 13:30:00;172.25500;173.63000;170.82001;171.17180;11761888
2023-10-02 19:30:00;173;173.78000;172.75;173.75;6420476
2023-10-02 18:30:00;172.78200;173.21001;172.53300;173;4726767
2023-10-02 17:30:00;173.31000;173.71001;172.77000;172.78990;4113658
2023-10-02 16:30:00;173.36000;173.47000;172.73000;173.31000;3752202
2023-10-02 15:30:00;174.12000;174.21001;172.82001;173.35001;5325939
2023-10-02 14:30:00;173.35001;174.30000;172.84000;174.10460;6937293
2023-10-02 13:30:00;171.22000;174.039993;170.92999;173.33000;12402556
2023-09-29 19:30:00;171.28000;171.92000;170.75999;171.22000;6445307
2023-09-29 18:30:00;170.54500;171.71001;170.34100;171.28990;5505006
2023-09-29 17:30:00;171.23000;171.30000;170.38000;170.53999;3930145
2023-09-29 16:30:00;171.84000;171.92999;170.73000;171.23000;3723090
2023-09-29 15:30:00;172.059998;172.089996;171.53011;171.83501;4016836
2023-09-29 14:30:00;172.27000;172.77000;172.020004;172.059998;5432567
2023-09-29 13:30:00;172.020004;173.070007;171.77000;172.25;11049307
2023-09-28 19:30:00;171.58000;171.64000;170.44000;170.69000;5724842
2023-09-28 18:30:00;171.13499;171.67999;170.31000;171.58000;4835316
2023-09-28 17:30:00;170.88200;171.16499;170.42999;171.13000;4681956
2023-09-28 16:30:00;171.89000;171.91499;170.86000;170.89000;4825213
2023-09-28 15:30:00;170.5;172.029999;170.47079;171.89000;7088514
2023-09-28 14:30:00;169.14000;170.67999;168.69000;170.5;8618775
2023-09-28 13:30:00;169.34000;170.0099945;167.62000;169.13000;15189658
2023-09-27 19:30:00;170.16000;170.48000;169.75999;170.42999;8671175
2023-09-27 18:30:00;170.065002;170.96001;170.029999;170.16000;8680644
2023-09-27 17:30:00;169.29990;170.10001;169.050003;170.070007;5755630
2023-09-27 16:30:00;169.85001;170.20000;169.28999;169.30000;6176660
2023-09-27 15:30:00;170.98000;171.080002;169.64000;169.84000;6897103
2023-09-27 14:30:00;171.25;171.48000;170.27000;170.97501;6917499
2023-09-27 13:30:00;172.62000;173.039993;170.31000;171.27000;14619741
2023-09-26 19:30:00;171.74001;172.33000;171.72000;171.89999;8556952
2023-09-26 18:30:00;172.30499;172.44000;171.66000;171.74001;7371366
2023-09-26 17:30:00;172.85500;173.0050049;172.22000;172.30020;5275716
2023-09-26 16:30:00;173.0099945;173.53000;172.84500;172.84500;4194456
2023-09-26 15:30:00;172.58000;173.19000;172.52000;173.0099945;5378958
2023-09-26 14:30:00;173.089996;173.64999;172.41499;172.57001;7904418
2023-09-26 13:30:00;174.82001;175.20000;172.48000;173.10001;15789905
2023-09-25 19:30:00;175.61000;176.14999;175.37000;176.089996;4708932
2023-09-25 18:30:00;175.77010;176.12900;174.97000;175.61050;5480996
2023-09-25 17:30:00;176.14999;176.36760;175.67999;175.77499;4024629
2023-09-25 16:30:00;176.88499;176.91000;176.039993;176.13000;4345407
2023-09-25 15:30:00;176.28799;176.97000;175.88000;176.88000;5521525
2023-09-25 14:30:00;174.46001;176.53999;174.37000;176.27000;6689826
2023-09-25 13:30:00;174.20000;175.55000;174.14999;174.47000;10347795
2023-09-22 19:30:00;175.68500;175.78500;174.62000;174.74001;6325268
2023-09-22 18:30:00;175.12000;175.99001;174.81000;175.69000;5389547
2023-09-22 17:30:00;175.67999;175.67999;174.96001;175.13000;5107772
2023-09-22 16:30:00;176.62000;177.078995;175.58000;175.70000;6590040
2023-09-22 15:30:00;176.38000;176.75;175.94000;176.61000;5882339
2023-09-22 14:30:00;175.28999;176.62000;175.28239;176.38000;8923173
2023-09-22 13:30:00;174.67000;175.39000;174.050003;175.27580;10497072
2023-09-21 19:30:00;174.26500;174.54500;173.86000;173.92999;7023086
2023-09-21 18:30:00;174.66000;175;174.22000;174.27000;5655405
2023-09-21 17:30:00;175.31010;175.53999;174.63000;174.66000;4725875
2023-09-21 16:30:00;175.11000;175.49500;174.86000;175.31000;5142611
2023-09-21 15:30:00;174.92000;175.70000;174.83000;175.11501;7618030
2023-09-21 14:30:00;175.39470;176.30000;174.82001;174.92000;6964271
2023-09-21 13:30:00;175.17000;176.059998;174.59000;175.39520;16014441
2023-09-20 19:30:00;176.77000;176.83000;175.39999;175.49001;8164723
2023-09-20 18:30:00;177.17000;177.78000;176.34000;176.75999;7722325
2023-09-20 17:30:00;177.5;177.79510;176.58000;177.17000;7442547
2023-09-20 16:30:00;177.64999;177.75999;177.31000;177.5;2860366
2023-09-20 15:30:00;176.98500;177.64000;176.94501;177.64000;3895126
2023-09-20 14:30:00;177.59000;178.020004;176.86000;176.98500;6443832
2023-09-20 13:30:00;179.25999;179.69501;177.25999;177.58000;11888750
2023-09-19 19:30:00;179.10001;179.44000;178.92999;179.089996;4759565
2023-09-19 18:30:00;179.13000;179.63000;178.74001;179.10500;5357277
2023-09-19 17:30:00;178.58000;179.39000;178.57001;179.13499;5953775
2023-09-19 16:30:00;178.14000;178.58000;177.78000;178.58000;4485361
2023-09-19 15:30:00;177.58000;178.20000;177.5;178.13499;4831585
2023-09-19 14:30:00;177.77000;177.77000;177.14999;177.58501;4986178
2023-09-19 13:30:00;177.52000;178.67000;177.13000;177.75999;13717340
2023-09-18 19:30:00;178.41499;178.41499;177.77499;177.98000;6221950
2023-09-18 18:30:00;178.96500;179.070007;178.27000;178.41910;5151407
2023-09-18 17:30:00;179.12000;179.38000;178.87000;178.96001;4692584
2023-09-18 16:30:00;178.54500;179.21001;178.54500;179.11501;6522049
2023-09-18 15:30:00;177.80000;178.64999;177.74500;178.54500;5913851
2023-09-18 14:30:00;177.031906;177.84000;176.44000;177.81000;7649414
2023-09-18 13:30:00;176.48000;178.98000;176.17000;177.021896;22986329
2023-09-15 19:30:00;174.77000;175.12000;174.63000;174.96001;9404404
2023-09-15 18:30:00;174.24001;174.80000;174.13870;174.76500;6186199
2023-09-15 17:30:00;174.070007;174.63000;173.82001;174.24500;6242467
2023-09-15 16:30:00;174.73000;175.039993;174.0099945;174.080002;5505065
2023-09-15 15:30:00;174.86000;175.14999;174.59000;174.74001;5925317
2023-09-15 14:30:00;175.14999;175.38000;174.52499;174.86571;8301989
2023-09-15 13:30:00;175.85001;176.059998;174.55000;175.16000;28875723
2023-09-14 19:30:00;175.67000;175.86000;175.56000;175.67999;5327480
2023-09-14 18:30:00;175.36501;176.10001;175.31000;175.67000;5358361
2023-09-14 17:30:00;175.80000;176.039993;175.30000;175.37000;5192134
2023-09-14 16:30:00;175.50999;175.97000;175.020004;175.79460;5541936
2023-09-14 15:30:00;175.39000;176;174.83000;175.52000;5558002
2023-09-14 14:30:00;174.81000;175.75999;174.81000;175.39000;8766723
2023-09-14 13:30:00;174;175.63000;173.58000;174.81000;15837677
2023-09-13 19:30:00;175.065002;175.19940;173.98000;174.16000;11235045
2023-09-13 18:30:00;174.84000;175.19000;174.36000;175.059998;8235325
2023-09-13 17:30:00;175.33000;175.5;174.75;174.84000;5865480
2023-09-13 16:30:00;175.73000;175.77000;175.25999;175.32130;5648279
2023-09-13 15:30:00;175.20000;176.22000;174.87000;175.72000;8289492
2023-09-13 14:30:00;175.19000;175.5;174.67000;175.21651;12089444
2023-09-13 13:30:00;176.50999;177.30000;174.070007;175.18961;21766845
2023-09-12 19:30:00;175.72000;176.46001;175.49010;176.31000;9412994
2023-09-12 18:30:00;176.11000;176.75;175.00039673;175.72000;12509398
2023-09-12 17:30:00;177.57001;177.85010;174.82001;176.10001;20649861
2023-09-12 16:30:00;176.61000;177.87000;176.39500;177.56990;7438948
2023-09-12 15:30:00;176.71201;177.18021;176.52000;176.60500;7173805
2023-09-12 14:30:00;177.55000;177.78000;176.23000;176.70000;11493163
2023-09-12 13:30:00;179.49001;180.13000;177.46001;177.55000;14031054
2023-09-11 19:30:00;179.70000;179.95000;179.16000;179.38000;6113050
2023-09-11 18:30:00;179.51500;179.92999;179.36000;179.69501;5243855
2023-09-11 17:30:00;179.27000;179.55000;179.0099945;179.51500;4669579
2023-09-11 16:30:00;178.68910;179.30240;178.33000;179.26500;4906207
2023-09-11 15:30:00;178.75;178.86000;178.21010;178.68500;5391092
2023-09-11 14:30:00;177.89999;178.95000;177.34000;178.75;7908531
2023-09-11 13:30:00;180.067703;180.30000;177.39999;177.89000;17201633
2023-09-08 19:30:00;177.94000;178.34000;177.78999;178.19000;6222769
2023-09-08 18:30:00;178.88499;179.054993;177.81000;177.94501;7905873
2023-09-08 17:30:00;179.59000;179.91000;178.74010;178.88020;5928016
2023-09-08 16:30:00;179.55000;179.79500;179.21001;179.58501;4543261
2023-09-08 15:30:00;179.82001;180.20000;179.28000;179.55499;6904523
2023-09-08 14:30:00;179.53000;179.88000;178.70000;179.81180;9907577
2023-09-08 13:30:00;178.35001;180.23900;178.33000;179.52499;18853527
2023-09-07 19:30:00;177.46899;178.14000;177.44000;177.56000;10212878
2023-09-07 18:30:00;176.52000;177.46001;176.49001;177.46001;7666558
2023-09-07 17:30:00;176.59000;177.14999;176.28300;176.52499;7294225
2023-09-07 16:30:00;177.25;177.67999;175.95000;176.58150;7789750
2023-09-07 15:30:00;177.17999;177.71001;176.64999;177.25999;9404100
2023-09-07 14:30:00;176.089996;178.21001;175.73000;177.33000;14689024
2023-09-07 13:30:00;175.17999;177.74500;173.67999;176.25;50156446
2023-09-06 19:30:00;181.53000;183.020004;181.49001;182.89000;11908074
2023-09-06 18:30:00;182.63499;182.89999;181.47000;181.52000;9282024
2023-09-06 17:30:00;182.91000;183.17000;182.13000;182.63429;6995038
2023-09-06 16:30:00;183.21001;183.42000;182.77000;182.91541;6669291
2023-09-06 15:30:00;184.029999;184.32001;183.16000;183.21040;7041474
2023-09-06 14:30:00;184.14999;184.64999;183.53000;184.020004;9791448
2023-09-06 13:30:00;188.52000;188.73500;183.92999;184.17000;21161767
2023-09-05 19:30:00;189.54500;189.98000;189.52000;189.69000;4426456
2023-09-05 18:30:00;189.84500;189.95000;189.47000;189.54781;3515932
2023-09-05 17:30:00;189.23000;189.88000;189.16000;189.84000;2548172
2023-09-05 16:30:00;189.59000;189.81000;189.19501;189.23000;3751400
2023-09-05 15:30:00;189.16499;189.75999;188.98000;189.58730;3666857
2023-09-05 14:30:00;188.66499;189.61000;188.28999;189.14999;7398289
2023-09-05 13:30:00;188.28000;189.070007;187.61000;188.67000;13565557
2023-09-01 19:30:00;189.050003;189.53999;188.94000;189.47000;4793086
2023-09-01 18:30:00;188.72000;189.080002;188.52000;189.050003;3627574
2023-09-01 17:30:00;188.99001;189.22501;188.63000;188.72009;3052530
2023-09-01 16:30:00;189.11000;189.32001;188.84000;189;3233746
2023-09-01 15:30:00;188.67999;189.21001;188.36011;189.11501;4230174
2023-09-01 14:30:00;189.27000;189.28000;188.31100;188.66000;5217747
2023-09-01 13:30:00;189.48500;189.92000;188.28000;189.28000;12242102
2023-08-31 19:30:00;188.92000;189.12000;187.75;187.87000;9079211
2023-08-31 18:30:00;188.59500;189.059998;188.41499;188.91010;5624889
2023-08-31 17:30:00;188.14000;188.67999;187.82980;188.59500;3665165
2023-08-31 16:30:00;187.98000;188.17000;187.48000;188.14000;4773378
2023-08-31 15:30:00;188.48500;188.64810;187.78000;187.98000;4094095
2023-08-31 14:30:00;188.34000;188.75999;188.11501;188.49001;5013288
2023-08-31 13:30:00;187.84000;188.50990;187.64999;188.33000;9863175
2023-08-30 19:30:00;187.39000;187.78999;187.32001;187.67000;7064215
2023-08-30 18:30:00;186.85001;187.67999;186.78000;187.38499;5148496
2023-08-30 17:30:00;187.30000;187.59000;186.64999;186.85001;5268054
2023-08-30 16:30:00;187.44000;187.77000;187.20000;187.29010;4476042
2023-08-30 15:30:00;186.63000;187.49001;186.61000;187.42999;5270270
2023-08-30 14:30:00;186.19000;186.80000;186.13000;186.63000;6789360
2023-08-30 13:30:00;184.94000;187.67000;184.74001;186.18500;19124821
2023-08-29 19:30:00;184.81500;184.89999;183.86000;184.12000;8705645
2023-08-29 18:30:00;184.33000;184.84750;184.18010;184.81500;5827045
2023-08-29 17:30:00;183.74001;184.37000;183.49001;184.33009;5136291
2023-08-29 16:30:00;183.58501;183.81010;183.39011;183.74001;4098578
2023-08-29 15:30:00;183.029999;183.59000;183.0099945;183.58501;5387501
2023-08-29 14:30:00;182.41000;183.12000;182.21001;183.029999;6426605
2023-08-29 13:30:00;179.69501;182.57001;179.5;182.39999;10483972
2023-08-28 19:30:00;179.89000;180.59000;179.80499;180.21001;5793020
2023-08-28 18:30:00;179.55000;180.0099945;179.35001;179.90500;3598477
2023-08-28 17:30:00;179.96001;180.089905;179.13840;179.53940;3839420
2023-08-28 16:30:00;178.82001;180.13989;178.75;179.95500;3845609
2023-08-28 15:30:00;178.77000;179.11501;178.54500;178.81000;3748464
2023-08-28 14:30:00;179.80000;179.80000;178.67999;178.77820;4693449
2023-08-28 13:30:00;180.089996;180.20000;178.78999;179.78999;8960343
2023-08-25 19:30:00;179.12241;179.14999;178.44000;178.60001;6092552
2023-08-25 18:30:00;178.46001;179.14000;178.13000;179.125;5163636
2023-08-25 17:30:00;177.38000;178.49001;176.94000;178.45000;3646868
2023-08-25 16:30:00;177.75;177.84000;177.089996;177.39990;3100211
2023-08-25 15:30:00;177.36000;177.77000;176.55000;177.75;4074608
2023-08-25 14:30:00;177.014999;177.41000;175.82010;177.36000;7441082
2023-08-25 13:30:00;177.38000;178.63000;176.82001;177.0099945;9715105
2023-08-24 19:30:00;176.82001;176.89000;176.0099945;176.33000;7256991
2023-08-24 18:30:00;177.52000;177.64000;176.80000;176.82001;5186796
2023-08-24 17:30:00;177.73000;177.92999;177.42999;177.52400;3324350
2023-08-24 16:30:00;178.050003;178.31000;177.68060;177.74001;2987748
2023-08-24 15:30:00;178.12000;178.30000;177.5;178.059906;4445092
2023-08-24 14:30:00;178.40990;178.45621;177.64999;178.125;7199973
2023-08-24 13:30:00;180.67400;181.10400;178.39000;178.40199;11377763
2023-08-23 19:30:00;181.53500;181.53999;181;181.14000;5637981
2023-08-23 18:30:00;181.069107;181.53999;180.80000;181.53500;4033888
2023-08-23 17:30:00;181.23210;181.55000;180.89059;181.059998;4297276
2023-08-23 16:30:00;180.73000;181.28999;180.63000;181.24001;3589783
2023-08-23 15:30:00;181.14999;181.31000;180.63000;180.73000;5073177
2023-08-23 14:30:00;180.11000;181.33110;180.070007;181.14999;7973399
2023-08-23 13:30:00;178.52000;180.39000;178.32500;180.10500;13320694
2023-08-22 19:30:00;177.31000;177.46001;177.080002;177.22000;4830774
2023-08-22 18:30:00;177.21500;177.67999;177.020004;177.31000;4195297
2023-08-22 17:30:00;177.13000;177.25500;176.80310;177.21001;3198271
2023-08-22 16:30:00;176.83000;177.37990;176.77000;177.13000;4129353
2023-08-22 15:30:00;177.23000;177.32001;176.27000;176.81410;4127719
2023-08-22 14:30:00;176.92290;177.42999;176.25999;177.21500;6823573
2023-08-22 13:30:00;177.059998;177.089996;176.25;176.92999;8840402
2023-08-21 19:30:00;175.74001;176.13000;175.64000;175.80000;4636842
2023-08-21 18:30:00;175.55000;175.97820;175.47290;175.74001;3913477
2023-08-21 17:30:00;175.35730;175.75;175.12000;175.53999;3394041
2023-08-21 16:30:00;174.78000;175.52499;174.67999;175.36000;4332537
2023-08-21 15:30:00;173.99001;174.82001;173.86011;174.77499;3779769
2023-08-21 14:30:00;174.029999;174.62000;173.73500;173.99001;5144557
2023-08-21 13:30:00;175.070007;175.57001;173.95000;174.020004;10340812
2023-08-18 19:30:00;174.49001;175.10001;174.14999;174.49001;6239136
2023-08-18 18:30:00;174.53500;174.88000;174.095001;174.49500;4570049
2023-08-18 17:30:00;174.27499;174.74989;174.125;174.55000;4439646
2023-08-18 16:30:00;173.82001;174.36501;173.80000;174.27499;5780233
2023-08-18 15:30:00;173.46001;174.44000;173.28101;173.82001;5467243
2023-08-18 14:30:00;172.81000;173.95000;172.75999;173.46001;7390073
2023-08-18 13:30:00;172.30000;173.36000;171.96001;172.80000;14023663
2023-08-17 19:30:00;174.070007;174.89000;173.66000;173.99001;6915442
2023-08-17 18:30:00;174.25500;174.28000;173.48000;174.080002;8816597
2023-08-17 17:30:00;174.56000;174.56000;173.94501;174.25;4360074
2023-08-17 16:30:00;174.96001;175.089996;174.52000;174.56000;4392989
2023-08-17 15:30:00;174.27000;175.020004;174.10001;174.95140;4754168
2023-08-17 14:30:00;174.73000;175;173.83000;174.27000;7807453
2023-08-17 13:30:00;177.14000;177.50540;174.28500;174.74001;16587675
2023-08-16 19:30:00;177.13000;177.30920;176.5;176.55859;5360973
2023-08-16 18:30:00;178.10001;178.31000;176.85001;177.12000;5075697
2023-08-16 17:30:00;177.86000;178.37711;177.31000;178.10001;4313172
2023-08-16 16:30:00;177.41000;177.95000;177.32001;177.86501;3446585
2023-08-16 15:30:00;177.80000;177.91000;177.30499;177.42000;4343392
2023-08-16 14:30:00;177.81000;178.33501;177.67999;177.81000;4532188
2023-08-16 13:30:00;177.13000;178.53999;176.84000;177.82001;12297530
2023-08-15 19:30:00;177.28000;177.72000;177.050003;177.48000;5373129
2023-08-15 18:30:00;177.89999;178.23500;177.27000;177.28500;3564304
2023-08-15 17:30:00;178.13000;178.16000;177.62000;177.89000;2642967
2023-08-15 16:30:00;178.17000;178.24001;177.78101;178.12990;2516771
2023-08-15 15:30:00;178.14500;178.44000;177.85001;178.17000;3458252
2023-08-15 14:30:00;177.81500;178.23000;177.38000;178.14990;5402195
2023-08-15 13:30:00;178.88000;179.48000;177.53000;177.81190;12703499
2023-08-14 19:30:00;178.96001;179.52000;178.86000;179.50999;4577672
2023-08-14 18:30:00;179.10001;179.14500;178.70000;178.96500;3630382
2023-08-14 17:30:00;179.23000;179.35001;178.90961;179.089996;3509102
2023-08-14 16:30:00;178.71001;179.44000;178.59000;179.22791;2818584
2023-08-14 15:30:00;179.35001;179.48801;178.62000;178.71449;4378348
2023-08-14 14:30:00;178.27000;179.69000;178.25999;179.35001;5992774
2023-08-14 13:30:00;177.97000;178.86000;177.30499;178.27000;10812784
2023-08-11 19:30:00;178.095001;178.27000;177.66991;177.86000;6647317
2023-08-11 18:30:00;178.29900;178.55000;177.86011;178.10001;6497650
2023-08-11 17:30:00;177.89999;178.33000;177.5;178.31000;4393899
2023-08-11 16:30:00;177.56000;177.97000;177.20010;177.90500;3919050
2023-08-11 15:30:00;177.47000;178.095001;177.28101;177.56351;4703683
2023-08-11 14:30:00;178.28999;178.60500;177.42999;177.47000;6561749
2023-08-11 13:30:00;177.32001;178.62000;176.55000;178.27000;12921445
2023-08-10 19:30:00;178.22000;178.27000;177.72000;178.0099945;5175086
2023-08-10 18:30:00;178.24001;178.70000;177.90340;178.22000;5214615
2023-08-10 17:30:00;178.039993;178.69040;177.60001;178.23511;5437225
2023-08-10 16:30:00;178.36000;178.91991;177.80000;178.044998;5210753
2023-08-10 15:30:00;179.14000;179.44000;177.97000;178.38000;6203521
2023-08-10 14:30:00;180.098007;180.42999;178.69000;179.14000;8648129
2023-08-10 13:30:00;179.48000;180.75;178.86000;180.10001;12566820
2023-08-09 19:30:00;179.029999;179.089996;177.99001;178.17999;6307783
2023-08-09 18:30:00;179.29500;179.59000;178.78909;179.029999;5760641
2023-08-09 17:30:00;178.65900;179.36000;178.55299;179.29500;5273087
2023-08-09 16:30:00;178;178.77000;177.99001;178.66000;4980367
2023-08-09 15:30:00;177.47000;178.11000;177.24001;178.0050049;6732462
2023-08-09 14:30:00;178.69150;178.83501;177.0099945;177.48000;9507753
2023-08-09 13:30:00;180.87000;180.92999;178.14000;178.69991;12630855
2023-08-08 19:30:00;179.81500;180.27000;179.55499;179.80000;8031483
2023-08-08 18:30:00;179.17000;179.94000;179.039993;179.81000;6486734
2023-08-08 17:30:00;178.89000;179.42000;178.70000;179.16000;4572073
2023-08-08 16:30:00;178.67999;179.48000;178.58000;178.89330;6004228
2023-08-08 15:30:00;178.039993;178.80499;177.82500;178.69000;5710443
2023-08-08 14:30:00;179.19000;179.22000;177.93500;178.039993;8911585
2023-08-08 13:30:00;179.375;179.46570;177.58000;179.17999;22189969
2023-08-07 19:30:00;178.48500;179.22000;178.39000;178.80000;10179708
2023-08-07 18:30:00;178.47000;178.71001;178.22000;178.48010;5824274
2023-08-07 17:30:00;178.34000;179.039993;178.050003;178.45000;7271723
2023-08-07 16:30:00;178.36501;178.47000;177.74001;178.33501;7289263
2023-08-07 15:30:00;177.76500;178.83000;177.35001;178.36501;9796158
2023-08-07 14:30:00;179.029999;179.31000;177.56000;177.77000;14922253
2023-08-07 13:30:00;182.13000;183.13000;178.21010;179.035004;33752946
2023-08-04 19:30:00;182.70000;182.88000;181.92000;182;11958133
2023-08-04 18:30:00;183.36501;183.55000;182.070007;182.69000;14200786
2023-08-04 17:30:00;184.98000;185.17000;183.17999;183.36501;12486440
2023-08-04 16:30:00;185.48000;185.49500;184.78999;184.98000;7073448
2023-08-04 15:30:00;185.31500;185.78000;184.92999;185.48000;8214884
2023-08-04 14:30:00;185.10001;186.375;184.91000;185.31000;11380579
2023-08-04 13:30:00;184.625;187.38000;184.27000;185.11000;38359717
2023-08-03 19:30:00;191.15860;191.73000;190.99001;191.0099030;7921604
2023-08-03 18:30:00;191.74001;191.95000;191.070007;191.16000;5711558
2023-08-03 17:30:00;191.88000;191.96001;191.20000;191.73500;4770788
2023-08-03 16:30:00;191.83479;192.36000;191.72000;191.88499;3726909
2023-08-03 15:30:00;192.11000;192.20000;191.61000;191.82640;4232707
2023-08-03 14:30:00;190.89500;192.37000;190.85001;192.10001;6507567
2023-08-03 13:30:00;192;192.28000;190.84000;190.89000;10722471
2023-08-02 19:30:00;192.30000;192.98000;192.22000;192.59000;5998415
2023-08-02 18:30:00;192.97000;193.029999;192.25011;192.30000;3971080
2023-08-02 17:30:00;192.99001;193.25999;192.71001;192.97000;3262475
2023-08-02 16:30:00;191.93260;193.12000;191.86000;192.99001;4102063
2023-08-02 15:30:00;193.0048981;193.27119;191.85069;191.92999;5580357
2023-08-02 14:30:00;193.27000;193.31000;192.52000;193.0099945;5724940
2023-08-02 13:30:00;195.039993;195.17999;192.95000;193.27820;10753790
2023-08-01 19:30:00;195.81500;195.99001;195.5;195.60001;3929736
2023-08-01 18:30:00;196.054993;196.12000;195.67999;195.81000;2743032
2023-08-01 17:30:00;195.73500;196.27010;195.53000;196.053299;3075209
2023-08-01 16:30:00;195.48000;196.039993;195.35001;195.72951;2445951
2023-08-01 15:30:00;196.11000;196.14500;195.41000;195.49730;2991657
2023-08-01 14:30:00;195.48000;196.17999;195.33000;196.11501;4389743
2023-08-01 13:30:00;196.23500;196.73000;195.28000;195.47501;9552101
2023-07-31 19:30:00;196.080002;196.49001;195.78999;196.49001;5194547
2023-07-31 18:30:00;196.17500;196.35001;195.93500;196.087601;3009785
2023-07-31 17:30:00;196.125;196.39000;196.070007;196.16000;2806909
2023-07-31 16:30:00;196.14999;196.25;195.78000;196.12990;2730653
2023-07-31 15:30:00;196.19000;196.37000;195.77000;196.15450;3557921
2023-07-31 14:30:00;196.25;196.49001;195.88100;196.17500;4413922
2023-07-31 13:30:00;196.059998;196.38000;195.25999;196.24001;8917920
2023-07-28 19:30:00;195.76500;196;195.42000;195.84000;5907577
2023-07-28 18:30:00;196.089996;196.20000;195.54500;195.76500;4068031
2023-07-28 17:30:00;195.58000;196.14169;195.029999;196.090195;4708664
2023-07-28 16:30:00;196.42000;196.42990;195.55000;195.59000;3638525
2023-07-28 15:30:00;196.20000;196.62601;196.089996;196.42110;3974600
2023-07-28 14:30:00;195.62000;196.44791;195.31000;196.20000;5859115
2023-07-28 13:30:00;194.67000;196.059998;194.14000;195.62000;10400275
2023-07-27 19:30:00;193.020004;193.56000;192.55000;193.23000;5973921
2023-07-27 18:30:00;193.72501;193.91000;192.83000;193.0099945;6333315
2023-07-27 17:30:00;195;195.11020;193.72000;193.73000;5380238
2023-07-27 16:30:00;196.30800;196.42999;194.96001;195.0099945;4224652
2023-07-27 15:30:00;196.14999;196.44000;195.71001;196.30499;4042621
2023-07-27 14:30:00;195.98000;196.64990;195.45000;196.14000;5725700
2023-07-27 13:30:00;196.020004;197.20000;195.82001;195.97000;10214797
2023-07-26 19:30:00;194.21001;194.85001;193.86000;194.52000;5099963
2023-07-26 18:30:00;194.25;195.64000;193.66000;194.21500;8674836
2023-07-26 17:30:00;194.34000;194.74001;193.94000;194.27000;3468186
2023-07-26 16:30:00;194.5;194.75;194.18500;194.36000;3052867
2023-07-26 15:30:00;194.24001;194.94000;194.22009;194.50999;2983508
2023-07-26 14:30:00;193.97231;194.72000;193.92999;194.24001;5368084
2023-07-26 13:30:00;193.67000;194.17999;193.32001;193.98000;7467392
2023-07-25 19:30:00;194.27000;194.32001;193.60001;193.63000;4388854
2023-07-25 18:30:00;194.13000;194.44000;193.91000;194.27499;5750817
2023-07-25 17:30:00;194.21001;194.25999;193.87000;194.12120;2495488
2023-07-25 16:30:00;193.75;194.23000;193.61501;194.20000;2658117
2023-07-25 15:30:00;193.83000;194.13000;193.61000;193.76469;3122238
2023-07-25 14:30:00;193.39500;193.98000;193.23000;193.82001;4007676
2023-07-25 13:30:00;193.36000;194.20000;192.91499;193.39500;7751435
2023-07-24 19:30:00;192.37230;192.78999;192.25;192.73500;3506994
2023-07-24 18:30:00;193.24249;193.25;192.35001;192.37000;3938200
2023-07-24 17:30:00;192.97000;193.45990;192.76500;193.24500;3096938
2023-07-24 16:30:00;193.17999;193.25;192.89000;192.98000;2855093
2023-07-24 15:30:00;193.25999;193.42010;192.83000;193.16499;8761338
2023-07-24 14:30:00;193.72780;193.82001;192.98000;193.27000;4325718
2023-07-24 13:30:00;193.41000;194.91000;192.96001;193.73000;12627793
2023-07-21 19:30:00;192.41000;192.46001;191.23000;191.92999;8490066
2023-07-21 18:30:00;192.73000;193.039993;192.13000;192.39999;3551173
2023-07-21 17:30:00;192.70000;193.22000;192.39000;192.72501;4254936
2023-07-21 16:30:00;192.62469;192.72000;191.96001;192.70000;4075783
2023-07-21 15:30:00;193.59500;193.77000;192.58000;192.60820;5628413
2023-07-21 14:30:00;192.86130;193.81000;192.81000;193.59500;5063006
2023-07-21 13:30:00;194.10001;194.97000;192.83000;192.87000;13229329
2023-07-20 19:30:00;192.54500;193.39999;192.52000;193.14000;6715292
2023-07-20 18:30:00;193.19000;193.49001;192.49500;192.54500;5840450
2023-07-20 17:30:00;194.25;194.55000;193.12000;193.19009;4183300
2023-07-20 16:30:00;194.58000;194.98000;193.88000;194.25999;5449410
2023-07-20 15:30:00;194.61000;195.58990;194.25999;194.62000;7531649
2023-07-20 14:30:00;194.90260;194.96500;193.95010;194.60001;7582116
2023-07-20 13:30:00;195.089996;196.47000;194.70200;194.90800;14270108
2023-07-19 19:30:00;195.37000;195.45000;194.92999;195.085007;4574533
2023-07-19 18:30:00;194.64999;195.72000;194.64000;195.38000;5464164
2023-07-19 17:30:00;194.34000;194.93010;194.065201;194.64500;5334040
2023-07-19 16:30:00;195.11000;195.70000;194.31000;194.34000;9643363
2023-07-19 15:30:00;193.13000;198.23000;193.10001;195.11000;26832033
2023-07-19 14:30:00;192.78000;193.39000;192.70000;193.13100;6477212
2023-07-19 13:30:00;193.10001;193.53999;192.64999;192.78000;9832539
2023-07-18 19:30:00;193.92000;194.33000;193.53999;193.73000;6945845
2023-07-18 18:30:00;193.77000;194.14771;193.53140;193.94000;5030580
2023-07-18 17:30:00;192.94000;193.78999;192.89999;193.75999;3752506
2023-07-18 16:30:00;192.70000;192.93990;192.41499;192.93500;4346575
2023-07-18 15:30:00;193.14500;193.25999;192.57001;192.70500;6601926
2023-07-18 14:30:00;193;193.65500;192.89000;193.14500;4922994
2023-07-18 13:30:00;193.35001;193.58000;192.79500;192.98500;9908873
2023-07-17 19:30:00;194.14000;194.25;193.70000;193.98000;6569725
2023-07-17 18:30:00;193.66499;194.32001;193.58000;194.14999;5312402
2023-07-17 17:30:00;193.080002;193.75999;192.95290;193.66499;5083166
2023-07-17 16:30:00;192.74001;193.080093;192.39999;193.080002;3253397
2023-07-17 15:30:00;193;193.28999;192.71500;192.75;3902109
2023-07-17 14:30:00;192.76500;193.14000;192.70500;193.0050049;4885166
2023-07-17 13:30:00;191.89999;193.45000;191.81000;192.76500;13716689
2023-07-14 19:30:00;190.27499;190.74001;190.16000;190.73000;5002552
2023-07-14 18:30:00;190.20000;190.42000;189.78000;190.27499;4052940
2023-07-14 17:30:00;190.010101;190.56500;189.95010;190.19000;3213789
2023-07-14 16:30:00;189.95000;190.14999;189.63000;190.014999;3352688
2023-07-14 15:30:00;190.36501;190.62000;189.89000;189.95000;3952148
2023-07-14 14:30:00;190.85001;191.039993;190.29500;190.36000;5242557
2023-07-14 13:30:00;190.23000;191.17990;190.10001;190.85001;10294954
2023-07-13 19:30:00;190.89000;191.080002;190.53000;190.53999;5590090
2023-07-13 18:30:00;190.59000;191.19000;190.5;190.89500;4419492
2023-07-13 17:30:00;190.66499;190.87920;190.53000;190.58000;2663247
2023-07-13 16:30:00;190.67000;190.84500;190.33000;190.66499;2845853
2023-07-13 15:30:00;190.17500;190.77000;190.039993;190.67500;3357584
2023-07-13 14:30:00;189.98500;190.77499;189.96001;190.17000;4629912
2023-07-13 13:30:00;190.5;191.095001;189.78000;189.98000;10603557
2023-07-12 19:30:00;189.87000;190.020004;189.57001;189.81000;5646874
2023-07-12 18:30:00;190.33000;190.40269;189.70000;189.86000;4608750
2023-07-12 17:30:00;189.85989;190.39000;189.75;190.34000;3367158
2023-07-12 16:30:00;189.15500;189.96001;189.10001;189.86000;4348900
2023-07-12 15:30:00;189.53000;189.69501;188.47000;189.15500;5926745
2023-07-12 14:30:00;190.35001;190.66000;189.22000;189.53000;7721602
2023-07-12 13:30:00;189.67999;191.70000;189.45000;190.35001;17951283
2023-07-11 19:30:00;187.13000;188.27000;186.97000;188.050507;6257248
2023-07-11 18:30:00;186.88499;187.39500;186.60001;187.13721;4325125
2023-07-11 17:30:00;187.40601;187.54781;186.70010;186.88100;5978219
2023-07-11 16:30:00;187.62000;187.78690;187.34000;187.41000;3590478
2023-07-11 15:30:00;187.71570;188.38000;187.25999;187.61501;5419136
2023-07-11 14:30:00;188.095001;188.56010;187.65500;187.71500;4854820
2023-07-11 13:30:00;189.16000;189.30000;187.45000;188.11000;10238697
2023-07-10 19:30:00;188.28999;188.78999;188.24001;188.63000;5920823
2023-07-10 18:30:00;188.61000;188.64999;188.10001;188.30000;4050702
2023-07-10 17:30:00;188.10001;188.70000;187.92000;188.61501;3814590
2023-07-10 16:30:00;187.55000;188.35001;187.5;188.089996;4559778
2023-07-10 15:30:00;187.86000;188.45140;187.035004;187.56200;6988062
2023-07-10 14:30:00;188.94009;189.045502;187.64000;187.86000;7459938
2023-07-10 13:30:00;189.25999;189.99001;187.14999;188.95990;17984222
2023-07-07 19:30:00;191.74001;191.92999;190.60001;190.71001;6160106
2023-07-07 18:30:00;192.40500;192.49001;191.74001;191.75;3801246
2023-07-07 17:30:00;192.56000;192.67000;192.16000;192.39999;3374342
2023-07-07 16:30:00;192.125;192.59000;192.12000;192.56000;4409437
2023-07-07 15:30:00;191.21001;192.25;191.18500;192.12990;5436113
2023-07-07 14:30:00;190.62000;191.28999;190.24001;191.20950;5013111
2023-07-07 13:30:00;191.41000;191.72000;190.62000;190.62000;10430202
2023-07-06 19:30:00;191.64999;192.020004;191.47000;191.78000;5150657
2023-07-06 18:30:00;191.020004;191.68500;190.99001;191.64000;3838019
2023-07-06 17:30:00;191.10989;191.44000;190.74001;191.029999;3683383
2023-07-06 16:30:00;190.93500;191.23000;190.88000;191.11000;3347231
2023-07-06 15:30:00;190.16010;191.0099945;190.16000;190.93500;4710270
2023-07-06 14:30:00;189.94000;190.25999;189.5;190.17000;5412613
2023-07-06 13:30:00;189.84000;190.46001;189.20000;189.94000;11240368
2023-07-05 19:30:00;191.36000;191.48990;191.23500;191.32001;3919002
2023-07-05 18:30:00;190.95000;191.44000;190.91000;191.35500;3543211
2023-07-05 17:30:00;190.98500;191.10500;190.62000;190.95000;3822763
2023-07-05 16:30:00;191.14999;191.30499;190.87000;190.99001;4563014
2023-07-05 15:30:00;191.44000;191.66000;190.67790;191.14160;5537328
2023-07-05 14:30:00;192.35001;192.73990;191.39000;191.43500;5687316
2023-07-05 13:30:00;191.95000;192.98000;191.89999;192.35001;12178355
2023-07-03 19:30:00;192.36;192.47;192.33;192.36;0
2023-07-03 18:30:00;192.49;192.49;192.31;192.36;0
2023-07-03 17:30:00;192.345;196.0125;192.27;192.46;0
2023-07-03 16:30:00;192.11000;192.57;192.0099945;192.345;6090479
2023-07-03 15:30:00;192.36000;192.5;192.039993;192.11501;3819693
2023-07-03 14:30:00;192.91499;192.92999;191.75999;192.35500;8432896
2023-07-03 13:30:00;193.78000;193.88000;192.80000;192.91499;12730490
2023-06-30 19:30:00;193.49001;194.48000;193.28000;193.80000;13053197
2023-06-30 18:30:00;193.029999;193.53990;192.89000;193.49001;7037910
2023-06-30 17:30:00;192.92970;193.18500;192.81500;193.024994;5792298
2023-06-30 16:30:00;192.58501;192.98500;192.5;192.92500;4763101
2023-06-30 15:30:00;192.38499;192.64999;191.98000;192.59000;6754890
2023-06-30 14:30:00;192.68500;192.86000;192.33501;192.38499;7580238
2023-06-30 13:30:00;191.63000;193.14999;191.25999;192.69000;19512129
2023-06-29 19:30:00;189.47000;189.62000;189.17000;189.59000;5234026
2023-06-29 18:30:00;189.66000;189.78999;189.32001;189.47760;3553394
2023-06-29 17:30:00;189.49001;189.73000;189.17999;189.65060;3426306
2023-06-29 16:30:00;189.67000;189.72000;189.11000;189.49001;2849181
2023-06-29 15:30:00;189.89000;189.91000;189.21001;189.67500;3916975
2023-06-29 14:30:00;189.46001;189.89999;188.94000;189.89000;5669341
2023-06-29 13:30:00;189.080002;190.070007;189.050003;189.47000;14305988
2023-06-28 19:30:00;189.0099945;189.28999;188.62000;189.28000;7056821
2023-06-28 18:30:00;189.37000;189.45000;188.36501;189.020004;4548141
2023-06-28 17:30:00;189.080002;189.53000;188.81000;189.36501;3627949
2023-06-28 16:30:00;189.30499;189.30499;188.28500;189.070007;5155494
2023-06-28 15:30:00;189.020004;189.89999;188.96001;189.30499;5291226
2023-06-28 14:30:00;188.42000;189.42970;188.26500;189.014999;7112288
2023-06-28 13:30:00;187.92999;188.63000;187.60001;188.42000;10639016
2023-06-27 19:30:00;188.30499;188.35500;187.96001;188.039993;5700927
2023-06-27 18:30:00;188.20000;188.39000;188.0099945;188.30499;4845018
2023-06-27 17:30:00;187.78999;188.24001;187.78999;188.19501;4551155
2023-06-27 16:30:00;187.47000;187.93671;187.45010;187.78500;5008131
2023-06-27 15:30:00;186.96001;187.5;186.78999;187.48000;5104192
2023-06-27 14:30:00;186.84000;186.96001;186.050003;186.95000;5372053
2023-06-27 13:30:00;185.89000;187.044205;185.67000;186.85001;10462350
2023-06-26 19:30:00;186.070007;186.18010;185.23000;185.30000;6606964
2023-06-26 18:30:00;185.98000;186.41000;185.92999;186.074997;4404264
2023-06-26 17:30:00;186;186.17000;185.72009;185.99001;3433029
2023-06-26 16:30:00;186.24001;186.38000;185.61000;185.98500;4231923
2023-06-26 15:30:00;186.53000;187.050003;185.97000;186.25;5254170
2023-06-26 14:30:00;187.75;187.84000;186.41000;186.53000;6070361
2023-06-26 13:30:00;186.83000;188.050003;186.34000;187.74980;9851788
2023-06-23 19:30:00;186.83000;187.25;186.50999;186.69000;6097018
2023-06-23 18:30:00;187.23000;187.27000;186.38000;186.81500;5161426
2023-06-23 17:30:00;187.33000;187.56000;187.10500;187.24001;3569247
2023-06-23 16:30:00;186.94000;187.47000;186.81000;187.33701;4696023
2023-06-23 15:30:00;186.086197;187.10001;185.94000;186.94000;4878533
2023-06-23 14:30:00;185.82001;186.39000;185.66000;186.080002;5418939
2023-06-23 13:30:00;185.55000;186.17999;185.0099945;185.83000;11222649
2023-06-22 19:30:00;186.42000;187.044998;186.28320;186.97000;6367886
2023-06-22 18:30:00;186.42500;186.73000;186.21001;186.41499;4345608
2023-06-22 17:30:00;185.75;186.57001;185.61060;186.42500;3775701
2023-06-22 16:30:00;186.070007;186.24001;185.60001;185.75;3135640
2023-06-22 15:30:00;186.24001;186.73000;185.73199;186.070007;5147460
2023-06-22 14:30:00;185.77000;186.67000;185.41000;186.25;8253421
2023-06-22 13:30:00;183.74001;185.88000;183.67000;185.77000;11517552
2023-06-21 19:30:00;184.5;184.53999;183.78999;183.96001;4489739
2023-06-21 18:30:00;185.10001;185.19920;184.37000;184.50500;3768476
2023-06-21 17:30:00;184.11031;185.11000;184.11000;185.10001;3581891
2023-06-21 16:30:00;184.070007;184.34000;183.87000;184.13000;3492541
2023-06-21 15:30:00;183.13000;184.080002;183.085007;184.065002;4681627
2023-06-21 14:30:00;184.11000;184.14000;182.59010;183.14000;7350639
2023-06-21 13:30:00;184.89999;185.41000;183.87000;184.12000;10613238
2023-06-20 19:30:00;185.34000;185.5;184.81000;185.020004;4861772
2023-06-20 18:30:00;185.77000;185.84500;185.13000;185.34000;3522844
2023-06-20 17:30:00;185.92000;186.029999;185.41499;185.77000;3535526
2023-06-20 16:30:00;185.55000;186.089996;185.49001;185.92999;4413993
2023-06-20 15:30:00;185.070007;185.60001;184.89999;185.55499;4348851
2023-06-20 14:30:00;184.82001;185.36000;184.50999;185.060104;5824330
2023-06-20 13:30:00;184.78999;186.10001;184.70000;184.81000;12001675
2023-06-16 19:30:00;184.92000;185.35001;184.27000;185.020004;8222976
2023-06-16 18:30:00;185.30000;185.30000;184.71001;184.91499;7609584
2023-06-16 17:30:00;185.81000;185.89999;185.20000;185.31000;3533783
2023-06-16 16:30:00;185.74001;186.029907;185.56660;185.80000;3300447
2023-06-16 15:30:00;185.48000;185.83000;185.30000;185.73010;4063413
2023-06-16 14:30:00;185.90010;186.13000;185.34000;185.48000;6124501
2023-06-16 13:30:00;186.73000;186.99001;184.96001;185.90820;28647546
2023-06-15 19:30:00;186.17500;186.37000;185.69000;186.020004;7305976
2023-06-15 18:30:00;185.81000;186.52000;185.69000;186.17999;8988386
2023-06-15 17:30:00;185.089996;185.85001;185.070007;185.80499;5120742
2023-06-15 16:30:00;185.20000;185.38000;184.55000;185.089996;4056078
2023-06-15 15:30:00;185.83000;185.95850;185.080002;185.20000;5704999
2023-06-15 14:30:00;185.84000;185.86000;185.11000;185.84000;6851510
2023-06-15 13:30:00;183.96001;185.84000;183.78000;185.84000;15625447
2023-06-14 19:30:00;183.52000;183.97000;182.95000;183.96001;5980488
2023-06-14 18:30:00;182.64999;184.20500;182.42000;183.50999;9483802
2023-06-14 17:30:00;183.73000;183.88000;182.020004;182.64999;6767181
2023-06-14 16:30:00;184.11990;184.16000;183.50999;183.73000;3219852
2023-06-14 15:30:00;184.20000;184.39000;183.84000;184.11501;3624409
2023-06-14 14:30:00;184.23000;184.39000;183.52000;184.21001;6385805
2023-06-14 13:30:00;183.37000;184.28000;182.91000;184.22501;11407710
2023-06-13 19:30:00;182.97501;183.38000;182.92000;183.31000;4278763
2023-06-13 18:30:00;182.84000;183.13000;182.44000;182.98000;5788039
2023-06-13 17:30:00;183.029999;183.14000;182.72000;182.84000;4160728
2023-06-13 16:30:00;183.17999;183.55000;182.88499;183.020798;4892930
2023-06-13 15:30:00;183.39999;183.46899;182.96010;183.17000;5328589
2023-06-13 14:30:00;182.77000;183.75050;182.46001;183.39999;6083400
2023-06-13 13:30:00;183.19000;184.14999;182.62000;182.75999;15976207
2023-06-12 19:30:00;183.30000;183.89000;183.19000;183.84000;7125628
2023-06-12 18:30:00;182.71500;183.48000;182.70000;183.30901;5613491
2023-06-12 17:30:00;182.53990;182.81000;182.42000;182.71001;3217543
2023-06-12 16:30:00;182.28500;182.66000;182.27299;182.53999;3437292
2023-06-12 15:30:00;182.020004;182.53000;182.020004;182.27499;4522372
2023-06-12 14:30:00;181.60001;182.11000;181.43010;182.014999;5286320
2023-06-12 13:30:00;181.5;182.039993;180.97000;181.60001;8944353
2023-06-09 19:30:00;181.48000;181.53000;180.73000;181.039993;5566987
2023-06-09 18:30:00;182.0099945;182.089996;181.31000;181.49001;4584495
2023-06-09 17:30:00;181.67000;182.23000;181.60001;182.0099030;3856950
2023-06-09 16:30:00;181.17000;181.70000;180.94000;181.66000;3456759
2023-06-09 15:30:00;181.22501;181.53011;180.63000;181.16000;5180506
2023-06-09 14:30:00;181.92000;182.10001;180.98000;181.23000;6831450
2023-06-09 13:30:00;181.5;182.19000;181.24001;181.92000;11693845
2023-06-08 19:30:00;180.25;180.84000;180.21001;180.53999;6364520
2023-06-08 18:30:00;179.95000;180.28999;179.73000;180.25500;6062694
2023-06-08 17:30:00;179.46500;179.98000;179.0099945;179.94501;3800213
2023-06-08 16:30:00;179.96001;179.97000;179.39999;179.47000;3644123
2023-06-08 15:30:00;179.23940;180;179.14000;179.96989;5797046
2023-06-08 14:30:00;178.49001;179.42999;178.39000;179.23911;5780209
2023-06-08 13:30:00;177.89500;178.75;177.46001;178.47000;10752927
2023-06-07 19:30:00;178.059998;178.20000;177.42390;177.82001;7942141
2023-06-07 18:30:00;178.029999;178.5;177.60001;178.065002;4820318
2023-06-07 17:30:00;177.70000;178.28500;177.32001;178.029999;4518693
2023-06-07 16:30:00;178.37000;178.72000;177.61000;177.69000;6202735
2023-06-07 15:30:00;178.97501;179.61000;178.17999;178.37000;5282564
2023-06-07 14:30:00;179.28000;179.52000;178.49001;178.97501;7540828
2023-06-07 13:30:00;178.44000;181.21001;178.22000;179.28000;15472050
2023-06-06 19:30:00;179.42000;179.55991;179.050003;179.16000;5394387
2023-06-06 18:30:00;179.32500;179.70000;179.13000;179.41000;4416033
2023-06-06 17:30:00;178.71851;179.39999;178.61040;179.32001;6019459
2023-06-06 16:30:00;178.68500;178.78999;178.029999;178.71500;6695641
2023-06-06 15:30:00;177.79500;179.11000;177.75011;178.69000;6983928
2023-06-06 14:30:00;178.95000;179.21230;177.66499;177.78999;9164963
2023-06-06 13:30:00;179.96500;180.12000;177.42999;178.94000;19961232
2023-06-05 19:30:00;179.53000;179.78999;178.77000;179.60001;10221616
2023-06-05 18:30:00;183.070007;183.16000;178.035004;179.52499;32366050
2023-06-05 17:30:00;184.11501;184.31500;182.029999;183.068298;18354521
2023-06-05 16:30:00;184.56000;184.95100;183.91000;184.11400;10792850
2023-06-05 15:30:00;184.22501;184.72000;183.99001;184.55040;9277523
2023-06-05 14:30:00;183.72000;184.36000;183.63000;184.23000;11622832
2023-06-05 13:30:00;182.34000;183.99001;182.25999;183.71001;22093278
2023-06-02 19:30:00;180.75;181.10001;180.61000;180.96001;6889023
2023-06-02 18:30:00;180.45000;181.039993;180.39999;180.75500;5691505
2023-06-02 17:30:00;180.58670;180.77000;180.059998;180.45990;4856063
2023-06-02 16:30:00;180.67500;181.0099945;180.53000;180.59000;4333772
2023-06-02 15:30:00;180.50999;181.049896;180.41000;180.67000;5864150
2023-06-02 14:30:00;179.74001;180.64000;179.64000;180.5;6783430
2023-06-02 13:30:00;181.029999;181.78000;179.25999;179.73000;17788376
2023-06-01 19:30:00;179.78000;180.12000;179.22000;180.10500;7892939
2023-06-01 18:30:00;179.88000;180.12000;179.56000;179.78000;7701103
2023-06-01 17:30:00;179.61310;180;179.48000;179.875;5405111
2023-06-01 16:30:00;179.80000;180;179.47000;179.61000;6109496
2023-06-01 15:30:00;179.48500;179.96500;179.22000;179.80000;5809474
2023-06-01 14:30:00;178.11000;179.64500;178;179.48000;9190497
2023-06-01 13:30:00;177.53999;178.36000;176.93060;178.10001;11739353
2023-05-31 19:30:00;178.72000;179.30000;176.75999;177.42000;15136509
2023-05-31 18:30:00;179.16991;179.20000;178.29201;178.71790;5736214
2023-05-31 17:30:00;178.89999;179.30000;178.74001;179.16991;5884978
2023-05-31 16:30:00;178.75;179;178.46001;178.89000;4280363
2023-05-31 15:30:00;178.32001;179.070007;178.24001;178.74271;5948418
2023-05-31 14:30:00;177.89999;178.60001;177.42000;178.32001;8131349
2023-05-31 13:30:00;177.67999;179.35001;177.50999;177.89500;15606000
2023-05-30 19:30:00;177.53000;177.68500;176.81000;177.33000;5728683
2023-05-30 18:30:00;177.59740;177.85001;177.25;177.52000;4423073
2023-05-30 17:30:00;177.14999;177.66000;176.59000;177.59010;4515429
2023-05-30 16:30:00;177.23000;177.97501;177.14000;177.14999;5398241
2023-05-30 15:30:00;177.23500;177.78000;177.089996;177.22220;4148445
2023-05-30 14:30:00;177.63000;177.81990;176.75040;177.24001;6669634
2023-05-30 13:30:00;176.70000;178.99001;176.61720;177.61110;17259163
2023-05-26 19:30:00;175.375;175.66499;175.21001;175.38000;6954668
2023-05-26 18:30:00;175.014999;175.45000;174.96010;175.38000;4818859
2023-05-26 17:30:00;175.39000;175.48500;174.84000;175.014999;5433745
2023-05-26 16:30:00;175.30499;175.53000;175.059998;175.38499;3991301
2023-05-26 15:30:00;175.029999;175.53999;175;175.30870;5137763
2023-05-26 14:30:00;175.36000;175.77000;174.88000;175.029999;7465117
2023-05-26 13:30:00;173.32001;175.39000;173.11000;175.34500;11173543
2023-05-25 19:30:00;173.63710;173.85880;172.86000;173.014999;5345327
2023-05-25 18:30:00;173.35001;173.70000;172.70000;173.63499;4964268
2023-05-25 17:30:00;173.20000;173.89500;173.089996;173.35001;4312619
2023-05-25 16:30:00;173.60001;173.73000;172.84000;173.20000;5264427
2023-05-25 15:30:00;172.27499;173.60500;171.75500;173.60010;5506892
2023-05-25 14:30:00;171.93500;172.80000;171.69501;172.27000;5758310
2023-05-25 13:30:00;172.41000;173.22000;171.69000;171.92999;12361185
2023-05-24 19:30:00;172.11000;172.41830;171.64999;171.83000;5226602
2023-05-24 18:30:00;171.17999;172.20000;171.029999;172.10500;4470318
2023-05-24 17:30:00;171.17999;171.80000;171.10010;171.19000;3712102
2023-05-24 16:30:00;170.63499;171.38000;170.53500;171.17500;4633934
2023-05-24 15:30:00;171.37000;171.42999;170.59000;170.63499;4092197
2023-05-24 14:30:00;171.16000;171.67999;170.94000;171.37000;5376065
2023-05-24 13:30:00;171.089996;172.27000;170.52000;171.16000;10301421
2023-05-23 19:30:00;171.62000;172.020004;171.49001;171.55000;7035036
2023-05-23 18:30:00;171.65500;171.94000;171.27499;171.61951;4832024
2023-05-23 17:30:00;172.070007;172.33980;171.5;171.65500;5434710
2023-05-23 16:30:00;172.59000;172.64861;171.77000;172.074997;5390209
2023-05-23 15:30:00;173.020004;173.039993;172.52000;172.60001;4741797
2023-05-23 14:30:00;172.85001;173.17999;172.68500;173.014999;4470307
2023-05-23 13:30:00;173.13000;173.37939;172.55000;172.85001;9736295
2023-05-22 19:30:00;174.23000;174.5;174.035004;174.24001;4250875
2023-05-22 18:30:00;174.32001;174.62000;174.10001;174.22000;4006348
2023-05-22 17:30:00;174.23000;174.52000;174.089996;174.32001;3217043
2023-05-22 16:30:00;174.14500;174.39000;173.87000;174.22000;4605162
2023-05-22 15:30:00;174.48000;174.55000;173.92999;174.16000;4041203
2023-05-22 14:30:00;174.20000;174.60001;173.60001;174.48880;5485289
2023-05-22 13:30:00;173.98000;174.71001;173.45000;174.19200;12346138
2023-05-19 19:30:00;175.14000;175.36000;174.94000;175.19000;5450597
2023-05-19 18:30:00;175.24120;175.60001;175.12109;175.13000;4243260
2023-05-19 17:30:00;175.74001;175.89000;175.10001;175.23219;3935160
2023-05-19 16:30:00;175.42999;175.78999;175.085007;175.73500;5485062
2023-05-19 15:30:00;175.46001;175.98000;175.21001;175.44000;6329706
2023-05-19 14:30:00;175.875;176.26500;175.39999;175.47591;7766285
2023-05-19 13:30:00;176.059998;176.14000;175.42000;175.88000;12660382
2023-05-18 19:30:00;174.50999;175.24001;174.48000;175.066193;9507299
2023-05-18 18:30:00;174.11000;174.69000;174.11000;174.5;5800615
2023-05-18 17:30:00;174.28000;174.44000;173.67999;174.11000;4395642
2023-05-18 16:30:00;174.37000;174.85001;174.13000;174.28000;4949014
2023-05-18 15:30:00;174.66499;175.0099945;174.16000;174.36000;7994440
2023-05-18 14:30:00;173.67999;174.72000;173.56000;174.66000;8639422
2023-05-18 13:30:00;173;173.85500;172.58000;173.67000;13910631
2023-05-17 19:30:00;172.36000;172.92500;172.32001;172.64999;5302466
2023-05-17 18:30:00;172.42000;172.59000;171.94000;172.35001;5049559
2023-05-17 17:30:00;172.039993;172.86000;171.86000;172.40849;7086324
2023-05-17 16:30:00;171.14000;172.12000;170.96001;172.039993;6324707
2023-05-17 15:30:00;170.84000;171.27000;170.73000;171.13499;3931938
2023-05-17 14:30:00;171.029999;171.16000;170.47000;170.84669;5955054
2023-05-17 13:30:00;171.75999;172.14999;170.42010;171.021698;13804752
2023-05-16 19:30:00;172.66000;172.69701;172.029999;172.080002;4450643
2023-05-16 18:30:00;171.89999;172.72501;171.86780;172.66499;4941525
2023-05-16 17:30:00;172.16000;172.35001;171.79910;171.89999;2879231
2023-05-16 16:30:00;172.24899;172.35500;171.97000;172.16110;2846276
2023-05-16 15:30:00;172.31000;172.50999;171.83000;172.25;3982831
2023-05-16 14:30:00;172.41000;172.57001;171.88000;172.31000;5885074
2023-05-16 13:30:00;171.99001;173.13831;171.98500;172.41000;12609254
2023-05-15 19:30:00;171.81000;172.18500;171.75270;172.13000;3742603
2023-05-15 18:30:00;171.82500;171.91000;171.66000;171.81219;2998745
2023-05-15 17:30:00;171.82950;172.020004;171.52499;171.81500;3550691
2023-05-15 16:30:00;172.17300;172.30000;171.83000;171.85001;3243442
2023-05-15 15:30:00;172.25999;172.42999;171.97000;172.17870;3028790
2023-05-15 14:30:00;171.84000;172.42000;171.80009;172.27000;5670696
2023-05-15 13:30:00;173.16000;173.21001;171.47000;171.84290;9423023
2023-05-12 19:30:00;171.91000;172.62000;171.90500;172.56000;5265382
2023-05-12 18:30:00;171.33000;171.92999;171.17999;171.90010;5318972
2023-05-12 17:30:00;171.77000;171.97501;171;171.33000;4597136
2023-05-12 16:30:00;171.92999;172.19000;171.31500;171.77499;4645213
2023-05-12 15:30:00;172.48500;172.72000;171.92999;171.94501;4830042
2023-05-12 14:30:00;172.69000;172.97501;172.33000;172.48000;5603315
2023-05-12 13:30:00;173.67999;174.059998;172.50999;172.69000;9900308
2023-05-11 19:30:00;174.074997;174.14999;173.5;173.81000;4250305
2023-05-11 18:30:00;173.99989;174.59000;173.86000;174.089996;6007254
2023-05-11 17:30:00;173.47000;174;173.059998;173.99010;4089255
2023-05-11 16:30:00;173.67000;174.024994;173.38000;173.47000;4415832
2023-05-11 15:30:00;173.69501;173.91499;173.25999;173.66000;5325734
2023-05-11 14:30:00;172.67000;173.70000;172.30000;173.70000;6827208
2023-05-11 13:30:00;173.85001;173.96001;172.17000;172.67000;11552802
2023-05-10 19:30:00;173.64000;173.91000;173.34000;173.55499;5349524
2023-05-10 18:30:00;172.625;173.84000;172.61000;173.63000;6304643
2023-05-10 17:30:00;172.020004;172.84000;171.89999;172.62000;4067612
2023-05-10 16:30:00;173.17210;173.30000;171.98000;172.029999;4412739
2023-05-10 15:30:00;173.30000;173.83000;172.78999;173.17751;5334991
2023-05-10 14:30:00;173.051895;173.42000;172.28999;173.29010;6608451
2023-05-10 13:30:00;173.020004;174.029999;172.55000;173.050003;13192537
2023-05-09 19:30:00;171.97000;172.23500;171.60001;171.78000;6390735
2023-05-09 18:30:00;172.27000;172.35760;171.85001;171.96500;3458267
2023-05-09 17:30:00;172.21001;172.33980;171.96001;172.27000;3038422
2023-05-09 16:30:00;172.054993;172.48000;172.020004;172.20500;3808782
2023-05-09 15:30:00;172.28999;172.39990;171.81000;172.059097;4798870
2023-05-09 14:30:00;172.53000;172.64000;172.14500;172.28040;5427003
2023-05-09 13:30:00;173.050003;173.53999;172.25999;172.52000;13477160
2023-05-08 19:30:00;173.39999;173.67999;173.37000;173.52499;4325310
2023-05-08 18:30:00;173.59500;173.80000;173.21001;173.40500;4103527
2023-05-08 17:30:00;173.64000;173.85001;172.96001;173.59990;4800282
2023-05-08 16:30:00;173.75;173.77000;173.35001;173.63000;3478646
2023-05-08 15:30:00;173.23000;173.82001;173.14999;173.74500;4840841
2023-05-08 14:30:00;173.37000;173.63000;172.72009;173.22060;7617220
2023-05-08 13:30:00;172.48000;173.82001;172.11000;173.36000;17789341
2023-05-05 19:30:00;173.74500;174;173.35001;173.61000;9648644
2023-05-05 18:30:00;174.074997;174.30000;173.30000;173.74500;9440655
2023-05-05 17:30:00;173.64500;174.092499;173.64240;174.080002;7532263
2023-05-05 16:30:00;173.26500;173.64000;173.21001;173.64000;8455275
2023-05-05 15:30:00;173.84000;174.050003;173.23000;173.25999;9567592
2023-05-05 14:30:00;173.37000;174.20000;173.17999;173.83771;17236581
2023-05-05 13:30:00;170.97501;173.75;170.75999;173.36501;40825650
2023-05-04 19:30:00;165.67500;166.34000;165.38210;165.78999;9133137
2023-05-04 18:30:00;165.53000;165.97000;165.080002;165.67340;7567595
2023-05-04 17:30:00;166.67500;166.90500;165.51010;165.53281;5400963
2023-05-04 16:30:00;166.21001;167.039993;165.95000;166.67261;5244652
2023-05-04 15:30:00;165.94000;166.23000;165.42999;166.21001;5049232
2023-05-04 14:30:00;165.25500;166.88000;165.13029;165.93500;9036370
2023-05-04 13:30:00;164.89000;165.77000;164.31000;165.25;16477924
2023-05-03 19:30:00;168.14000;168.21989;167.16000;167.46001;6914097
2023-05-03 18:30:00;170.25;170.75999;168.12000;168.14999;11104300
2023-05-03 17:30:00;170.15990;170.60001;169.37000;170.24500;5903150
2023-05-03 16:30:00;169.71001;170.28999;169.57001;170.16000;4108514
2023-05-03 15:30:00;169.31000;169.95000;169.23000;169.70000;3962052
2023-05-03 14:30:00;170.080002;170.28000;169.17999;169.30499;5450759
2023-05-03 13:30:00;169.5;170.92000;169.49001;170.080093;13863244
2023-05-02 19:30:00;168.97000;168.98000;168.39000;168.55000;4533993
2023-05-02 18:30:00;168.47000;169.28000;168.46001;168.96500;4225611
2023-05-02 17:30:00;168.80000;168.95000;168.34500;168.47000;3490502
2023-05-02 16:30:00;168.11000;168.92990;168.085205;168.81000;4457949
2023-05-02 15:30:00;167.82001;168.22990;167.53999;168.11011;5390529
2023-05-02 14:30:00;168.66991;168.73000;167.70000;167.81689;7793406
2023-05-02 13:30:00;170.089996;170.35001;168.48500;168.71001;11320203
2023-05-01 19:30:00;169.70000;169.89999;169.25;169.56000;5100536
2023-05-01 18:30:00;169.89999;169.96001;169.20000;169.69099;5042479
2023-05-01 17:30:00;170.13000;170.41000;169.82001;169.91991;3838143
2023-05-01 16:30:00;169.98500;170.45000;169.98500;170.14000;5044388
2023-05-01 15:30:00;169.14000;170.19000;169.050995;169.97501;4752404
2023-05-01 14:30:00;169.044998;169.83000;168.64000;169.13000;6766083
2023-05-01 13:30:00;169.28000;170.28999;169.020004;169.044998;13041419
2023-04-28 19:30:00;168.82001;169.71001;168.78999;169.69000;6355413
2023-04-28 18:30:00;168.29500;169.029999;168.12000;168.81500;5164773
2023-04-28 17:30:00;168.75999;168.76230;168.14999;168.29500;4261421
2023-04-28 16:30:00;168.66200;168.89000;168.33000;168.75999;3941944
2023-04-28 15:30:00;168.30000;168.97000;168.20000;168.67000;4346847
2023-04-28 14:30:00;169.83000;169.85001;168.029999;168.28999;8034793
2023-04-28 13:30:00;168.49001;169.85001;167.88010;169.83850;12916118
2023-04-27 19:30:00;168.28500;168.56000;168.22000;168.42999;9301827
2023-04-27 18:30:00;167.45500;168.53000;167.44000;168.28500;8267350
2023-04-27 17:30:00;167.28999;167.49001;167.14000;167.45000;4938962
2023-04-27 16:30:00;166.77000;167.34500;166.71500;167.28999;3999650
2023-04-27 15:30:00;166.71001;167.089996;166.39999;166.76500;5197075
2023-04-27 14:30:00;166.27000;166.90500;166.12000;166.68990;6625763
2023-04-27 13:30:00;165.19000;166.41000;165.19000;166.25500;13198033
2023-04-26 19:30:00;163.64000;164.19000;163.36099;163.73000;6388204
2023-04-26 18:30:00;163.75500;163.80000;163.31000;163.63000;3759754
2023-04-26 17:30:00;164.17999;164.19000;163.35001;163.75999;3810347
2023-04-26 16:30:00;165.029999;165.039993;164.041000;164.17999;3322966
2023-04-26 15:30:00;164.62000;165.28000;164.39999;165.029999;4267382
2023-04-26 14:30:00;163.31000;164.88499;163.27000;164.62000;5346521
2023-04-26 13:30:00;163.054993;164.26930;162.80000;163.31059;10929371
2023-04-25 19:30:00;164.12000;164.24030;163.73000;163.80000;6241008
2023-04-25 18:30:00;164.33000;164.53000;163.98000;164.12000;4554327
2023-04-25 17:30:00;164.33000;164.46001;163.75;164.32060;4086358
2023-04-25 16:30:00;164.64999;164.82001;163.80000;164.34000;4814784
2023-04-25 15:30:00;165.21001;165.22820;164.58000;164.63000;4779770
2023-04-25 14:30:00;165.34000;165.64999;164.99001;165.22000;5688844
2023-04-25 13:30:00;165.19000;166.30499;165.050003;165.34000;11065224
2023-04-24 19:30:00;165.34500;165.60001;165.089996;165.35001;5466874
2023-04-24 18:30:00;165.17999;165.44000;164.98000;165.34500;3545167
2023-04-24 17:30:00;164.78000;165.44000;164.73000;165.17220;4091286
2023-04-24 16:30:00;164.33000;164.88000;164.28900;164.78000;3636932
2023-04-24 15:30:00;164.17999;164.35001;164;164.34000;3806953
2023-04-24 14:30:00;165.28500;165.37000;163.89999;164.17999;6618963
2023-04-24 13:30:00;165;165.47000;164.41000;165.29880;8842929
2023-04-21 19:30:00;164.95500;165.059998;164.69000;165.020004;5729815
2023-04-21 18:30:00;165.27850;165.36000;164.71500;164.95750;5904830
2023-04-21 17:30:00;164.79990;165.36501;164.71001;165.27499;4894574
2023-04-21 16:30:00;164.92500;165.21001;164.67999;164.79750;3937902
2023-04-21 15:30:00;165.10001;165.42000;164.81000;164.92909;4565047
2023-04-21 14:30:00;165.37000;165.46001;164.49001;165.089996;7607893
2023-04-21 13:30:00;165.27000;166.45210;164.67000;165.37981;18256910
2023-04-20 19:30:00;165.625;166.67000;165.625;166.65060;6040920
2023-04-20 18:30:00;166.86000;166.89000;165.56000;165.62000;7583842
2023-04-20 17:30:00;167.61000;167.75;166.83000;166.87000;4191123
2023-04-20 16:30:00;167.41000;167.87000;167.38000;167.60091;4255283
2023-04-20 15:30:00;167.14240;167.53999;166.89999;167.41000;4665466
2023-04-20 14:30:00;167.039993;167.27000;166.50999;167.14000;5632264
2023-04-20 13:30:00;166.47000;167.39999;166.34200;167.039993;11948379
2023-04-19 19:30:00;167.75999;167.86000;167.17000;167.62000;5147022
2023-04-19 18:30:00;167.89999;168.080002;167.67000;167.77000;4234353
2023-04-19 17:30:00;167.92999;168.050003;167.59000;167.89999;3833227
2023-04-19 16:30:00;167.82001;168.16000;167.63000;167.92000;4911847
2023-04-19 15:30:00;167.14000;167.89000;167.0028076;167.81500;7213880
2023-04-19 14:30:00;166.63950;167.38000;166.58000;167.14230;7260231
2023-04-19 13:30:00;165.80000;166.64999;165.53999;166.64000;9851524
2023-04-18 19:30:00;166.37000;166.69009;166.050003;166.44141;4662103
2023-04-18 18:30:00;166.64000;166.74001;166;166.38000;4426921
2023-04-18 17:30:00;165.92000;166.74001;165.86000;166.64000;4311261
2023-04-18 16:30:00;166.20000;166.32001;165.67999;165.92500;3733289
2023-04-18 15:30:00;166.080002;166.22501;165.64999;166.19501;4350934
2023-04-18 14:30:00;166.23000;166.27000;165.78999;166.070007;5520660
2023-04-18 13:30:00;166.039093;167.41000;165.85001;166.22501;14246097
2023-04-17 19:30:00;165.18480;165.34000;165.10001;165.26500;4670528
2023-04-17 18:30:00;164.39000;165.20000;164.24010;165.18021;4421143
2023-04-17 17:30:00;164.62120;164.75999;164.24500;164.39999;2486878
2023-04-17 16:30:00;164.25;164.75;164.14500;164.62981;2941467
2023-04-17 15:30:00;164.57001;164.61000;164.050003;164.24010;4002080
2023-04-17 14:30:00;164.51500;164.95000;164.074493;164.59000;4924943
2023-04-17 13:30:00;165.089996;165.39000;164.029999;164.50999;12067415
2023-04-14 19:30:00;164.94000;165.28000;164.83000;165.23000;4814166
2023-04-14 18:30:00;164.96500;165.57001;164.39999;164.93500;5419636
2023-04-14 17:30:00;164.28500;164.99001;164;164.96001;4127390
2023-04-14 16:30:00;164.42000;164.60001;163.82001;164.28500;4287182
2023-04-14 15:30:00;165.029999;165.10500;164.32001;164.42999;3895128
2023-04-14 14:30:00;164.99001;165.47990;164.57500;165.028107;5369066
2023-04-14 13:30:00;164.59000;166.32001;164.52000;164.97000;14134119
2023-04-13 19:30:00;165.47000;165.80000;165.22009;165.59000;9225390
2023-04-13 18:30:00;165.19000;165.58000;164.95000;165.47000;6680634
2023-04-13 17:30:00;164.42999;165.38000;164.42999;165.19000;7870488
2023-04-13 16:30:00;163.94490;164.42999;163.89000;164.42500;6469241
2023-04-13 15:30:00;163.42999;163.99001;163.31000;163.94991;5060795
2023-04-13 14:30:00;163.44000;163.67999;163.11000;163.42999;5808095
2023-04-13 13:30:00;161.63000;163.58000;161.42000;163.43781;15143920
2023-04-12 19:30:00;159.84500;160.34599;159.78000;160.11000;6026074
2023-04-12 18:30:00;160.91000;160.98000;159.78000;159.85001;6326656
2023-04-12 17:30:00;161.53999;161.74001;160.77000;160.91000;4032320
2023-04-12 16:30:00;161.48000;161.80190;161.27071;161.53000;3538109
2023-04-12 15:30:00;160.95000;161.72000;160.81000;161.48000;4709788
2023-04-12 14:30:00;161.92000;162.050003;160.26500;160.96001;6593856
2023-04-12 13:30:00;161.22000;162.059998;160.49001;161.91499;12008831
2023-04-11 19:30:00;161.33000;161.38499;160.55000;160.80000;6308637
2023-04-11 18:30:00;161.71001;161.81000;161.27831;161.33000;3765072
2023-04-11 17:30:00;161.41560;161.83000;161.31000;161.71069;4299346
2023-04-11 16:30:00;161.12000;161.52000;160.84000;161.41170;4141413
2023-04-11 15:30:00;160.89999;161.23010;160.50999;161.11990;4322884
2023-04-11 14:30:00;161.16000;161.20000;160.59000;160.90990;6083197
2023-04-11 13:30:00;162;162.12000;160.56000;161.14999;11628279
2023-04-10 19:30:00;161.59000;162.029999;161.55000;162.029999;4775505
2023-04-10 18:30:00;161.72000;161.79900;161.42999;161.58920;3666530
2023-04-10 17:30:00;161.57001;161.84000;161.31000;161.71500;3461730
2023-04-10 16:30:00;160.83000;161.61310;160.82001;161.56990;4302297
2023-04-10 15:30:00;161.14079;161.61000;160.60001;160.82080;4330948
2023-04-10 14:30:00;160.16000;161.39999;160.14500;161.13499;6669628
2023-04-10 13:30:00;161.42000;162;160.080002;160.15500;15225797
2023-04-06 19:30:00;164.52000;164.75990;164.32001;164.64999;4488051
2023-04-06 18:30:00;164.81000;164.94000;164.47000;164.51500;3861450
2023-04-06 17:30:00;164.34000;164.87000;164.34000;164.81000;3602132
2023-04-06 16:30:00;164.58000;164.87000;164.30000;164.34000;3647754
2023-04-06 15:30:00;164.24001;164.95840;164.0099945;164.58000;5322915
2023-04-06 14:30:00;163.31680;164.37000;163.10001;164.23180;6580732
2023-04-06 13:30:00;162.42999;163.33000;162;163.32001;10141310
2023-04-05 19:30:00;163.25999;163.95000;163.21001;163.75;5867999
2023-04-05 18:30:00;162.69000;163.39999;162.67000;163.25500;4789126
2023-04-05 17:30:00;162.87000;163.11920;162.64999;162.69760;4269002
2023-04-05 16:30:00;162.20000;162.97000;161.80000;162.87000;5932860
2023-04-05 15:30:00;163.28000;163.52000;162.11000;162.23000;6697154
2023-04-05 14:30:00;164.12000;164.18010;163.21001;163.28000;6399365
2023-04-05 13:30:00;164.74001;165.050003;163.98000;164.12010;11569841
2023-04-04 19:30:00;165.34000;165.66000;165.11000;165.66000;4728239
2023-04-04 18:30:00;165.76500;165.89999;165.33000;165.34801;4209995
2023-04-04 17:30:00;166.070099;166.21001;165.75999;165.76010;3446184
2023-04-04 16:30:00;165.82001;166.23000;165.71500;166.079895;3564877
2023-04-04 15:30:00;166.14000;166.41560;165.59010;165.83000;5053437
2023-04-04 14:30:00;166.25999;166.49001;165.75;166.14999;5737140
2023-04-04 13:30:00;166.59500;166.84000;165.41800;166.25;10581474
2023-04-03 19:30:00;165.69000;166.28999;165.67500;166.10001;7698972
2023-04-03 18:30:00;164.91000;165.88000;164.89999;165.69501;6979786
2023-04-03 17:30:00;164.54500;164.95000;164.48000;164.91350;3700243
2023-04-03 16:30:00;164.60001;164.80000;164.31000;164.55000;5969870
2023-04-03 15:30:00;164.64000;164.78900;164.39000;164.60001;3712297
2023-04-03 14:30:00;165.36000;165.63000;164.32001;164.63000;6706007
2023-04-03 13:30:00;164.27000;165.89000;164.22000;165.36000;13675305
2023-03-31 19:30:00;164.88000;165;164.125;164.84000;12697522
2023-03-31 18:30:00;164.074997;164.94000;164;164.88000;8018199
2023-03-31 17:30:00;163.88000;164.17500;163.64999;164.074997;4040886
2023-03-31 16:30:00;163.88499;164.074997;163.57001;163.88499;6106203
2023-03-31 15:30:00;163.097504;163.89999;162.92000;163.89000;4921522
2023-03-31 14:30:00;162.56500;163.17000;162.52000;163.096207;5734423
2023-03-31 13:30:00;162.44000;163.089996;161.91000;162.56000;10075277
2023-03-30 19:30:00;162.125;162.38000;161.99001;162.37000;4577619
2023-03-30 18:30:00;162.16000;162.33180;161.86000;162.13000;4277487
2023-03-30 17:30:00;161.84000;162.17999;161.36000;162.15421;4893782
2023-03-30 16:30:00;162.0099945;162.089996;161.62000;161.84000;3941896
2023-03-30 15:30:00;162.089996;162.22501;161.89999;162.0059967;4894361
2023-03-30 14:30:00;162.33501;162.47000;161.98000;162.089996;6120263
2023-03-30 13:30:00;161.53000;162.42999;161.27100;162.34000;11996383
2023-03-29 19:30:00;160.82001;161.050003;160.55000;160.78000;6140298
2023-03-29 18:30:00;160.20000;160.92000;160.10001;160.83000;6295750
2023-03-29 17:30:00;160.42999;160.44000;159.89999;160.19501;3991973
2023-03-29 16:30:00;159.92130;160.46001;159.80000;160.42000;4571850
2023-03-29 15:30:00;159.88000;160.059998;159.50999;159.92999;4204303
2023-03-29 14:30:00;159.80499;160;159.35001;159.87190;5313066
2023-03-29 13:30:00;159.37000;160.30000;159.35001;159.80600;12500844
2023-03-28 19:30:00;157.0050049;157.73000;156.79500;157.67000;5217589
2023-03-28 18:30:00;156.52000;157.17999;156.34500;157.0099945;4631311
2023-03-28 17:30:00;156.45000;156.57080;155.98000;156.51500;4772436
2023-03-28 16:30:00;156.78000;156.83000;156.38000;156.45500;3376398
2023-03-28 15:30:00;156.60001;157.029999;156.53999;156.77600;4469906
2023-03-28 14:30:00;157.029999;157.029999;156.080002;156.60001;6359762
2023-03-28 13:30:00;157.97000;158.49001;156.55000;157.024994;10602770
2023-03-27 19:30:00;158.92999;158.97000;157.97000;158.30000;5420026
2023-03-27 18:30:00;158.64000;159.21001;158.63341;158.92999;4975454
2023-03-27 17:30:00;158.37000;158.84000;158.11000;158.63550;4043390
2023-03-27 16:30:00;158.76871;158.83000;157.87000;158.35001;4900803
2023-03-27 15:30:00;159.49770;159.56000;158.22000;158.76990;5977826
2023-03-27 14:30:00;159.92000;160.080002;159.39000;159.49001;5700418
2023-03-27 13:30:00;159.94000;160.77000;159.45000;159.92999;12048609
2023-03-24 19:30:00;159.84500;160.34000;159.73000;160.25;5565818
2023-03-24 18:30:00;159.56911;160.059998;159.36000;159.84000;6036315
2023-03-24 17:30:00;159.32001;159.67000;158.92000;159.56000;5226881
2023-03-24 16:30:00;158.39999;159.44000;158.28999;159.33000;4832442
2023-03-24 15:30:00;158.29500;159.47000;158.050003;158.39999;6354109
2023-03-24 14:30:00;159.029999;159.39999;158.11000;158.28999;7887401
2023-03-24 13:30:00;158.86000;159.56000;157.85001;159.020004;13919150
2023-03-23 19:30:00;158.35001;159.64000;158.089996;158.89000;8035519
2023-03-23 18:30:00;158.67999;159.5;157.67999;158.36000;10771785
2023-03-23 17:30:00;159.82001;160.27000;158.67500;158.67999;5767958
2023-03-23 16:30:00;160.86749;161.020004;159.62000;159.82001;5687272
2023-03-23 15:30:00;160.62000;161;160.36000;160.86909;7999254
2023-03-23 14:30:00;160.37869;161.55009;160.12000;160.61000;7860417
2023-03-23 13:30:00;158.83000;160.70000;158.73000;160.37000;13390625
2023-03-22 19:30:00;160.57001;160.64999;157.81000;157.81000;10251323
2023-03-22 18:30:00;161.19501;162.14000;159.020004;160.53999;14735950
2023-03-22 17:30:00;160.050003;161.52000;159.95000;161.19000;8520545
2023-03-22 16:30:00;159.61000;160.050003;159.47000;160.039993;4227507
2023-03-22 15:30:00;160.22000;160.50999;159.61040;159.61501;5325560
2023-03-22 14:30:00;160.059998;160.41000;159.89000;160.22000;6850994
2023-03-22 13:30:00;159.25999;160.13000;159.11800;160.059998;11937109
2023-03-21 19:30:00;158.92000;159.39999;158.77010;159.39999;7347690
2023-03-21 18:30:00;158.48000;159.059998;158.41000;158.91499;7470334
2023-03-21 17:30:00;158.69000;159.10001;158.33000;158.47501;6305694
2023-03-21 16:30:00;157.99001;158.82001;157.68010;158.68500;7188415
2023-03-21 15:30:00;157.57001;158.10001;157.044998;157.99001;6896404
2023-03-21 14:30:00;157.38499;157.69000;156.53999;157.56000;8617572
2023-03-21 13:30:00;157.32001;158.39000;157;157.38499;14981632
2023-03-20 19:30:00;157.33000;157.82001;157.20000;157.46001;7352791
2023-03-20 18:30:00;157.53500;157.82001;157.12000;157.34050;6896937
2023-03-20 17:30:00;157.41251;157.80499;157.082993;157.53130;6977359
2023-03-20 16:30:00;155.95000;157.55000;155.91499;157.41991;8434442
2023-03-20 15:30:00;156.83000;156.88000;155.73500;155.96001;7070531
2023-03-20 14:30:00;155.33000;156.88000;155.080002;156.83009;9976813
2023-03-20 13:30:00;155.070007;155.42999;154.14999;155.34669;13652367
2023-03-17 19:30:00;155.11000;155.42999;154.75999;155.0050049;7054936
2023-03-17 18:30:00;154.98000;155.22000;154.39000;155.12000;7384205
2023-03-17 17:30:00;155.55000;156.029907;154.88000;154.98000;5076463
2023-03-17 16:30:00;155.24001;155.85001;154.95500;155.56000;5547154
2023-03-17 15:30:00;154.67999;155.39999;154.38000;155.23000;5681335
2023-03-17 14:30:00;155.13000;155.5;154.28000;154.66499;8460679
2023-03-17 13:30:00;156.080002;156.74001;154.88000;155.12000;30972964
2023-03-16 19:30:00;156.25500;156.32001;155.60001;155.91000;9093390
2023-03-16 18:30:00;155.47000;156.46001;155.059998;156.25500;9260800
2023-03-16 17:30:00;155;155.5;154.75;155.47681;5875030
2023-03-16 16:30:00;154.81000;155.25999;154.36000;155;7843624
2023-03-16 15:30:00;154.38670;155.49001;154.050003;154.81000;10591266
2023-03-16 14:30:00;153.21001;154.59000;152.84000;154.36000;11385991
2023-03-16 13:30:00;152.16000;153.53000;151.64000;153.23000;11604691
2023-03-15 19:30:00;152.64999;153.0099945;151.62000;152.99001;8340050
2023-03-15 18:30:00;152.48000;153.24500;152.24001;152.66000;10325055
2023-03-15 17:30:00;151.59000;153.089996;151.34000;152.5;8293601
2023-03-15 16:30:00;150.81000;151.66000;150.44930;151.59000;5879273
2023-03-15 15:30:00;150.82001;151.84840;150.43500;150.81000;7017158
2023-03-15 14:30:00;150.53999;151.28999;149.92000;150.82001;9484639
2023-03-15 13:30:00;151.19000;151.80000;150.46001;150.60001;15164766
2023-03-14 19:30:00;150.86000;152.81000;150.69000;152.52000;9862257
2023-03-14 18:30:00;151.36000;151.64000;150.10001;150.86501;7044880
2023-03-14 17:30:00;151.81000;152.16000;150.42999;151.36340;9334131
2023-03-14 16:30:00;152.70500;152.90500;151.23000;151.81500;8382202
2023-03-14 15:30:00;153.059998;153.39999;152.50130;152.71001;5963721
2023-03-14 14:30:00;152.77000;153.32001;152.61000;153.070007;6615878
2023-03-14 13:30:00;151.28000;153.029999;151.17999;152.78000;13096773
2023-03-13 19:30:00;151.050003;151.62000;150.35001;150.46001;7584423
2023-03-13 18:30:00;152.22000;152.70000;150.82001;151.029999;8326041
2023-03-13 17:30:00;151.23000;152.53999;150.88000;152.23000;7277370
2023-03-13 16:30:00;152.23000;152.58459;150.99001;151.24001;7754303
2023-03-13 15:30:00;152.56000;153.14000;151.98000;152.24001;10554648
2023-03-13 14:30:00;150.87000;152.66000;150.19000;152.56000;14034018
2023-03-13 13:30:00;147.80499;151.47000;147.70000;150.85001;19414091
2023-03-10 20:30:00;148.38000;148.66000;147.60960;148.48000;7694963
2023-03-10 19:30:00;147.92000;149;147.92000;148.38000;8724811
2023-03-10 18:30:00;148.39999;148.84000;147.84000;147.92999;7827750
2023-03-10 17:30:00;149.42000;150;148.19000;148.39999;6154939
2023-03-10 16:30:00;150.44000;150.94000;149.039993;149.42000;6395381
2023-03-10 15:30:00;149.46500;150.62000;149.17000;150.44000;8235266
2023-03-10 14:30:00;150.21001;150.50999;148.89000;149.45320;14801756
2023-03-09 20:30:00;150.45830;151.17990;150.28000;150.55000;6866805
2023-03-09 19:30:00;151.63499;151.89999;150.22501;150.43010;7095795
2023-03-09 18:30:00;152.64000;152.64000;151.50999;151.62910;6196535
2023-03-09 17:30:00;154.14000;154.19501;152.52000;152.64740;5143486
2023-03-09 16:30:00;154.10001;154.45129;153.56889;154.13020;4590630
2023-03-09 15:30:00;154;154.50999;153.70000;154.095001;5840997
2023-03-09 14:30:00;153.55901;154.53500;152.94881;153.98531;11083107
2023-03-08 20:30:00;152.25;153.25999;152.21001;152.89000;5494277
2023-03-08 19:30:00;152.79060;152.98959;152.070007;152.24001;4687956
2023-03-08 18:30:00;152.34000;152.81000;152.050003;152.80000;3976027
2023-03-08 17:30:00;152.73000;153.054993;152.25;152.33501;4530420
2023-03-08 16:30:00;152.60001;153.47000;152.35001;152.75;5428318
2023-03-08 15:30:00;152.64000;153.21001;152.33000;152.59000;5894074
2023-03-08 14:30:00;152.81000;153.10001;151.83000;152.63921;12650535
2023-03-07 20:30:00;151.18500;151.77000;151.16000;151.58000;5417717
2023-03-07 19:30:00;151.49001;151.66499;151.13000;151.19000;5085163
2023-03-07 18:30:00;152.48170;152.69000;151.46220;151.49890;5383014
2023-03-07 17:30:00;152.64909;152.73000;152.10001;152.49170;4502109
2023-03-07 16:30:00;152.25;153.089905;151.80000;152.64990;7494087
2023-03-07 15:30:00;152.45100;153.63000;152.080002;152.25500;8148638
2023-03-07 14:30:00;153.70000;154.029907;151.78000;152.44501;13856837
2023-03-06 20:30:00;153.95000;154.14999;153.70000;153.87000;6458258
2023-03-06 19:30:00;154.25999;154.5;153.80000;153.94000;8073065
2023-03-06 18:30:00;155.10001;155.17999;154.0099945;154.27000;8207483
2023-03-06 17:30:00;155.90010;155.90010;154.84151;155.10989;9004771
2023-03-06 16:30:00;155.39500;156.30000;155.31351;155.90500;9117520
2023-03-06 15:30:00;155.031006;156.070007;154.75999;155.39999;14445246
2023-03-06 14:30:00;153.78500;155.25;153.46001;155.029999;24176158
2023-03-03 20:30:00;150.91000;151.11000;150.53000;151.10001;7447622
2023-03-03 19:30:00;150.75999;150.97000;150.62019;150.92000;6227515
2023-03-03 18:30:00;150.10500;150.81000;149.91000;150.75999;5696300
2023-03-03 17:30:00;149.91499;150.32001;149.60010;150.10139;6588836
2023-03-03 16:30:00;149.57500;150.029999;149.25999;149.91420;6663071
2023-03-03 15:30:00;150.14000;150.17000;149.375;149.57001;7392346
2023-03-03 14:30:00;148.044998;150.16000;147.33000;150.14999;18325087
2023-03-02 20:30:00;146.19000;146.71001;145.73000;145.92000;6892951
2023-03-02 19:30:00;145.88000;146.31000;145.56470;146.19420;5203158
2023-03-02 18:30:00;144.55000;145.99001;144.53999;145.87410;6814616
2023-03-02 17:30:00;144.36000;144.66000;144.22150;144.56000;3689055
2023-03-02 16:30:00;144.20000;144.61839;143.97141;144.36000;3840456
2023-03-02 15:30:00;144.56000;144.73151;144.13000;144.21001;5188570
2023-03-02 14:30:00;144.38000;144.78999;143.89999;144.55000;11433306
2023-03-01 20:30:00;145.22501;145.67999;145.0099945;145.32001;7316984
2023-03-01 19:30:00;145.37000;145.68600;145.17999;145.22501;5940132
2023-03-01 18:30:00;145.97000;146.014999;145.35001;145.36000;3845998
2023-03-01 17:30:00;146.42999;146.61000;145.95000;145.97000;3283961
2023-03-01 16:30:00;145.95500;146.88000;145.74001;146.42000;4800965
2023-03-01 15:30:00;145.66000;146.77000;145.41000;145.95000;8160193
2023-03-01 14:30:00;146.83000;147.22850;145.49001;145.67000;11988279
2023-02-28 20:30:00;148.080002;148.12000;147.37000;147.39999;6697301
2023-02-28 19:30:00;148.62000;148.75999;148.0099945;148.070007;4017257
2023-02-28 18:30:00;148.95750;149.080002;148.53000;148.62000;3495507
2023-02-28 17:30:00;148.32001;148.97000;148.21001;148.96001;3807007
2023-02-28 16:30:00;147.91000;148.41000;147.62000;148.31599;3345779
2023-02-28 15:30:00;147.26500;148.17999;147.080002;147.92000;4745552
2023-02-28 14:30:00;147.050003;148;146.83000;147.25999;9811555
2023-02-27 20:30:00;148.15891;148.17000;147.70000;147.92000;4927027
2023-02-27 19:30:00;148.40500;148.59000;147.85500;148.15010;3966879
2023-02-27 18:30:00;148.47000;148.79010;148.050095;148.41000;4292739
2023-02-27 17:30:00;148.10001;148.64999;147.95700;148.45500;3829430
2023-02-27 16:30:00;147.85001;148.16000;147.45000;148.10001;4242081
2023-02-27 15:30:00;148.72000;148.75900;147.57010;147.84990;6487458
2023-02-27 14:30:00;147.71001;149.17000;147.70000;148.71001;10241803
2023-02-24 20:30:00;146.11501;146.80000;145.80499;146.71001;7118032
2023-02-24 19:30:00;146.12000;146.69000;145.77000;146.12000;5418948
2023-02-24 18:30:00;146.22000;146.37000;145.89000;146.11000;4236554
2023-02-24 17:30:00;146.25999;146.43820;145.72020;146.21500;4256702
2023-02-24 16:30:00;146.39999;146.89999;146.059998;146.25101;4694128
2023-02-24 15:30:00;146.28999;146.58000;145.73000;146.39000;7016244
2023-02-24 14:30:00;147.11000;147.19000;146.12000;146.28999;13191997
2023-02-23 20:30:00;149.79500;149.92999;149.33000;149.42000;4784040
2023-02-23 19:30:00;149.22000;149.86000;149.10500;149.79500;5088130
2023-02-23 18:30:00;147.80000;149.28000;147.64999;149.20000;4822876
2023-02-23 17:30:00;147.46001;147.91000;147.42999;147.79300;3491078
2023-02-23 16:30:00;147.82001;147.99001;147.24001;147.46660;5903380
2023-02-23 15:30:00;148.83501;149.039902;147.64999;147.81000;6934642
2023-02-23 14:30:00;150.089996;150.34000;148.72009;148.84990;11048319
2023-02-22 20:30:00;148.38499;149.0099945;148.18500;148.92999;4863652
2023-02-22 19:30:00;148.96001;149.089996;148.21001;148.38000;5855631
2023-02-22 18:30:00;149.38000;149.95000;148.57001;148.96001;6387735
2023-02-22 17:30:00;148.12219;149.42999;148.12219;149.375;5593234
2023-02-22 16:30:00;147.88000;148.34000;147.69000;148.11011;3430459
2023-02-22 15:30:00;147.48000;148.39999;147.16000;147.86000;4923309
2023-02-22 14:30:00;148.87000;149.5;147.17999;147.49001;12261014
2023-02-21 20:30:00;148.59000;148.94000;148.41000;148.48000;6257434
2023-02-21 19:30:00;148.88499;149.17999;148.40500;148.59000;5258657
2023-02-21 18:30:00;149.47000;149.67000;148.86000;148.88499;4355696
2023-02-21 17:30:00;149.69000;150.14999;149.31000;149.46001;4008993
2023-02-21 16:30:00;149.50500;149.99001;149.36000;149.68250;11282822
2023-02-21 15:30:00;149.69000;150.30000;149.42000;149.50999;6080759
2023-02-21 14:30:00;150.20000;151.30000;149.64999;149.69080;13401333
2023-02-17 20:30:00;152.024994;152.55000;151.96500;152.53999;6163775
2023-02-17 19:30:00;151.68300;152.63000;151.68300;152.035004;6262859
2023-02-17 18:30:00;151;151.99500;150.85001;151.67999;4544771
2023-02-17 17:30:00;151.70500;151.79500;150.85001;150.99001;4674409
2023-02-17 16:30:00;151.66000;152.17000;151.37000;151.71001;7663522
2023-02-17 15:30:00;152;152.67999;151.49001;151.65010;6446297
2023-02-17 14:30:00;152.35001;153;151.5;152.020004;14954345
2023-02-16 20:30:00;154.31000;154.39999;153.59000;153.69000;8129389
2023-02-16 19:30:00;156.14500;156.33000;154.31000;154.31000;7747850
2023-02-16 18:30:00;155.86000;156.24001;155.72000;156.14740;4991437
2023-02-16 17:30:00;155.41949;156.19000;155.36000;155.84990;6957037
2023-02-16 16:30:00;155.25;155.5;154.75;155.41000;5845277
2023-02-16 15:30:00;154.74500;155.46001;154.62000;155.24989;7543852
2023-02-16 14:30:00;153.50999;154.92500;153.34750;154.75;14372084
2023-02-15 20:30:00;154.85001;155.38000;154.67000;155.36000;5077930
2023-02-15 19:30:00;155.24001;155.47000;154.72169;154.84990;5836076
2023-02-15 18:30:00;154.38000;155.32550;154.14999;155.23210;6005631
2023-02-15 17:30:00;154.65021;154.98000;153.5;154.375;9116165
2023-02-15 16:30:00;154.64500;155.5;154.36000;154.64999;8318793
2023-02-15 15:30:00;153.73000;154.71001;153.57001;154.64500;7944390
2023-02-15 14:30:00;153.11000;154.52000;152.88000;153.72000;17518299
2023-02-14 20:30:00;153.26500;153.73000;153.14000;153.16000;5069230
2023-02-14 19:30:00;153.13000;153.57001;152.94991;153.26961;4288542
2023-02-14 18:30:00;152.77000;153.30000;152.42999;153.13499;4533964
2023-02-14 17:30:00;151.88530;153.22000;151.75;152.75;5258398
2023-02-14 16:30:00;151.55000;152.23000;151.039993;151.88989;6071721
2023-02-14 15:30:00;152.94000;153.080002;151.095001;151.54179;9556671
2023-02-14 14:30:00;152.12000;153.77000;151;152.94000;16759731
2023-02-13 20:30:00;153.63020;153.98000;153.45000;153.84000;7284051
2023-02-13 19:30:00;153.38000;153.64000;152.75999;153.63150;6576720
2023-02-13 18:30:00;153.96500;154.17000;153.30000;153.38000;4465162
2023-02-13 17:30:00;154.070007;154.25;153.47000;153.96001;7099146
2023-02-13 16:30:00;153.14230;154.25999;152.96780;154.069901;7625166
2023-02-13 15:30:00;152.36000;153.21001;152.0099945;153.14500;8021968
2023-02-13 14:30:00;150.95200;152.58000;150.92000;152.42999;10399473
2023-02-10 20:30:00;150.47000;151.15500;150.46001;151.020004;5473908
2023-02-10 19:30:00;150.24001;150.82001;150.010101;150.47000;10144994
2023-02-10 18:30:00;150.77000;150.82240;150.23000;150.23500;4697046
2023-02-10 17:30:00;149.75999;151.11501;149.70000;150.75999;4847214
2023-02-10 16:30:00;150.30000;150.34990;149.42999;149.76300;5297795
2023-02-10 15:30:00;150.78000;150.91000;150;150.28540;6544760
2023-02-10 14:30:00;149.46001;151.34010;149.22000;150.78000;13142989
2023-02-09 20:30:00;150.96001;151.48000;150.42000;150.88000;6910407
2023-02-09 19:30:00;151.95000;152.19000;150.89000;150.97000;5347497
2023-02-09 18:30:00;152.46400;152.75999;151.86000;151.96001;4075026
2023-02-09 17:30:00;153.11259;153.17999;152.10001;152.44000;5059737
2023-02-09 16:30:00;152.88989;153.61000;152.73000;153.11000;5297646
2023-02-09 15:30:00;152.82010;153.49001;152.60001;152.87000;7669585
2023-02-09 14:30:00;153.77499;154.33000;152.64999;152.82001;12097075
2023-02-08 20:30:00;151.64000;152.16000;151.49001;151.97000;7809358
2023-02-08 19:30:00;151.92160;152.30000;151.56500;151.64000;5550754
2023-02-08 18:30:00;151.66000;152.31000;151.22000;151.92000;4939326
2023-02-08 17:30:00;152.035004;152.14000;151.16800;151.66000;5053884
2023-02-08 16:30:00;152.039993;152.31000;151.46001;152.029999;7178370
2023-02-08 15:30:00;152.95000;153.45020;151.71001;152.044998;9540908
2023-02-08 14:30:00;153.88000;154.58000;152.76010;152.96001;13451943
2023-02-07 20:30:00;154.29491;155.22000;154.070007;154.64000;9987136
2023-02-07 19:30:00;153.67999;154.58000;153.42999;154.29980;7891728
2023-02-07 18:30:00;152.88000;153.92999;151.36000;153.64999;10254069
2023-02-07 17:30:00;152.63000;155.23000;152.38000;152.88000;12540851
2023-02-07 16:30:00;153.19000;153.59990;152.52000;152.63000;4700526
2023-02-07 15:30:00;152.13550;153.36501;152.10010;153.18739;8491407
2023-02-07 14:30:00;150.64000;152.92500;150.64000;152.13840;17771975
2023-02-06 20:30:00;150.99001;151.88000;150.78000;151.67999;6625473
2023-02-06 19:30:00;152.36000;152.37000;150.97501;150.99001;6877993
2023-02-06 18:30:00;151.81500;152.52000;151.58501;152.36000;5410941
2023-02-06 17:30:00;152.20050;152.78999;151.80000;151.81000;5495889
2023-02-06 16:30:00;152.89999;153.10001;151.81000;152.21001;5735783
2023-02-06 15:30:00;151.38000;153.059998;150.89999;152.89011;9330799
2023-02-06 14:30:00;152.57500;153.10001;151.33990;151.37000;20867801
2023-02-03 20:30:00;154.89999;155.14999;154.30000;154.5;9470588
2023-02-03 19:30:00;155.17709;155.69000;154.089996;154.90500;11381156
2023-02-03 18:30:00;155.029999;155.84000;154.41000;155.17999;11586022
2023-02-03 17:30:00;156.28999;156.41000;154.26500;155.059998;11647019
2023-02-03 16:30:00;156.5;157.20000;155.49001;156.28000;15694873
2023-02-03 15:30:00;156.22501;157.38000;155.30499;156.49210;24235107
2023-02-03 14:30:00;148.029999;156.77000;147.83000;156.22000;54883974
2023-02-02 20:30:00;149.59500;150.92000;149.51019;150.91000;11000533
2023-02-02 19:30:00;150.23000;150.31000;148.72000;149.59500;12655171
2023-02-02 18:30:00;149.95000;151.17999;149.91270;150.23000;9743731
2023-02-02 17:30:00;149.92000;150.30499;149.63000;149.95000;7965694
2023-02-02 16:30:00;150.039993;150.44000;149.42999;149.91560;8783555
2023-02-02 15:30:00;148.98000;150.5;148.94000;150.033997;18836671
2023-02-02 14:30:00;148.89999;149.50999;148.17000;148.97000;20864893
2023-02-01 20:30:00;145.53500;146.61000;145.13000;145.46001;11475417
2023-02-01 19:30:00;142.39000;145.60001;141.32001;145.53000;17228593
2023-02-01 18:30:00;142.020004;143.19000;141.52000;142.39000;7713862
2023-02-01 17:30:00;141.95171;142.27000;141.84000;142.0099945;4542380
2023-02-01 16:30:00;142.91000;143.0050049;141.72000;141.96001;6492856
2023-02-01 15:30:00;142.97000;143.27499;142.33000;142.91000;7542626
2023-02-01 14:30:00;143.97000;144;142.59000;142.96001;11912462
2023-01-31 20:30:00;143.30000;144.34000;143.12000;144.28999;8519107
2023-01-31 19:30:00;143.83000;144.039993;143.25999;143.30499;5273359
2023-01-31 18:30:00;143.42000;143.91000;143.29990;143.82500;3694091
2023-01-31 17:30:00;143.52000;143.66000;143.16000;143.41499;3376057
2023-01-31 16:30:00;143.53500;143.64000;142.98000;143.53500;4771951
2023-01-31 15:30:00;143.19000;143.59000;142.80000;143.52499;6094808
2023-01-31 14:30:00;142.70000;143.75;142.28000;143.17000;13897777
2023-01-30 20:30:00;143.059998;143.52000;142.85001;143.0099945;7361646
2023-01-30 19:30:00;143.15500;143.51700;142.88100;143.054993;7635052
2023-01-30 18:30:00;143.49001;143.58990;143.0099945;143.14999;5611784
2023-01-30 17:30:00;143.67500;143.82001;143.17000;143.49780;5194773
2023-01-30 16:30:00;143.87000;144.25999;143.14999;143.67500;5936729
2023-01-30 15:30:00;144.19000;144.32001;143.37000;143.88000;7590500
2023-01-30 14:30:00;144.95500;145.55000;143.85001;144.19000;13901478
2023-01-27 20:30:00;146.95000;147.23000;145.80000;145.97000;8420616
2023-01-27 19:30:00;146.78000;147.16000;146.50999;146.96001;8446803
2023-01-27 18:30:00;146.20000;146.95000;146.16000;146.77150;7702095
2023-01-27 17:30:00;146.37781;146.82500;145.99001;146.18500;5256673
2023-01-27 16:30:00;145.25999;146.89000;145.17000;146.36220;8921295
2023-01-27 15:30:00;145.42999;145.52499;144.38000;145.25;8296505
2023-01-27 14:30:00;143.15500;145.5;143.080002;145.42999;14582887
2023-01-26 20:30:00;143.51500;144.039993;143.38000;143.94000;6619001
2023-01-26 19:30:00;143.53500;143.75999;143.25;143.52000;4884505
2023-01-26 18:30:00;142.87000;143.83250;142.87000;143.53011;5382072
2023-01-26 17:30:00;142.86000;143.080002;142.49001;142.86000;3765959
2023-01-26 16:30:00;142.35001;143.27000;142.19000;142.87000;4829127
2023-01-26 15:30:00;143.52499;143.64999;141.89999;142.36000;6984718
2023-01-26 14:30:00;143.17000;144.25;142.67000;143.52499;14281273
2023-01-25 20:30:00;141.83540;141.95000;141.27499;141.85001;5601835
2023-01-25 19:30:00;141.60001;142.42999;141.37000;141.83000;8008251
2023-01-25 18:30:00;141.080002;141.97000;140.85001;141.60001;6263579
2023-01-25 17:30:00;140.23000;141.12000;140.14999;141.079895;4471550
2023-01-25 16:30:00;140.10001;140.84000;139.89999;140.22000;7037671
2023-01-25 15:30:00;139.83000;140.42999;138.81000;140.10001;10423253
2023-01-25 14:30:00;140.89000;141.089996;139.46001;139.82001;17164855
2023-01-24 20:30:00;142.42999;142.72000;141.90500;142.53000;6031661
2023-01-24 19:30:00;142.66010;142.80000;142.19000;142.42020;5266527
