datetime;open;high;low;close
2025-12-02 16:00:00;1.32018;1.32032;1.31878;1.31956
2025-12-02 15:00:00;1.321;1.3212;1.31864;1.32022
2025-12-02 14:00:00;1.32043;1.32132;1.32015;1.32105
2025-12-02 13:00:00;1.32081;1.32091;1.31975;1.32048
2025-12-02 12:00:00;1.32006;1.32096;1.31965;1.32085
2025-12-02 11:00:00;1.31935;1.32014;1.31933;1.32006
2025-12-02 10:00:00;1.32147;1.32149;1.31821;1.31938
2025-12-02 09:00:00;1.32112;1.32206;1.31992;1.32148
2025-12-02 08:00:00;1.32158;1.3219;1.32082;1.32113
2025-12-02 07:00:00;1.32137;1.32202;1.32098;1.32158
2025-12-02 06:00:00;1.32147;1.32165;1.32079;1.32138
2025-12-02 05:00:00;1.3216;1.32173;1.32117;1.32146
2025-12-02 04:00:00;1.32178;1.3222;1.32159;1.32159
2025-12-02 03:00:00;1.32159;1.32184;1.32134;1.32177
2025-12-02 02:00:00;1.32122;1.32176;1.32105;1.32158
2025-12-02 01:00:00;1.32062;1.32145;1.32032;1.32121
2025-12-02 00:00:00;1.32091;1.3212;1.32058;1.32059
2025-12-01 23:00:00;1.32116;1.32136;1.32083;1.32091
2025-12-01 22:00:00;1.32121;1.32188;1.32101;1.32117
2025-12-01 21:00:00;1.3213;1.32168;1.32111;1.32122
2025-12-01 20:00:00;1.32109;1.32155;1.32098;1.32132
2025-12-01 19:00:00;1.3216;1.32164;1.32091;1.32111
2025-12-01 18:00:00;1.32238;1.32281;1.32127;1.32162
2025-12-01 17:00:00;1.32271;1.32321;1.32226;1.32241
2025-12-01 16:00:00;1.32531;1.32537;1.32213;1.32274
2025-12-01 15:00:00;1.325;1.32589;1.32321;1.32534
2025-12-01 14:00:00;1.32685;1.32689;1.32439;1.32504
2025-12-01 13:00:00;1.32678;1.32746;1.32606;1.32686
2025-12-01 12:00:00;1.32322;1.32697;1.32322;1.3268
2025-12-01 11:00:00;1.32289;1.32369;1.32221;1.32325
2025-12-01 10:00:00;1.32312;1.32335;1.32194;1.3229
2025-12-01 09:00:00;1.32134;1.32356;1.32118;1.32313
2025-12-01 08:00:00;1.3223;1.32284;1.32064;1.32135
2025-12-01 07:00:00;1.32152;1.32344;1.32122;1.3223
2025-12-01 06:00:00;1.32263;1.32268;1.3211;1.32151
2025-12-01 05:00:00;1.32286;1.32313;1.32247;1.32269
2025-12-01 04:00:00;1.32304;1.32338;1.32263;1.32287
2025-12-01 03:00:00;1.32278;1.32312;1.32227;1.32303
2025-12-01 02:00:00;1.32396;1.32398;1.32256;1.32276
2025-12-01 01:00:00;1.32385;1.32463;1.32332;1.32399
2025-12-01 00:00:00;1.32393;1.32434;1.32372;1.32386
2025-11-30 23:00:00;1.32312;1.32483;1.32312;1.32393
2025-11-30 22:00:00;1.32271;1.32381;1.32261;1.32312
2025-11-28 21:00:00;1.32435;1.32454;1.32337;1.32349
2025-11-28 20:00:00;1.32445;1.32478;1.32426;1.32437
2025-11-28 19:00:00;1.3236;1.32452;1.3236;1.32448
2025-11-28 18:00:00;1.3238;1.32386;1.32315;1.32364
2025-11-28 17:00:00;1.32368;1.3239;1.32278;1.32383
2025-11-28 16:00:00;1.32489;1.32498;1.3236;1.32372
2025-11-28 15:00:00;1.32284;1.32514;1.32084;1.32493
2025-11-28 14:00:00;1.32258;1.32304;1.32166;1.32289
2025-11-28 13:00:00;1.3218;1.32288;1.32127;1.32261
2025-11-28 12:00:00;1.32049;1.32202;1.3202;1.32182
2025-11-28 11:00:00;1.32104;1.32127;1.32029;1.3205
2025-11-28 10:00:00;1.32115;1.32137;1.32037;1.32105
2025-11-28 09:00:00;1.32033;1.32288;1.32023;1.32116
2025-11-28 08:00:00;1.32126;1.32138;1.32032;1.32033
2025-11-28 07:00:00;1.32178;1.32199;1.32117;1.32126
2025-11-28 06:00:00;1.32327;1.32334;1.32175;1.32179
2025-11-28 05:00:00;1.32387;1.32412;1.32284;1.32328
2025-11-28 04:00:00;1.32409;1.32429;1.32349;1.32386
2025-11-28 03:00:00;1.32344;1.3244;1.3234;1.32408
2025-11-28 02:00:00;1.32307;1.32393;1.32305;1.3234
2025-11-28 01:00:00;1.32362;1.3243;1.32287;1.32305
2025-11-28 00:00:00;1.32406;1.32449;1.32328;1.32362
2025-11-27 23:00:00;1.32365;1.32418;1.32362;1.32407
2025-11-27 22:00:00;1.32393;1.3241;1.32338;1.32366
2025-11-27 21:00:00;1.32367;1.32409;1.32367;1.32394
2025-11-27 20:00:00;1.32376;1.32387;1.32359;1.32369
2025-11-27 19:00:00;1.32361;1.32383;1.32341;1.32378
2025-11-27 18:00:00;1.32352;1.32389;1.3234;1.32363
2025-11-27 17:00:00;1.32425;1.32455;1.32305;1.32358
2025-11-27 16:00:00;1.32501;1.32553;1.32395;1.32429
2025-11-27 15:00:00;1.32358;1.32513;1.32337;1.32506
2025-11-27 14:00:00;1.32428;1.32445;1.32305;1.32359
2025-11-27 13:00:00;1.32334;1.32482;1.32327;1.3243
2025-11-27 12:00:00;1.32312;1.32343;1.3226;1.32336
2025-11-27 11:00:00;1.32264;1.32314;1.32211;1.32313
2025-11-27 10:00:00;1.32144;1.32274;1.32131;1.32265
2025-11-27 09:00:00;1.32236;1.32237;1.321;1.32144
2025-11-27 08:00:00;1.32381;1.32444;1.3219;1.32237
2025-11-27 07:00:00;1.32447;1.3245;1.32306;1.32379
2025-11-27 06:00:00;1.32609;1.32636;1.32416;1.32448
2025-11-27 05:00:00;1.3257;1.32697;1.32569;1.3261
2025-11-27 04:00:00;1.32569;1.32678;1.32538;1.3257
2025-11-27 03:00:00;1.32508;1.32584;1.32487;1.32569
2025-11-27 02:00:00;1.32566;1.32627;1.32502;1.32508
2025-11-27 01:00:00;1.32497;1.32599;1.32483;1.32564
2025-11-27 00:00:00;1.32448;1.32505;1.32442;1.32497
2025-11-26 23:00:00;1.32403;1.32482;1.32397;1.32449
2025-11-26 22:00:00;1.32433;1.32443;1.32367;1.32405
2025-11-26 21:00:00;1.32355;1.32435;1.32345;1.32435
2025-11-26 20:00:00;1.3235;1.32412;1.32323;1.32357
2025-11-26 19:00:00;1.3233;1.32372;1.32311;1.32353
2025-11-26 18:00:00;1.32243;1.32336;1.32241;1.32333
2025-11-26 17:00:00;1.32261;1.32299;1.32175;1.32246
2025-11-26 16:00:00;1.32262;1.3236;1.32205;1.32263
2025-11-26 15:00:00;1.32007;1.32336;1.31977;1.32265
2025-11-26 14:00:00;1.31867;1.32053;1.31867;1.32008
2025-11-26 13:00:00;1.31877;1.32198;1.31786;1.31872
2025-11-26 12:00:00;1.3179;1.31909;1.31302;1.31876
2025-11-26 11:00:00;1.31624;1.3192;1.31507;1.3179
2025-11-26 10:00:00;1.31726;1.31771;1.3159;1.31625
2025-11-26 09:00:00;1.31713;1.31804;1.31696;1.31726
2025-11-26 08:00:00;1.3177;1.31872;1.31701;1.31712
2025-11-26 07:00:00;1.31869;1.31939;1.31679;1.31768
2025-11-26 06:00:00;1.31905;1.3199;1.31848;1.31866
2025-11-26 05:00:00;1.31886;1.31912;1.31863;1.31903
2025-11-26 04:00:00;1.31967;1.31974;1.31879;1.31887
2025-11-26 03:00:00;1.31877;1.31974;1.31873;1.31966
2025-11-26 02:00:00;1.31813;1.31928;1.31777;1.31876
2025-11-26 01:00:00;1.3166;1.31864;1.31658;1.31814
2025-11-26 00:00:00;1.31585;1.3173;1.31584;1.31658
2025-11-25 23:00:00;1.31667;1.31714;1.31583;1.31585
2025-11-25 22:00:00;1.31654;1.31759;1.31593;1.31668
2025-11-25 21:00:00;1.31619;1.31718;1.31617;1.31655
2025-11-25 20:00:00;1.32131;1.32152;1.31556;1.31621
2025-11-25 19:00:00;1.3208;1.32142;1.31989;1.32133
2025-11-25 18:00:00;1.32036;1.32126;1.31968;1.3208
2025-11-25 17:00:00;1.3174;1.32037;1.31704;1.32037
2025-11-25 16:00:00;1.31774;1.31852;1.3174;1.3174
2025-11-25 15:00:00;1.31795;1.31955;1.31744;1.31776
2025-11-25 14:00:00;1.31514;1.31827;1.31514;1.31797
2025-11-25 13:00:00;1.31357;1.316;1.31338;1.31518
2025-11-25 12:00:00;1.31109;1.31361;1.31099;1.31357
2025-11-25 11:00:00;1.31312;1.31313;1.31099;1.3111
2025-11-25 10:00:00;1.31346;1.31415;1.31251;1.31312
2025-11-25 09:00:00;1.31131;1.3138;1.31097;1.31347
2025-11-25 08:00:00;1.31182;1.31284;1.31109;1.31131
2025-11-25 07:00:00;1.31043;1.31298;1.31038;1.3118
2025-11-25 06:00:00;1.31027;1.31065;1.3099;1.31043
2025-11-25 05:00:00;1.30982;1.31027;1.30952;1.31027
2025-11-25 04:00:00;1.31007;1.31007;1.3097;1.3098
2025-11-25 03:00:00;1.31116;1.31154;1.30996;1.31008
2025-11-25 02:00:00;1.3108;1.31118;1.31053;1.31114
2025-11-25 01:00:00;1.31077;1.31162;1.31074;1.3108
2025-11-25 00:00:00;1.31055;1.31077;1.31025;1.31077
2025-11-24 23:00:00;1.31094;1.31096;1.3105;1.31056
2025-11-24 22:00:00;1.31051;1.31113;1.31026;1.31095
2025-11-24 21:00:00;1.31093;1.31107;1.31052;1.31053
2025-11-24 20:00:00;1.31101;1.31117;1.31077;1.31095
2025-11-24 19:00:00;1.31151;1.31158;1.31068;1.31104
2025-11-24 18:00:00;1.31031;1.31158;1.30993;1.31155
2025-11-24 17:00:00;1.30983;1.31038;1.30863;1.31033
2025-11-24 16:00:00;1.30983;1.31064;1.30975;1.30983
2025-11-24 15:00:00;1.30928;1.30989;1.30815;1.30976
2025-11-24 14:00:00;1.31032;1.31053;1.30863;1.30933
2025-11-24 13:00:00;1.31132;1.31175;1.31062;1.31062
2025-11-24 12:00:00;1.30911;1.31160;1.30888;1.31130
2025-11-24 11:00:00;1.30929;1.30959;1.30904;1.30921
2025-11-24 10:00:00;1.30912;1.30979;1.30912;1.30929
2025-11-24 09:00:00;1.30935;1.30976;1.30893;1.30904
2025-11-24 08:00:00;1.30926;1.31101;1.30926;1.30965
2025-11-24 07:00:00;1.30971;1.30998;1.30905;1.30911
2025-11-24 06:00:00;1.31024;1.31108;1.30998;1.30998
2025-11-24 05:00:00;1.31015;1.31074;1.31012;1.31029
2025-11-24 04:00:00;1.30983;1.31032;1.30976;1.31020
2025-11-24 03:00:00;1.30965;1.31026;1.30950;1.30984
2025-11-24 02:00:00;1.30897;1.30996;1.30897;1.30960
2025-11-24 01:00:00;1.30902;1.30931;1.30883;1.30890
2025-11-24 00:00:00;1.30964;1.30964;1.30861;1.30893
2025-11-23 23:00:00;1.30975;1.30975;1.30975;1.30975
2025-11-23 22:00:00;1.3097;1.30976;1.3097;1.30971
2025-11-21 21:00:00;1.31062;1.31084;1.30991;1.30991
2025-11-21 20:00:00;1.31031;1.31055;1.30996;1.31055
2025-11-21 19:00:00;1.30989;1.31098;1.30983;1.31029
2025-11-21 18:00:00;1.31007;1.31010;1.30924;1.30971
2025-11-21 17:00:00;1.31010;1.31063;1.30899;1.31000
2025-11-21 16:00:00;1.30846;1.30993;1.30751;1.30981
2025-11-21 15:00:00;1.30911;1.30964;1.30786;1.30851
2025-11-21 14:00:00;1.30840;1.30909;1.30702;1.30909
2025-11-21 13:00:00;1.30900;1.30945;1.30813;1.30844
2025-11-21 12:00:00;1.30473;1.30893;1.30400;1.30893
2025-11-21 11:00:00;1.30646;1.30693;1.30438;1.30461
2025-11-21 10:00:00;1.30565;1.30656;1.30523;1.30656
2025-11-21 09:00:00;1.30979;1.30979;1.30615;1.30615
2025-11-21 08:00:00;1.30787;1.31027;1.30738;1.30972
2025-11-21 07:00:00;1.30729;1.30917;1.30729;1.30825
2025-11-21 06:00:00;1.30917;1.30972;1.30892;1.30909
2025-11-21 05:00:00;1.30916;1.30965;1.30888;1.30893
2025-11-21 04:00:00;1.30873;1.30929;1.30861;1.30907
2025-11-21 03:00:00;1.30820;1.30885;1.30781;1.30875
2025-11-21 02:00:00;1.30828;1.30866;1.30757;1.30803
2025-11-21 01:00:00;1.30858;1.30873;1.30796;1.30832
2025-11-21 00:00:00;1.30832;1.30875;1.30765;1.30851
2025-11-20 23:00:00;1.30758;1.30858;1.30702;1.30851
2025-11-20 22:00:00;1.30704;1.30767;1.30704;1.30726
2025-11-20 21:00:00;1.30700;1.30739;1.30685;1.30729
2025-11-20 20:00:00;1.30864;1.30868;1.30705;1.30705
2025-11-20 19:00:00;1.30763;1.30878;1.30722;1.30876
2025-11-20 18:00:00;1.30675;1.30813;1.30675;1.30757
2025-11-20 17:00:00;1.30794;1.30820;1.30666;1.30693
2025-11-20 16:00:00;1.30945;1.31031;1.30765;1.30769
2025-11-20 15:00:00;1.31108;1.31117;1.30825;1.30941
2025-11-20 14:00:00;1.30950;1.31234;1.30834;1.31118
2025-11-20 13:00:00;1.30591;1.30977;1.30591;1.30977
2025-11-20 12:00:00;1.30654;1.30654;1.30572;1.30576
2025-11-20 11:00:00;1.30722;1.30765;1.30632;1.30664
2025-11-20 10:00:00;1.30798;1.30849;1.30733;1.30733
2025-11-20 09:00:00;1.30657;1.30792;1.30635;1.30792
2025-11-20 08:00:00;1.30705;1.30767;1.30611;1.30664
2025-11-20 07:00:00;1.30599;1.30697;1.30579;1.30695
2025-11-20 06:00:00;1.30516;1.30642;1.30516;1.30634
2025-11-20 05:00:00;1.30579;1.30589;1.30535;1.30535
2025-11-20 04:00:00;1.30467;1.30606;1.30455;1.30598
2025-11-20 03:00:00;1.30553;1.30553;1.30415;1.30468
2025-11-20 02:00:00;1.30461;1.30531;1.30395;1.30531
2025-11-20 01:00:00;1.30557;1.30557;1.30463;1.30463
2025-11-20 00:00:00;1.30596;1.30596;1.30502;1.30553
2025-11-19 23:00:00;1.30599;1.30630;1.30533;1.30603
2025-11-19 22:00:00;1.30567;1.30618;1.30567;1.30589
2025-11-19 21:00:00;1.30497;1.30613;1.30445;1.30599
2025-11-19 20:00:00;1.30470;1.30557;1.30458;1.30502
2025-11-19 19:00:00;1.30651;1.30651;1.30451;1.30451
2025-11-19 18:00:00;1.30688;1.30762;1.30637;1.30673
2025-11-19 17:00:00;1.30798;1.30798;1.30576;1.30685
2025-11-19 16:00:00;1.30801;1.30854;1.30697;1.30753
2025-11-19 15:00:00;1.31082;1.31146;1.30726;1.30798
2025-11-19 14:00:00;1.31216;1.31216;1.31062;1.31091
2025-11-19 13:00:00;1.31180;1.31294;1.31146;1.31208
2025-11-19 12:00:00;1.31299;1.31299;1.31168;1.31185
2025-11-19 11:00:00;1.31063;1.31265;1.31051;1.31259
2025-11-19 10:00:00;1.31277;1.31277;1.30977;1.31036
2025-11-19 09:00:00;1.31234;1.31372;1.31185;1.31277
2025-11-19 08:00:00;1.31463;1.31475;1.31246;1.31251
2025-11-19 07:00:00;1.31449;1.31506;1.31344;1.31429
2025-11-19 06:00:00;1.31475;1.31539;1.31447;1.31539
2025-11-19 05:00:00;1.31411;1.31467;1.31392;1.31460
2025-11-19 04:00:00;1.31403;1.31406;1.31335;1.31406
2025-11-19 03:00:00;1.31384;1.31444;1.31372;1.31396
2025-11-19 02:00:00;1.31339;1.31404;1.31297;1.31387
2025-11-19 01:00:00;1.31425;1.31425;1.31325;1.31335
2025-11-19 00:00:00;1.31475;1.31492;1.31404;1.31416
2025-11-18 23:00:00;1.31458;1.31492;1.31442;1.31479
2025-11-18 22:00:00;1.31435;1.31527;1.31435;1.31460
2025-11-18 21:00:00;1.31465;1.31496;1.31444;1.31444
2025-11-18 20:00:00;1.31556;1.31570;1.31463;1.31472
2025-11-18 19:00:00;1.31506;1.31572;1.31503;1.31553
2025-11-18 18:00:00;1.31416;1.31565;1.31416;1.31524
2025-11-18 17:00:00;1.31506;1.31506;1.31387;1.31415
2025-11-18 16:00:00;1.31451;1.31496;1.31370;1.31496
2025-11-18 15:00:00;1.31589;1.31716;1.31444;1.31447
2025-11-18 14:00:00;1.31556;1.31605;1.31510;1.31581
2025-11-18 13:00:00;1.31546;1.31610;1.31356;1.31546
2025-11-18 12:00:00;1.31382;1.31537;1.31382;1.31537
2025-11-18 11:00:00;1.31486;1.31487;1.31385;1.31404
2025-11-18 10:00:00;1.31529;1.31556;1.31439;1.31487
2025-11-18 09:00:00;1.31553;1.31605;1.31508;1.31530
2025-11-18 08:00:00;1.31506;1.31763;1.31506;1.31563
2025-11-18 07:00:00;1.31515;1.31624;1.31506;1.31520
2025-11-18 06:00:00;1.31603;1.31626;1.31491;1.31496
2025-11-18 05:00:00;1.31636;1.31647;1.31612;1.31617
2025-11-18 04:00:00;1.31492;1.31634;1.31460;1.31634
2025-11-18 03:00:00;1.31537;1.31556;1.31487;1.31487
2025-11-18 02:00:00;1.31508;1.31548;1.31498;1.31537
2025-11-18 01:00:00;1.31487;1.31550;1.31467;1.31524
2025-11-18 00:00:00;1.31548;1.31548;1.31454;1.31487
2025-11-17 23:00:00;1.31546;1.31574;1.31530;1.31548
2025-11-17 22:00:00;1.31584;1.31657;1.31550;1.31569
2025-11-17 21:00:00;1.31560;1.31596;1.31530;1.31530
2025-11-17 20:00:00;1.31458;1.31579;1.31458;1.31550
2025-11-17 19:00:00;1.31608;1.31650;1.31461;1.31461
2025-11-17 18:00:00;1.31699;1.31705;1.31600;1.31603
2025-11-17 17:00:00;1.31778;1.31799;1.31679;1.31704
2025-11-17 16:00:00;1.31777;1.31787;1.31671;1.31782
2025-11-17 15:00:00;1.31652;1.31782;1.31624;1.31782
2025-11-17 14:00:00;1.31725;1.31771;1.31636;1.31653
2025-11-17 13:00:00;1.31818;1.31876;1.31718;1.31735
2025-11-17 12:00:00;1.31778;1.31930;1.31778;1.31806
2025-11-17 11:00:00;1.31527;1.31796;1.31524;1.31794
2025-11-17 10:00:00;1.31660;1.31712;1.31534;1.31551
2025-11-17 09:00:00;1.31633;1.31754;1.31601;1.31652
2025-11-17 08:00:00;1.31754;1.31810;1.31617;1.31666
2025-11-17 07:00:00;1.31505;1.31759;1.31505;1.31752
2025-11-17 06:00:00;1.31435;1.31517;1.31375;1.31503
2025-11-17 05:00:00;1.31536;1.31551;1.31434;1.31435
2025-11-17 04:00:00;1.31456;1.31520;1.31456;1.31520
2025-11-17 03:00:00;1.31522;1.31522;1.31427;1.31454
2025-11-17 02:00:00;1.31544;1.31560;1.31520;1.31525
2025-11-17 01:00:00;1.31555;1.31652;1.31548;1.31565
2025-11-17 00:00:00;1.31593;1.31593;1.31515;1.31563
2025-11-16 23:00:00;1.31607;1.31607;1.31607;1.31607
2025-11-16 22:00:00;1.31544;1.31563;1.31526;1.31563
2025-11-14 21:00:00;1.31688;1.31749;1.31660;1.31747
2025-11-14 20:00:00;1.31660;1.31705;1.31633;1.31688
2025-11-14 19:00:00;1.31627;1.31673;1.31575;1.31667
2025-11-14 18:00:00;1.31619;1.31634;1.31541;1.31614
2025-11-14 17:00:00;1.31553;1.31631;1.31527;1.31608
2025-11-14 16:00:00;1.31408;1.31629;1.31406;1.31575
2025-11-14 15:00:00;1.31579;1.31579;1.31261;1.31370
2025-11-14 14:00:00;1.31659;1.31766;1.31496;1.31607
2025-11-14 13:00:00;1.31797;1.31797;1.31608;1.31681
2025-11-14 12:00:00;1.31396;1.31794;1.31328;1.31773
2025-11-14 11:00:00;1.31429;1.31439;1.31249;1.31397
2025-11-14 10:00:00;1.31553;1.31601;1.31425;1.31446
2025-11-14 09:00:00;1.31657;1.31794;1.31496;1.31553
2025-11-14 08:00:00;1.31446;1.31903;1.31099;1.31690
2025-11-14 07:00:00;1.31461;1.31584;1.31275;1.31496
2025-11-14 06:00:00;1.31473;1.31582;1.31416;1.31435
2025-11-14 05:00:00;1.31453;1.31508;1.31422;1.31480
2025-11-14 04:00:00;1.31458;1.31503;1.31403;1.31444
2025-11-14 03:00:00;1.31480;1.31598;1.31454;1.31454
2025-11-14 02:00:00;1.31479;1.31515;1.31430;1.31501
2025-11-14 01:00:00;1.31479;1.31501;1.31427;1.31484
2025-11-14 00:00:00;1.31534;1.31619;1.31363;1.31473
2025-11-13 23:00:00;1.31770;1.31770;1.31375;1.31518
2025-11-13 22:00:00;1.31994;1.32004;1.31659;1.31659
2025-11-13 21:00:00;1.31853;1.31940;1.31851;1.31926
2025-11-13 20:00:00;1.31900;1.31949;1.31851;1.31851
2025-11-13 19:00:00;1.31968;1.31973;1.31916;1.31916
2025-11-13 18:00:00;1.32121;1.32137;1.31928;1.31968
2025-11-13 17:00:00;1.32114;1.32148;1.32062;1.32130
2025-11-13 16:00:00;1.31985;1.32095;1.31916;1.32095
2025-11-13 15:00:00;1.31806;1.31989;1.31742;1.31989
2025-11-13 14:00:00;1.31700;1.31785;1.31662;1.31782
2025-11-13 13:00:00;1.31846;1.31846;1.31598;1.31683
2025-11-13 12:00:00;1.31486;1.31830;1.31482;1.31830
2025-11-13 11:00:00;1.31575;1.31605;1.31442;1.31470
2025-11-13 10:00:00;1.31555;1.31636;1.31527;1.31562
2025-11-13 09:00:00;1.31681;1.31699;1.31432;1.31563
2025-11-13 08:00:00;1.31416;1.31662;1.31320;1.31629
2025-11-13 07:00:00;1.31151;1.31441;1.31050;1.31434
2025-11-13 06:00:00;1.31179;1.31230;1.31156;1.31218
2025-11-13 05:00:00;1.31235;1.31258;1.31161;1.31182
2025-11-13 04:00:00;1.31265;1.31275;1.31211;1.31239
2025-11-13 03:00:00;1.31261;1.31285;1.31227;1.31263
2025-11-13 02:00:00;1.31240;1.31273;1.31189;1.31253
2025-11-13 01:00:00;1.31177;1.31246;1.31115;1.31246
2025-11-13 00:00:00;1.31285;1.31285;1.31168;1.31175
2025-11-12 23:00:00;1.31330;1.31330;1.31270;1.31282
2025-11-12 22:00:00;1.31254;1.31346;1.31254;1.31316
2025-11-12 21:00:00;1.31315;1.31337;1.31247;1.31337
2025-11-12 20:00:00;1.31290;1.31334;1.31284;1.31321
2025-11-12 19:00:00;1.31397;1.31411;1.31287;1.31287
2025-11-12 18:00:00;1.31396;1.31444;1.31382;1.31406
2025-11-12 17:00:00;1.31304;1.31397;1.31304;1.31385
2025-11-12 16:00:00;1.31325;1.31363;1.31289;1.31303
2025-11-12 15:00:00;1.30979;1.31315;1.30979;1.31315
2025-11-12 14:00:00;1.31051;1.31072;1.30858;1.30977
2025-11-12 13:00:00;1.31185;1.31216;1.30983;1.31046
2025-11-12 12:00:00;1.31382;1.31382;1.31093;1.31175
2025-11-12 11:00:00;1.31258;1.31365;1.31163;1.31365
2025-11-12 10:00:00;1.31166;1.31278;1.31115;1.31247
2025-11-12 09:00:00;1.31173;1.31301;1.31163;1.31163
2025-11-12 08:00:00;1.31473;1.31553;1.31180;1.31184
2025-11-12 07:00:00;1.31423;1.31491;1.31401;1.31447
2025-11-12 06:00:00;1.31334;1.31418;1.31311;1.31418
2025-11-12 05:00:00;1.31308;1.31394;1.31292;1.31353
2025-11-12 04:00:00;1.31406;1.31406;1.31292;1.31309
2025-11-12 03:00:00;1.31382;1.31425;1.31359;1.31413
2025-11-12 02:00:00;1.31394;1.31441;1.31384;1.31394
2025-11-12 01:00:00;1.31416;1.31444;1.31378;1.31394
2025-11-12 00:00:00;1.31529;1.31530;1.31432;1.31432
2025-11-11 23:00:00;1.31524;1.31541;1.31482;1.31532
2025-11-11 22:00:00;1.31506;1.31692;1.31506;1.31518
2025-11-11 21:00:00;1.31629;1.31629;1.31489;1.31505
2025-11-11 20:00:00;1.31673;1.31707;1.31621;1.31624
2025-11-11 19:00:00;1.31754;1.31754;1.31659;1.31669
2025-11-11 18:00:00;1.31738;1.31785;1.31719;1.31754
2025-11-11 17:00:00;1.31723;1.31792;1.31699;1.31761
2025-11-11 16:00:00;1.31737;1.31792;1.31685;1.31723
2025-11-11 15:00:00;1.31808;1.31808;1.31607;1.31764
2025-11-11 14:00:00;1.31725;1.31844;1.31626;1.31810
2025-11-11 13:00:00;1.31427;1.31784;1.31427;1.31735
2025-11-11 12:00:00;1.31487;1.31544;1.31397;1.31437
2025-11-11 11:00:00;1.31394;1.31522;1.31342;1.31496
2025-11-11 10:00:00;1.31290;1.31413;1.31225;1.31401
2025-11-11 09:00:00;1.31218;1.31339;1.31179;1.31282
2025-11-11 08:00:00;1.31277;1.31353;1.31216;1.31246
2025-11-11 07:00:00;1.31268;1.31392;1.31222;1.31251
2025-11-11 06:00:00;1.31669;1.31714;1.31539;1.31539
2025-11-11 05:00:00;1.31664;1.31721;1.31640;1.31662
2025-11-11 04:00:00;1.31688;1.31723;1.31640;1.31659
2025-11-11 03:00:00;1.31636;1.31709;1.31636;1.31695
2025-11-11 02:00:00;1.31660;1.31686;1.31615;1.31638
2025-11-11 01:00:00;1.31653;1.31655;1.31586;1.31641
2025-11-11 00:00:00;1.31728;1.31752;1.31659;1.31659
2025-11-10 23:00:00;1.31751;1.31785;1.31726;1.31730
2025-11-10 22:00:00;1.31766;1.31791;1.31730;1.31752
2025-11-10 21:00:00;1.31813;1.31824;1.31738;1.31758
2025-11-10 20:00:00;1.31803;1.31848;1.31803;1.31820
2025-11-10 19:00:00;1.31799;1.31848;1.31799;1.31815
2025-11-10 18:00:00;1.31787;1.31851;1.31780;1.31791
2025-11-10 17:00:00;1.31569;1.31804;1.31565;1.31796
2025-11-10 16:00:00;1.31486;1.31631;1.31486;1.31555
2025-11-10 15:00:00;1.31653;1.31695;1.31484;1.31484
2025-11-10 14:00:00;1.31751;1.31751;1.31530;1.31676
2025-11-10 13:00:00;1.31811;1.31912;1.31714;1.31744
2025-11-10 12:00:00;1.31773;1.31883;1.31761;1.31839
2025-11-10 11:00:00;1.31605;1.31773;1.31527;1.31773
2025-11-10 10:00:00;1.31735;1.31752;1.31582;1.31605
2025-11-10 09:00:00;1.31752;1.31794;1.31679;1.31749
2025-11-10 08:00:00;1.31577;1.31836;1.31570;1.31749
2025-11-10 07:00:00;1.31444;1.31667;1.31444;1.31595
2025-11-10 06:00:00;1.31555;1.31584;1.31406;1.31416
2025-11-10 05:00:00;1.31527;1.31605;1.31513;1.31550
2025-11-10 04:00:00;1.31473;1.31548;1.31461;1.31543
2025-11-10 03:00:00;1.31491;1.31498;1.31434;1.31470
2025-11-10 02:00:00;1.31517;1.31525;1.31465;1.31492
2025-11-10 01:00:00;1.31437;1.31551;1.31415;1.31513
2025-11-10 00:00:00;1.31418;1.31492;1.31382;1.31458
2025-11-09 23:00:00;1.31548;1.31573;1.31458;1.31462
2025-11-09 22:00:00;1.31545;1.3161;1.31412;1.31525
2025-11-07 21:00:00;1.31638;1.31679;1.31544;1.31647
2025-11-07 20:00:00;1.31581;1.31655;1.31581;1.31640
2025-11-07 19:00:00;1.31674;1.31726;1.31572;1.31582
2025-11-07 18:00:00;1.31714;1.31751;1.31674;1.31686
2025-11-07 17:00:00;1.31624;1.31718;1.31577;1.31716
2025-11-07 16:00:00;1.31532;1.31711;1.31532;1.31627
2025-11-07 15:00:00;1.31553;1.31737;1.31460;1.31520
2025-11-07 14:00:00;1.31299;1.31505;1.31299;1.31498
2025-11-07 13:00:00;1.31168;1.31377;1.31163;1.31316
2025-11-07 12:00:00;1.31199;1.31289;1.31103;1.31156
2025-11-07 11:00:00;1.31068;1.31237;1.31068;1.31216
2025-11-07 10:00:00;1.30981;1.31105;1.30976;1.31105
2025-11-07 09:00:00;1.31022;1.31056;1.30960;1.30984
2025-11-07 08:00:00;1.31247;1.31266;1.31026;1.31032
2025-11-07 07:00:00;1.31158;1.31254;1.31139;1.31254
2025-11-07 06:00:00;1.31199;1.31209;1.31142;1.31142
2025-11-07 05:00:00;1.31175;1.31228;1.31160;1.31196
2025-11-07 04:00:00;1.31187;1.31192;1.31160;1.31175
2025-11-07 03:00:00;1.31240;1.31240;1.31158;1.31192
2025-11-07 02:00:00;1.31275;1.31309;1.31204;1.31228
2025-11-07 01:00:00;1.31287;1.31297;1.31246;1.31259
2025-11-07 00:00:00;1.31397;1.31416;1.31303;1.31303
2025-11-06 23:00:00;1.31372;1.31420;1.31356;1.31403
2025-11-06 22:00:00;1.31321;1.31354;1.31294;1.31325
2025-11-06 21:00:00;1.31365;1.31401;1.31344;1.31378
2025-11-06 20:00:00;1.31346;1.31399;1.31327;1.31365
2025-11-06 19:00:00;1.31387;1.31420;1.31303;1.31327
2025-11-06 18:00:00;1.31218;1.31427;1.31208;1.31399
2025-11-06 17:00:00;1.31096;1.31247;1.31044;1.31222
2025-11-06 16:00:00;1.31022;1.31106;1.30979;1.31051
2025-11-06 15:00:00;1.30876;1.31048;1.30832;1.31026
2025-11-06 14:00:00;1.31063;1.31093;1.30837;1.30849
2025-11-06 13:00:00;1.30986;1.31244;1.30952;1.31091
2025-11-06 12:00:00;1.30700;1.31036;1.30623;1.31007
2025-11-06 11:00:00;1.30816;1.30955;1.30787;1.30923
2025-11-06 10:00:00;1.30781;1.30871;1.30781;1.30791
2025-11-06 09:00:00;1.30830;1.30893;1.30784;1.30808
2025-11-06 08:00:00;1.30630;1.30875;1.30601;1.30859
2025-11-06 07:00:00;1.30548;1.30717;1.30547;1.30634
2025-11-06 06:00:00;1.30608;1.30678;1.30538;1.30550
2025-11-06 05:00:00;1.30625;1.30649;1.30581;1.30613
2025-11-06 04:00:00;1.30640;1.30654;1.30577;1.30627
2025-11-06 03:00:00;1.30601;1.30649;1.30581;1.30639
2025-11-06 02:00:00;1.30632;1.30644;1.30582;1.30601
2025-11-06 01:00:00;1.30610;1.30651;1.30596;1.30635
2025-11-06 00:00:00;1.30518;1.30599;1.30513;1.30599
2025-11-05 23:00:00;1.30502;1.30535;1.30468;1.30528
2025-11-05 22:00:00;1.30465;1.30535;1.30465;1.30496
2025-11-05 21:00:00;1.30477;1.30548;1.30477;1.30489
2025-11-05 20:00:00;1.30477;1.30523;1.30473;1.30511
2025-11-05 19:00:00;1.30450;1.30477;1.30433;1.30456
2025-11-05 18:00:00;1.30385;1.30456;1.30385;1.30456
2025-11-05 17:00:00;1.30478;1.30494;1.30363;1.30390
2025-11-05 16:00:00;1.30417;1.30494;1.30324;1.30489
2025-11-05 15:00:00;1.30147;1.30463;1.30147;1.30419
2025-11-05 14:00:00;1.30256;1.30346;1.30212;1.30327
2025-11-05 13:00:00;1.30421;1.30465;1.30263;1.30263
2025-11-05 12:00:00;1.30383;1.30465;1.30348;1.30424
2025-11-05 11:00:00;1.30264;1.30363;1.30125;1.30354
2025-11-05 10:00:00;1.30373;1.30373;1.30252;1.30252
2025-11-05 09:00:00;1.30468;1.30516;1.30348;1.30402
2025-11-05 08:00:00;1.30283;1.30494;1.30283;1.30460
2025-11-05 07:00:00;1.30263;1.30310;1.30203;1.30278
2025-11-05 06:00:00;1.30229;1.30307;1.30229;1.30291
2025-11-05 05:00:00;1.30254;1.30305;1.30227;1.30227
2025-11-05 04:00:00;1.30219;1.30271;1.30207;1.30261
2025-11-05 03:00:00;1.30180;1.30205;1.30161;1.30205
2025-11-05 02:00:00;1.30212;1.30227;1.30149;1.30161
2025-11-05 01:00:00;1.30185;1.30242;1.30112;1.30163
2025-11-05 00:00:00;1.30213;1.30232;1.30154;1.30195
2025-11-04 23:00:00;1.30237;1.30242;1.30202;1.30217
2025-11-04 22:00:00;1.30293;1.30314;1.30186;1.30274
2025-11-04 21:00:00;1.30193;1.30235;1.30163;1.30208
2025-11-04 20:00:00;1.30137;1.30249;1.30112;1.30193
2025-11-04 19:00:00;1.30235;1.30264;1.30144;1.30152
2025-11-04 18:00:00;1.30285;1.30285;1.30190;1.30235
2025-11-04 17:00:00;1.30439;1.30453;1.30274;1.30293
2025-11-04 16:00:00;1.30482;1.30521;1.30409;1.30434
2025-11-04 15:00:00;1.30485;1.30572;1.30431;1.30461
2025-11-04 14:00:00;1.30574;1.30644;1.30346;1.30465
2025-11-04 13:00:00;1.30652;1.30685;1.30576;1.30576
2025-11-04 12:00:00;1.30603;1.30685;1.30548;1.30671
2025-11-04 11:00:00;1.30751;1.30751;1.30579;1.30588
2025-11-04 10:00:00;1.30630;1.30786;1.30630;1.30733
2025-11-04 09:00:00;1.30936;1.30953;1.30603;1.30632
2025-11-04 08:00:00;1.31204;1.31204;1.30885;1.30924
2025-11-04 07:00:00;1.31216;1.31389;1.31187;1.31215
2025-11-04 06:00:00;1.31213;1.31268;1.31177;1.31242
2025-11-04 05:00:00;1.31235;1.31256;1.31197;1.31218
2025-11-04 04:00:00;1.31282;1.31327;1.31240;1.31240
2025-11-04 03:00:00;1.31254;1.31335;1.31253;1.31282
2025-11-04 02:00:00;1.31239;1.31263;1.31187;1.31235
2025-11-04 01:00:00;1.31232;1.31273;1.31192;1.31251
2025-11-04 00:00:00;1.31315;1.31318;1.31201;1.31253
2025-11-03 23:00:00;1.31380;1.31392;1.31351;1.31351
2025-11-03 22:00:00;1.31411;1.31442;1.31373;1.31380
2025-11-03 21:00:00;1.31378;1.31422;1.31363;1.31408
2025-11-03 20:00:00;1.31392;1.31422;1.31375;1.31396
2025-11-03 19:00:00;1.31391;1.31416;1.31370;1.31380
2025-11-03 18:00:00;1.31456;1.31484;1.31365;1.31391
2025-11-03 17:00:00;1.31470;1.31624;1.31432;1.31454
2025-11-03 16:00:00;1.31470;1.31498;1.31423;1.31482
2025-11-03 15:00:00;1.31209;1.31467;1.31189;1.31467
2025-11-03 14:00:00;1.31270;1.31270;1.31110;1.31146
2025-11-03 13:00:00;1.31387;1.31387;1.31218;1.31263
2025-11-03 12:00:00;1.31280;1.31465;1.31268;1.31411
2025-11-03 11:00:00;1.31304;1.31394;1.31253;1.31284
2025-11-03 10:00:00;1.31244;1.31392;1.31222;1.31308
2025-11-03 09:00:00;1.31230;1.31344;1.31189;1.31256
2025-11-03 08:00:00;1.31363;1.31363;1.31187;1.31240
2025-11-03 07:00:00;1.31463;1.31491;1.31351;1.31384
2025-11-03 06:00:00;1.31434;1.31494;1.31425;1.31470
2025-11-03 05:00:00;1.31423;1.31456;1.31404;1.31427
2025-11-03 04:00:00;1.31404;1.31453;1.31401;1.31418
2025-11-03 03:00:00;1.31389;1.31416;1.31382;1.31399
2025-11-03 02:00:00;1.31346;1.31423;1.31340;1.31389
2025-11-03 01:00:00;1.31340;1.31373;1.31332;1.31354
2025-11-03 00:00:00;1.31363;1.31375;1.31306;1.31358
2025-11-02 23:00:00;1.31399;1.31399;1.31399;1.31399
2025-11-02 22:00:00;1.31326;1.31326;1.31277;1.31289
2025-10-31 21:00:00;1.31541;1.31541;1.31455;1.31455
2025-10-31 20:00:00;1.31387;1.31525;1.31385;1.31525
2025-10-31 19:00:00;1.31392;1.31447;1.31363;1.31363
2025-10-31 18:00:00;1.31315;1.31427;1.31309;1.31391
2025-10-31 17:00:00;1.31287;1.31370;1.31235;1.31332
2025-10-31 16:00:00;1.31403;1.31423;1.31280;1.31280
2025-10-31 15:00:00;1.31251;1.31385;1.31191;1.31382
2025-10-31 14:00:00;1.31144;1.31270;1.31051;1.31254
2025-10-31 13:00:00;1.31044;1.31161;1.30983;1.31161
2025-10-31 12:00:00;1.31280;1.31284;1.31060;1.31060
2025-10-31 11:00:00;1.31316;1.31403;1.31173;1.31294
2025-10-31 10:00:00;1.31454;1.31480;1.31299;1.31308
2025-10-31 09:00:00;1.31403;1.31484;1.31346;1.31442
2025-10-31 08:00:00;1.31432;1.31463;1.31387;1.31418
2025-10-31 07:00:00;1.31416;1.31491;1.31259;1.31465
2025-10-31 06:00:00;1.31505;1.31574;1.31387;1.31406
2025-10-31 05:00:00;1.31572;1.31572;1.31484;1.31508
2025-10-31 04:00:00;1.31517;1.31577;1.31517;1.31570
2025-10-31 03:00:00;1.31534;1.31556;1.31510;1.31520
2025-10-31 02:00:00;1.31539;1.31579;1.31513;1.31537
2025-10-31 01:00:00;1.31596;1.31647;1.31539;1.31539
2025-10-31 00:00:00;1.31598;1.31615;1.31560;1.31607
2025-10-30 23:00:00;1.31536;1.31603;1.31510;1.31588
2025-10-30 22:00:00;1.31543;1.31548;1.31510;1.31537
2025-10-30 21:00:00;1.31477;1.31543;1.31432;1.31541
2025-10-30 20:00:00;1.31446;1.31558;1.31446;1.31499
2025-10-30 19:00:00;1.31499;1.31505;1.31401;1.31458
2025-10-30 18:00:00;1.31525;1.31572;1.31465;1.31467
2025-10-30 17:00:00;1.31543;1.31589;1.31468;1.31541
2025-10-30 16:00:00;1.31484;1.31603;1.31384;1.31562
2025-10-30 15:00:00;1.31584;1.31679;1.31461;1.31470
2025-10-30 14:00:00;1.31567;1.31782;1.31544;1.31565
2025-10-30 13:00:00;1.31354;1.31645;1.31201;1.31567
2025-10-30 12:00:00;1.31785;1.31846;1.31368;1.31368
2025-10-30 11:00:00;1.31752;1.31907;1.31752;1.31792
2025-10-30 10:00:00;1.31888;1.31897;1.31761;1.31770
2025-10-30 09:00:00;1.32095;1.32097;1.31855;1.31893
2025-10-30 08:00:00;1.31985;1.32107;1.31888;1.32083
2025-10-30 07:00:00;1.32008;1.32125;1.31931;1.31975
2025-10-30 06:00:00;1.32102;1.32144;1.31980;1.32034
2025-10-30 05:00:00;1.32184;1.32184;1.32093;1.32104
2025-10-30 04:00:00;1.32027;1.32179;1.32015;1.32172
2025-10-30 03:00:00;1.32064;1.32095;1.31984;1.32027
2025-10-30 02:00:00;1.32069;1.32099;1.32038;1.32043
2025-10-30 01:00:00;1.32057;1.32079;1.31977;1.32069
2025-10-30 00:00:00;1.31945;1.32074;1.31883;1.32050
2025-10-29 23:00:00;1.31947;1.31985;1.31930;1.31949
2025-10-29 22:00:00;1.31956;1.31984;1.31935;1.31940
2025-10-29 21:00:00;1.31957;1.31994;1.31881;1.31959
2025-10-29 20:00:00;1.31942;1.32008;1.31817;1.31957
2025-10-29 19:00:00;1.31699;1.31945;1.31506;1.31945
2025-10-29 18:00:00;1.32114;1.32242;1.31479;1.31619
2025-10-29 17:00:00;1.32287;1.32319;1.32172;1.32261
2025-10-29 16:00:00;1.32414;1.32433;1.32279;1.32279
2025-10-29 15:00:00;1.32331;1.32445;1.32280;1.32424
2025-10-29 14:00:00;1.32078;1.32270;1.32038;1.32266
2025-10-29 13:00:00;1.32065;1.32233;1.31964;1.32067
2025-10-29 12:00:00;1.32191;1.32207;1.31989;1.32032
2025-10-29 11:00:00;1.32191;1.32251;1.32162;1.32189
2025-10-29 10:00:00;1.32209;1.32231;1.32155;1.32191
2025-10-29 09:00:00;1.32079;1.32273;1.31994;1.32219
2025-10-29 08:00:00;1.32287;1.32287;1.32099;1.32109
2025-10-29 07:00:00;1.32242;1.32340;1.32233;1.32287
2025-10-29 06:00:00;1.32359;1.32403;1.32261;1.32266
2025-10-29 05:00:00;1.32507;1.32517;1.32352;1.32354
2025-10-29 04:00:00;1.32535;1.32552;1.32505;1.32514
2025-10-29 03:00:00;1.32640;1.32640;1.32515;1.32526
2025-10-29 02:00:00;1.32666;1.32679;1.32580;1.32640
2025-10-29 01:00:00;1.32732;1.32739;1.32647;1.32647
2025-10-29 00:00:00;1.32779;1.32807;1.32723;1.32723
2025-10-28 23:00:00;1.32719;1.32774;1.32700;1.32774
2025-10-28 22:00:00;1.32735;1.32749;1.32707;1.32719
2025-10-28 21:00:00;1.32710;1.32769;1.32710;1.32747
2025-10-28 20:00:00;1.32730;1.32793;1.32710;1.32719
2025-10-28 19:00:00;1.32814;1.32839;1.32733;1.32733
2025-10-28 18:00:00;1.32772;1.32822;1.32709;1.32800
2025-10-28 17:00:00;1.32876;1.32878;1.32767;1.32774
2025-10-28 16:00:00;1.32772;1.32908;1.32751;1.32897
2025-10-28 15:00:00;1.32781;1.32837;1.32695;1.32770
2025-10-28 14:00:00;1.32549;1.32788;1.32549;1.32774
2025-10-28 13:00:00;1.32836;1.32850;1.32487;1.32600
2025-10-28 12:00:00;1.33092;1.33129;1.32813;1.32852
2025-10-28 11:00:00;1.33236;1.33248;1.33051;1.33083
2025-10-28 10:00:00;1.33179;1.33289;1.33127;1.33255
2025-10-28 09:00:00;1.33062;1.33213;1.33018;1.33174
2025-10-28 08:00:00;1.33360;1.33365;1.33025;1.33080
2025-10-28 07:00:00;1.33511;1.33524;1.33324;1.33356
2025-10-28 06:00:00;1.33629;1.33672;1.33529;1.33529
2025-10-28 05:00:00;1.33668;1.33701;1.33613;1.33629
2025-10-28 04:00:00;1.33565;1.33670;1.33556;1.33663
2025-10-28 03:00:00;1.33506;1.33576;1.33499;1.33565
2025-10-28 02:00:00;1.33536;1.33588;1.33494;1.33494
2025-10-28 01:00:00;1.33501;1.33583;1.33485;1.33518
2025-10-28 00:00:00;1.33399;1.33533;1.33381;1.33508
2025-10-27 23:00:00;1.33404;1.33447;1.33390;1.33413
2025-10-27 22:00:00;1.33396;1.33404;1.33360;1.33397
2025-10-27 21:00:00;1.33369;1.33399;1.33365;1.33378
2025-10-27 20:00:00;1.33365;1.33394;1.33333;1.33374
2025-10-27 19:00:00;1.33362;1.33372;1.33296;1.33355
2025-10-27 18:00:00;1.33340;1.33390;1.33250;1.33390
2025-10-27 17:00:00;1.33358;1.33390;1.33337;1.33340
2025-10-27 16:00:00;1.33298;1.33351;1.33248;1.33351
2025-10-27 15:00:00;1.33292;1.33330;1.33197;1.33294
2025-10-27 14:00:00;1.33364;1.33364;1.33273;1.33310
2025-10-27 13:00:00;1.33501;1.33517;1.33275;1.33342
2025-10-27 12:00:00;1.33470;1.33524;1.33429;1.33474
2025-10-27 11:00:00;1.33438;1.33529;1.33381;1.33506
2025-10-27 10:00:00;1.33447;1.33511;1.33426;1.33451
2025-10-27 09:00:00;1.33268;1.33470;1.33239;1.33458
2025-10-27 08:00:00;1.33140;1.33340;1.33115;1.33280
2025-10-27 07:00:00;1.33257;1.33257;1.33115;1.33166
2025-10-27 06:00:00;1.33221;1.33339;1.33221;1.33241
2025-10-27 05:00:00;1.33170;1.33225;1.33136;1.33207
2025-10-27 04:00:00;1.33225;1.33225;1.33133;1.33165
2025-10-27 03:00:00;1.33232;1.33269;1.33207;1.33218
2025-10-27 02:00:00;1.33275;1.33282;1.33214;1.33239
2025-10-27 01:00:00;1.33229;1.33358;1.33229;1.33294
2025-10-27 00:00:00;1.33237;1.33282;1.33189;1.33246
2025-10-26 22:00:00;1.33186;1.33186;1.33186;1.33186
2025-10-24 21:00:00;1.33136;1.33136;1.33051;1.33051
2025-10-24 20:00:00;1.33138;1.33179;1.33076;1.33131
2025-10-24 19:00:00;1.33062;1.33122;1.33034;1.33122
2025-10-24 18:00:00;1.33028;1.33071;1.33005;1.33046
2025-10-24 17:00:00;1.32972;1.33073;1.32972;1.33034
2025-10-24 16:00:00;1.32972;1.32989;1.32890;1.32959
2025-10-24 15:00:00;1.33005;1.33078;1.32926;1.32968
2025-10-24 14:00:00;1.33390;1.33390;1.32956;1.33011
2025-10-24 13:00:00;1.33442;1.33595;1.33330;1.33385
2025-10-24 12:00:00;1.33126;1.33556;1.33058;1.33454
2025-10-24 11:00:00;1.33158;1.33198;1.33018;1.33062
2025-10-24 10:00:00;1.33232;1.33252;1.33145;1.33182
2025-10-24 09:00:00;1.33191;1.33253;1.33145;1.33223
2025-10-24 08:00:00;1.33158;1.33269;1.33014;1.33218
2025-10-24 07:00:00;1.33307;1.33324;1.33156;1.33161
2025-10-24 06:00:00;1.33273;1.33337;1.33131;1.33319
2025-10-24 05:00:00;1.33211;1.33214;1.33129;1.33188
2025-10-24 04:00:00;1.33253;1.33253;1.33197;1.33214
2025-10-24 03:00:00;1.33200;1.33280;1.33195;1.33259
2025-10-24 02:00:00;1.33221;1.33260;1.33189;1.33189
2025-10-24 01:00:00;1.33303;1.33314;1.33218;1.33218
2025-10-24 00:00:00;1.33262;1.33324;1.33262;1.33307
2025-10-23 23:00:00;1.33275;1.33285;1.33246;1.33275
2025-10-23 22:00:00;1.33289;1.33301;1.33269;1.33269
2025-10-23 21:00:00;1.33255;1.33308;1.33239;1.33257
2025-10-23 20:00:00;1.33236;1.33287;1.33214;1.33269
2025-10-23 19:00:00;1.33269;1.33269;1.33236;1.33248
2025-10-23 18:00:00;1.33177;1.33246;1.33166;1.33239
2025-10-23 17:00:00;1.33140;1.33214;1.33087;1.33177
2025-10-23 16:00:00;1.33246;1.33259;1.33131;1.33131
2025-10-23 15:00:00;1.33241;1.33245;1.33119;1.33214
2025-10-23 14:00:00;1.33301;1.33369;1.33209;1.33220
2025-10-23 13:00:00;1.33456;1.33476;1.33257;1.33271
2025-10-23 12:00:00;1.33371;1.33502;1.33275;1.33444
2025-10-23 11:00:00;1.33376;1.33424;1.33348;1.33362
2025-10-23 10:00:00;1.33486;1.33522;1.33362;1.33376
2025-10-23 09:00:00;1.33504;1.33547;1.33490;1.33495
2025-10-23 08:00:00;1.33518;1.33559;1.33451;1.33499
2025-10-23 07:00:00;1.33501;1.33561;1.33461;1.33515
2025-10-23 06:00:00;1.33467;1.33572;1.33456;1.33502
2025-10-23 05:00:00;1.33394;1.33497;1.33392;1.33476
2025-10-23 04:00:00;1.33335;1.33396;1.33301;1.33396
2025-10-23 03:00:00;1.33378;1.33403;1.33332;1.33337
2025-10-23 02:00:00;1.33394;1.33406;1.33358;1.33374
2025-10-23 01:00:00;1.33472;1.33476;1.33399;1.33399
2025-10-23 00:00:00;1.33504;1.33510;1.33412;1.33460
2025-10-22 23:00:00;1.33558;1.33565;1.33504;1.33511
2025-10-22 22:00:00;1.33583;1.33606;1.33567;1.33567
2025-10-22 21:00:00;1.33620;1.33627;1.33520;1.33565
2025-10-22 20:00:00;1.33563;1.33620;1.33563;1.33565
2025-10-22 19:00:00;1.33563;1.33615;1.33542;1.33574
2025-10-22 18:00:00;1.33615;1.33615;1.33545;1.33559
2025-10-22 17:00:00;1.33710;1.33724;1.33586;1.33602
2025-10-22 16:00:00;1.33724;1.33758;1.33659;1.33722
2025-10-22 15:00:00;1.33563;1.33742;1.33563;1.33711
2025-10-22 14:00:00;1.33472;1.33561;1.33461;1.33554
2025-10-22 13:00:00;1.33252;1.33431;1.33181;1.33422
2025-10-22 12:00:00;1.33371;1.33387;1.33117;1.33248
2025-10-22 11:00:00;1.33133;1.33326;1.33122;1.33285
2025-10-22 10:00:00;1.33186;1.33223;1.33071;1.33135
2025-10-22 09:00:00;1.33214;1.33269;1.33170;1.33197
2025-10-22 08:00:00;1.33202;1.33252;1.33143;1.33213
2025-10-22 07:00:00;1.33291;1.33367;1.33209;1.33232
2025-10-22 06:00:00;1.33460;1.33520;1.33305;1.33353
2025-10-22 05:00:00;1.33808;1.33876;1.33795;1.33835
2025-10-22 04:00:00;1.33754;1.33803;1.33752;1.33797
2025-10-22 03:00:00;1.33765;1.33772;1.33717;1.33747
2025-10-22 02:00:00;1.33717;1.33801;1.33717;1.33776
2025-10-22 01:00:00;1.33727;1.33777;1.33690;1.33713
2025-10-22 00:00:00;1.33676;1.33742;1.33647;1.33718
2025-10-21 23:00:00;1.33684;1.33699;1.33647;1.33656
2025-10-21 22:00:00;1.33706;1.33711;1.33674;1.33686
2025-10-21 21:00:00;1.33745;1.33765;1.33670;1.33702
2025-10-21 20:00:00;1.33704;1.33706;1.33663;1.33695
2025-10-21 19:00:00;1.33742;1.33760;1.33699;1.33720
2025-10-21 18:00:00;1.33754;1.33770;1.33718;1.33731
2025-10-21 17:00:00;1.33729;1.33731;1.33656;1.33729
2025-10-21 16:00:00;1.33921;1.33960;1.33743;1.33743
2025-10-21 15:00:00;1.33745;1.33941;1.33745;1.33892
2025-10-21 14:00:00;1.33779;1.33860;1.33668;1.33731
2025-10-21 13:00:00;1.33867;1.33871;1.33633;1.33765
2025-10-21 12:00:00;1.33867;1.33876;1.33701;1.33871
2025-10-21 11:00:00;1.33837;1.33941;1.33733;1.33851
2025-10-21 10:00:00;1.33846;1.33876;1.33692;1.33837
2025-10-21 09:00:00;1.33817;1.33917;1.33760;1.33856
2025-10-21 08:00:00;1.33901;1.33901;1.33760;1.33808
2025-10-21 07:00:00;1.33935;1.33975;1.33820;1.33937
2025-10-21 06:00:00;1.33774;1.33928;1.33733;1.33914
2025-10-21 05:00:00;1.33928;1.33928;1.33749;1.33756
2025-10-21 04:00:00;1.33930;1.33939;1.33889;1.33926
2025-10-21 03:00:00;1.33935;1.33939;1.33903;1.33933
2025-10-21 02:00:00;1.34000;1.34000;1.33914;1.33932
2025-10-21 01:00:00;1.34138;1.34142;1.34005;1.34009
2025-10-21 00:00:00;1.34045;1.34162;1.34045;1.34149
2025-10-20 23:00:00;1.34045;1.34061;1.34036;1.34052
2025-10-20 22:00:00;1.34084;1.34097;1.34043;1.34048
2025-10-20 21:00:00;1.34262;1.34262;1.34059;1.34084
2025-10-20 20:00:00;1.34066;1.34100;1.34046;1.34057
2025-10-20 19:00:00;1.34122;1.34133;1.34057;1.34070
2025-10-20 18:00:00;1.34021;1.34118;1.34009;1.34097
2025-10-20 17:00:00;1.34156;1.34165;1.34027;1.34027
2025-10-20 16:00:00;1.34210;1.34235;1.34126;1.34163
2025-10-20 15:00:00;1.34158;1.34262;1.34124;1.34207
2025-10-20 14:00:00;1.34027;1.34239;1.34027;1.34169
2025-10-20 13:00:00;1.34255;1.34268;1.34034;1.34052
2025-10-20 12:00:00;1.34145;1.34298;1.34102;1.34271
2025-10-20 11:00:00;1.34081;1.34136;1.34012;1.34120
2025-10-20 10:00:00;1.34306;1.34306;1.34099;1.34099
2025-10-20 09:00:00;1.34270;1.34389;1.34262;1.34289
2025-10-20 08:00:00;1.34158;1.34288;1.34136;1.34279
2025-10-20 07:00:00;1.34158;1.34271;1.34064;1.34172
2025-10-20 06:00:00;1.34374;1.34380;1.34174;1.34176
2025-10-20 05:00:00;1.34344;1.34412;1.34344;1.34407
2025-10-20 04:00:00;1.34405;1.34432;1.34367;1.34367
2025-10-20 03:00:00;1.34356;1.34409;1.34349;1.34401
2025-10-20 02:00:00;1.34342;1.34432;1.34331;1.34362
2025-10-20 01:00:00;1.34345;1.34367;1.34280;1.34331
2025-10-20 00:00:00;1.34266;1.34347;1.34225;1.34347
2025-10-19 23:00:00;1.34262;1.34308;1.34252;1.34255
2025-10-19 22:00:00;1.34278;1.34278;1.34278;1.34278
2025-10-17 21:00:00;1.34257;1.34257;1.34177;1.34177
2025-10-17 20:00:00;1.34382;1.34382;1.34230;1.34255
2025-10-17 19:00:00;1.34358;1.34372;1.34288;1.34372
2025-10-17 18:00:00;1.34151;1.34391;1.34151;1.34344
2025-10-17 17:00:00;1.34178;1.34248;1.34115;1.34181
2025-10-17 16:00:00;1.34203;1.34309;1.34140;1.34163
2025-10-17 15:00:00;1.33948;1.34214;1.33921;1.34210
2025-10-17 14:00:00;1.34059;1.34082;1.33923;1.33930
2025-10-17 13:00:00;1.34113;1.34226;1.34016;1.34027
2025-10-17 12:00:00;1.34340;1.34351;1.34095;1.34135
2025-10-17 11:00:00;1.34309;1.34438;1.34309;1.34351
2025-10-17 10:00:00;1.34344;1.34414;1.34288;1.34351
2025-10-17 09:00:00;1.34252;1.34394;1.34252;1.34365
2025-10-17 08:00:00;1.34371;1.34371;1.34136;1.34253
2025-10-17 07:00:00;1.34533;1.34577;1.34255;1.34327
2025-10-17 06:00:00;1.34689;1.34715;1.34504;1.34562
2025-10-17 05:00:00;1.34535;1.34709;1.34535;1.34682
2025-10-17 04:00:00;1.34501;1.34539;1.34470;1.34523
2025-10-17 03:00:00;1.34443;1.34513;1.34443;1.34486
2025-10-17 02:00:00;1.34391;1.34485;1.34318;1.34443
2025-10-17 01:00:00;1.34483;1.34508;1.34389;1.34389
2025-10-17 00:00:00;1.34447;1.34523;1.34403;1.34485
2025-10-16 23:00:00;1.34378;1.34457;1.34374;1.34447
2025-10-16 22:00:00;1.34391;1.34443;1.34371;1.34371
2025-10-16 21:00:00;1.34409;1.34475;1.34304;1.34378
2025-10-16 20:00:00;1.34336;1.34372;1.34313;1.34336
2025-10-16 19:00:00;1.34335;1.34387;1.34306;1.34351
2025-10-16 18:00:00;1.34387;1.34387;1.34216;1.34365
2025-10-16 17:00:00;1.34279;1.34481;1.34275;1.34378
2025-10-16 16:00:00;1.34275;1.34335;1.34167;1.34275
2025-10-16 15:00:00;1.34342;1.34353;1.34194;1.34228
2025-10-16 14:00:00;1.34210;1.34354;1.34149;1.34344
2025-10-16 13:00:00;1.34466;1.34542;1.34208;1.34208
2025-10-16 12:00:00;1.34374;1.34479;1.34250;1.34479
2025-10-16 11:00:00;1.34324;1.34450;1.34225;1.34403
2025-10-16 10:00:00;1.34353;1.34475;1.34309;1.34347
2025-10-16 09:00:00;1.34376;1.34416;1.34335;1.34362
2025-10-16 08:00:00;1.34243;1.34427;1.34243;1.34380
2025-10-16 07:00:00;1.34120;1.34270;1.34095;1.34262
2025-10-16 06:00:00;1.34217;1.34228;1.34064;1.34118
2025-10-16 05:00:00;1.34156;1.34210;1.34131;1.34169
2025-10-16 04:00:00;1.34201;1.34235;1.34133;1.34145
2025-10-16 03:00:00;1.34306;1.34324;1.34225;1.34225
2025-10-16 02:00:00;1.34363;1.34398;1.34288;1.34322
2025-10-16 01:00:00;1.34244;1.34421;1.34243;1.34351
2025-10-16 00:00:00;1.34018;1.34288;1.34012;1.34234
2025-10-15 23:00:00;1.34041;1.34046;1.33993;1.34036
2025-10-15 22:00:00;1.34014;1.34077;1.33998;1.34037
2025-10-15 21:00:00;1.33937;1.34034;1.33924;1.33939
2025-10-15 20:00:00;1.33944;1.34063;1.33944;1.34016
2025-10-15 19:00:00;1.33853;1.33946;1.33840;1.33946
2025-10-15 18:00:00;1.33776;1.33860;1.33726;1.33828
2025-10-15 17:00:00;1.33889;1.33889;1.33729;1.33772
2025-10-15 16:00:00;1.33917;1.33941;1.33849;1.33915
2025-10-15 15:00:00;1.33652;1.34014;1.33642;1.33942
2025-10-15 14:00:00;1.33501;1.33656;1.33486;1.33652
2025-10-15 13:00:00;1.33460;1.33522;1.33364;1.33501
2025-10-15 12:00:00;1.33526;1.33554;1.33429;1.33463
2025-10-15 11:00:00;1.33645;1.33663;1.33501;1.33524
2025-10-15 10:00:00;1.33488;1.33656;1.33474;1.33656
2025-10-15 09:00:00;1.33431;1.33563;1.33374;1.33518
2025-10-15 08:00:00;1.33510;1.33554;1.33433;1.33445
2025-10-15 07:00:00;1.33622;1.33622;1.33451;1.33526
2025-10-15 06:00:00;1.33520;1.33731;1.33520;1.33622
2025-10-15 05:00:00;1.33502;1.33593;1.33463;1.33542
2025-10-15 04:00:00;1.33524;1.33547;1.33460;1.33486
2025-10-15 03:00:00;1.33502;1.33538;1.33488;1.33524
2025-10-15 02:00:00;1.33404;1.33513;1.33404;1.33502
2025-10-15 01:00:00;1.33300;1.33401;1.33268;1.33396
2025-10-15 00:00:00;1.33211;1.33307;1.33211;1.33292
2025-10-14 23:00:00;1.33188;1.33252;1.33182;1.33225
2025-10-14 22:00:00;1.33202;1.33239;1.33191;1.33193
2025-10-14 21:00:00;1.33236;1.33236;1.33174;1.33204
2025-10-14 20:00:00;1.33273;1.33273;1.33145;1.33197
2025-10-14 19:00:00;1.33301;1.33324;1.33236;1.33269
2025-10-14 18:00:00;1.33278;1.33316;1.33214;1.33278
2025-10-14 17:00:00;1.33181;1.33300;1.33133;1.33282
2025-10-14 16:00:00;1.33211;1.33284;1.33081;1.33181
2025-10-14 15:00:00;1.32970;1.33191;1.32892;1.33191
2025-10-14 14:00:00;1.32852;1.33021;1.32818;1.32970
2025-10-14 13:00:00;1.32638;1.32933;1.32626;1.32837
2025-10-14 12:00:00;1.32691;1.32723;1.32496;1.32635
2025-10-14 11:00:00;1.32626;1.32755;1.32626;1.32691
2025-10-14 10:00:00;1.32665;1.32716;1.32598;1.32647
2025-10-14 09:00:00;1.32786;1.32843;1.32651;1.32688
2025-10-14 08:00:00;1.32554;1.32837;1.32554;1.32837
2025-10-14 07:00:00;1.32816;1.32823;1.32550;1.32579
2025-10-14 06:00:00;1.33402;1.33402;1.32770;1.32806
2025-10-14 05:00:00;1.33501;1.33506;1.334;1.33403
2025-10-14 04:00:00;1.33444;1.33527;1.33442;1.33526
2025-10-14 03:00:00;1.33435;1.33499;1.33401;1.33463
2025-10-14 02:00:00;1.33447;1.33453;1.33404;1.33442
2025-10-14 01:00:00;1.33374;1.33477;1.33374;1.33438
2025-10-14 00:00:00;1.33332;1.33385;1.33273;1.33376
2025-10-13 23:00:00;1.33319;1.33349;1.33269;1.33324
2025-10-13 22:00:00;1.33333;1.33374;1.33316;1.33316
2025-10-13 21:00:00;1.33388;1.33390;1.33312;1.33358
2025-10-13 20:00:00;1.33314;1.33348;1.33301;1.33340
2025-10-13 19:00:00;1.33355;1.33394;1.33307;1.33307
2025-10-13 18:00:00;1.33326;1.33404;1.33317;1.33337
2025-10-13 17:00:00;1.33308;1.33348;1.33273;1.33330
2025-10-13 16:00:00;1.33305;1.33372;1.33260;1.33298
2025-10-13 15:00:00;1.33275;1.33351;1.33246;1.33294
2025-10-13 14:00:00;1.33332;1.33332;1.33211;1.33271
2025-10-13 13:00:00;1.33340;1.33387;1.33285;1.33342
2025-10-13 12:00:00;1.33316;1.33404;1.33268;1.33326
2025-10-13 11:00:00;1.33378;1.33515;1.33285;1.33307
2025-10-13 10:00:00;1.33381;1.33422;1.33294;1.33369
2025-10-13 09:00:00;1.33264;1.33433;1.33259;1.33381
2025-10-13 08:00:00;1.33349;1.33372;1.33161;1.33271
2025-10-13 07:00:00;1.33494;1.33494;1.33307;1.33369
2025-10-13 06:00:00;1.33502;1.33659;1.33479;1.33492
2025-10-13 05:00:00;1.33572;1.33617;1.33477;1.33481
2025-10-13 04:00:00;1.33545;1.33597;1.33535;1.33565
2025-10-13 03:00:00;1.33524;1.33558;1.33495;1.33542
2025-10-13 02:00:00;1.33547;1.33633;1.33513;1.33515
2025-10-13 01:00:00;1.33543;1.33570;1.33461;1.33545
2025-10-13 00:00:00;1.33372;1.33504;1.33367;1.33502
2025-10-12 23:00:00;1.33426;1.33476;1.33362;1.33365
2025-10-12 22:00:00;1.33403;1.33403;1.33403;1.33403
2025-10-10 21:00:00;1.33540;1.33540;1.3351;1.3351
2025-10-10 20:00:00;1.33497;1.33586;1.33378;1.33586
2025-10-10 19:00:00;1.33456;1.33547;1.33433;1.33518
2025-10-10 18:00:00;1.33458;1.33536;1.33440;1.33485
2025-10-10 17:00:00;1.33454;1.33469;1.33321;1.33461
2025-10-10 16:00:00;1.33465;1.33570;1.33383;1.33440
2025-10-10 15:00:00;1.33048;1.33599;1.33048;1.33388
2025-10-10 14:00:00;1.32747;1.33051;1.32747;1.33028
2025-10-10 13:00:00;1.32793;1.32816;1.32702;1.32777
2025-10-10 12:00:00;1.32765;1.32883;1.32725;1.32813
2025-10-10 11:00:00;1.32674;1.32777;1.32674;1.32733
2025-10-10 10:00:00;1.32913;1.32988;1.32668;1.32668
2025-10-10 09:00:00;1.33092;1.33092;1.32882;1.32913
2025-10-10 08:00:00;1.33025;1.33126;1.32988;1.33090
2025-10-10 07:00:00;1.32963;1.33044;1.32809;1.33026
2025-10-10 06:00:00;1.33060;1.33104;1.32894;1.32984
2025-10-10 05:00:00;1.33094;1.33147;1.33074;1.33074
2025-10-10 04:00:00;1.33127;1.33135;1.33060;1.33083
2025-10-10 03:00:00;1.33085;1.33142;1.33078;1.33124
2025-10-10 02:00:00;1.33014;1.33110;1.33014;1.33090
2025-10-10 01:00:00;1.33060;1.33078;1.33000;1.33025
2025-10-10 00:00:00;1.33037;1.33053;1.32970;1.33053
2025-10-09 23:00:00;1.33000;1.33046;1.32940;1.33035
2025-10-09 22:00:00;1.33067;1.33071;1.32991;1.33011
2025-10-09 21:00:00;1.33096;1.33101;1.32936;1.33083
2025-10-09 20:00:00;1.32980;1.33062;1.32980;1.33044
2025-10-09 19:00:00;1.32823;1.32980;1.32823;1.32970
2025-10-09 18:00:00;1.32986;1.32986;1.32809;1.32818
2025-10-09 17:00:00;1.32947;1.33021;1.32901;1.32979
2025-10-09 16:00:00;1.33110;1.33149;1.32929;1.32940
2025-10-09 15:00:00;1.33337;1.33337;1.32927;1.33090
2025-10-09 14:00:00;1.33652;1.33652;1.33271;1.33317
2025-10-09 13:00:00;1.33853;1.33926;1.33565;1.33681
2025-10-09 12:00:00;1.33774;1.33880;1.33695;1.33844
2025-10-09 11:00:00;1.33688;1.33815;1.33624;1.33761
2025-10-09 10:00:00;1.33880;1.33901;1.33731;1.33731
2025-10-09 09:00:00;1.33626;1.33883;1.33615;1.33863
2025-10-09 08:00:00;1.33545;1.33631;1.33442;1.33620
2025-10-09 07:00:00;1.33643;1.33720;1.33517;1.33529
2025-10-09 06:00:00;1.34061;1.34061;1.33608;1.33652
2025-10-09 05:00:00;1.34133;1.34171;1.34064;1.34064
2025-10-09 04:00:00;1.34158;1.34160;1.34099;1.34133
2025-10-09 03:00:00;1.34167;1.34189;1.34091;1.34153
2025-10-09 02:00:00;1.34102;1.34192;1.34073;1.34160
2025-10-09 01:00:00;1.34115;1.34192;1.34086;1.34086
2025-10-09 00:00:00;1.34005;1.34138;1.34005;1.34108
2025-10-08 23:00:00;1.34057;1.34057;1.33998;1.34014
2025-10-08 22:00:00;1.34028;1.34081;1.34021;1.34068
2025-10-08 21:00:00;1.34032;1.34052;1.33921;1.34028
2025-10-08 20:00:00;1.34002;1.34059;1.33982;1.34028
2025-10-08 19:00:00;1.33917;1.34009;1.33917;1.34009
2025-10-08 18:00:00;1.33804;1.33905;1.33722;1.33905
2025-10-08 17:00:00;1.33871;1.33872;1.33801;1.33811
2025-10-08 16:00:00;1.33890;1.33899;1.33724;1.33872
2025-10-08 15:00:00;1.34217;1.34226;1.33883;1.33917
2025-10-08 14:00:00;1.34225;1.34382;1.34210;1.34228
2025-10-08 13:00:00;1.34208;1.34298;1.34180;1.34291
2025-10-08 12:00:00;1.34081;1.34210;1.34081;1.34189
2025-10-08 11:00:00;1.34135;1.34156;1.34025;1.34057
2025-10-08 10:00:00;1.34032;1.34271;1.34032;1.34127
2025-10-08 09:00:00;1.34081;1.34131;1.34020;1.34027
2025-10-08 08:00:00;1.34172;1.34261;1.34064;1.34079
2025-10-08 07:00:00;1.33982;1.34172;1.33957;1.34165
2025-10-08 06:00:00;1.33928;1.33971;1.33851;1.33971
2025-10-08 05:00:00;1.33937;1.33937;1.33856;1.33906
2025-10-08 04:00:00;1.34002;1.34009;1.33908;1.33935
2025-10-08 03:00:00;1.33976;1.33998;1.33915;1.33998
2025-10-08 02:00:00;1.33989;1.34028;1.33930;1.33971
2025-10-08 01:00:00;1.34099;1.34154;1.33967;1.33978
2025-10-08 00:00:00;1.34210;1.34210;1.34126;1.34165
2025-10-07 23:00:00;1.34262;1.34266;1.34207;1.34207
2025-10-07 22:00:00;1.34270;1.34286;1.34257;1.34257
2025-10-07 21:00:00;1.34295;1.34331;1.34228;1.34279
2025-10-07 20:00:00;1.34210;1.34268;1.34194;1.34248
2025-10-07 19:00:00;1.34306;1.34306;1.34171;1.34214
2025-10-07 18:00:00;1.34410;1.34410;1.34304;1.34306
2025-10-07 17:00:00;1.34447;1.34519;1.34419;1.34419
2025-10-07 16:00:00;1.34414;1.34492;1.34407;1.34441
2025-10-07 15:00:00;1.34317;1.34535;1.34317;1.34421
2025-10-07 14:00:00;1.34167;1.34333;1.34163;1.34324
2025-10-07 13:00:00;1.34145;1.34279;1.34131;1.34194
2025-10-07 12:00:00;1.34020;1.34158;1.33951;1.34158
2025-10-07 11:00:00;1.34275;1.34280;1.33935;1.34032
2025-10-07 10:00:00;1.34450;1.34450;1.34275;1.34275
2025-10-07 09:00:00;1.34387;1.34427;1.34335;1.34425
2025-10-07 08:00:00;1.34372;1.34450;1.34338;1.34367
2025-10-07 07:00:00;1.34539;1.34539;1.34335;1.34353
2025-10-07 06:00:00;1.34617;1.34617;1.34456;1.34526
2025-10-07 05:00:00;1.34698;1.34716;1.34564;1.34597
2025-10-07 04:00:00;1.34753;1.34809;1.34693;1.34707
2025-10-07 03:00:00;1.34765;1.34818;1.34755;1.34767
2025-10-07 02:00:00;1.34740;1.34805;1.34740;1.34764
2025-10-07 01:00:00;1.34825;1.34825;1.34736;1.34745
2025-10-07 00:00:00;1.34842;1.34844;1.34785;1.34824
2025-10-06 23:00:00;1.34825;1.34874;1.34809;1.34847
2025-10-06 22:00:00;1.34827;1.34873;1.34820;1.34825
2025-10-06 21:00:00;1.34856;1.34874;1.34776;1.34809
2025-10-06 20:00:00;1.34818;1.34873;1.34811;1.34853
2025-10-06 19:00:00;1.34831;1.34904;1.34824;1.34824
2025-10-06 18:00:00;1.34838;1.34873;1.34802;1.34831
2025-10-06 17:00:00;1.34764;1.34840;1.34764;1.34840
2025-10-06 16:00:00;1.34767;1.34769;1.34669;1.34755
2025-10-06 15:00:00;1.34809;1.34834;1.34702;1.34744
2025-10-06 14:00:00;1.34617;1.34840;1.34606;1.34805
2025-10-06 13:00:00;1.34383;1.34646;1.34378;1.34629
2025-10-06 12:00:00;1.34237;1.34400;1.34237;1.34371
2025-10-06 11:00:00;1.34232;1.34313;1.34172;1.34244
2025-10-06 10:00:00;1.34363;1.34376;1.34241;1.34264
2025-10-06 09:00:00;1.34344;1.34383;1.34252;1.34374
2025-10-06 08:00:00;1.34448;1.34448;1.34199;1.34374
2025-10-06 07:00:00;1.34405;1.34642;1.34381;1.34456
2025-10-06 06:00:00;1.34470;1.34481;1.34331;1.34421
2025-10-06 05:00:00;1.34483;1.34523;1.34410;1.34436
2025-10-06 04:00:00;1.34533;1.34550;1.34466;1.34475
2025-10-06 03:00:00;1.34548;1.34588;1.34519;1.34519
2025-10-06 02:00:00;1.34503;1.34573;1.34503;1.34553
2025-10-06 01:00:00;1.34414;1.34506;1.34362;1.34506
2025-10-06 00:00:00;1.34331;1.34405;1.34289;1.34405
2025-10-05 23:00:00;1.34354;1.34376;1.34280;1.34333
2025-10-05 22:00:00;1.34414;1.3443;1.34224;1.34316
2025-10-03 22:00:00;1.34816;1.34816;1.34816;1.34816
2025-10-03 21:00:00;1.34809;1.34809;1.34759;1.34759
2025-10-03 20:00:00;1.34845;1.34864;1.34776;1.34818
2025-10-03 19:00:00;1.34814;1.34844;1.34785;1.34833
2025-10-03 18:00:00;1.34704;1.34809;1.34642;1.34805
2025-10-03 17:00:00;1.34755;1.34825;1.34684;1.34715
2025-10-03 16:00:00;1.34813;1.34844;1.34740;1.34780
2025-10-03 15:00:00;1.34711;1.34849;1.34662;1.34802
2025-10-03 14:00:00;1.34686;1.34780;1.34590;1.34724
2025-10-03 13:00:00;1.34577;1.34687;1.34524;1.34658
2025-10-03 12:00:00;1.34513;1.34593;1.34389;1.34593
2025-10-03 11:00:00;1.34526;1.34566;1.34457;1.34492
2025-10-03 10:00:00;1.34546;1.34566;1.34492;1.34533
2025-10-03 09:00:00;1.34588;1.34588;1.34443;1.34542
2025-10-03 08:00:00;1.34644;1.34664;1.34541;1.34584
2025-10-03 07:00:00;1.34369;1.34606;1.34369;1.34599
2025-10-03 06:00:00;1.34324;1.34436;1.34308;1.34345
2025-10-03 05:00:00;1.34356;1.34374;1.34324;1.34327
2025-10-03 04:00:00;1.34454;1.34466;1.34360;1.34360
2025-10-03 03:00:00;1.34396;1.34457;1.34363;1.34457
2025-10-03 02:00:00;1.34457;1.34457;1.34365;1.34401
2025-10-03 01:00:00;1.34465;1.34497;1.34340;1.34459
2025-10-03 00:00:00;1.34466;1.34466;1.34400;1.34456
2025-10-02 23:00:00;1.34419;1.34470;1.34416;1.34468
2025-10-02 22:00:00;1.34418;1.34510;1.34407;1.34418
2025-10-02 21:00:00;1.34288;1.34463;1.34277;1.34380
2025-10-02 20:00:00;1.34428;1.34501;1.34392;1.34409
2025-10-02 19:00:00;1.34485;1.34517;1.34438;1.34439
2025-10-02 18:00:00;1.34385;1.34485;1.34385;1.34475
2025-10-02 17:00:00;1.34405;1.34456;1.34365;1.34383
2025-10-02 16:00:00;1.34216;1.34396;1.34216;1.34396
2025-10-02 15:00:00;1.34212;1.34268;1.34021;1.34214
2025-10-02 14:00:00;1.34306;1.34308;1.34162;1.34212
2025-10-02 13:00:00;1.34673;1.34686;1.34297;1.34313
2025-10-02 12:00:00;1.34785;1.34824;1.34651;1.34651
2025-10-02 11:00:00;1.34825;1.34825;1.34713;1.34769
2025-10-02 10:00:00;1.34980;1.34980;1.34798;1.34798
2025-10-02 09:00:00;1.35042;1.35082;1.34973;1.34991
2025-10-02 08:00:00;1.34944;1.35104;1.34922;1.35057
2025-10-02 07:00:00;1.34904;1.35006;1.34898;1.34945
2025-10-02 06:00:00;1.34795;1.34896;1.34744;1.34896
2025-10-02 05:00:00;1.34785;1.34785;1.34698;1.34764
2025-10-02 04:00:00;1.34785;1.34795;1.34745;1.34760
2025-10-02 03:00:00;1.34811;1.34814;1.34765;1.34785
2025-10-02 02:00:00;1.34878;1.34878;1.34805;1.34814
2025-10-02 01:00:00;1.34696;1.34847;1.34682;1.34847
2025-10-02 00:00:00;1.34769;1.34780;1.34700;1.34700
2025-10-01 23:00:00;1.34805;1.34838;1.34793;1.34793
2025-10-01 22:00:00;1.34787;1.34816;1.34778;1.34798
2025-10-01 21:00:00;1.34905;1.34915;1.34764;1.34820
2025-10-01 20:00:00;1.34795;1.34795;1.34727;1.34778
2025-10-01 19:00:00;1.34882;1.34887;1.34796;1.34800
2025-10-01 18:00:00;1.34722;1.34895;1.34700;1.34867
2025-10-01 17:00:00;1.34751;1.34787;1.34727;1.34731
2025-10-01 16:00:00;1.34664;1.34765;1.34664;1.34744
2025-10-01 15:00:00;1.35073;1.35073;1.34722;1.34722
2025-10-01 14:00:00;1.35177;1.35205;1.34942;1.35068
2025-10-01 13:00:00;1.35142;1.35272;1.35082;1.35177
2025-10-01 12:00:00;1.34807;1.35221;1.34711;1.35126
2025-10-01 11:00:00;1.34724;1.34880;1.34720;1.34814
2025-10-01 10:00:00;1.34637;1.34755;1.34597;1.34713
2025-10-01 09:00:00;1.34682;1.34753;1.34637;1.34649
2025-10-01 08:00:00;1.34689;1.34802;1.34678;1.34678
2025-10-01 07:00:00;1.34693;1.34775;1.34550;1.34678
2025-10-01 06:00:00;1.34597;1.34773;1.34573;1.34678
2025-10-01 05:00:00;1.34706;1.34715;1.34561;1.34561
2025-10-01 04:00:00;1.34423;1.34635;1.34421;1.34635
2025-10-01 03:00:00;1.34425;1.34427;1.34371;1.34414
2025-10-01 02:00:00;1.34423;1.34434;1.34360;1.34418
2025-10-01 01:00:00;1.34425;1.34425;1.34356;1.34421
2025-10-01 00:00:00;1.34412;1.34441;1.34367;1.34412
2025-09-30 23:00:00;1.34436;1.34503;1.34428;1.34434
2025-09-30 22:00:00;1.34436;1.34504;1.34432;1.34441
2025-09-30 21:00:00;1.34584;1.34584;1.34416;1.34490
2025-09-30 20:00:00;1.34472;1.34472;1.34403;1.34463
2025-09-30 19:00:00;1.34456;1.34517;1.34456;1.34490
2025-09-30 18:00:00;1.34523;1.34535;1.34423;1.34501
2025-09-30 17:00:00;1.34602;1.34631;1.34504;1.34513
2025-09-30 16:00:00;1.34452;1.34624;1.34410;1.34595
2025-09-30 15:00:00;1.34624;1.34624;1.34372;1.34432
2025-09-30 14:00:00;1.34423;1.34671;1.34378;1.34622
2025-09-30 13:00:00;1.34441;1.34494;1.34162;1.34447
2025-09-30 12:00:00;1.34382;1.34504;1.34372;1.34427
2025-09-30 11:00:00;1.34391;1.34445;1.34257;1.34371
2025-09-30 10:00:00;1.34461;1.34503;1.34374;1.34380
2025-09-30 09:00:00;1.34450;1.34499;1.34405;1.34450
2025-09-30 08:00:00;1.34472;1.34523;1.34414;1.34459
2025-09-30 07:00:00;1.34392;1.34513;1.34331;1.34479
2025-09-30 06:00:00;1.34351;1.34513;1.34297;1.34412
2025-09-30 05:00:00;1.34414;1.34461;1.34340;1.34340
2025-09-30 04:00:00;1.34362;1.34387;1.34291;1.34387
2025-09-30 03:00:00;1.34302;1.34383;1.34289;1.34360
2025-09-30 02:00:00;1.34214;1.34322;1.34212;1.34313
2025-09-30 01:00:00;1.34282;1.34342;1.34239;1.34243
2025-09-30 00:00:00;1.34311;1.34365;1.34203;1.34253
2025-09-29 23:00:00;1.34344;1.34382;1.34340;1.34353
2025-09-29 22:00:00;1.34327;1.34344;1.34311;1.34342
2025-09-29 21:00:00;1.34235;1.34324;1.34235;1.34300
2025-09-29 20:00:00;1.34354;1.34354;1.34300;1.34306
2025-09-29 19:00:00;1.34382;1.34385;1.34351;1.34362
2025-09-29 18:00:00;1.34255;1.34391;1.34250;1.34385
2025-09-29 17:00:00;1.34326;1.34338;1.34250;1.34255
2025-09-29 16:00:00;1.34322;1.34356;1.34270;1.34313
2025-09-29 15:00:00;1.34187;1.34362;1.34187;1.34322
2025-09-29 14:00:00;1.34389;1.34389;1.34185;1.34185
2025-09-29 13:00:00;1.34521;1.34521;1.34394;1.34396
2025-09-29 12:00:00;1.34474;1.34566;1.34351;1.34523
2025-09-29 11:00:00;1.34288;1.34481;1.34262;1.34481
2025-09-29 10:00:00;1.34315;1.34333;1.34262;1.34282
2025-09-29 09:00:00;1.34371;1.34421;1.34309;1.34322
2025-09-29 08:00:00;1.34452;1.34497;1.34326;1.34367
2025-09-29 07:00:00;1.34385;1.34495;1.34385;1.34468
2025-09-29 06:00:00;1.34407;1.34419;1.34353;1.34392
2025-09-29 05:00:00;1.34372;1.34421;1.34356;1.34421
2025-09-29 04:00:00;1.34309;1.34419;1.34288;1.34385
2025-09-29 03:00:00;1.34309;1.34344;1.34298;1.34324
2025-09-29 02:00:00;1.34268;1.34340;1.34268;1.34304
2025-09-29 01:00:00;1.34232;1.34280;1.34171;1.34270
2025-09-29 00:00:00;1.34097;1.34252;1.34097;1.34243
2025-09-28 23:00:00;1.34048;1.34117;1.34048;1.34079
2025-09-26 22:00:00;1.33999;1.33999;1.33999;1.33999
2025-09-26 21:00:00;1.34020;1.34041;1.33999;1.33999
2025-09-26 20:00:00;1.34088;1.34102;1.33991;1.34012
2025-09-26 19:00:00;1.34093;1.34108;1.34048;1.34086
2025-09-26 18:00:00;1.34057;1.34111;1.34032;1.34099
2025-09-26 17:00:00;1.34002;1.34077;1.33996;1.34052
2025-09-26 16:00:00;1.34021;1.34102;1.33984;1.33985
2025-09-26 15:00:00;1.34007;1.34124;1.33951;1.34016
2025-09-26 14:00:00;1.33880;1.34055;1.33863;1.34023
2025-09-26 13:00:00;1.33797;1.33871;1.33761;1.33853
2025-09-26 12:00:00;1.33515;1.33756;1.33515;1.33754
2025-09-26 11:00:00;1.33476;1.33561;1.33445;1.33508
2025-09-26 10:00:00;1.33515;1.33559;1.33424;1.33476
2025-09-26 09:00:00;1.33656;1.33656;1.33520;1.33520
2025-09-26 08:00:00;1.33529;1.33702;1.33520;1.33651
2025-09-26 07:00:00;1.33624;1.33695;1.33461;1.33531
2025-09-26 06:00:00;1.33543;1.33643;1.33526;1.33643
2025-09-26 05:00:00;1.33543;1.33577;1.33535;1.33538
2025-09-26 04:00:00;1.33524;1.33558;1.33508;1.33547
2025-09-26 03:00:00;1.33504;1.33549;1.33492;1.33549
2025-09-26 02:00:00;1.33422;1.33559;1.33422;1.33506
2025-09-26 01:00:00;1.33463;1.33485;1.33403;1.33415
2025-09-26 00:00:00;1.33344;1.33456;1.33317;1.33456
2025-09-25 23:00:00;1.33435;1.33435;1.33332;1.33360
2025-09-25 22:00:00;1.33404;1.33465;1.33404;1.33442
2025-09-25 21:00:00;1.33442;1.33463;1.33374;1.33385
2025-09-25 20:00:00;1.33372;1.33472;1.33371;1.33437
2025-09-25 19:00:00;1.33355;1.33412;1.33346;1.33374
2025-09-25 18:00:00;1.33371;1.33383;1.33253;1.33342
2025-09-25 17:00:00;1.33396;1.33435;1.33275;1.33360
2025-09-25 16:00:00;1.33499;1.33574;1.33369;1.33396
2025-09-25 15:00:00;1.33474;1.33511;1.33428;1.33488
2025-09-25 14:00:00;1.33692;1.33846;1.33481;1.33481
2025-09-25 13:00:00;1.33806;1.33935;1.33659;1.33717
2025-09-25 12:00:00;1.34219;1.34219;1.33751;1.33846
2025-09-25 11:00:00;1.34454;1.34468;1.34190;1.34225
2025-09-25 10:00:00;1.34499;1.34570;1.34470;1.34479
2025-09-25 09:00:00;1.34535;1.34600;1.34475;1.34504
2025-09-25 08:00:00;1.34389;1.34533;1.34360;1.34533
2025-09-25 07:00:00;1.34631;1.34635;1.34382;1.34382
2025-09-25 06:00:00;1.34532;1.34673;1.34510;1.34658
2025-09-25 05:00:00;1.34626;1.34631;1.34541;1.34551
2025-09-25 04:00:00;1.34628;1.34647;1.34606;1.34633
2025-09-25 03:00:00;1.34582;1.34624;1.34562;1.34624
2025-09-25 02:00:00;1.34550;1.34626;1.34542;1.34586
2025-09-25 01:00:00;1.34579;1.34591;1.34499;1.34544
2025-09-25 00:00:00;1.34508;1.34575;1.34501;1.34575
2025-09-24 23:00:00;1.34515;1.34537;1.34497;1.34497
2025-09-24 22:00:00;1.34486;1.34524;1.34479;1.34519
2025-09-24 21:00:00;1.34532;1.34537;1.34461;1.34475
2025-09-24 20:00:00;1.34481;1.34492;1.34443;1.34477
2025-09-24 19:00:00;1.34488;1.34512;1.34439;1.34472
2025-09-24 18:00:00;1.34541;1.34550;1.34448;1.34499
2025-09-24 17:00:00;1.34441;1.34561;1.34441;1.34539
2025-09-24 16:00:00;1.34468;1.34497;1.34398;1.34436
2025-09-24 15:00:00;1.34544;1.34570;1.34447;1.34470
2025-09-24 14:00:00;1.34317;1.34579;1.34288;1.34517
2025-09-24 13:00:00;1.34470;1.34479;1.34282;1.34385
2025-09-24 12:00:00;1.34580;1.34698;1.34387;1.34461
2025-09-24 11:00:00;1.34628;1.34695;1.34570;1.34582
2025-09-24 10:00:00;1.34775;1.34791;1.34658;1.34658
2025-09-24 09:00:00;1.34849;1.34874;1.34722;1.34782
2025-09-24 08:00:00;1.34800;1.34849;1.34747;1.34847
2025-09-24 07:00:00;1.34991;1.34998;1.34833;1.34856
2025-09-24 06:00:00;1.35093;1.35111;1.34940;1.34989
2025-09-24 05:00:00;1.35100;1.35122;1.35026;1.35064
2025-09-24 04:00:00;1.35066;1.35108;1.35066;1.35095
2025-09-24 03:00:00;1.35108;1.35146;1.35073;1.35077
2025-09-24 02:00:00;1.35108;1.35164;1.35108;1.35115
2025-09-24 01:00:00;1.35148;1.35159;1.35088;1.35117
2025-09-24 00:00:00;1.35237;1.35237;1.35148;1.35148
2025-09-23 23:00:00;1.35259;1.35272;1.35228;1.35241
2025-09-23 22:00:00;1.35241;1.35283;1.35227;1.35259
2025-09-23 21:00:00;1.35241;1.35269;1.35177;1.35214
2025-09-23 20:00:00;1.35261;1.35278;1.35216;1.35263
2025-09-23 19:00:00;1.35192;1.35267;1.35152;1.35261
2025-09-23 18:00:00;1.35152;1.35217;1.35150;1.35173
2025-09-23 17:00:00;1.35221;1.35254;1.35168;1.35170
2025-09-23 16:00:00;1.35179;1.35237;1.35091;1.35210
2025-09-23 15:00:00;1.35250;1.35252;1.35084;1.35168
2025-09-23 14:00:00;1.35186;1.35252;1.35117;1.35252
2025-09-23 13:00:00;1.35327;1.35360;1.35079;1.35177
2025-09-23 12:00:00;1.35133;1.35292;1.35108;1.35256
2025-09-23 11:00:00;1.35115;1.35197;1.35068;1.35153
2025-09-23 10:00:00;1.35057;1.35163;1.35002;1.35117
2025-09-23 09:00:00;1.35068;1.35121;1.34980;1.35051
2025-09-23 08:00:00;1.35183;1.35270;1.34878;1.35038
2025-09-23 07:00:00;1.35142;1.35219;1.35058;1.35208
2025-09-23 06:00:00;1.35058;1.35227;1.35037;1.35172
2025-09-23 05:00:00;1.35051;1.35146;1.35046;1.35084
2025-09-23 04:00:00;1.35166;1.35179;1.35055;1.35080
2025-09-23 03:00:00;1.35089;1.35157;1.35044;1.35157
2025-09-23 02:00:00;1.35236;1.35247;1.35071;1.35097
2025-09-23 01:00:00;1.35219;1.35265;1.35168;1.35236
2025-09-23 00:00:00;1.35126;1.35206;1.35119;1.35206
2025-09-22 23:00:00;1.35155;1.35168;1.35146;1.35146
2025-09-22 22:00:00;1.35133;1.35168;1.35133;1.35150
2025-09-22 21:00:00;1.35104;1.35170;1.35000;1.35135
2025-09-22 20:00:00;1.35155;1.35175;1.35133;1.35163
2025-09-22 19:00:00;1.35183;1.35186;1.35155;1.35164
2025-09-22 18:00:00;1.35177;1.35201;1.35157;1.35177
2025-09-22 17:00:00;1.35088;1.35177;1.35077;1.35175
2025-09-22 16:00:00;1.35037;1.35197;1.35007;1.35086
2025-09-22 15:00:00;1.34955;1.35048;1.34929;1.35027
2025-09-22 14:00:00;1.35048;1.35055;1.34929;1.34956
2025-09-22 13:00:00;1.35062;1.35139;1.34989;1.35071
2025-09-22 12:00:00;1.34978;1.35157;1.34909;1.35095
2025-09-22 11:00:00;1.34989;1.35000;1.34936;1.34980
2025-09-22 10:00:00;1.35024;1.35062;1.34956;1.34998
2025-09-22 09:00:00;1.34978;1.35035;1.34920;1.35018
2025-09-22 08:00:00;1.34809;1.35031;1.34809;1.34962
2025-09-22 07:00:00;1.34773;1.34824;1.34720;1.34789
2025-09-22 06:00:00;1.34744;1.34831;1.34722;1.34755
2025-09-22 05:00:00;1.34613;1.34738;1.34602;1.34722
2025-09-22 04:00:00;1.34608;1.34631;1.34542;1.34609
2025-09-22 03:00:00;1.34588;1.34675;1.34588;1.34629
2025-09-22 02:00:00;1.34660;1.34669;1.34595;1.34600
2025-09-22 01:00:00;1.34731;1.34745;1.34667;1.34667
2025-09-22 00:00:00;1.34622;1.34682;1.34584;1.34673
2025-09-21 23:00:00;1.34722;1.34724;1.34642;1.34642
2025-09-19 22:00:00;1.34668;1.34668;1.34668;1.34668
2025-09-19 21:00:00;1.34740;1.34740;1.34668;1.34668
2025-09-19 20:00:00;1.34722;1.34749;1.34680;1.34740
2025-09-19 19:00:00;1.34689;1.34756;1.34680;1.34724
2025-09-19 18:00:00;1.34767;1.34767;1.34687;1.34700
2025-09-19 17:00:00;1.34838;1.34853;1.34738;1.34773
2025-09-19 16:00:00;1.34851;1.34851;1.34713;1.34834
2025-09-19 15:00:00;1.34825;1.34851;1.34735;1.34840
2025-09-19 14:00:00;1.34918;1.34982;1.34824;1.34824
2025-09-19 13:00:00;1.34709;1.34947;1.34689;1.34896
2025-09-19 12:00:00;1.34747;1.34831;1.34647;1.34686
2025-09-19 11:00:00;1.34960;1.34989;1.34740;1.34782
2025-09-19 10:00:00;1.35051;1.35080;1.34973;1.34982
2025-09-19 09:00:00;1.34975;1.35108;1.34973;1.35053
2025-09-19 08:00:00;1.34927;1.35011;1.34834;1.35002
2025-09-19 07:00:00;1.35073;1.35128;1.34865;1.34916
2025-09-19 06:00:00;1.35408;1.35408;1.34989;1.35089
2025-09-19 05:00:00;1.35448;1.35516;1.35421;1.35450
2025-09-19 04:00:00;1.35523;1.35593;1.35432;1.35446
2025-09-19 03:00:00;1.35433;1.35573;1.35432;1.35518
2025-09-19 02:00:00;1.35399;1.35421;1.35320;1.35415
2025-09-19 01:00:00;1.35496;1.35496;1.35378;1.35400
2025-09-19 00:00:00;1.35555;1.35556;1.35410;1.35490
2025-09-18 23:00:00;1.35527;1.35571;1.35522;1.35553
2025-09-18 22:00:00;1.35534;1.35555;1.35525;1.35529
2025-09-18 21:00:00;1.35573;1.35580;1.35512;1.35553
2025-09-18 20:00:00;1.35465;1.35538;1.35465;1.35538
2025-09-18 19:00:00;1.35529;1.35579;1.35487;1.35501
2025-09-18 18:00:00;1.35542;1.35567;1.35459;1.35536
2025-09-18 17:00:00;1.35527;1.35626;1.35527;1.35558
2025-09-18 16:00:00;1.35496;1.35580;1.35426;1.35534
2025-09-18 15:00:00;1.35527;1.35619;1.35364;1.35472
2025-09-18 14:00:00;1.35501;1.35709;1.35501;1.35531
2025-09-18 13:00:00;1.35945;1.35958;1.35355;1.35518
2025-09-18 12:00:00;1.36193;1.36221;1.35955;1.35955
2025-09-18 11:00:00;1.36550;1.36550;1.36154;1.36227
2025-09-18 10:00:00;1.36465;1.36536;1.36428;1.36495
2025-09-18 09:00:00;1.36420;1.36556;1.36377;1.36470
2025-09-18 08:00:00;1.36323;1.36480;1.36284;1.36403
2025-09-18 07:00:00;1.35977;1.36396;1.35971;1.36331
2025-09-18 06:00:00;1.36012;1.36051;1.35870;1.35951
2025-09-18 05:00:00;1.36069;1.36103;1.35931;1.35964
2025-09-18 04:00:00;1.36210;1.36216;1.36058;1.36071
2025-09-18 03:00:00;1.36294;1.36308;1.36206;1.36212
2025-09-18 02:00:00;1.36205;1.36284;1.36192;1.36279
2025-09-18 01:00:00;1.36307;1.36307;1.36114;1.36177
2025-09-18 00:00:00;1.36282;1.36294;1.36221;1.36271
2025-09-17 23:00:00;1.36305;1.36346;1.36286;1.36301
2025-09-17 22:00:00;1.36299;1.36333;1.36249;1.36295
2025-09-17 21:00:00;1.36409;1.36416;1.36242;1.36266
2025-09-17 20:00:00;1.36379;1.36387;1.36201;1.36279
2025-09-17 19:00:00;1.36396;1.36631;1.36359;1.36366
2025-09-17 18:00:00;1.36919;1.37248;1.36277;1.36411
2025-09-17 17:00:00;1.36642;1.36687;1.36608;1.36677
2025-09-17 16:00:00;1.36610;1.36698;1.36605;1.36655
2025-09-17 15:00:00;1.36590;1.36666;1.36564;1.36588
2025-09-17 14:00:00;1.36610;1.36690;1.36593;1.36595
2025-09-17 13:00:00;1.36541;1.36649;1.36495;1.36634
2025-09-17 12:00:00;1.36478;1.36539;1.36450;1.36539
2025-09-17 11:00:00;1.36446;1.36519;1.36407;1.36474
2025-09-17 10:00:00;1.36487;1.36530;1.36403;1.36437
2025-09-17 09:00:00;1.36426;1.36565;1.36426;1.36485
2025-09-17 08:00:00;1.36346;1.36528;1.36340;1.36407
2025-09-17 07:00:00;1.36398;1.36398;1.36316;1.36353
2025-09-17 06:00:00;1.36474;1.36500;1.36372;1.36403
2025-09-17 05:00:00;1.36435;1.36487;1.36435;1.36485
2025-09-17 04:00:00;1.36431;1.36444;1.36416;1.36426
2025-09-17 03:00:00;1.36437;1.36465;1.36416;1.36435
2025-09-17 02:00:00;1.36435;1.36457;1.36416;1.36442
2025-09-17 01:00:00;1.36463;1.36485;1.36405;1.36439
2025-09-17 00:00:00;1.36550;1.36593;1.36455;1.36455
2025-09-16 23:00:00;1.36508;1.36558;1.36508;1.36530
2025-09-16 22:00:00;1.36465;1.36549;1.36465;1.36508
2025-09-16 21:00:00;1.36735;1.36735;1.36452;1.36521
2025-09-16 20:00:00;1.36517;1.36545;1.36444;1.36463
2025-09-16 19:00:00;1.36580;1.36616;1.36513;1.36513
2025-09-16 18:00:00;1.36586;1.36640;1.36569;1.36606
2025-09-16 17:00:00;1.36605;1.36677;1.36543;1.36590
2025-09-16 16:00:00;1.36524;1.36638;1.36517;1.36580
2025-09-16 15:00:00;1.36562;1.36562;1.36394;1.36536
2025-09-16 14:00:00;1.36567;1.36704;1.36532;1.36573
2025-09-16 13:00:00;1.36424;1.36591;1.36413;1.36580
2025-09-16 12:00:00;1.36437;1.36463;1.36284;1.36414
2025-09-16 11:00:00;1.36255;1.36495;1.36255;1.36435
2025-09-16 10:00:00;1.36416;1.36416;1.36268;1.36268
2025-09-16 09:00:00;1.36277;1.36450;1.36277;1.36428
2025-09-16 08:00:00;1.36288;1.36379;1.36245;1.36271
2025-09-16 07:00:00;1.36310;1.36437;1.36271;1.36288
2025-09-16 06:00:00;1.36268;1.36329;1.36219;1.36308
2025-09-16 05:00:00;1.36167;1.36208;1.36154;1.36206
2025-09-16 04:00:00;1.36179;1.36179;1.36130;1.36162
2025-09-16 03:00:00;1.36132;1.36247;1.36114;1.36179
2025-09-16 02:00:00;1.36053;1.36145;1.36053;1.36125
2025-09-16 01:00:00;1.36034;1.36064;1.35995;1.36036
2025-09-16 00:00:00;1.36038;1.36047;1.35988;1.36021
2025-09-15 23:00:00;1.36043;1.36054;1.36017;1.36017
2025-09-15 22:00:00;1.36051;1.36051;1.35993;1.36036
2025-09-15 21:00:00;1.36023;1.36045;1.35975;1.36034
2025-09-15 20:00:00;1.36090;1.36110;1.35977;1.35988
2025-09-15 19:00:00;1.36073;1.36104;1.36053;1.36097
2025-09-15 18:00:00;1.36099;1.36108;1.36010;1.36058
2025-09-15 17:00:00;1.36001;1.36117;1.35967;1.36095
2025-09-15 16:00:00;1.36080;1.36091;1.35958;1.35992
2025-09-15 15:00:00;1.35888;1.36078;1.35882;1.36066
2025-09-15 14:00:00;1.35943;1.35947;1.35857;1.35906
2025-09-15 13:00:00;1.36151;1.36162;1.35969;1.35973
2025-09-15 12:00:00;1.36177;1.36192;1.36088;1.36149
2025-09-15 11:00:00;1.36069;1.36177;1.36060;1.36166
2025-09-15 10:00:00;1.35967;1.36136;1.35955;1.36082
2025-09-15 09:00:00;1.35820;1.35995;1.35798;1.35934
2025-09-15 08:00:00;1.35823;1.35984;1.35801;1.35814
2025-09-15 07:00:00;1.35654;1.35947;1.35650;1.35829
2025-09-15 06:00:00;1.35654;1.35678;1.35542;1.35643
2025-09-15 05:00:00;1.35680;1.35685;1.35621;1.35621
2025-09-15 04:00:00;1.35663;1.35713;1.35654;1.35670
2025-09-15 03:00:00;1.35604;1.35676;1.35602;1.35656
2025-09-15 02:00:00;1.35595;1.35615;1.35564;1.35601
2025-09-15 01:00:00;1.35556;1.35606;1.35534;1.35606
2025-09-15 00:00:00;1.35549;1.35564;1.35498;1.35564
2025-09-14 23:00:00;1.35573;1.35588;1.35525;1.35531
2025-09-12 22:00:00;1.35474;1.35474;1.35474;1.35474
2025-09-12 21:00:00;1.35658;1.35658;1.35474;1.35474
2025-09-12 20:00:00;1.35613;1.35624;1.35571;1.35624
2025-09-12 19:00:00;1.35694;1.35705;1.35619;1.35623
2025-09-12 18:00:00;1.35608;1.35707;1.35608;1.35702
2025-09-12 17:00:00;1.35612;1.35682;1.35608;1.35608
2025-09-12 16:00:00;1.35465;1.35678;1.35411;1.35595
2025-09-12 15:00:00;1.35593;1.35615;1.35452;1.35452
2025-09-12 14:00:00;1.35487;1.35685;1.35487;1.35604
2025-09-12 13:00:00;1.35444;1.35494;1.35391;1.35466
2025-09-12 12:00:00;1.35483;1.35483;1.35272;1.35444
2025-09-12 11:00:00;1.35595;1.35623;1.35479;1.35498
2025-09-12 10:00:00;1.35477;1.35573;1.35477;1.35571
2025-09-12 09:00:00;1.35355;1.35479;1.35314;1.35468
2025-09-12 08:00:00;1.35632;1.35634;1.35320;1.35344
2025-09-12 07:00:00;1.35608;1.35746;1.35608;1.35641
2025-09-12 06:00:00;1.35584;1.35584;1.35457;1.35573
2025-09-12 05:00:00;1.35566;1.35608;1.35533;1.35593
2025-09-12 04:00:00;1.35544;1.35569;1.35534;1.35564
2025-09-12 03:00:00;1.35571;1.35591;1.35547;1.35564
2025-09-12 02:00:00;1.35575;1.35628;1.35569;1.35591
2025-09-12 01:00:00;1.35735;1.35735;1.35573;1.35577
2025-09-12 00:00:00;1.35737;1.35761;1.35696;1.35733
2025-09-11 23:00:00;1.35803;1.35809;1.35750;1.35763
2025-09-11 22:00:00;1.35766;1.35807;1.35766;1.35792
2025-09-11 21:00:00;1.35788;1.35788;1.35670;1.35737
2025-09-11 20:00:00;1.35783;1.35807;1.35735;1.35735
2025-09-11 19:00:00;1.35794;1.35818;1.35777;1.35788
2025-09-11 18:00:00;1.35715;1.35823;1.35707;1.35803
2025-09-11 17:00:00;1.35783;1.35831;1.35698;1.35717
2025-09-11 16:00:00;1.35669;1.35794;1.35669;1.35777
2025-09-11 15:00:00;1.35582;1.35790;1.35534;1.35663
2025-09-11 14:00:00;1.35525;1.35663;1.35525;1.35577
2025-09-11 13:00:00;1.35488;1.35606;1.35406;1.35536
2025-09-11 12:00:00;1.35115;1.35466;1.35079;1.35433
2025-09-11 11:00:00;1.35155;1.35228;1.35082;1.35084
2025-09-11 10:00:00;1.35017;1.35157;1.35007;1.35157
2025-09-11 09:00:00;1.35161;1.35164;1.34976;1.35031
2025-09-11 08:00:00;1.35163;1.35208;1.35150;1.35152
2025-09-11 07:00:00;1.35186;1.35216;1.35053;1.35157
2025-09-11 06:00:00;1.35164;1.35225;1.35130;1.35163
2025-09-11 05:00:00;1.35261;1.35263;1.35166;1.35166
2025-09-11 04:00:00;1.35291;1.35291;1.35245;1.35274
2025-09-11 03:00:00;1.35261;1.35305;1.35261;1.35281
2025-09-11 02:00:00;1.35294;1.35300;1.35234;1.35267
2025-09-11 01:00:00;1.35274;1.35344;1.35274;1.35303
2025-09-11 00:00:00;1.35320;1.35327;1.35280;1.35283
2025-09-10 23:00:00;1.35366;1.35397;1.35347;1.35349
2025-09-10 22:00:00;1.35313;1.35386;1.35313;1.35382
2025-09-10 21:00:00;1.35276;1.35371;1.35256;1.35283
2025-09-10 20:00:00;1.35316;1.35333;1.35274;1.35294
2025-09-10 19:00:00;1.35364;1.35367;1.35221;1.35313
2025-09-10 18:00:00;1.35344;1.35413;1.35329;1.35360
2025-09-10 17:00:00;1.35356;1.35404;1.35289;1.35351
2025-09-10 16:00:00;1.35479;1.35492;1.35345;1.35362
2025-09-10 15:00:00;1.35522;1.35544;1.35439;1.35468
2025-09-10 14:00:00;1.35571;1.35604;1.35483;1.35511
2025-09-10 13:00:00;1.35291;1.35575;1.35278;1.35553
2025-09-10 12:00:00;1.35364;1.35516;1.35254;1.35318
2025-09-10 11:00:00;1.35373;1.35391;1.35283;1.35347
2025-09-10 10:00:00;1.35428;1.35437;1.35322;1.35395
2025-09-10 09:00:00;1.35280;1.35455;1.35278;1.35430
2025-09-10 08:00:00;1.35336;1.35336;1.35203;1.35278
2025-09-10 07:00:00;1.35248;1.35384;1.35179;1.35340
2025-09-10 06:00:00;1.35377;1.35439;1.35217;1.35217
2025-09-10 05:00:00;1.35419;1.35419;1.35329;1.35355
2025-09-10 04:00:00;1.35336;1.35419;1.35323;1.35417
2025-09-10 03:00:00;1.35318;1.35371;1.35318;1.35342
2025-09-10 02:00:00;1.35225;1.35329;1.35225;1.35313
2025-09-10 01:00:00;1.35254;1.35278;1.35161;1.35228
2025-09-10 00:00:00;1.35188;1.35241;1.35172;1.35223
2025-09-09 23:00:00;1.35292;1.35303;1.35195;1.35212
2025-09-09 22:00:00;1.35252;1.35313;1.35250;1.35307
2025-09-09 21:00:00;1.35272;1.35280;1.35219;1.35248
2025-09-09 20:00:00;1.35197;1.35280;1.35188;1.35269
2025-09-09 19:00:00;1.35232;1.35247;1.35192;1.35194
2025-09-09 18:00:00;1.35256;1.35276;1.35228;1.35230
2025-09-09 17:00:00;1.35360;1.35389;1.35263;1.35263
2025-09-09 16:00:00;1.35303;1.35459;1.35265;1.35351
2025-09-09 15:00:00;1.35399;1.35400;1.35237;1.35327
2025-09-09 14:00:00;1.35700;1.35700;1.35327;1.35393
2025-09-09 13:00:00;1.35534;1.35639;1.35531;1.35542
2025-09-09 12:00:00;1.35571;1.35599;1.35466;1.35549
2025-09-09 11:00:00;1.35761;1.35781;1.35586;1.35588
2025-09-09 10:00:00;1.35864;1.35894;1.35753;1.35774
2025-09-09 09:00:00;1.35735;1.35901;1.35735;1.35879
2025-09-09 08:00:00;1.35658;1.35761;1.35593;1.35735
2025-09-09 07:00:00;1.35656;1.35759;1.35597;1.35654
2025-09-09 06:00:00;1.35807;1.35820;1.35591;1.35669
2025-09-09 05:00:00;1.35746;1.35809;1.35718;1.35801
2025-09-09 04:00:00;1.35601;1.35755;1.35597;1.35748
2025-09-09 03:00:00;1.35636;1.35648;1.35590;1.35602
2025-09-09 02:00:00;1.35680;1.35717;1.35639;1.35643
2025-09-09 01:00:00;1.35575;1.35689;1.35536;1.35670
2025-09-09 00:00:00;1.35516;1.35619;1.35516;1.35591
2025-09-08 23:00:00;1.35507;1.35582;1.35505;1.35529
2025-09-08 22:00:00;1.35483;1.35503;1.35466;1.35494
2025-09-08 21:00:00;1.35538;1.35538;1.35439;1.35465
2025-09-08 20:00:00;1.35514;1.35514;1.35450;1.35465
2025-09-08 19:00:00;1.35518;1.35549;1.35501;1.35514
2025-09-08 18:00:00;1.35296;1.35538;1.35294;1.35527
2025-09-08 17:00:00;1.35373;1.35391;1.35280;1.35280
2025-09-08 16:00:00;1.35476;1.35476;1.35303;1.35373
2025-09-08 15:00:00;1.35353;1.35470;1.35340;1.35452
2025-09-08 14:00:00;1.35459;1.35459;1.35318;1.35356
2025-09-08 13:00:00;1.35430;1.35551;1.35413;1.35446
2025-09-08 12:00:00;1.35329;1.35481;1.35280;1.35432
2025-09-08 11:00:00;1.35291;1.35362;1.35234;1.35322
2025-09-08 10:00:00;1.35095;1.35323;1.35033;1.35323
2025-09-08 09:00:00;1.35108;1.35144;1.35089;1.35095
2025-09-08 08:00:00;1.35155;1.35258;1.35079;1.35117
2025-09-08 07:00:00;1.35146;1.35259;1.35119;1.35170
2025-09-08 06:00:00;1.34982;1.35186;1.34982;1.35186
2025-09-08 05:00:00;1.34969;1.35037;1.34967;1.34967
2025-09-08 04:00:00;1.34951;1.34980;1.34876;1.34969
2025-09-08 03:00:00;1.35060;1.35060;1.34955;1.34964
2025-09-08 02:00:00;1.35053;1.35057;1.34978;1.35042
2025-09-08 01:00:00;1.34989;1.35027;1.34918;1.35017
2025-09-08 00:00:00;1.34891;1.34964;1.34845;1.34964
2025-09-07 23:00:00;1.34896;1.34960;1.34869;1.34922
2025-09-05 22:00:00;1.35022;1.35022;1.35022;1.35022
2025-09-05 21:00:00;1.35066;1.35066;1.35022;1.35022
2025-09-05 20:00:00;1.35031;1.35119;1.35031;1.35082
2025-09-05 19:00:00;1.35055;1.35121;1.35020;1.35035
2025-09-05 18:00:00;1.35111;1.35148;1.35015;1.35057
2025-09-05 17:00:00;1.35263;1.35263;1.35117;1.35124
2025-09-05 16:00:00;1.35411;1.35424;1.35261;1.35261
2025-09-05 15:00:00;1.35217;1.35437;1.35217;1.35424
2025-09-05 14:00:00;1.35465;1.35538;1.35060;1.35208
2025-09-05 13:00:00;1.35225;1.35494;1.35163;1.35494
2025-09-05 12:00:00;1.34579;1.35281;1.34579;1.35203
2025-09-05 11:00:00;1.34782;1.34840;1.34635;1.34635
2025-09-05 10:00:00;1.34814;1.34856;1.34793;1.34793
2025-09-05 09:00:00;1.34693;1.34814;1.34684;1.34814
2025-09-05 08:00:00;1.34635;1.34724;1.34635;1.34709
2025-09-05 07:00:00;1.34577;1.34658;1.34512;1.34658
2025-09-05 06:00:00;1.34600;1.34715;1.34570;1.34588
2025-09-05 05:00:00;1.34506;1.34629;1.34497;1.34622
2025-09-05 04:00:00;1.34546;1.34550;1.34490;1.34508
2025-09-05 03:00:00;1.34528;1.34555;1.34524;1.34542
2025-09-05 02:00:00;1.34515;1.34573;1.34510;1.34535
2025-09-05 01:00:00;1.34517;1.34546;1.34472;1.34526
2025-09-05 00:00:00;1.34448;1.34497;1.34428;1.34497
2025-09-04 23:00:00;1.34351;1.34450;1.34340;1.34445
2025-09-04 22:00:00;1.34347;1.34362;1.34336;1.34342
2025-09-04 21:00:00;1.34237;1.34369;1.34225;1.34336
2025-09-04 20:00:00;1.34356;1.34378;1.34331;1.34353
2025-09-04 19:00:00;1.34275;1.34367;1.34273;1.34354
2025-09-04 18:00:00;1.34228;1.34318;1.34228;1.34268
2025-09-04 17:00:00;1.34217;1.34262;1.34208;1.34226
2025-09-04 16:00:00;1.34389;1.34389;1.34185;1.34214
2025-09-04 15:00:00;1.34277;1.34407;1.34273;1.34391
2025-09-04 14:00:00;1.34317;1.34380;1.34178;1.34275
2025-09-04 13:00:00;1.34428;1.34465;1.34275;1.34423
2025-09-04 12:00:00;1.34358;1.34483;1.34248;1.34416
2025-09-04 11:00:00;1.34472;1.34472;1.34255;1.34329
2025-09-04 10:00:00;1.34389;1.34555;1.34380;1.34494
2025-09-04 09:00:00;1.34532;1.34589;1.34360;1.34409
2025-09-04 08:00:00;1.34280;1.34557;1.34280;1.34542
2025-09-04 07:00:00;1.34344;1.34391;1.34165;1.34271
2025-09-04 06:00:00;1.34315;1.34407;1.34293;1.34354
2025-09-04 05:00:00;1.34275;1.34304;1.34248;1.34286
2025-09-04 04:00:00;1.34295;1.34306;1.34253;1.34279
2025-09-04 03:00:00;1.34309;1.34318;1.34270;1.34289
2025-09-04 02:00:00;1.34376;1.34376;1.34302;1.34313
2025-09-04 01:00:00;1.34419;1.34488;1.34354;1.34385
2025-09-04 00:00:00;1.34403;1.34441;1.34367;1.34430
2025-09-03 23:00:00;1.34403;1.34432;1.34387;1.34416
2025-09-03 22:00:00;1.34403;1.34427;1.34394;1.34394
2025-09-03 21:00:00;1.34432;1.34457;1.34409;1.34421
2025-09-03 20:00:00;1.34398;1.34466;1.34385;1.34447
2025-09-03 19:00:00;1.34412;1.34419;1.34358;1.34391
2025-09-03 18:00:00;1.34389;1.34475;1.34389;1.34421
2025-09-03 17:00:00;1.34523;1.34582;1.34410;1.34418
2025-09-03 16:00:00;1.34479;1.34523;1.34452;1.34503
2025-09-03 15:00:00;1.34322;1.34537;1.34320;1.34479
2025-09-03 14:00:00;1.34275;1.34468;1.34270;1.34340
2025-09-03 13:00:00;1.34237;1.34338;1.34118;1.34189
2025-09-03 12:00:00;1.34131;1.34275;1.34109;1.34250
2025-09-03 11:00:00;1.34045;1.34129;1.33991;1.34129
2025-09-03 10:00:00;1.34061;1.34111;1.33964;1.34046
2025-09-03 09:00:00;1.34122;1.34154;1.34032;1.34084
2025-09-03 08:00:00;1.33722;1.34079;1.33693;1.34079
2025-09-03 07:00:00;1.33781;1.33781;1.33365;1.33663
2025-09-03 06:00:00;1.33627;1.33908;1.33627;1.33770
2025-09-03 05:00:00;1.33699;1.33733;1.33601;1.33629
2025-09-03 04:00:00;1.33617;1.33710;1.33611;1.33701
2025-09-03 03:00:00;1.33679;1.33708;1.33626;1.33626
2025-09-03 02:00:00;1.33701;1.33751;1.33645;1.33661
2025-09-03 01:00:00;1.33772;1.33772;1.33684;1.33701
2025-09-03 00:00:00;1.33831;1.33831;1.33740;1.33761
2025-09-02 23:00:00;1.33881;1.33881;1.33828;1.33829
2025-09-02 22:00:00;1.33941;1.33962;1.33872;1.33872
2025-09-02 21:00:00;1.33960;1.34070;1.33892;1.33948
2025-09-02 20:00:00;1.33928;1.33975;1.33903;1.33955
2025-09-02 19:00:00;1.33817;1.33919;1.33797;1.33899
2025-09-02 18:00:00;1.33860;1.33862;1.33756;1.33788
2025-09-02 17:00:00;1.33910;1.33930;1.33842;1.33842
2025-09-02 16:00:00;1.33919;1.33930;1.33833;1.33921
2025-09-02 15:00:00;1.33980;1.34000;1.33761;1.33897
2025-09-02 14:00:00;1.34012;1.34181;1.33946;1.33969
2025-09-02 13:00:00;1.33470;1.33957;1.33453;1.33928
2025-09-02 12:00:00;1.33846;1.33955;1.33421;1.33531
2025-09-02 11:00:00;1.33797;1.33842;1.33704;1.33842
2025-09-02 10:00:00;1.33921;1.34011;1.33740;1.33817
2025-09-02 09:00:00;1.34135;1.34160;1.33856;1.34014
2025-09-02 08:00:00;1.34055;1.34313;1.33763;1.34138
2025-09-02 07:00:00;1.35314;1.35314;1.33957;1.34012
2025-09-02 06:00:00;1.35237;1.35338;1.35225;1.35303
2025-09-02 05:00:00;1.35278;1.35313;1.35214;1.35217
2025-09-02 04:00:00;1.35263;1.35302;1.35232;1.35280
2025-09-02 03:00:00;1.35305;1.35305;1.35250;1.35265
2025-09-02 02:00:00;1.35358;1.35369;1.35248;1.35298
2025-09-02 01:00:00;1.35358;1.35419;1.35349;1.35367
2025-09-02 00:00:00;1.35468;1.35479;1.35353;1.35380
2025-09-01 23:00:00;1.35459;1.35498;1.35446;1.35470
2025-09-01 22:00:00;1.35459;1.35492;1.35446;1.35454
2025-09-01 21:00:00;1.35455;1.35463;1.35382;1.35444
2025-09-01 20:00:00;1.35498;1.35503;1.35461;1.35466
2025-09-01 19:00:00;1.35443;1.35500;1.35443;1.35485
2025-09-01 18:00:00;1.35430;1.35446;1.35417;1.35439
2025-09-01 17:00:00;1.35422;1.35430;1.35408;1.35430
2025-09-01 16:00:00;1.35410;1.35457;1.35410;1.35419
2025-09-01 15:00:00;1.35479;1.35496;1.35386;1.35419
2025-09-01 14:00:00;1.35356;1.35498;1.35356;1.35483
2025-09-01 13:00:00;1.35331;1.35448;1.35314;1.35375
2025-09-01 12:00:00;1.35265;1.35334;1.35241;1.35331
2025-09-01 11:00:00;1.35261;1.35334;1.35239;1.35245
2025-09-01 10:00:00;1.35302;1.35342;1.35243;1.35247
2025-09-01 09:00:00;1.35366;1.35371;1.35254;1.35311
2025-09-01 08:00:00;1.35309;1.35366;1.35258;1.35360
2025-09-01 07:00:00;1.35307;1.35347;1.35153;1.35311
2025-09-01 06:00:00;1.35261;1.35406;1.35237;1.35323
2025-09-01 05:00:00;1.35188;1.35280;1.35188;1.35256
2025-09-01 04:00:00;1.35237;1.35237;1.35172;1.35186
2025-09-01 03:00:00;1.35285;1.35285;1.35208;1.35237
2025-09-01 02:00:00;1.35148;1.35291;1.35146;1.35278
2025-09-01 01:00:00;1.35197;1.35197;1.35066;1.35128
2025-09-01 00:00:00;1.35027;1.35197;1.35027;1.35192
2025-08-31 23:00:00;1.35031;1.35057;1.35020;1.35035
2025-08-29 22:00:00;1.34986;1.34986;1.34986;1.34986
2025-08-29 21:00:00;1.35017;1.35017;1.34986;1.34986
2025-08-29 20:00:00;1.35170;1.35170;1.35007;1.35015
2025-08-29 19:00:00;1.35113;1.35157;1.35058;1.35157
2025-08-29 18:00:00;1.35027;1.35110;1.35006;1.35110
2025-08-29 17:00:00;1.35064;1.35079;1.35026;1.35035
2025-08-29 16:00:00;1.35089;1.35135;1.35013;1.35082
2025-08-29 15:00:00;1.35097;1.35146;1.35038;1.35082
2025-08-29 14:00:00;1.34702;1.35113;1.34702;1.35097
2025-08-29 13:00:00;1.34618;1.34691;1.34479;1.34691
2025-08-29 12:00:00;1.34546;1.34631;1.34485;1.34602
2025-08-29 11:00:00;1.34609;1.34609;1.34515;1.34537
2025-08-29 10:00:00;1.34573;1.34657;1.34551;1.34622
2025-08-29 09:00:00;1.34784;1.34791;1.34618;1.34618
2025-08-29 08:00:00;1.34898;1.34945;1.34711;1.34776
2025-08-29 07:00:00;1.34925;1.34949;1.34856;1.34925
2025-08-29 06:00:00;1.35007;1.35017;1.34905;1.34916
2025-08-29 05:00:00;1.35035;1.35038;1.34933;1.35002
2025-08-29 04:00:00;1.34995;1.35035;1.34951;1.35035
2025-08-29 03:00:00;1.35015;1.35027;1.34953;1.34987
2025-08-29 02:00:00;1.34998;1.35049;1.34998;1.35024
2025-08-29 01:00:00;1.35091;1.35119;1.34953;1.34984
2025-08-29 00:00:00;1.35099;1.35115;1.35040;1.35091
2025-08-28 23:00:00;1.35077;1.35119;1.35077;1.35095
2025-08-28 22:00:00;1.35106;1.35122;1.35069;1.35073
2025-08-28 21:00:00;1.35166;1.35170;1.35080;1.35108
2025-08-28 20:00:00;1.35117;1.35133;1.35077;1.35133
2025-08-28 19:00:00;1.35177;1.35177;1.35113;1.35126
2025-08-28 18:00:00;1.35227;1.35227;1.35144;1.35164
2025-08-28 17:00:00;1.35236;1.35307;1.35190;1.35212
2025-08-28 16:00:00;1.35155;1.35247;1.35146;1.35214
2025-08-28 15:00:00;1.35113;1.35184;1.35066;1.35141
2025-08-28 14:00:00;1.35057;1.35269;1.35033;1.35119
2025-08-28 13:00:00;1.35009;1.35113;1.34909;1.35088
2025-08-28 12:00:00;1.35157;1.35195;1.35002;1.35035
2025-08-28 11:00:00;1.35228;1.35248;1.35130;1.35141
2025-08-28 10:00:00;1.35027;1.35261;1.35017;1.35221
2025-08-28 09:00:00;1.35006;1.35077;1.34995;1.35038
2025-08-28 08:00:00;1.35006;1.35006;1.34844;1.35000
2025-08-28 07:00:00;1.35027;1.35069;1.34889;1.34995
2025-08-28 06:00:00;1.35046;1.35128;1.35029;1.35062
2025-08-28 05:00:00;1.35040;1.35060;1.35004;1.35048
2025-08-28 04:00:00;1.35088;1.35097;1.35042;1.35046
2025-08-28 03:00:00;1.35159;1.35188;1.35088;1.35088
2025-08-28 02:00:00;1.35048;1.35170;1.35048;1.35159
2025-08-28 01:00:00;1.35055;1.35108;1.35013;1.35038
2025-08-28 00:00:00;1.35049;1.35057;1.34975;1.35029
2025-08-27 23:00:00;1.34998;1.35057;1.34989;1.35046
2025-08-27 22:00:00;1.34980;1.35009;1.34971;1.34998
2025-08-27 21:00:00;1.35020;1.35020;1.34905;1.34975
2025-08-27 20:00:00;1.34998;1.35004;1.34940;1.35004
2025-08-27 19:00:00;1.34958;1.34993;1.34938;1.34987
2025-08-27 18:00:00;1.35009;1.35011;1.34909;1.34987
2025-08-27 17:00:00;1.34966;1.35020;1.34940;1.35018
2025-08-27 16:00:00;1.34673;1.34975;1.34673;1.34964
2025-08-27 15:00:00;1.34620;1.34735;1.34620;1.34671
2025-08-27 14:00:00;1.34481;1.34613;1.34448;1.34609
2025-08-27 13:00:00;1.34414;1.34524;1.34363;1.34483
2025-08-27 12:00:00;1.34333;1.34452;1.34326;1.34414
2025-08-27 11:00:00;1.34235;1.34336;1.34199;1.34313
2025-08-27 10:00:00;1.34391;1.34416;1.34232;1.34232
2025-08-27 09:00:00;1.34452;1.34494;1.34414;1.34419
2025-08-27 08:00:00;1.34535;1.34535;1.34326;1.34457
2025-08-27 07:00:00;1.34657;1.34657;1.34432;1.34539
2025-08-27 06:00:00;1.34564;1.34662;1.34533;1.34642
2025-08-27 05:00:00;1.34494;1.34562;1.34475;1.34562
2025-08-27 04:00:00;1.34579;1.34579;1.34450;1.34486
2025-08-27 03:00:00;1.34624;1.34671;1.34568;1.34577
2025-08-27 02:00:00;1.34704;1.34704;1.34602;1.34631
2025-08-27 01:00:00;1.34733;1.34753;1.34698;1.34704
2025-08-27 00:00:00;1.34764;1.34784;1.34698;1.34720
2025-08-26 23:00:00;1.34795;1.34811;1.34762;1.34771
2025-08-26 22:00:00;1.34778;1.34833;1.34778;1.34804
2025-08-26 21:00:00;1.34882;1.34882;1.34764;1.34795
2025-08-26 20:00:00;1.34782;1.34785;1.34731;1.34785
2025-08-26 19:00:00;1.34805;1.34860;1.34791;1.34793
2025-08-26 18:00:00;1.34724;1.34820;1.34691;1.34800
2025-08-26 17:00:00;1.34773;1.34804;1.34745;1.34745
2025-08-26 16:00:00;1.34834;1.34922;1.34776;1.34782
2025-08-26 15:00:00;1.34787;1.34889;1.34773;1.34824
2025-08-26 14:00:00;1.34769;1.34895;1.34733;1.34796
2025-08-26 13:00:00;1.34795;1.34822;1.34724;1.34798
2025-08-26 12:00:00;1.34904;1.34920;1.34782;1.34793
2025-08-26 11:00:00;1.34782;1.34929;1.34782;1.34880
2025-08-26 10:00:00;1.34784;1.34820;1.34729;1.34795
2025-08-26 09:00:00;1.34626;1.34811;1.34620;1.34804
2025-08-26 08:00:00;1.34580;1.34689;1.34564;1.34633
2025-08-26 07:00:00;1.34580;1.34635;1.34354;1.34562
2025-08-26 06:00:00;1.34651;1.34651;1.34472;1.34591
2025-08-26 05:00:00;1.34562;1.34680;1.34541;1.34667
2025-08-26 04:00:00;1.34521;1.34586;1.34512;1.34561
2025-08-26 03:00:00;1.34642;1.34642;1.34519;1.34523
2025-08-26 02:00:00;1.34720;1.34773;1.34622;1.34649
2025-08-26 01:00:00;1.34802;1.34829;1.34682;1.34735
2025-08-26 00:00:00;1.34533;1.34898;1.34490;1.34811
2025-08-25 23:00:00;1.34573;1.34573;1.34508;1.34546
2025-08-25 22:00:00;1.34568;1.34577;1.34539;1.34555
2025-08-25 21:00:00;1.34725;1.34822;1.34526;1.34586
2025-08-25 20:00:00;1.34541;1.34622;1.34532;1.34539
2025-08-25 19:00:00;1.34615;1.34615;1.34479;1.34541
2025-08-25 18:00:00;1.34800;1.34809;1.34597;1.34604
2025-08-25 17:00:00;1.34885;1.34893;1.34782;1.34791
2025-08-25 16:00:00;1.34880;1.34935;1.34864;1.34880
2025-08-25 15:00:00;1.35018;1.35037;1.34853;1.34898
2025-08-25 14:00:00;1.35075;1.35119;1.35022;1.35026
2025-08-25 13:00:00;1.35058;1.35128;1.35011;1.35089
2025-08-25 12:00:00;1.35210;1.35210;1.34995;1.35058
2025-08-25 11:00:00;1.34915;1.35192;1.34913;1.35192
2025-08-25 10:00:00;1.34960;1.34962;1.34844;1.34909
2025-08-25 09:00:00;1.35033;1.35053;1.34927;1.34953
2025-08-25 08:00:00;1.35051;1.35093;1.35007;1.35037
2025-08-25 07:00:00;1.35184;1.35184;1.35038;1.35038
2025-08-25 06:00:00;1.35133;1.35274;1.35130;1.35199
2025-08-25 05:00:00;1.35119;1.35119;1.35077;1.35106
2025-08-25 04:00:00;1.35106;1.35150;1.35093;1.35124
2025-08-25 03:00:00;1.35020;1.35122;1.35020;1.35115
2025-08-25 02:00:00;1.34927;1.35013;1.34918;1.35002
2025-08-25 01:00:00;1.34998;1.35018;1.34909;1.34945
2025-08-25 00:00:00;1.35077;1.35077;1.34960;1.34980
2025-08-24 23:00:00;1.35175;1.35175;1.35088;1.35100
2025-08-22 22:00:00;1.35211;1.35211;1.35211;1.35211
2025-08-22 21:00:00;1.35197;1.35211;1.35197;1.35211
2025-08-22 20:00:00;1.35173;1.35298;1.35173;1.35267
2025-08-22 19:00:00;1.35243;1.35259;1.35166;1.35177
2025-08-22 18:00:00;1.35349;1.35384;1.35228;1.35254
2025-08-22 17:00:00;1.35259;1.35437;1.35259;1.35362
2025-08-22 16:00:00;1.35250;1.35373;1.35225;1.35252
2025-08-22 15:00:00;1.35223;1.35430;1.35223;1.35263
2025-08-22 14:00:00;1.34658;1.35232;1.34658;1.35232
2025-08-22 13:00:00;1.34117;1.34317;1.34117;1.34221
2025-08-22 12:00:00;1.34171;1.34196;1.34113;1.34144
2025-08-22 11:00:00;1.34108;1.34183;1.34095;1.34151
2025-08-22 10:00:00;1.34120;1.34144;1.34070;1.34102
2025-08-22 09:00:00;1.34131;1.34189;1.34111;1.34120
2025-08-22 08:00:00;1.34055;1.34135;1.34052;1.34135
2025-08-22 07:00:00;1.34041;1.34102;1.34032;1.34064
2025-08-22 06:00:00;1.33924;1.34037;1.33905;1.34025
2025-08-22 05:00:00;1.33930;1.33971;1.33919;1.33939
2025-08-22 04:00:00;1.34011;1.34043;1.33930;1.33935
2025-08-22 03:00:00;1.34111;1.34133;1.34003;1.34009
2025-08-22 02:00:00;1.34091;1.34160;1.34086;1.34115
2025-08-22 01:00:00;1.34199;1.34219;1.34079;1.34106
2025-08-22 00:00:00;1.34162;1.34201;1.34149;1.34201
2025-08-21 23:00:00;1.34172;1.34194;1.34142;1.34178
2025-08-21 22:00:00;1.34135;1.34178;1.34133;1.34176
2025-08-21 21:00:00;1.34131;1.34178;1.34084;1.34120
2025-08-21 20:00:00;1.34120;1.34149;1.34118;1.34127
2025-08-21 19:00:00;1.34180;1.34187;1.34131;1.34133
2025-08-21 18:00:00;1.34232;1.34243;1.34176;1.34194
2025-08-21 17:00:00;1.34192;1.34262;1.34180;1.34232
2025-08-21 16:00:00;1.34122;1.34205;1.34061;1.34198
2025-08-21 15:00:00;1.34259;1.34300;1.34115;1.34140
2025-08-21 14:00:00;1.34241;1.34423;1.34241;1.34268
2025-08-21 13:00:00;1.34481;1.34571;1.34239;1.34261
2025-08-21 12:00:00;1.34530;1.34720;1.34432;1.34485
2025-08-21 11:00:00;1.34700;1.34744;1.34550;1.34550
2025-08-21 10:00:00;1.34740;1.34751;1.34653;1.34735
2025-08-21 09:00:00;1.34660;1.34820;1.34651;1.34760
2025-08-21 08:00:00;1.34551;1.34695;1.34519;1.34660
2025-08-21 07:00:00;1.34452;1.34571;1.34353;1.34542
2025-08-21 06:00:00;1.34521;1.34579;1.34410;1.34441
2025-08-21 05:00:00;1.34521;1.34535;1.34483;1.34532
2025-08-21 04:00:00;1.34539;1.34546;1.34513;1.34513
2025-08-21 03:00:00;1.34508;1.34557;1.34475;1.34532
2025-08-21 02:00:00;1.34580;1.34593;1.34503;1.34512
2025-08-21 01:00:00;1.34580;1.34633;1.34537;1.34586
2025-08-21 00:00:00;1.34647;1.34647;1.34510;1.34561
2025-08-20 23:00:00;1.34541;1.34655;1.34504;1.34649
2025-08-20 22:00:00;1.34559;1.34584;1.34541;1.34553
2025-08-20 21:00:00;1.34506;1.34653;1.34506;1.34573
2025-08-20 20:00:00;1.34544;1.34580;1.34504;1.34561
2025-08-20 19:00:00;1.34513;1.34570;1.34497;1.34542
2025-08-20 18:00:00;1.34678;1.34678;1.34513;1.34526
2025-08-20 17:00:00;1.34611;1.34707;1.34600;1.34687
2025-08-20 16:00:00;1.34504;1.34628;1.34504;1.34608
2025-08-20 15:00:00;1.34731;1.34736;1.34488;1.34506
2025-08-20 14:00:00;1.34771;1.34822;1.34618;1.34729
2025-08-20 13:00:00;1.34889;1.34915;1.34718;1.34756
2025-08-20 12:00:00;1.34731;1.34955;1.34731;1.34896
2025-08-20 11:00:00;1.34964;1.34964;1.34738;1.34738
2025-08-20 10:00:00;1.35002;1.35037;1.34911;1.34944
2025-08-20 09:00:00;1.35022;1.35057;1.34978;1.35020
2025-08-20 08:00:00;1.35075;1.35080;1.34935;1.35026
2025-08-20 07:00:00;1.34927;1.35069;1.34913;1.35069
2025-08-20 06:00:00;1.34942;1.35088;1.34874;1.34911
2025-08-20 05:00:00;1.34755;1.34880;1.34725;1.34860
2025-08-20 04:00:00;1.34733;1.34787;1.34733;1.34755
2025-08-20 03:00:00;1.34675;1.34769;1.34675;1.34733
2025-08-20 02:00:00;1.34718;1.34722;1.34626;1.34675
2025-08-20 01:00:00;1.34833;1.34834;1.34711;1.34735
2025-08-20 00:00:00;1.34854;1.34858;1.34756;1.34813
2025-08-19 23:00:00;1.34916;1.34916;1.34854;1.34854
2025-08-19 22:00:00;1.34902;1.34931;1.34900;1.34918
2025-08-19 21:00:00;1.34931;1.34987;1.34860;1.34889
2025-08-19 20:00:00;1.34896;1.34935;1.34884;1.34933
2025-08-19 19:00:00;1.34860;1.34907;1.34825;1.34891
2025-08-19 18:00:00;1.34904;1.34904;1.34782;1.34849
2025-08-19 17:00:00;1.34896;1.34960;1.34869;1.34907
2025-08-19 16:00:00;1.34944;1.34955;1.34869;1.34911
2025-08-19 15:00:00;1.35031;1.35057;1.34918;1.34918
2025-08-19 14:00:00;1.35121;1.35161;1.34984;1.35037
2025-08-19 13:00:00;1.35102;1.35130;1.34976;1.35104
2025-08-19 12:00:00;1.35219;1.35252;1.35051;1.35110
2025-08-19 11:00:00;1.35239;1.35261;1.35153;1.35212
2025-08-19 10:00:00;1.35177;1.35311;1.35175;1.35221
2025-08-19 09:00:00;1.35199;1.35239;1.35117;1.35186
2025-08-19 08:00:00;1.35210;1.35232;1.35141;1.35206
2025-08-19 07:00:00;1.35161;1.35236;1.35148;1.35212
2025-08-19 06:00:00;1.34991;1.35146;1.34980;1.35141
2025-08-19 05:00:00;1.35062;1.35100;1.34980;1.34989
2025-08-19 04:00:00;1.35004;1.35068;1.34987;1.35057
2025-08-19 03:00:00;1.35006;1.35048;1.34980;1.35011
2025-08-19 02:00:00;1.34949;1.35024;1.34949;1.34982
2025-08-19 01:00:00;1.35024;1.35038;1.34880;1.34971
2025-08-19 00:00:00;1.35080;1.35102;1.35018;1.35022
2025-08-18 23:00:00;1.35077;1.35088;1.35022;1.35086
2025-08-18 22:00:00;1.35048;1.35148;1.35048;1.35102
2025-08-18 21:00:00;1.35281;1.35281;1.35046;1.35099
2025-08-18 20:00:00;1.35075;1.35080;1.35029;1.35029
2025-08-18 19:00:00;1.35066;1.35124;1.35064;1.35064
2025-08-18 18:00:00;1.35093;1.35104;1.35038;1.35064
2025-08-18 17:00:00;1.35110;1.35157;1.35077;1.35100
2025-08-18 16:00:00;1.35186;1.35219;1.35091;1.35091
2025-08-18 15:00:00;1.35168;1.35232;1.35122;1.35194
2025-08-18 14:00:00;1.35388;1.35446;1.35150;1.35177
2025-08-18 13:00:00;1.35448;1.35463;1.35377;1.35384
2025-08-18 12:00:00;1.35388;1.35441;1.35371;1.35441
2025-08-18 11:00:00;1.35397;1.35474;1.35375;1.35382
2025-08-18 10:00:00;1.35408;1.35463;1.35378;1.35378
2025-08-18 09:00:00;1.35450;1.35505;1.35408;1.35408
2025-08-18 08:00:00;1.35399;1.35544;1.35331;1.35477
2025-08-18 07:00:00;1.35465;1.35545;1.35397;1.35408
2025-08-18 06:00:00;1.35630;1.35630;1.35415;1.35452
2025-08-18 05:00:00;1.35630;1.35647;1.35597;1.35626
2025-08-18 04:00:00;1.35573;1.35656;1.35564;1.35636
2025-08-18 03:00:00;1.35503;1.35579;1.35503;1.35571
2025-08-18 02:00:00;1.35597;1.35608;1.35498;1.35505
2025-08-18 01:00:00;1.35527;1.35606;1.35509;1.35597
2025-08-18 00:00:00;1.35575;1.35617;1.35536;1.35536
2025-08-17 23:00:00;1.35621;1.35626;1.35547;1.35559
2025-08-15 22:00:00;1.35454;1.35454;1.35454;1.35454
2025-08-15 21:00:00;1.35544;1.35544;1.35454;1.35454
2025-08-15 20:00:00;1.35555;1.35590;1.35542;1.35542
2025-08-15 19:00:00;1.35533;1.35560;1.35509;1.35560
2025-08-15 18:00:00;1.35562;1.35577;1.35525;1.35547
2025-08-15 17:00:00;1.35575;1.35593;1.35529;1.35562
2025-08-15 16:00:00;1.35626;1.35636;1.35553;1.35579
2025-08-15 15:00:00;1.35604;1.35715;1.35602;1.35626
2025-08-15 14:00:00;1.35682;1.35717;1.35591;1.35593
2025-08-15 13:00:00;1.35645;1.35733;1.35549;1.35663
2025-08-15 12:00:00;1.35606;1.35676;1.35479;1.35623
2025-08-15 11:00:00;1.35606;1.35645;1.35567;1.35595
2025-08-15 10:00:00;1.35567;1.35630;1.35525;1.35593
2025-08-15 09:00:00;1.35481;1.35582;1.35466;1.35582
2025-08-15 08:00:00;1.35560;1.35580;1.35481;1.35488
2025-08-15 07:00:00;1.35542;1.35604;1.35485;1.35562
2025-08-15 06:00:00;1.35494;1.35555;1.35441;1.35536
2025-08-15 05:00:00;1.35476;1.35529;1.35448;1.35518
2025-08-15 04:00:00;1.35483;1.35494;1.35446;1.35487
2025-08-15 03:00:00;1.35452;1.35512;1.35435;1.35476
2025-08-15 02:00:00;1.35382;1.35446;1.35360;1.35446
2025-08-15 01:00:00;1.35336;1.35402;1.35316;1.35371
2025-08-15 00:00:00;1.35289;1.35351;1.35281;1.35349
2025-08-14 23:00:00;1.35274;1.35316;1.35252;1.35303
2025-08-14 22:00:00;1.35296;1.35329;1.35280;1.35292
2025-08-14 21:00:00;1.35373;1.35384;1.35283;1.35307
2025-08-14 20:00:00;1.35371;1.35386;1.35302;1.35302
2025-08-14 19:00:00;1.35345;1.35399;1.35331;1.35384
2025-08-14 18:00:00;1.35331;1.35340;1.35259;1.35325
2025-08-14 17:00:00;1.35259;1.35336;1.35258;1.35325
2025-08-14 16:00:00;1.35302;1.35316;1.35225;1.35237
2025-08-14 15:00:00;1.35567;1.35567;1.35285;1.35314
2025-08-14 14:00:00;1.35367;1.35567;1.35355;1.35562
2025-08-14 13:00:00;1.35523;1.35558;1.35366;1.35366
2025-08-14 12:00:00;1.35740;1.35822;1.35470;1.35522
2025-08-14 11:00:00;1.35801;1.35836;1.35746;1.35748
2025-08-14 10:00:00;1.35772;1.35945;1.35761;1.35816
2025-08-14 09:00:00;1.35724;1.35910;1.35709;1.35794
2025-08-14 08:00:00;1.35742;1.35833;1.35652;1.35728
2025-08-14 07:00:00;1.35807;1.35916;1.35704;1.35737
2025-08-14 06:00:00;1.35849;1.35910;1.35748;1.35788
2025-08-14 05:00:00;1.35753;1.35772;1.35696;1.35740
2025-08-14 04:00:00;1.35740;1.35783;1.35729;1.35764
2025-08-14 03:00:00;1.35770;1.35770;1.35717;1.35744
2025-08-14 02:00:00;1.35820;1.35846;1.35737;1.35783
2025-08-14 01:00:00;1.35879;1.35916;1.35838;1.35838
2025-08-14 00:00:00;1.35864;1.35866;1.35829;1.35862
2025-08-13 23:00:00;1.35801;1.35857;1.35799;1.35855
2025-08-13 22:00:00;1.35766;1.35807;1.35763;1.35805
2025-08-13 21:00:00;1.35728;1.35799;1.35693;1.35740
2025-08-13 20:00:00;1.35750;1.35812;1.35733;1.35757
2025-08-13 19:00:00;1.35658;1.35748;1.35654;1.35748
2025-08-13 18:00:00;1.35707;1.35715;1.35643;1.35674
2025-08-13 17:00:00;1.35739;1.35772;1.35689;1.35709
2025-08-13 16:00:00;1.35707;1.35790;1.35704;1.35740
2025-08-13 15:00:00;1.35729;1.35757;1.35637;1.35718
2025-08-13 14:00:00;1.35739;1.35853;1.35720;1.35731
2025-08-13 13:00:00;1.35613;1.35775;1.35579;1.35750
2025-08-13 12:00:00;1.35781;1.35801;1.35602;1.35612
2025-08-13 11:00:00;1.35665;1.35779;1.35654;1.35772
2025-08-13 10:00:00;1.35787;1.35787;1.35682;1.35700
2025-08-13 09:00:00;1.35569;1.35774;1.35569;1.35766
2025-08-13 08:00:00;1.35466;1.35630;1.35441;1.35580
2025-08-13 07:00:00;1.35170;1.35481;1.35170;1.35459
2025-08-13 06:00:00;1.35111;1.35172;1.35073;1.35166
2025-08-13 05:00:00;1.35053;1.35075;1.35002;1.35075
2025-08-13 04:00:00;1.35024;1.35064;1.35022;1.35053
2025-08-13 03:00:00;1.35026;1.35071;1.35011;1.35040
2025-08-13 02:00:00;1.34993;1.35049;1.34938;1.35038
2025-08-13 01:00:00;1.35051;1.35079;1.34982;1.34991
2025-08-13 00:00:00;1.35066;1.35068;1.34986;1.35029
2025-08-12 23:00:00;1.35007;1.35060;1.34995;1.35044
2025-08-12 22:00:00;1.35009;1.35018;1.34993;1.35009
2025-08-12 21:00:00;1.34982;1.35144;1.34973;1.35011
2025-08-12 20:00:00;1.34958;1.35013;1.34933;1.35007
2025-08-12 19:00:00;1.34973;1.34973;1.34893;1.34947
2025-08-12 18:00:00;1.35035;1.35115;1.34938;1.34964
2025-08-12 17:00:00;1.35152;1.35152;1.35077;1.35079
2025-08-12 16:00:00;1.35082;1.35212;1.35018;1.35164
2025-08-12 15:00:00;1.34880;1.35236;1.34876;1.35077
2025-08-12 14:00:00;1.34916;1.34976;1.34802;1.34889
2025-08-12 13:00:00;1.34856;1.34938;1.34653;1.34909
2025-08-12 12:00:00;1.34597;1.35086;1.34586;1.34858
2025-08-12 11:00:00;1.34579;1.34593;1.34474;1.34568
2025-08-12 10:00:00;1.34595;1.34637;1.34568;1.34568
2025-08-12 09:00:00;1.34718;1.34718;1.34532;1.34600
2025-08-12 08:00:00;1.34577;1.34704;1.34485;1.34698
2025-08-12 07:00:00;1.34327;1.34602;1.34327;1.34582
2025-08-12 06:00:00;1.34351;1.34450;1.34322;1.34345
2025-08-12 05:00:00;1.34401;1.34401;1.34217;1.34255
2025-08-12 04:00:00;1.34317;1.34394;1.34271;1.34394
2025-08-12 03:00:00;1.34387;1.34394;1.34320;1.34327
2025-08-12 02:00:00;1.34318;1.34383;1.34300;1.34383
2025-08-12 01:00:00;1.34311;1.34392;1.34286;1.34318
2025-08-12 00:00:00;1.34340;1.34374;1.34293;1.34308
2025-08-11 23:00:00;1.34344;1.34356;1.34317;1.34354
2025-08-11 22:00:00;1.34338;1.34344;1.34298;1.34344
2025-08-11 21:00:00;1.34266;1.34376;1.34235;1.34318
2025-08-11 20:00:00;1.34282;1.34365;1.34279;1.34309
2025-08-11 19:00:00;1.34351;1.34351;1.34241;1.34282
2025-08-11 18:00:00;1.34306;1.34365;1.34289;1.34356
2025-08-11 17:00:00;1.34243;1.34320;1.34183;1.34309
2025-08-11 16:00:00;1.34154;1.34261;1.34154;1.34244
2025-08-11 15:00:00;1.34077;1.34171;1.34028;1.34154
2025-08-11 14:00:00;1.34203;1.34203;1.34016;1.34077
2025-08-11 13:00:00;1.34235;1.34270;1.34205;1.34212
2025-08-11 12:00:00;1.34327;1.34327;1.34138;1.34232
2025-08-11 11:00:00;1.34450;1.34474;1.34264;1.34304
2025-08-11 10:00:00;1.34504;1.34586;1.34463;1.34468
2025-08-11 09:00:00;1.34649;1.34680;1.34497;1.34539
2025-08-11 08:00:00;1.34544;1.34669;1.34533;1.34655
2025-08-11 07:00:00;1.34671;1.34671;1.34490;1.34544
2025-08-11 06:00:00;1.34716;1.34758;1.34658;1.34686
2025-08-11 05:00:00;1.34658;1.34691;1.34638;1.34686
2025-08-11 04:00:00;1.34669;1.34684;1.34640;1.34666
2025-08-11 03:00:00;1.34559;1.34666;1.34555;1.34657
2025-08-11 02:00:00;1.34537;1.34591;1.34537;1.34564
2025-08-11 01:00:00;1.34434;1.34513;1.34416;1.34513
2025-08-11 00:00:00;1.34438;1.34457;1.34378;1.34427
2025-08-10 23:00:00;1.34445;1.34477;1.34419;1.34430
2025-08-08 22:00:00;1.34452;1.34452;1.34452;1.34452
2025-08-08 21:00:00;1.34501;1.34501;1.34452;1.34501
2025-08-08 20:00:00;1.34512;1.34535;1.34456;1.34524
2025-08-08 19:00:00;1.34526;1.34533;1.34443;1.34513
2025-08-08 18:00:00;1.34515;1.34561;1.34465;1.34541
2025-08-08 17:00:00;1.34474;1.34582;1.34456;1.34564
2025-08-08 16:00:00;1.34425;1.34479;1.34391;1.34477
2025-08-08 15:00:00;1.34376;1.34553;1.34376;1.34436
2025-08-08 14:00:00;1.34289;1.34468;1.34289;1.34387
2025-08-08 13:00:00;1.34255;1.34421;1.34255;1.34300
2025-08-08 12:00:00;1.34410;1.34410;1.34190;1.34235
2025-08-08 11:00:00;1.34430;1.34515;1.34387;1.34407
2025-08-08 10:00:00;1.34452;1.34485;1.34333;1.34419
2025-08-08 09:00:00;1.34362;1.34528;1.34349;1.34486
2025-08-08 08:00:00;1.34434;1.34508;1.34295;1.34345
2025-08-08 07:00:00;1.34297;1.34485;1.34297;1.34428
2025-08-08 06:00:00;1.34273;1.34322;1.34255;1.34302
2025-08-08 05:00:00;1.34360;1.34371;1.34266;1.34266
2025-08-08 04:00:00;1.34407;1.34407;1.34356;1.34363
2025-08-08 03:00:00;1.34434;1.34434;1.34371;1.34385
2025-08-08 02:00:00;1.34380;1.34452;1.34380;1.34427
2025-08-08 01:00:00;1.34488;1.34508;1.34349;1.34383
2025-08-08 00:00:00;1.34523;1.34523;1.34443;1.34479
2025-08-07 23:00:00;1.34486;1.34530;1.34477;1.34512
2025-08-07 22:00:00;1.34414;1.34501;1.34405;1.34479
2025-08-07 21:00:00;1.34306;1.34481;1.34306;1.34423
2025-08-07 20:00:00;1.34445;1.34490;1.34421;1.34456
2025-08-07 19:00:00;1.34097;1.34439;1.34081;1.34432
2025-08-07 18:00:00;1.34216;1.34246;1.34046;1.34106
2025-08-07 17:00:00;1.34295;1.34327;1.34199;1.34207
2025-08-07 16:00:00;1.34327;1.34333;1.34250;1.34304
2025-08-07 15:00:00;1.34028;1.34335;1.33923;1.34318
2025-08-07 14:00:00;1.34253;1.34255;1.33973;1.34041
2025-08-07 13:00:00;1.34230;1.34306;1.34169;1.34248
2025-08-07 12:00:00;1.34135;1.34362;1.34135;1.34223
2025-08-07 11:00:00;1.34061;1.34295;1.33976;1.34135
2025-08-07 10:00:00;1.33677;1.33799;1.33659;1.33799
2025-08-07 09:00:00;1.33715;1.33729;1.33663;1.33702
2025-08-07 08:00:00;1.33760;1.33799;1.33645;1.33706
2025-08-07 07:00:00;1.33743;1.33797;1.33693;1.33751
2025-08-07 06:00:00;1.33711;1.33774;1.33667;1.33742
2025-08-07 05:00:00;1.33701;1.33710;1.33643;1.33708
2025-08-07 04:00:00;1.33590;1.33695;1.33590;1.33681
2025-08-07 03:00:00;1.33527;1.33613;1.33494;1.33613
2025-08-07 02:00:00;1.33572;1.33606;1.33506;1.33529
2025-08-07 01:00:00;1.33476;1.33593;1.33472;1.33559
2025-08-07 00:00:00;1.33567;1.33567;1.33477;1.33483
2025-08-06 23:00:00;1.33577;1.33606;1.33574;1.33579
2025-08-06 22:00:00;1.33606;1.33608;1.33574;1.33588
2025-08-06 21:00:00;1.33567;1.33590;1.33529;1.33565
2025-08-06 20:00:00;1.33583;1.33604;1.33542;1.33565
2025-08-06 19:00:00;1.33634;1.33659;1.33565;1.33572
2025-08-06 18:00:00;1.33559;1.33681;1.33559;1.33643
2025-08-06 17:00:00;1.33490;1.33604;1.33488;1.33554
2025-08-06 16:00:00;1.33579;1.33627;1.33442;1.33476
2025-08-06 15:00:00;1.33296;1.33588;1.33296;1.33588
2025-08-06 14:00:00;1.33223;1.33323;1.33142;1.33308
2025-08-06 13:00:00;1.33220;1.33292;1.33154;1.33252
2025-08-06 12:00:00;1.33184;1.33197;1.33088;1.33175
2025-08-06 11:00:00;1.33152;1.33303;1.33127;1.33186
2025-08-06 10:00:00;1.32965;1.33227;1.32965;1.33186
2025-08-06 09:00:00;1.32843;1.33014;1.32843;1.32995
2025-08-06 08:00:00;1.33014;1.33016;1.32836;1.32843
2025-08-06 07:00:00;1.33014;1.33034;1.32912;1.33034
2025-08-06 06:00:00;1.33049;1.33092;1.33016;1.33025
2025-08-06 05:00:00;1.33108;1.33120;1.33028;1.33065
2025-08-06 04:00:00;1.33099;1.33145;1.33087;1.33122
2025-08-06 03:00:00;1.33030;1.33104;1.33014;1.33099
2025-08-06 02:00:00;1.32979;1.33044;1.32970;1.33009
2025-08-06 01:00:00;1.33005;1.33011;1.32958;1.32989
2025-08-06 00:00:00;1.32989;1.33058;1.32989;1.33016
2025-08-05 23:00:00;1.32968;1.33014;1.32959;1.32993
2025-08-05 22:00:00;1.32979;1.32980;1.32926;1.32980
2025-08-05 21:00:00;1.32913;1.32996;1.32913;1.32988
2025-08-05 20:00:00;1.32970;1.33021;1.32931;1.32966
2025-08-05 19:00:00;1.32952;1.32970;1.32901;1.32963
2025-08-05 18:00:00;1.33058;1.33058;1.32920;1.32956
2025-08-05 17:00:00;1.33101;1.33152;1.33028;1.33048
2025-08-05 16:00:00;1.33090;1.33163;1.33051;1.33094
2025-08-05 15:00:00;1.32906;1.33090;1.32906;1.33076
2025-08-05 14:00:00;1.32890;1.32906;1.32702;1.32906
2025-08-05 13:00:00;1.32832;1.32943;1.32707;1.32739
2025-08-05 12:00:00;1.32799;1.32894;1.32725;1.32822
2025-08-05 11:00:00;1.32846;1.32848;1.32670;1.32809
2025-08-05 10:00:00;1.32897;1.32942;1.32837;1.32876
2025-08-05 09:00:00;1.32790;1.32942;1.32784;1.32913
2025-08-05 08:00:00;1.32702;1.32887;1.32679;1.32788
2025-08-05 07:00:00;1.32814;1.32954;1.32637;1.32732
2025-08-05 06:00:00;1.32744;1.32913;1.32737;1.32800
2025-08-05 05:00:00;1.32857;1.32857;1.32723;1.32756
2025-08-05 04:00:00;1.32767;1.32874;1.32762;1.32862
2025-08-05 03:00:00;1.32841;1.32855;1.32772;1.32776
2025-08-05 02:00:00;1.32890;1.32890;1.32814;1.32839
2025-08-05 01:00:00;1.32991;1.32995;1.32885;1.32901
2025-08-05 00:00:00;1.32988;1.33034;1.32910;1.32991
2025-08-04 23:00:00;1.32938;1.33003;1.32933;1.32980
2025-08-04 22:00:00;1.32853;1.32949;1.32853;1.32929
2025-08-04 21:00:00;1.32846;1.32965;1.32823;1.32823
2025-08-04 20:00:00;1.32760;1.32892;1.32756;1.32848
2025-08-04 19:00:00;1.32790;1.32814;1.32721;1.32749
2025-08-04 18:00:00;1.32827;1.32860;1.32739;1.32758
2025-08-04 17:00:00;1.32843;1.32866;1.32772;1.32822
2025-08-04 16:00:00;1.32922;1.32922;1.32799;1.32860
2025-08-04 15:00:00;1.32912;1.32988;1.32804;1.32883
2025-08-04 14:00:00;1.33012;1.33305;1.32903;1.32935
2025-08-04 13:00:00;1.32984;1.33115;1.32984;1.33023
2025-08-04 12:00:00;1.32935;1.33122;1.32846;1.32977
2025-08-04 11:00:00;1.32993;1.33138;1.32913;1.32950
2025-08-04 10:00:00;1.32931;1.32979;1.32718;1.32965
2025-08-04 09:00:00;1.32788;1.33055;1.32767;1.32933
2025-08-04 08:00:00;1.32758;1.32799;1.32666;1.32781
2025-08-04 07:00:00;1.32820;1.32853;1.32644;1.32776
2025-08-04 06:00:00;1.32746;1.32904;1.32707;1.32853
2025-08-04 05:00:00;1.32772;1.32836;1.32712;1.32760
2025-08-04 04:00:00;1.32836;1.32885;1.32790;1.32790
2025-08-04 03:00:00;1.32827;1.32899;1.32827;1.32834
2025-08-04 02:00:00;1.32807;1.32848;1.32746;1.32822
2025-08-04 01:00:00;1.32605;1.32772;1.32549;1.32772
2025-08-04 00:00:00;1.32935;1.32935;1.32596;1.32615
2025-08-03 23:00:00;1.32799;1.32924;1.32772;1.32913
2025-08-01 21:00:00;1.32739;1.32739;1.32739;1.32739
2025-08-01 20:00:00;1.32626;1.32912;1.32626;1.32799
2025-08-01 19:00:00;1.32275;1.32772;1.32263;1.32631
2025-08-01 18:00:00;1.32310;1.32501;1.32230;1.32301
2025-08-01 17:00:00;1.32461;1.32461;1.32165;1.32277
2025-08-01 16:00:00;1.32568;1.32635;1.32429;1.32478
2025-08-01 15:00:00;1.32622;1.32719;1.32464;1.32631
2025-08-01 14:00:00;1.32837;1.32889;1.32594;1.32622
2025-08-01 13:00:00;1.32910;1.33049;1.32649;1.32712
2025-08-01 12:00:00;1.31581;1.32973;1.31477;1.32825
2025-08-01 11:00:00;1.31667;1.31737;1.31584;1.31584
2025-08-01 10:00:00;1.31480;1.31660;1.31480;1.31660
2025-08-01 09:00:00;1.31619;1.31671;1.31420;1.31494
2025-08-01 08:00:00;1.31947;1.31947;1.31615;1.31615
2025-08-01 07:00:00;1.32048;1.32057;1.31877;1.31928
2025-08-01 06:00:00;1.32027;1.32130;1.31999;1.32043
2025-08-01 05:00:00;1.31977;1.32060;1.31970;1.32034
2025-08-01 04:00:00;1.32013;1.32018;1.31949;1.31994
2025-08-01 03:00:00;1.31959;1.32050;1.31956;1.32004
2025-08-01 02:00:00;1.31968;1.31985;1.31903;1.31949
2025-08-01 01:00:00;1.32104;1.32135;1.31937;1.31952
2025-08-01 00:00:00;1.32074;1.32137;1.32031;1.32106
2025-07-31 23:00:00;1.32052;1.32120;1.31997;1.32081
2025-07-31 22:00:00;1.32036;1.32095;1.32036;1.32064
2025-07-31 21:00:00;1.32086;1.32233;1.32031;1.32034
2025-07-31 20:00:00;1.32059;1.32107;1.32010;1.32078
2025-07-31 19:00:00;1.32207;1.32273;1.32078;1.32078
2025-07-31 18:00:00;1.32032;1.32244;1.32003;1.32209
2025-07-31 17:00:00;1.32224;1.32233;1.32039;1.32039
2025-07-31 16:00:00;1.32193;1.32366;1.32193;1.32238
2025-07-31 15:00:00;1.32336;1.32363;1.32203;1.32223
2025-07-31 14:00:00;1.31891;1.32384;1.31884;1.32335
2025-07-31 13:00:00;1.32165;1.32181;1.31888;1.31888
2025-07-31 12:00:00;1.32392;1.32405;1.32093;1.32170
2025-07-31 11:00:00;1.32286;1.32415;1.32230;1.32415
2025-07-31 10:00:00;1.32293;1.32340;1.32102;1.32259
2025-07-31 09:00:00;1.32507;1.32507;1.32322;1.32329
2025-07-31 08:00:00;1.32608;1.32608;1.32406;1.32505
2025-07-31 07:00:00;1.32746;1.32784;1.32475;1.32593
2025-07-31 06:00:00;1.32637;1.32820;1.32635;1.32799
2025-07-31 05:00:00;1.32693;1.32725;1.32656;1.32658
2025-07-31 04:00:00;1.32605;1.32688;1.32573;1.32688
2025-07-31 03:00:00;1.32608;1.32631;1.32484;1.32605
2025-07-31 02:00:00;1.32584;1.32614;1.32531;1.32614
2025-07-31 01:00:00;1.32517;1.32584;1.32435;1.32571
2025-07-31 00:00:00;1.32557;1.32577;1.32450;1.32514
2025-07-30 23:00:00;1.32519;1.32593;1.32491;1.32575
2025-07-30 22:00:00;1.32389;1.32549;1.32389;1.32542
2025-07-30 21:00:00;1.32326;1.32457;1.32269;1.32368
2025-07-30 20:00:00;1.32464;1.32549;1.32384;1.32406
2025-07-30 19:00:00;1.32387;1.32492;1.32305;1.32431
2025-07-30 18:00:00;1.32968;1.33099;1.32429;1.32429
2025-07-30 17:00:00;1.32843;1.32919;1.32814;1.32919
2025-07-30 16:00:00;1.32742;1.32814;1.32709;1.32811
2025-07-30 15:00:00;1.32901;1.32903;1.32732;1.32733
2025-07-30 14:00:00;1.32841;1.32935;1.32809;1.32922
2025-07-30 13:00:00;1.33101;1.33124;1.32772;1.32774
2025-07-30 12:00:00;1.33743;1.33792;1.33083;1.33083
2025-07-30 11:00:00;1.33636;1.33733;1.33583;1.33733
2025-07-30 10:00:00;1.33815;1.33844;1.33629;1.33656
2025-07-30 09:00:00;1.33676;1.33822;1.33668;1.33811
2025-07-30 08:00:00;1.33634;1.33693;1.33604;1.33693
2025-07-30 07:00:00;1.33620;1.33686;1.33601;1.33618
2025-07-30 06:00:00;1.33485;1.33651;1.33426;1.33651
2025-07-30 05:00:00;1.33504;1.33556;1.33481;1.33481
2025-07-30 04:00:00;1.33599;1.33599;1.33504;1.33506
2025-07-30 03:00:00;1.33604;1.33688;1.33574;1.33597
2025-07-30 02:00:00;1.33576;1.33654;1.33554;1.33597
2025-07-30 01:00:00;1.33681;1.33690;1.33576;1.33577
2025-07-30 00:00:00;1.33542;1.33661;1.33533;1.33661
2025-07-29 23:00:00;1.33529;1.33540;1.33506;1.33540
2025-07-29 22:00:00;1.33511;1.33545;1.33511;1.33538
2025-07-29 21:00:00;1.33486;1.33561;1.33472;1.33508
2025-07-29 20:00:00;1.33579;1.33601;1.33495;1.33510
2025-07-29 19:00:00;1.33561;1.33629;1.33535;1.33583
2025-07-29 18:00:00;1.33396;1.33547;1.33365;1.33547
2025-07-29 17:00:00;1.33376;1.33522;1.33376;1.33397
2025-07-29 16:00:00;1.33401;1.33476;1.33392;1.33403
2025-07-29 15:00:00;1.33284;1.33426;1.33271;1.33385
2025-07-29 14:00:00;1.33280;1.33372;1.33111;1.33280
2025-07-29 13:00:00;1.33161;1.33255;1.33088;1.33255
2025-07-29 12:00:00;1.33388;1.33424;1.33179;1.33179
2025-07-29 11:00:00;1.33520;1.33526;1.33296;1.33399
2025-07-29 10:00:00;1.33535;1.33620;1.33514;1.33526
2025-07-29 09:00:00;1.33456;1.33577;1.33440;1.33522
2025-07-29 08:00:00;1.33321;1.33470;1.33292;1.33429
2025-07-29 07:00:00;1.33278;1.33353;1.33166;1.33321
2025-07-29 06:00:00;1.33486;1.33529;1.33266;1.33280
2025-07-29 05:00:00;1.33494;1.33535;1.33445;1.33494
2025-07-29 04:00:00;1.33422;1.33504;1.33380;1.33492
2025-07-29 03:00:00;1.33561;1.33579;1.33421;1.33422
2025-07-29 02:00:00;1.33510;1.33572;1.33501;1.33568
2025-07-29 01:00:00;1.33461;1.33581;1.33461;1.33488
2025-07-29 00:00:00;1.33597;1.33597;1.33460;1.33463
2025-07-28 23:00:00;1.33601;1.33617;1.33559;1.33606
2025-07-28 22:00:00;1.33558;1.33613;1.33554;1.33609
2025-07-28 21:00:00;1.33570;1.33658;1.33547;1.33586
2025-07-28 20:00:00;1.33556;1.33586;1.33535;1.33556
2025-07-28 19:00:00;1.33543;1.33554;1.33517;1.33551
2025-07-28 18:00:00;1.33602;1.33602;1.33529;1.33529
2025-07-28 17:00:00;1.33788;1.33803;1.33581;1.33595
2025-07-28 16:00:00;1.33919;1.33919;1.33772;1.33797
2025-07-28 15:00:00;1.34122;1.34133;1.33923;1.33923
2025-07-28 14:00:00;1.34158;1.34261;1.34111;1.34138
2025-07-28 13:00:00;1.34389;1.34389;1.34136;1.34167
2025-07-28 12:00:00;1.34293;1.34374;1.34234;1.34369
2025-07-28 11:00:00;1.34190;1.34286;1.34064;1.34264
2025-07-28 10:00:00;1.34163;1.34217;1.34108;1.34207
2025-07-28 09:00:00;1.34198;1.34270;1.34124;1.34144
2025-07-28 08:00:00;1.34091;1.34277;1.34091;1.34217
2025-07-28 07:00:00;1.34228;1.34311;1.34082;1.34082
2025-07-28 06:00:00;1.34279;1.34300;1.34072;1.34208
2025-07-28 05:00:00;1.34347;1.34369;1.34279;1.34279
2025-07-28 04:00:00;1.34436;1.34447;1.34331;1.34369
2025-07-28 03:00:00;1.34382;1.34434;1.34353;1.34423
2025-07-28 02:00:00;1.34338;1.34434;1.34306;1.34396
2025-07-28 01:00:00;1.34461;1.34532;1.34327;1.34371
2025-07-28 00:00:00;1.34392;1.34492;1.34363;1.34436
2025-07-27 23:00:00;1.34347;1.34436;1.34338;1.34374
2025-07-25 22:00:00;1.34345;1.34345;1.34345;1.34345
2025-07-25 21:00:00;1.34385;1.34385;1.34345;1.34385
2025-07-25 20:00:00;1.34362;1.34376;1.34306;1.34374
2025-07-25 19:00:00;1.34358;1.34380;1.34336;1.34378
2025-07-25 18:00:00;1.34268;1.34367;1.34268;1.34367
2025-07-25 17:00:00;1.34226;1.34298;1.34203;1.34298
2025-07-25 16:00:00;1.34277;1.34298;1.34178;1.34207
2025-07-25 15:00:00;1.34298;1.34383;1.34208;1.34279
2025-07-25 14:00:00;1.34383;1.34428;1.34298;1.34318
2025-07-25 13:00:00;1.34336;1.34385;1.34169;1.34380
2025-07-25 12:00:00;1.34513;1.34544;1.34253;1.34345
2025-07-25 11:00:00;1.34579;1.34604;1.34396;1.34510
2025-07-25 10:00:00;1.34599;1.34638;1.34535;1.34604
2025-07-25 09:00:00;1.34629;1.34646;1.34519;1.34646
2025-07-25 08:00:00;1.34706;1.34765;1.34613;1.34631
2025-07-25 07:00:00;1.34913;1.34925;1.34675;1.34695
2025-07-25 06:00:00;1.35000;1.35029;1.34827;1.34904
2025-07-25 05:00:00;1.34924;1.35048;1.34898;1.35044
2025-07-25 04:00:00;1.34945;1.34991;1.34880;1.34913
2025-07-25 03:00:00;1.34931;1.34976;1.34887;1.34949
2025-07-25 02:00:00;1.35007;1.35007;1.34907;1.34936
2025-07-25 01:00:00;1.35097;1.35130;1.34987;1.35000
2025-07-25 00:00:00;1.35108;1.35111;1.35044;1.35077
2025-07-24 23:00:00;1.35068;1.35108;1.35046;1.35091
2025-07-24 22:00:00;1.35053;1.35069;1.35038;1.35060
2025-07-24 21:00:00;1.35071;1.35126;1.34938;1.35122
2025-07-24 20:00:00;1.35078;1.35111;1.35040;1.35077
2025-07-24 19:00:00;1.35163;1.35199;1.35071;1.35076
2025-07-24 18:00:00;1.35199;1.35217;1.35153;1.35175
2025-07-24 17:00:00;1.35113;1.35281;1.35113;1.35188
2025-07-24 16:00:00;1.35228;1.35269;1.35060;1.35095
2025-07-24 15:00:00;1.35428;1.35428;1.35237;1.35247
2025-07-24 14:00:00;1.35540;1.35617;1.35355;1.35422
2025-07-24 13:00:00;1.35356;1.35529;1.35340;1.35525
2025-07-24 12:00:00;1.35527;1.35538;1.35333;1.35367
2025-07-24 11:00:00;1.35393;1.35514;1.35386;1.35514
2025-07-24 10:00:00;1.35481;1.35505;1.35366;1.35397
2025-07-24 09:00:00;1.35437;1.35477;1.35408;1.35477
2025-07-24 08:00:00;1.35632;1.35659;1.35437;1.35439
2025-07-24 07:00:00;1.35628;1.35672;1.35575;1.35604
2025-07-24 06:00:00;1.35772;1.35775;1.35636;1.35636
2025-07-24 05:00:00;1.35799;1.35823;1.35768;1.35792
2025-07-24 04:00:00;1.35774;1.35818;1.35761;1.35801
2025-07-24 03:00:00;1.35807;1.35851;1.35788;1.35790
2025-07-24 02:00:00;1.35827;1.35842;1.35763;1.35812
2025-07-24 01:00:00;1.35752;1.35882;1.35752;1.35836
2025-07-24 00:00:00;1.35785;1.35790;1.35718;1.35740
2025-07-23 23:00:00;1.35836;1.35870;1.35794;1.35796
2025-07-23 22:00:00;1.35811;1.35862;1.35798;1.35831
2025-07-23 21:00:00;1.35807;1.35833;1.35724;1.35816
2025-07-23 20:00:00;1.35822;1.35844;1.35796;1.35807
2025-07-23 19:00:00;1.35811;1.35834;1.35763;1.35823
2025-07-23 18:00:00;1.35707;1.35809;1.35694;1.35798
2025-07-23 17:00:00;1.35650;1.35724;1.35593;1.35685
2025-07-23 16:00:00;1.35645;1.35707;1.35553;1.35612
2025-07-23 15:00:00;1.35591;1.35755;1.35542;1.35704
2025-07-23 14:00:00;1.35465;1.35630;1.35400;1.35604
2025-07-23 13:00:00;1.35463;1.35466;1.35247;1.35466
2025-07-23 12:00:00;1.35393;1.35441;1.35325;1.35439
2025-07-23 11:00:00;1.35338;1.35439;1.35338;1.35400
2025-07-23 10:00:00;1.35446;1.35463;1.35364;1.35371
2025-07-23 09:00:00;1.35446;1.35487;1.35375;1.35454
2025-07-23 08:00:00;1.35443;1.35483;1.35375;1.35417
2025-07-23 07:00:00;1.35342;1.35487;1.35340;1.35432
2025-07-23 06:00:00;1.35243;1.35333;1.35172;1.35329
2025-07-23 05:00:00;1.35278;1.35305;1.35208;1.35227
2025-07-23 04:00:00;1.35281;1.35313;1.35236;1.35272
2025-07-23 03:00:00;1.35208;1.35355;1.35203;1.35278
2025-07-23 02:00:00;1.35256;1.35300;1.35181;1.35199
2025-07-23 01:00:00;1.35276;1.35287;1.35181;1.35234
2025-07-23 00:00:00;1.35219;1.35276;1.35183;1.35276
2025-07-22 23:00:00;1.35261;1.35347;1.35195;1.35210
2025-07-22 22:00:00;1.35278;1.35291;1.35259;1.35265
2025-07-22 21:00:00;1.35250;1.35340;1.35250;1.35281
2025-07-22 20:00:00;1.35316;1.35349;1.35276;1.35349
2025-07-22 19:00:00;1.35274;1.35333;1.35267;1.35329
2025-07-22 18:00:00;1.35223;1.35278;1.35201;1.35272
2025-07-22 17:00:00;1.35311;1.35311;1.35208;1.35230
2025-07-22 16:00:00;1.35183;1.35327;1.35183;1.35305
2025-07-22 15:00:00;1.34998;1.35197;1.34982;1.35197
2025-07-22 14:00:00;1.34820;1.35069;1.34740;1.35027
2025-07-22 13:00:00;1.34856;1.34893;1.34776;1.34862
2025-07-22 12:00:00;1.34878;1.34891;1.34769;1.34816
2025-07-22 11:00:00;1.34795;1.34876;1.34758;1.34876
2025-07-22 10:00:00;1.34966;1.34998;1.34780;1.34787
2025-07-22 09:00:00;1.34924;1.34958;1.34873;1.34958
2025-07-22 08:00:00;1.34657;1.34909;1.34657;1.34900
2025-07-22 07:00:00;1.34738;1.34742;1.34642;1.34675
2025-07-22 06:00:00;1.34715;1.34744;1.34673;1.34718
2025-07-22 05:00:00;1.34769;1.34798;1.34704;1.34745
2025-07-22 04:00:00;1.34795;1.34827;1.34753;1.34778
2025-07-22 03:00:00;1.34820;1.34834;1.34787;1.34798
2025-07-22 02:00:00;1.34814;1.34880;1.34800;1.34827
2025-07-22 01:00:00;1.34844;1.34847;1.34771;1.34809
2025-07-22 00:00:00;1.34885;1.34885;1.34804;1.34838
2025-07-21 23:00:00;1.34891;1.34902;1.34864;1.34895
2025-07-21 22:00:00;1.34927;1.34927;1.34878;1.34896
2025-07-21 21:00:00;1.34878;1.34933;1.34867;1.34913
2025-07-21 20:00:00;1.34842;1.34940;1.34838;1.34940
2025-07-21 19:00:00;1.34916;1.34925;1.34844;1.34844
2025-07-21 18:00:00;1.34864;1.34927;1.34856;1.34905
2025-07-21 17:00:00;1.34964;1.34964;1.34851;1.34869
2025-07-21 16:00:00;1.34947;1.35002;1.34913;1.34955
2025-07-21 15:00:00;1.34947;1.35104;1.34947;1.34966
2025-07-21 14:00:00;1.34706;1.34960;1.34706;1.34938
2025-07-21 13:00:00;1.34784;1.34795;1.34675;1.34702
2025-07-21 12:00:00;1.34802;1.34838;1.34747;1.34802
2025-07-21 11:00:00;1.34590;1.34798;1.34579;1.34785
2025-07-21 10:00:00;1.34584;1.34597;1.34472;1.34575
2025-07-21 09:00:00;1.34512;1.34591;1.34463;1.34586
2025-07-21 08:00:00;1.34468;1.34651;1.34419;1.34517
2025-07-21 07:00:00;1.34430;1.34474;1.34365;1.34456
2025-07-21 06:00:00;1.34223;1.34436;1.34223;1.34436
2025-07-21 05:00:00;1.34187;1.34253;1.34187;1.34241
2025-07-21 04:00:00;1.34160;1.34198;1.34144;1.34194
2025-07-21 03:00:00;1.34127;1.34174;1.34115;1.34165
2025-07-21 02:00:00;1.34115;1.34160;1.34079;1.34127
2025-07-21 01:00:00;1.34028;1.34160;1.34028;1.34135
2025-07-21 00:00:00;1.34165;1.34196;1.34041;1.34043
2025-07-20 23:00:00;1.34135;1.34180;1.34115;1.34154
2025-07-18 22:00:00;1.3404;1.3404;1.3404;1.3404
2025-07-18 21:00:00;1.34194;1.34223;1.34090;1.34223
2025-07-18 20:00:00;1.34140;1.34165;1.34070;1.34120
2025-07-18 19:00:00;1.34176;1.34181;1.34097;1.34145
2025-07-18 18:00:00;1.34221;1.34221;1.34151;1.34172
2025-07-18 17:00:00;1.34181;1.34208;1.34124;1.34203
2025-07-18 16:00:00;1.34362;1.34382;1.34183;1.34194
2025-07-18 15:00:00;1.34432;1.34483;1.34354;1.34374
2025-07-18 14:00:00;1.34664;1.34700;1.34401;1.34436
2025-07-18 13:00:00;1.34595;1.34738;1.34550;1.34657
2025-07-18 12:00:00;1.34573;1.34727;1.34539;1.34579
2025-07-18 11:00:00;1.34533;1.34577;1.34503;1.34577
2025-07-18 10:00:00;1.34410;1.34541;1.34380;1.34528
2025-07-18 09:00:00;1.34371;1.34434;1.34371;1.34414
2025-07-18 08:00:00;1.34327;1.34428;1.34327;1.34372
2025-07-18 07:00:00;1.34345;1.34392;1.34279;1.34306
2025-07-18 06:00:00;1.34160;1.34327;1.34113;1.34322
2025-07-18 05:00:00;1.34241;1.34244;1.34136;1.34167
2025-07-18 04:00:00;1.34300;1.34300;1.34239;1.34248
2025-07-18 03:00:00;1.34367;1.34391;1.34286;1.34304
2025-07-18 02:00:00;1.34354;1.34398;1.34297;1.34380
2025-07-18 01:00:00;1.34322;1.34401;1.34300;1.34362
2025-07-18 00:00:00;1.34322;1.34383;1.34282;1.34320
2025-07-17 23:00:00;1.34308;1.34347;1.34286;1.34313
2025-07-17 22:00:00;1.34171;1.34331;1.34171;1.34304
2025-07-17 21:00:00;1.34217;1.34217;1.34106;1.34178
2025-07-17 20:00:00;1.34183;1.34208;1.34147;1.34171
2025-07-17 19:00:00;1.34115;1.34203;1.34111;1.34203
2025-07-17 18:00:00;1.34041;1.34124;1.34027;1.34100
2025-07-17 17:00:00;1.34012;1.34084;1.33998;1.34039
2025-07-17 16:00:00;1.34136;1.34208;1.33984;1.34011
2025-07-17 15:00:00;1.34082;1.34198;1.34072;1.34126
2025-07-17 14:00:00;1.33975;1.34142;1.33969;1.34100
2025-07-17 13:00:00;1.34045;1.34086;1.33944;1.34002
2025-07-17 12:00:00;1.33935;1.34108;1.33856;1.34037
2025-07-17 11:00:00;1.34007;1.34021;1.33874;1.33942
2025-07-17 10:00:00;1.33964;1.34043;1.33932;1.33996
2025-07-17 09:00:00;1.34127;1.34127;1.33935;1.33978
2025-07-17 08:00:00;1.33860;1.34097;1.33811;1.34097
2025-07-17 07:00:00;1.33842;1.33987;1.33820;1.33849
2025-07-17 06:00:00;1.33822;1.34018;1.33756;1.33822
2025-07-17 05:00:00;1.33958;1.33991;1.33930;1.33939
2025-07-17 04:00:00;1.33933;1.33960;1.33890;1.33960
2025-07-17 03:00:00;1.33883;1.33935;1.33851;1.33935
2025-07-17 02:00:00;1.34041;1.34041;1.33874;1.33887
2025-07-17 01:00:00;1.34018;1.34054;1.33933;1.34054
2025-07-17 00:00:00;1.34106;1.34106;1.33964;1.33998
2025-07-16 23:00:00;1.34147;1.34174;1.34097;1.34109
2025-07-16 22:00:00;1.34183;1.34208;1.34138;1.34144
2025-07-16 21:00:00;1.34284;1.34284;1.34156;1.34199
2025-07-16 20:00:00;1.34169;1.34226;1.34160;1.34207
2025-07-16 19:00:00;1.34115;1.34194;1.34057;1.34180
2025-07-16 18:00:00;1.34221;1.34221;1.34072;1.34091
2025-07-16 17:00:00;1.34237;1.34405;1.34214;1.34221
2025-07-16 16:00:00;1.34196;1.34432;1.34135;1.34225
2025-07-16 15:00:00;1.33962;1.34814;1.33942;1.34176
2025-07-16 14:00:00;1.33804;1.33989;1.33683;1.33942
2025-07-16 13:00:00;1.33946;1.33978;1.33670;1.33769
2025-07-16 12:00:00;1.34011;1.34122;1.33838;1.33951
2025-07-16 11:00:00;1.34054;1.34118;1.33980;1.34000
2025-07-16 10:00:00;1.33951;1.34064;1.33912;1.34063
2025-07-16 09:00:00;1.33912;1.33973;1.33856;1.33967
2025-07-16 08:00:00;1.33949;1.34014;1.33906;1.33921
2025-07-16 07:00:00;1.34093;1.34104;1.33903;1.33935
2025-07-16 06:00:00;1.34126;1.34167;1.34043;1.34091
2025-07-16 05:00:00;1.33969;1.33998;1.33919;1.33998
2025-07-16 04:00:00;1.33885;1.33967;1.33874;1.33967
2025-07-16 03:00:00;1.33874;1.33944;1.33853;1.33887
2025-07-16 02:00:00;1.33971;1.33971;1.33844;1.33858
2025-07-16 01:00:00;1.33924;1.34007;1.33924;1.33969
2025-07-16 00:00:00;1.33935;1.33993;1.33851;1.33948
2025-07-15 23:00:00;1.33858;1.33932;1.33847;1.33932
2025-07-15 22:00:00;1.33831;1.33860;1.33829;1.33856
2025-07-15 21:00:00;1.33854;1.33899;1.33829;1.33849
2025-07-15 20:00:00;1.33860;1.33878;1.33799;1.33840
2025-07-15 19:00:00;1.33910;1.33917;1.33844;1.33863
2025-07-15 18:00:00;1.33853;1.33933;1.33842;1.33903
2025-07-15 17:00:00;1.33863;1.33872;1.33801;1.33853
2025-07-15 16:00:00;1.33994;1.33994;1.33835;1.33854
2025-07-15 15:00:00;1.33969;1.34011;1.33808;1.33958
2025-07-15 14:00:00;1.34021;1.34100;1.33878;1.33964
2025-07-15 13:00:00;1.34483;1.34483;1.34020;1.34034
2025-07-15 12:00:00;1.34419;1.34662;1.34335;1.34490
2025-07-15 11:00:00;1.34559;1.34568;1.34436;1.34439
2025-07-15 10:00:00;1.34582;1.34591;1.34501;1.34562
2025-07-15 09:00:00;1.34470;1.34573;1.34465;1.34557
2025-07-15 08:00:00;1.34503;1.34526;1.34419;1.34470
2025-07-15 07:00:00;1.34360;1.34532;1.34293;1.34532
2025-07-15 06:00:00;1.34363;1.34439;1.34333;1.34353
2025-07-15 05:00:00;1.34320;1.34419;1.34320;1.34401
2025-07-15 04:00:00;1.34308;1.34335;1.34289;1.34320
2025-07-15 03:00:00;1.34335;1.34353;1.34295;1.34295
2025-07-15 02:00:00;1.34333;1.34363;1.34280;1.34331
2025-07-15 01:00:00;1.34347;1.34387;1.34271;1.34335
2025-07-15 00:00:00;1.34279;1.34403;1.34279;1.34345
2025-07-14 23:00:00;1.34280;1.34288;1.34216;1.34277
2025-07-14 22:00:00;1.34304;1.34304;1.34266;1.34271
2025-07-14 21:00:00;1.34340;1.34354;1.34232;1.34317
2025-07-14 20:00:00;1.34275;1.34317;1.34257;1.34264
2025-07-14 19:00:00;1.34306;1.34331;1.34253;1.34266
2025-07-14 18:00:00;1.34327;1.34356;1.34279;1.34295
2025-07-14 17:00:00;1.34369;1.34412;1.34262;1.34333
2025-07-14 16:00:00;1.34340;1.34428;1.34289;1.34358
2025-07-14 15:00:00;1.34470;1.34597;1.34336;1.34342
2025-07-14 14:00:00;1.34816;1.34820;1.34466;1.34479
2025-07-14 13:00:00;1.34782;1.34842;1.34689;1.34824
2025-07-14 12:00:00;1.34869;1.34924;1.34713;1.34776
2025-07-14 11:00:00;1.34882;1.34916;1.34789;1.34838
2025-07-14 10:00:00;1.34833;1.34940;1.34833;1.34889
2025-07-14 09:00:00;1.34744;1.34876;1.34724;1.34851
2025-07-14 08:00:00;1.34847;1.34898;1.34758;1.34762
2025-07-14 07:00:00;1.34582;1.34880;1.34573;1.34860
2025-07-14 06:00:00;1.34662;1.34662;1.34532;1.34562
2025-07-14 05:00:00;1.34733;1.34787;1.34660;1.34662
2025-07-14 04:00:00;1.34793;1.34814;1.34764;1.34764
2025-07-14 03:00:00;1.34742;1.34851;1.34742;1.34834
2025-07-14 02:00:00;1.34907;1.34944;1.34729;1.34742
2025-07-14 01:00:00;1.35002;1.35018;1.34898;1.34900
2025-07-14 00:00:00;1.34976;1.35046;1.34965;1.34993
2025-07-13 23:00:00;1.34847;1.34956;1.34842;1.34956
2025-07-11 22:00:00;1.34877;1.34877;1.34877;1.34877
2025-07-11 21:00:00;1.34905;1.34905;1.34877;1.34877
2025-07-11 20:00:00;1.34973;1.35013;1.34851;1.34922
2025-07-11 19:00:00;1.35097;1.35097;1.34978;1.34978
2025-07-11 18:00:00;1.35150;1.35172;1.35106;1.35106
2025-07-11 17:00:00;1.35069;1.35157;1.35069;1.35139
2025-07-11 16:00:00;1.35018;1.35146;1.34967;1.35079
2025-07-11 15:00:00;1.35053;1.35126;1.34986;1.35020
2025-07-11 14:00:00;1.34969;1.35080;1.34834;1.35064
2025-07-11 13:00:00;1.35058;1.35183;1.34927;1.34962
2025-07-11 12:00:00;1.35026;1.35100;1.34976;1.35049
2025-07-11 11:00:00;1.35298;1.35380;1.35022;1.35044
2025-07-11 10:00:00;1.35437;1.35498;1.35298;1.35309
2025-07-11 09:00:00;1.35360;1.35531;1.35351;1.35437
2025-07-11 08:00:00;1.35426;1.35455;1.35300;1.35336
2025-07-11 07:00:00;1.35378;1.35571;1.35369;1.35437
2025-07-11 06:00:00;1.35516;1.35522;1.35331;1.35336
2025-07-11 05:00:00;1.35569;1.35643;1.35555;1.35637
2025-07-11 04:00:00;1.35658;1.35661;1.35501;1.35573
2025-07-11 03:00:00;1.35544;1.35672;1.35544;1.35665
2025-07-11 02:00:00;1.35602;1.35613;1.35545;1.35547
2025-07-11 01:00:00;1.35545;1.35689;1.35501;1.35586
2025-07-11 00:00:00;1.35801;1.35809;1.35476;1.35560
2025-07-10 23:00:00;1.35846;1.35862;1.35785;1.35807
2025-07-10 22:00:00;1.35788;1.35864;1.35788;1.35849
2025-07-10 21:00:00;1.35772;1.35809;1.35634;1.35790
2025-07-10 20:00:00;1.35764;1.35842;1.35763;1.35799
2025-07-10 19:00:00;1.35752;1.35831;1.35740;1.35768
2025-07-10 18:00:00;1.35720;1.35759;1.35709;1.35755
2025-07-10 17:00:00;1.35637;1.35752;1.35621;1.35722
2025-07-10 16:00:00;1.35672;1.35733;1.35617;1.35647
2025-07-10 15:00:00;1.35562;1.35711;1.35562;1.35678
2025-07-10 14:00:00;1.35531;1.35569;1.35344;1.35544
2025-07-10 13:00:00;1.35610;1.35702;1.35461;1.35525
2025-07-10 12:00:00;1.35807;1.35853;1.35579;1.35610
2025-07-10 11:00:00;1.35995;1.35999;1.35735;1.35785
2025-07-10 10:00:00;1.36088;1.36116;1.35990;1.36006
2025-07-10 09:00:00;1.36071;1.36164;1.36064;1.36090
2025-07-10 08:00:00;1.36143;1.36158;1.36054;1.36069
2025-07-10 07:00:00;1.36119;1.36195;1.36032;1.36097
2025-07-10 06:00:00;1.36103;1.36173;1.36073;1.36119
2025-07-10 05:00:00;1.36056;1.36106;1.36047;1.36095
2025-07-10 04:00:00;1.36038;1.36060;1.36008;1.36056
2025-07-10 03:00:00;1.36077;1.36091;1.36049;1.36051
2025-07-10 02:00:00;1.36088;1.36123;1.36060;1.36080
2025-07-10 01:00:00;1.36088;1.36117;1.36038;1.36073
2025-07-10 00:00:00;1.35977;1.36136;1.35977;1.36110
2025-07-09 23:00:00;1.35906;1.35993;1.35886;1.35993
2025-07-09 22:00:00;1.35888;1.35925;1.35888;1.35906
2025-07-09 21:00:00;1.35842;1.35919;1.35842;1.35895
2025-07-09 20:00:00;1.35953;1.35955;1.35847;1.35860
2025-07-09 19:00:00;1.35888;1.36016;1.35881;1.35945
2025-07-09 18:00:00;1.35894;1.35975;1.35864;1.35888
2025-07-09 17:00:00;1.35842;1.35916;1.35814;1.35888
2025-07-09 16:00:00;1.35838;1.35875;1.35801;1.35840
2025-07-09 15:00:00;1.35895;1.35943;1.35822;1.35847
2025-07-09 14:00:00;1.35873;1.36151;1.35833;1.35894
2025-07-09 13:00:00;1.36086;1.36182;1.35858;1.35860
2025-07-09 12:00:00;1.35799;1.36121;1.35779;1.36090
2025-07-09 11:00:00;1.35836;1.35882;1.35761;1.35768
2025-07-09 10:00:00;1.35975;1.36041;1.35834;1.35851
2025-07-09 09:00:00;1.36023;1.36067;1.35934;1.35964
2025-07-09 08:00:00;1.35862;1.36053;1.35840;1.36003
2025-07-09 07:00:00;1.36040;1.36045;1.35801;1.35868
2025-07-09 06:00:00;1.35873;1.36066;1.35822;1.36038
2025-07-09 05:00:00;1.35862;1.35958;1.35847;1.35879
2025-07-09 04:00:00;1.35693;1.35862;1.35682;1.35862
2025-07-09 03:00:00;1.35742;1.35742;1.35658;1.35702
2025-07-09 02:00:00;1.35858;1.35932;1.35661;1.35746
2025-07-09 01:00:00;1.35868;1.35894;1.35779;1.35875
2025-07-09 00:00:00;1.35857;1.35871;1.35762;1.35871
2025-07-08 23:00:00;1.35940;1.35942;1.35847;1.35851
2025-07-08 22:00:00;1.35905;1.35953;1.35905;1.35949
2025-07-08 21:00:00;1.35894;1.35936;1.35755;1.35879
2025-07-08 20:00:00;1.35897;1.35964;1.35884;1.35927
2025-07-08 19:00:00;1.35966;1.35977;1.35860;1.35886
2025-07-08 18:00:00;1.35934;1.35966;1.35866;1.35938
2025-07-08 17:00:00;1.35798;1.35934;1.35781;1.35925
2025-07-08 16:00:00;1.35722;1.35822;1.35648;1.35787
2025-07-08 15:00:00;1.35468;1.35783;1.35417;1.35728
2025-07-08 14:00:00;1.35500;1.35610;1.35270;1.35452
2025-07-08 13:00:00;1.35787;1.35788;1.35413;1.35562
2025-07-08 12:00:00;1.35744;1.35849;1.35641;1.35788
2025-07-08 11:00:00;1.35770;1.35862;1.35752;1.35752
2025-07-08 10:00:00;1.35949;1.35949;1.35770;1.35783
2025-07-08 09:00:00;1.36132;1.36143;1.35936;1.35936
2025-07-08 08:00:00;1.36403;1.36408;1.36119;1.36130
2025-07-08 07:00:00;1.36277;1.36463;1.36277;1.36408
2025-07-08 06:00:00;1.36294;1.36325;1.3624;1.36272
2025-07-08 05:00:00;1.36314;1.36349;1.36255;1.36294
2025-07-08 04:00:00;1.36323;1.36413;1.36308;1.36323
2025-07-08 03:00:00;1.36316;1.36385;1.36295;1.36335
2025-07-08 02:00:00;1.36251;1.36381;1.36247;1.36307
2025-07-08 01:00:00;1.36305;1.36331;1.36197;1.36256
2025-07-08 00:00:00;1.36249;1.36374;1.36249;1.36290
2025-07-07 23:00:00;1.36184;1.36243;1.36160;1.36243
2025-07-07 22:00:00;1.36054;1.36197;1.36054;1.36197
2025-07-07 21:00:00;1.36049;1.36117;1.36001;1.36056
2025-07-07 20:00:00;1.36095;1.36103;1.35990;1.36019
2025-07-07 19:00:00;1.36114;1.36166;1.36080;1.36106
2025-07-07 18:00:00;1.36054;1.36153;1.35938;1.36123
2025-07-07 17:00:00;1.35964;1.36095;1.35908;1.36029
2025-07-07 16:00:00;1.36370;1.36400;1.35953;1.35964
2025-07-07 15:00:00;1.36372;1.36441;1.36299;1.36362
2025-07-07 14:00:00;1.36303;1.36476;1.36303;1.36366
2025-07-07 13:00:00;1.36179;1.36335;1.36145;1.36292
2025-07-07 12:00:00;1.36171;1.36212;1.36127;1.36175
2025-07-07 11:00:00;1.36019;1.36218;1.36006;1.36166
2025-07-07 10:00:00;1.36073;1.36073;1.35958;1.36045
2025-07-07 09:00:00;1.35809;1.36104;1.35761;1.36104
2025-07-07 08:00:00;1.36056;1.36058;1.35798;1.35798
2025-07-07 07:00:00;1.36169;1.36232;1.36032;1.36091
2025-07-07 06:00:00;1.36214;1.36268;1.36041;1.36116
2025-07-07 05:00:00;1.36179;1.36249;1.36125;1.36240
2025-07-07 04:00:00;1.36282;1.36303;1.36167;1.36179
2025-07-07 03:00:00;1.36290;1.36336;1.36266;1.36288
2025-07-07 02:00:00;1.36348;1.36381;1.36268;1.36294
2025-07-07 01:00:00;1.36463;1.36472;1.36327;1.36333
2025-07-07 00:00:00;1.36511;1.36582;1.36463;1.36485
2025-07-06 23:00:00;1.36537;1.36549;1.36466;1.36524
2025-07-04 22:00:00;1.36485;1.36485;1.36485;1.36485
2025-07-04 21:00:00;1.36478;1.36485;1.36478;1.36485
2025-07-04 20:00:00;1.36511;1.36586;1.36442;1.36442
2025-07-04 19:00:00;1.36541;1.36547;1.36502;1.36515
2025-07-04 18:00:00;1.36495;1.36541;1.36483;1.36541
2025-07-04 17:00:00;1.36487;1.36522;1.36485;1.36491
2025-07-04 16:00:00;1.36426;1.36519;1.36426;1.36465
2025-07-04 15:00:00;1.36422;1.36489;1.36409;1.36450
2025-07-04 14:00:00;1.36506;1.36539;1.36387;1.36435
2025-07-04 13:00:00;1.36375;1.36517;1.36375;1.36495
2025-07-04 12:00:00;1.36472;1.36480;1.36340;1.36359
2025-07-04 11:00:00;1.36495;1.36562;1.36435;1.36483
2025-07-04 10:00:00;1.36573;1.36608;1.36474;1.36489
2025-07-04 09:00:00;1.36647;1.36647;1.36521;1.36580
2025-07-04 08:00:00;1.36588;1.36672;1.36582;1.36642
2025-07-04 07:00:00;1.36782;1.36782;1.36578;1.36595
2025-07-04 06:00:00;1.36747;1.36814;1.36677;1.36775
2025-07-04 05:00:00;1.36758;1.36818;1.36752;1.36765
2025-07-04 04:00:00;1.36578;1.36748;1.36578;1.36732
2025-07-04 03:00:00;1.36537;1.36621;1.36532;1.36586
2025-07-04 02:00:00;1.36489;1.36562;1.36467;1.36537
2025-07-04 01:00:00;1.36636;1.36653;1.36478;1.36480
2025-07-04 00:00:00;1.36661;1.36668;1.36599;1.36631
2025-07-03 23:00:00;1.36541;1.36681;1.36534;1.36681
2025-07-03 22:00:00;1.36519;1.36543;1.36509;1.36537
2025-07-03 21:00:00;1.36586;1.36586;1.36476;1.36521
2025-07-03 20:00:00;1.36455;1.36552;1.36431;1.36552
2025-07-03 19:00:00;1.36411;1.36470;1.36400;1.36467
2025-07-03 18:00:00;1.36459;1.36500;1.36409;1.36418
2025-07-03 17:00:00;1.36506;1.36522;1.36439;1.36474
2025-07-03 16:00:00;1.36536;1.36550;1.36364;1.36521
2025-07-03 15:00:00;1.36459;1.36603;1.36420;1.36521
2025-07-03 14:00:00;1.36717;1.36717;1.36340;1.36470
2025-07-03 13:00:00;1.36186;1.36625;1.36160;1.36577
2025-07-03 12:00:00;1.36575;1.36593;1.35888;1.36167
2025-07-03 11:00:00;1.36597;1.36629;1.36562;1.36577
2025-07-03 10:00:00;1.36580;1.36683;1.36480;1.36627
2025-07-03 09:00:00;1.36647;1.36655;1.36541;1.36558
2025-07-03 08:00:00;1.36567;1.36754;1.36562;1.36668
2025-07-03 07:00:00;1.36545;1.36745;1.36513;1.36562
2025-07-03 06:00:00;1.36394;1.36511;1.36385;1.36502
2025-07-03 05:00:00;1.36299;1.36418;1.36268;1.36396
2025-07-03 04:00:00;1.36286;1.36301;1.36251;1.36288
2025-07-03 03:00:00;1.36351;1.36385;1.36260;1.36286
2025-07-03 02:00:00;1.36478;1.36478;1.36294;1.36357
2025-07-03 01:00:00;1.36472;1.36536;1.36441;1.36498
2025-07-03 00:00:00;1.36515;1.36541;1.36444;1.36470
2025-07-02 23:00:00;1.36534;1.36534;1.36482;1.36498
2025-07-02 22:00:00;1.36537;1.36565;1.36476;1.36552
2025-07-02 21:00:00;1.36370;1.36677;1.36338;1.36554
2025-07-02 20:00:00;1.36338;1.36353;1.36277;1.36351
2025-07-02 19:00:00;1.36348;1.36385;1.36277;1.36359
2025-07-02 18:00:00;1.36310;1.36411;1.36310;1.36362
2025-07-02 17:00:00;1.36323;1.36435;1.36318;1.36342
2025-07-02 16:00:00;1.36218;1.36325;1.36149;1.36305
2025-07-02 15:00:00;1.35953;1.36218;1.35905;1.36212
2025-07-02 14:00:00;1.35871;1.36019;1.35656;1.35931
2025-07-02 13:00:00;1.36045;1.36227;1.35812;1.35862
2025-07-02 12:00:00;1.36530;1.36676;1.35901;1.36080
2025-07-02 11:00:00;1.36984;1.37137;1.36619;1.36619
2025-07-02 10:00:00;1.36917;1.37073;1.36917;1.37035
2025-07-02 09:00:00;1.37009;1.37009;1.36896;1.36906
2025-07-02 08:00:00;1.37043;1.37114;1.36953;1.36984
2025-07-02 07:00:00;1.37253;1.37257;1.37069;1.37069
2025-07-02 06:00:00;1.37357;1.37408;1.37210;1.37302
2025-07-02 05:00:00;1.37444;1.37457;1.37332;1.37361
2025-07-02 04:00:00;1.37463;1.37466;1.37442;1.37448
2025-07-02 03:00:00;1.37476;1.37518;1.37408;1.37461
2025-07-02 02:00:00;1.37391;1.37493;1.37336;1.37465
2025-07-02 01:00:00;1.37476;1.37529;1.37374;1.37385
2025-07-02 00:00:00;1.37472;1.37495;1.37432;1.37489
2025-07-01 23:00:00;1.37436;1.37474;1.37417;1.37472
2025-07-01 22:00:00;1.37480;1.37480;1.37425;1.37436
2025-07-01 21:00:00;1.37459;1.37521;1.37432;1.37478
2025-07-01 20:00:00;1.37414;1.37512;1.37398;1.37476
2025-07-01 19:00:00;1.37383;1.37425;1.37359;1.37400
2025-07-01 18:00:00;1.37376;1.37376;1.37323;1.37372
2025-07-01 17:00:00;1.37266;1.37382;1.37225;1.37374
2025-07-01 16:00:00;1.37242;1.37253;1.37138;1.37238
2025-07-01 15:00:00;1.37152;1.37238;1.37050;1.37238
2025-07-01 14:00:00;1.37201;1.37295;1.37090;1.37189
2025-07-01 13:00:00;1.37400;1.37417;1.37302;1.37340
2025-07-01 12:00:00;1.37553;1.37597;1.37415;1.37419
2025-07-01 11:00:00;1.37749;1.37783;1.37561;1.37561
2025-07-01 10:00:00;1.37781;1.37887;1.37758;1.37770
2025-07-01 09:00:00;1.37724;1.37813;1.37599;1.37764
2025-07-01 08:00:00;1.37671;1.37830;1.37595;1.37764
2025-07-01 07:00:00;1.37385;1.37678;1.37355;1.37678
2025-07-01 06:00:00;1.37461;1.37504;1.37391;1.37410
2025-07-01 05:00:00;1.37410;1.37489;1.37393;1.37466
2025-07-01 04:00:00;1.37391;1.37482;1.37370;1.37402
2025-07-01 03:00:00;1.37374;1.37466;1.37374;1.37380
2025-07-01 02:00:00;1.37266;1.37380;1.37259;1.37374
2025-07-01 01:00:00;1.37415;1.37499;1.37270;1.37270
2025-07-01 00:00:00;1.37365;1.37421;1.37327;1.37421
2025-06-30 23:00:00;1.37325;1.37342;1.37302;1.37327
2025-06-30 22:00:00;1.37314;1.37368;1.37276;1.37319
2025-06-30 21:00:00;1.37306;1.37357;1.37217;1.37295
2025-06-30 20:00:00;1.37261;1.37366;1.37257;1.37344
2025-06-30 19:00:00;1.37170;1.37278;1.37165;1.37278
2025-06-30 18:00:00;1.37103;1.37212;1.37093;1.37191
2025-06-30 17:00:00;1.37152;1.37178;1.37069;1.37101
2025-06-30 16:00:00;1.37206;1.37234;1.36999;1.37142
2025-06-30 15:00:00;1.36999;1.37231;1.36971;1.37204
2025-06-30 14:00:00;1.36849;1.37112;1.36760;1.37039
2025-06-30 13:00:00;1.36951;1.36951;1.36778;1.36825
2025-06-30 12:00:00;1.37063;1.37063;1.36855;1.36938
2025-06-30 11:00:00;1.37028;1.37118;1.36984;1.37063
2025-06-30 10:00:00;1.36919;1.37022;1.36913;1.37022
2025-06-30 09:00:00;1.36996;1.37037;1.36928;1.36951
2025-06-30 08:00:00;1.37045;1.37054;1.36945;1.37007
2025-06-30 07:00:00;1.37332;1.37332;1.37045;1.37045
2025-06-30 06:00:00;1.37291;1.37374;1.37236;1.37372
2025-06-30 05:00:00;1.37304;1.37406;1.37278;1.37289
2025-06-30 04:00:00;1.37127;1.37304;1.37127;1.37304
2025-06-30 03:00:00;1.37172;1.37216;1.37122;1.37137
2025-06-30 02:00:00;1.37223;1.37266;1.37170;1.37182
2025-06-30 01:00:00;1.37131;1.37297;1.37122;1.37206
2025-06-30 00:00:00;1.37204;1.37219;1.37088;1.37131
2025-06-29 23:00:00;1.37240;1.37287;1.37186;1.37186
2025-06-27 22:00:00;1.37115;1.37115;1.37115;1.37115
2025-06-27 21:00:00;1.37229;1.37229;1.37229;1.37229
2025-06-27 20:00:00;1.37084;1.37236;1.37082;1.37236
2025-06-27 19:00:00;1.36966;1.37105;1.36966;1.37069
2025-06-27 18:00:00;1.36964;1.36994;1.36851;1.36973
2025-06-27 17:00:00;1.37067;1.37118;1.36879;1.36924
2025-06-27 16:00:00;1.37178;1.37244;1.37048;1.37080
2025-06-27 15:00:00;1.37163;1.37272;1.37088;1.37186
2025-06-27 14:00:00;1.37195;1.37276;1.37045;1.37161
2025-06-27 13:00:00;1.37429;1.37432;1.37161;1.37231
2025-06-27 12:00:00;1.37351;1.37510;1.37227;1.37419
2025-06-27 11:00:00;1.37265;1.37387;1.37263;1.37376
2025-06-27 10:00:00;1.37429;1.37472;1.37223;1.37248
2025-06-27 09:00:00;1.37451;1.37455;1.37349;1.37402
2025-06-27 08:00:00;1.37434;1.37504;1.37340;1.37436
2025-06-27 07:00:00;1.37484;1.37501;1.37363;1.37400
2025-06-27 06:00:00;1.37238;1.37474;1.37238;1.37474
2025-06-27 05:00:00;1.37276;1.37306;1.37216;1.37266
2025-06-27 04:00:00;1.37365;1.37378;1.37240;1.37240
2025-06-27 03:00:00;1.37429;1.37497;1.37365;1.37366
2025-06-27 02:00:00;1.37382;1.37451;1.37357;1.37440
2025-06-27 01:00:00;1.37297;1.37410;1.37244;1.37374
2025-06-27 00:00:00;1.37274;1.37353;1.37274;1.37312
2025-06-26 23:00:00;1.37223;1.37302;1.37223;1.37255
2025-06-26 22:00:00;1.37291;1.37291;1.37178;1.37204
2025-06-26 21:00:00;1.37287;1.37415;1.37257;1.37291
2025-06-26 20:00:00;1.37355;1.37357;1.37236;1.37278
2025-06-26 19:00:00;1.37484;1.37484;1.37304;1.37336
2025-06-26 18:00:00;1.37571;1.37601;1.37484;1.37493
2025-06-26 17:00:00;1.37555;1.37627;1.37555;1.37576
2025-06-26 16:00:00;1.37521;1.37703;1.37423;1.37557
2025-06-26 15:00:00;1.37331;1.37525;1.37265;1.37525
2025-06-26 14:00:00;1.37359;1.37533;1.37287;1.37334
2025-06-26 13:00:00;1.37231;1.37415;1.37101;1.37415
2025-06-26 12:00:00;1.37056;1.37263;1.37022;1.37186
2025-06-26 11:00:00;1.37287;1.37297;1.37005;1.37069
2025-06-26 10:00:00;1.37455;1.37502;1.37304;1.37304
2025-06-26 09:00:00;1.37487;1.37533;1.37357;1.37442
2025-06-26 08:00:00;1.37353;1.37650;1.37348;1.37510
2025-06-26 07:00:00;1.37221;1.37398;1.37195;1.37351
2025-06-26 06:00:00;1.37103;1.37191;1.37014;1.37191
2025-06-26 05:00:00;1.36999;1.37112;1.36977;1.37099
2025-06-26 04:00:00;1.37101;1.37101;1.36994;1.37001
2025-06-26 03:00:00;1.37067;1.37217;1.37067;1.37120
2025-06-26 02:00:00;1.36924;1.37086;1.36900;1.37058
2025-06-26 01:00:00;1.36902;1.36954;1.36786;1.36926
2025-06-26 00:00:00;1.36909;1.36954;1.36894;1.36900
2025-06-25 23:00:00;1.36707;1.36917;1.36707;1.36906
2025-06-25 22:00:00;1.36612;1.36676;1.36612;1.36668
2025-06-25 21:00:00;1.36696;1.36696;1.36577;1.36608
2025-06-25 20:00:00;1.36655;1.36685;1.36616;1.36647
2025-06-25 19:00:00;1.36653;1.36711;1.36633;1.36651
2025-06-25 18:00:00;1.36502;1.36633;1.36476;1.36633
2025-06-25 17:00:00;1.36411;1.36504;1.36374;1.36502
2025-06-25 16:00:00;1.36303;1.36433;1.36303;1.36414
2025-06-25 15:00:00;1.36231;1.36264;1.36182;1.36242
2025-06-25 14:00:00;1.36095;1.36273;1.36095;1.36240
2025-06-25 13:00:00;1.35969;1.36171;1.35951;1.36090
2025-06-25 12:00:00;1.36066;1.36066;1.35921;1.35971
2025-06-25 11:00:00;1.36056;1.36182;1.36056;1.36078
2025-06-25 10:00:00;1.36125;1.36138;1.36032;1.36069
2025-06-25 09:00:00;1.36208;1.36208;1.36043;1.36132
2025-06-25 08:00:00;1.36175;1.36240;1.36125;1.36218
2025-06-25 07:00:00;1.36216;1.36338;1.36077;1.36145
2025-06-25 06:00:00;1.36243;1.36301;1.36192;1.36258
2025-06-25 05:00:00;1.36160;1.36251;1.36153;1.36236
2025-06-25 04:00:00;1.36125;1.36166;1.36116;1.36156
2025-06-25 03:00:00;1.36199;1.36218;1.36125;1.36130
2025-06-25 02:00:00;1.36284;1.36284;1.36193;1.36206
2025-06-25 01:00:00;1.36177;1.36288;1.36177;1.36288
2025-06-25 00:00:00;1.36149;1.36199;1.36147;1.36180
2025-06-24 23:00:00;1.36145;1.36190;1.36145;1.36156
2025-06-24 22:00:00;1.36140;1.36151;1.36117;1.36141
2025-06-24 21:00:00;1.36097;1.36281;1.36075;1.36075
2025-06-24 20:00:00;1.36201;1.36242;1.36136;1.36156
2025-06-24 19:00:00;1.36308;1.36331;1.36197;1.36197
2025-06-24 18:00:00;1.36362;1.36375;1.36268;1.36320
2025-06-24 17:00:00;1.36249;1.36390;1.36245;1.36361
2025-06-24 16:00:00;1.36160;1.36275;1.36114;1.36262
2025-06-24 15:00:00;1.36218;1.36336;1.36147;1.36158
2025-06-24 14:00:00;1.35997;1.36478;1.35997;1.36225
2025-06-24 13:00:00;1.36054;1.36054;1.35932;1.35977
2025-06-24 12:00:00;1.36121;1.36141;1.35977;1.36016
2025-06-24 11:00:00;1.36101;1.36260;1.36086;1.36141
2025-06-24 10:00:00;1.36090;1.36129;1.36058;1.36078
2025-06-24 09:00:00;1.36012;1.36182;1.36012;1.36101
2025-06-24 08:00:00;1.35820;1.36036;1.35796;1.36008
2025-06-24 07:00:00;1.35823;1.35870;1.35637;1.35811
2025-06-24 06:00:00;1.35752;1.35942;1.35667;1.35823
2025-06-24 05:00:00;1.35632;1.35709;1.35608;1.35693
2025-06-24 04:00:00;1.35636;1.35728;1.35590;1.35658
2025-06-24 03:00:00;1.35564;1.35658;1.35564;1.35643
2025-06-24 02:00:00;1.35417;1.35556;1.35367;1.35551
2025-06-24 01:00:00;1.35461;1.35558;1.35400;1.35410
2025-06-24 00:00:00;1.35468;1.35529;1.35399;1.35494
2025-06-23 23:00:00;1.35340;1.35547;1.35334;1.35452
2025-06-23 22:00:00;1.35236;1.35466;1.35212;1.35388
2025-06-23 21:00:00;1.35130;1.35270;1.35130;1.35252
2025-06-23 20:00:00;1.35259;1.35302;1.35245;1.35245
2025-06-23 19:00:00;1.35227;1.35289;1.35217;1.35278
2025-06-23 18:00:00;1.35230;1.35298;1.35179;1.35221
2025-06-23 17:00:00;1.34920;1.35225;1.34920;1.35214
2025-06-23 16:00:00;1.34898;1.35038;1.34725;1.34929
2025-06-23 15:00:00;1.34887;1.35037;1.34887;1.34895
2025-06-23 14:00:00;1.34389;1.34942;1.34389;1.34874
2025-06-23 13:00:00;1.33923;1.34297;1.33881;1.34257
2025-06-23 12:00:00;1.33942;1.33942;1.33763;1.33917
2025-06-23 11:00:00;1.33799;1.33960;1.33738;1.33960
2025-06-23 10:00:00;1.33835;1.33923;1.33760;1.33804
2025-06-23 09:00:00;1.34158;1.34158;1.33720;1.33858
2025-06-23 08:00:00;1.34382;1.34405;1.34156;1.34156
2025-06-23 07:00:00;1.34485;1.34485;1.34360;1.34409
2025-06-23 06:00:00;1.34353;1.34405;1.34268;1.34372
2025-06-23 05:00:00;1.34117;1.34306;1.34117;1.34295
2025-06-23 04:00:00;1.34174;1.34216;1.34066;1.34100
2025-06-23 03:00:00;1.34289;1.34308;1.34169;1.34178
2025-06-23 02:00:00;1.34275;1.34376;1.34261;1.34264
2025-06-23 01:00:00;1.34235;1.34246;1.34050;1.34225
2025-06-23 00:00:00;1.34362;1.34385;1.34126;1.34207
2025-06-22 23:00:00;1.34282;1.34410;1.34255;1.34351
2025-06-20 22:00:00;1.34280;1.34280;1.34280;1.34280
2025-06-20 21:00:00;1.34481;1.34545;1.34481;1.34545
2025-06-20 20:00:00;1.34456;1.34530;1.34421;1.34488
2025-06-20 19:00:00;1.34651;1.34667;1.34466;1.34472
2025-06-20 18:00:00;1.34687;1.34729;1.34646;1.34646
2025-06-20 17:00:00;1.34706;1.34760;1.34655;1.34686
2025-06-20 16:00:00;1.34651;1.34791;1.34640;1.34720
2025-06-20 15:00:00;1.34629;1.34809;1.34593;1.34649
2025-06-20 14:00:00;1.34900;1.34900;1.34551;1.34657
2025-06-20 13:00:00;1.35033;1.35060;1.34865;1.34891
2025-06-20 12:00:00;1.34973;1.35100;1.34885;1.35007
2025-06-20 11:00:00;1.34958;1.35000;1.34876;1.34998
2025-06-20 10:00:00;1.34947;1.34978;1.34896;1.34966
2025-06-20 09:00:00;1.34915;1.34962;1.34882;1.34949
2025-06-20 08:00:00;1.34780;1.34958;1.34716;1.34915
2025-06-20 07:00:00;1.34669;1.34809;1.34637;1.34780
2025-06-20 06:00:00;1.34847;1.34893;1.34675;1.34698
2025-06-20 05:00:00;1.34964;1.35006;1.34920;1.34960
2025-06-20 04:00:00;1.34966;1.34998;1.34947;1.34960
2025-06-20 03:00:00;1.34864;1.34991;1.34862;1.34976
2025-06-20 02:00:00;1.34778;1.34896;1.34778;1.34874
2025-06-20 01:00:00;1.34880;1.34887;1.34804;1.34804
2025-06-20 00:00:00;1.34785;1.34905;1.34785;1.34885
2025-06-19 23:00:00;1.34678;1.34785;1.34671;1.34773
2025-06-19 22:00:00;1.34667;1.34724;1.34628;1.34678
2025-06-19 21:00:00;1.34599;1.34687;1.34577;1.34655
2025-06-19 20:00:00;1.34687;1.34706;1.34644;1.34677
2025-06-19 19:00:00;1.34586;1.34704;1.34579;1.34700
2025-06-19 18:00:00;1.34542;1.34606;1.34528;1.34591
2025-06-19 17:00:00;1.34248;1.34577;1.34248;1.34548
2025-06-19 16:00:00;1.34284;1.34297;1.34234;1.34257
2025-06-19 15:00:00;1.34266;1.34331;1.34253;1.34304
2025-06-19 14:00:00;1.34363;1.34445;1.34203;1.34264
2025-06-19 13:00:00;1.34412;1.34441;1.34241;1.34356
2025-06-19 12:00:00;1.34483;1.34485;1.34246;1.34412
2025-06-19 11:00:00;1.34124;1.34474;1.34093;1.34472
2025-06-19 10:00:00;1.34219;1.34383;1.34219;1.34280
2025-06-19 09:00:00;1.34279;1.34320;1.34187;1.34232
2025-06-19 08:00:00;1.33991;1.34280;1.33991;1.34280
2025-06-19 07:00:00;1.34070;1.34172;1.34020;1.34032
2025-06-19 06:00:00;1.33933;1.34082;1.33838;1.34072
2025-06-19 05:00:00;1.34099;1.34099;1.33912;1.33944
2025-06-19 04:00:00;1.34082;1.34117;1.34054;1.34108
2025-06-19 03:00:00;1.33982;1.34097;1.33967;1.34086
2025-06-19 02:00:00;1.33967;1.34000;1.33880;1.33955
2025-06-19 01:00:00;1.34156;1.34156;1.33942;1.33942
2025-06-19 00:00:00;1.34147;1.34165;1.34090;1.34160
2025-06-18 23:00:00;1.34203;1.34230;1.34120;1.34149
2025-06-18 22:00:00;1.34237;1.34277;1.34162;1.34216
2025-06-18 21:00:00;1.34463;1.34463;1.34145;1.34246
2025-06-18 20:00:00;1.34084;1.34237;1.34084;1.34214
2025-06-18 19:00:00;1.34154;1.34237;1.34021;1.34111
2025-06-18 18:00:00;1.34722;1.34722;1.34138;1.34167
2025-06-18 17:00:00;1.34577;1.34620;1.34376;1.34441
2025-06-18 16:00:00;1.34707;1.34751;1.34564;1.34571
2025-06-18 15:00:00;1.34521;1.34740;1.34508;1.34706
2025-06-18 14:00:00;1.34403;1.34713;1.34392;1.34521
2025-06-18 13:00:00;1.34472;1.34544;1.34369;1.34425
2025-06-18 12:00:00;1.34523;1.34646;1.34450;1.34495
2025-06-18 11:00:00;1.34392;1.34548;1.34392;1.34513
2025-06-18 10:00:00;1.34631;1.34671;1.34401;1.34427
2025-06-18 09:00:00;1.34539;1.34680;1.34512;1.34644
2025-06-18 08:00:00;1.34591;1.34664;1.34495;1.34535
2025-06-18 07:00:00;1.34655;1.34760;1.34553;1.34600
2025-06-18 06:00:00;1.34457;1.34671;1.34457;1.34638
2025-06-18 05:00:00;1.34430;1.34490;1.34389;1.34454
2025-06-18 04:00:00;1.34383;1.34477;1.34363;1.34436
2025-06-18 03:00:00;1.34367;1.34463;1.34349;1.34389
2025-06-18 02:00:00;1.34347;1.34385;1.34308;1.34363
2025-06-18 01:00:00;1.34324;1.34400;1.34282;1.34378
2025-06-18 00:00:00;1.34302;1.34389;1.34295;1.34318
2025-06-17 23:00:00;1.34225;1.34317;1.34225;1.34297
2025-06-17 22:00:00;1.34241;1.34338;1.34241;1.34241
2025-06-17 21:00:00;1.34347;1.34362;1.34237;1.34237
2025-06-17 20:00:00;1.34262;1.34315;1.34156;1.34288
2025-06-17 19:00:00;1.34297;1.34376;1.34243;1.34277
2025-06-17 18:00:00;1.34434;1.34481;1.34288;1.34295
2025-06-17 17:00:00;1.34731;1.34738;1.34349;1.34454
2025-06-17 16:00:00;1.35159;1.35166;1.34680;1.34680
2025-06-17 15:00:00;1.35130;1.35186;1.34986;1.35139
2025-06-17 14:00:00;1.35430;1.35446;1.34976;1.35142
2025-06-17 13:00:00;1.35481;1.35652;1.35443;1.35443
2025-06-17 12:00:00;1.35630;1.35731;1.35488;1.35488
2025-06-17 11:00:00;1.35597;1.35715;1.35573;1.35619
2025-06-17 10:00:00;1.35463;1.35624;1.35444;1.35593
2025-06-17 09:00:00;1.35512;1.35582;1.35422;1.35435
2025-06-17 08:00:00;1.35648;1.35663;1.35496;1.35496
2025-06-17 07:00:00;1.35634;1.35737;1.35564;1.35674
2025-06-17 06:00:00;1.35665;1.35775;1.35617;1.35632
2025-06-17 05:00:00;1.35748;1.35796;1.35656;1.35694
2025-06-17 04:00:00;1.35757;1.35794;1.35726;1.35731
2025-06-17 03:00:00;1.35691;1.35757;1.35680;1.35742
2025-06-17 02:00:00;1.35667;1.35709;1.35599;1.35709
2025-06-17 01:00:00;1.35685;1.35746;1.35674;1.35693
2025-06-17 00:00:00;1.35663;1.35674;1.35588;1.35674
2025-06-16 23:00:00;1.35759;1.35803;1.35654;1.35680
2025-06-16 22:00:00;1.35779;1.35781;1.35696;1.35742
2025-06-16 21:00:00;1.35853;1.35929;1.35761;1.35788
2025-06-16 20:00:00;1.35733;1.35831;1.35733;1.35785
2025-06-16 19:00:00;1.35962;1.35962;1.35746;1.35746
2025-06-16 18:00:00;1.35960;1.35999;1.35955;1.35973
2025-06-16 17:00:00;1.36097;1.36112;1.35949;1.35962
2025-06-16 16:00:00;1.36004;1.36086;1.35969;1.36078
2025-06-16 15:00:00;1.35966;1.35999;1.35897;1.35986
2025-06-16 14:00:00;1.36127;1.36210;1.35969;1.35986
2025-06-16 13:00:00;1.35871;1.36145;1.35849;1.36145
2025-06-16 12:00:00;1.35798;1.35846;1.35750;1.35846
2025-06-16 11:00:00;1.35811;1.35906;1.35775;1.35790
2025-06-16 10:00:00;1.35864;1.35890;1.35775;1.35816
2025-06-16 09:00:00;1.35803;1.35894;1.35794;1.35868
2025-06-16 08:00:00;1.35833;1.35894;1.35774;1.35774
2025-06-16 07:00:00;1.35870;1.35923;1.35792;1.35840
2025-06-16 06:00:00;1.35713;1.35888;1.35606;1.35866
2025-06-16 05:00:00;1.35485;1.35740;1.35485;1.35722
2025-06-16 04:00:00;1.35378;1.35483;1.35378;1.35477
2025-06-16 03:00:00;1.35435;1.35479;1.35356;1.35366
2025-06-16 02:00:00;1.35455;1.35525;1.35428;1.35439
2025-06-16 01:00:00;1.35492;1.35584;1.35461;1.35479
2025-06-16 00:00:00;1.35465;1.35556;1.35455;1.35511
2025-06-15 23:00:00;1.35579;1.35588;1.35424;1.35492
2025-06-13 22:00:00;1.35726;1.35726;1.35726;1.35726
2025-06-13 21:00:00;1.35685;1.35685;1.35685;1.35685
2025-06-13 20:00:00;1.35709;1.35742;1.35599;1.35630
2025-06-13 19:00:00;1.35624;1.35715;1.35584;1.35704
2025-06-13 18:00:00;1.35857;1.35858;1.35612;1.35634
2025-06-13 17:00:00;1.35912;1.35916;1.35735;1.35833
2025-06-13 16:00:00;1.35934;1.36012;1.35918;1.35949
2025-06-13 15:00:00;1.35775;1.36025;1.35738;1.35934
2025-06-13 14:00:00;1.35426;1.35759;1.35424;1.35752
2025-06-13 13:00:00;1.35355;1.35422;1.35201;1.35422
2025-06-13 12:00:00;1.35404;1.35421;1.35276;1.35340
2025-06-13 11:00:00;1.35356;1.35470;1.35245;1.35397
2025-06-13 10:00:00;1.35463;1.35520;1.35270;1.35364
2025-06-13 09:00:00;1.35613;1.35632;1.35422;1.35443
2025-06-13 08:00:00;1.35591;1.35694;1.35533;1.35601
2025-06-13 07:00:00;1.35373;1.35705;1.35373;1.35606
2025-06-13 06:00:00;1.35430;1.35538;1.35239;1.35395
2025-06-13 05:00:00;1.35338;1.35459;1.35270;1.35419
2025-06-13 04:00:00;1.35507;1.35533;1.35305;1.35364
2025-06-13 03:00:00;1.35588;1.35588;1.35421;1.35529
2025-06-13 02:00:00;1.35656;1.35685;1.35529;1.35582
2025-06-13 01:00:00;1.35670;1.35713;1.35534;1.35658
2025-06-13 00:00:00;1.36295;1.36312;1.35601;1.35700
2025-06-12 23:00:00;1.36151;1.36294;1.36141;1.36294
2025-06-12 22:00:00;1.36156;1.36218;1.36136;1.36169
2025-06-12 21:00:00;1.36236;1.36236;1.36099;1.36179
2025-06-12 20:00:00;1.36027;1.36177;1.36016;1.36136
2025-06-12 19:00:00;1.35945;1.36045;1.35945;1.36032
2025-06-12 18:00:00;1.35897;1.35971;1.35870;1.35967
2025-06-12 17:00:00;1.35910;1.35940;1.35851;1.35919
2025-06-12 16:00:00;1.35849;1.35921;1.35827;1.35905
2025-06-12 15:00:00;1.35936;1.35958;1.35834;1.35855
2025-06-12 14:00:00;1.35977;1.36069;1.35949;1.35949
2025-06-12 13:00:00;1.36147;1.36216;1.35901;1.35956
2025-06-12 12:00:00;1.35897;1.36192;1.3581;1.36127
2025-06-12 11:00:00;1.35899;1.35977;1.35801;1.35918
2025-06-12 10:00:00;1.35755;1.35918;1.35713;1.35908
2025-06-12 09:00:00;1.35672;1.35844;1.35617;1.35796
2025-06-12 08:00:00;1.35411;1.35669;1.35386;1.35663
2025-06-12 07:00:00;1.35610;1.35615;1.35247;1.35455
2025-06-12 06:00:00;1.35799;1.35799;1.35580;1.35639
2025-06-12 05:00:00;1.35807;1.35901;1.35792;1.35897
2025-06-12 04:00:00;1.35834;1.35864;1.35777;1.35834
2025-06-12 03:00:00;1.35731;1.35851;1.35731;1.35836
2025-06-12 02:00:00;1.35814;1.35820;1.35687;1.35737
2025-06-12 01:00:00;1.35825;1.35932;1.35798;1.35834
2025-06-12 00:00:00;1.35694;1.35895;1.35634;1.35860
2025-06-11 23:00:00;1.35670;1.35735;1.35639;1.35680
2025-06-11 22:00:00;1.35492;1.35694;1.35492;1.35694
2025-06-11 21:00:00;1.35593;1.35595;1.35459;1.35511
2025-06-11 20:00:00;1.35397;1.35485;1.35389;1.35474
2025-06-11 19:00:00;1.35490;1.35490;1.35366;1.35377
2025-06-11 18:00:00;1.35639;1.35658;1.35483;1.35485
2025-06-11 17:00:00;1.35485;1.35648;1.35485;1.35630
2025-06-11 16:00:00;1.35566;1.35567;1.35441;1.35505
2025-06-11 15:00:00;1.35389;1.35575;1.35336;1.35556
2025-06-11 14:00:00;1.35216;1.35448;1.35216;1.35399
2025-06-11 13:00:00;1.35210;1.35307;1.35026;1.35192
2025-06-11 12:00:00;1.34960;1.35498;1.34898;1.35208
2025-06-11 11:00:00;1.34955;1.34969;1.34865;1.34966
2025-06-11 10:00:00;1.35000;1.35035;1.34944;1.34978
2025-06-11 09:00:00;1.34951;1.35051;1.34905;1.34978
2025-06-11 08:00:00;1.34820;1.34962;1.34820;1.34949
2025-06-11 07:00:00;1.34666;1.34884;1.34649;1.34831
2025-06-11 06:00:00;1.34918;1.34918;1.34666;1.34677
2025-06-11 05:00:00;1.34842;1.34913;1.34808;1.34900
2025-06-11 04:00:00;1.34820;1.34869;1.34780;1.34833
2025-06-11 03:00:00;1.34785;1.34845;1.34769;1.34831
2025-06-11 02:00:00;1.34762;1.34831;1.34755;1.34813
2025-06-11 01:00:00;1.34918;1.34960;1.34760;1.34765
2025-06-11 00:00:00;1.35077;1.35080;1.34918;1.34920
2025-06-10 23:00:00;1.35017;1.35102;1.34975;1.35073
2025-06-10 22:00:00;1.34995;1.35038;1.34982;1.35024
2025-06-10 21:00:00;1.34996;1.35093;1.34964;1.35022
2025-06-10 20:00:00;1.35037;1.35042;1.34971;1.35000
2025-06-10 19:00:00;1.34936;1.35088;1.34927;1.35013
2025-06-10 18:00:00;1.34978;1.34982;1.34905;1.34949
2025-06-10 17:00:00;1.34991;1.35055;1.34958;1.35011
2025-06-10 16:00:00;1.35084;1.35093;1.34996;1.34996
2025-06-10 15:00:00;1.35141;1.3516;1.35068;1.35075
2025-06-10 14:00:00;1.35351;1.35371;1.35136;1.35142
2025-06-10 13:00:00;1.35080;1.35344;1.35080;1.35344
2025-06-10 12:00:00;1.35075;1.35124;1.34998;1.35084
2025-06-10 11:00:00;1.35068;1.35077;1.34958;1.35055
2025-06-10 10:00:00;1.34942;1.35066;1.34900;1.35062
2025-06-10 09:00:00;1.34847;1.34944;1.34804;1.34924
2025-06-10 08:00:00;1.34744;1.34962;1.34744;1.34885
2025-06-10 07:00:00;1.34840;1.34840;1.34580;1.34731
2025-06-10 06:00:00;1.35289;1.35349;1.34825;1.34825
2025-06-10 05:00:00;1.35384;1.35448;1.35367;1.35421
2025-06-10 04:00:00;1.35439;1.35446;1.35333;1.35389
2025-06-10 03:00:00;1.35366;1.35443;1.35323;1.35437
2025-06-10 02:00:00;1.35258;1.35400;1.35206;1.35400
2025-06-10 01:00:00;1.35551;1.35608;1.35271;1.35316
2025-06-10 00:00:00;1.35534;1.35647;1.35525;1.35549
2025-06-09 23:00:00;1.35533;1.35577;1.35503;1.35553
2025-06-09 22:00:00;1.35501;1.35560;1.35501;1.35522
2025-06-09 21:00:00;1.35540;1.35628;1.35492;1.35492
2025-06-09 20:00:00;1.35575;1.35579;1.35494;1.35518
2025-06-09 19:00:00;1.35621;1.35659;1.35584;1.35584
2025-06-09 18:00:00;1.35571;1.35656;1.35569;1.35634
2025-06-09 17:00:00;1.35591;1.35624;1.35527;1.35584
2025-06-09 16:00:00;1.35624;1.35624;1.35553;1.35586
2025-06-09 15:00:00;1.35461;1.35636;1.35459;1.35634
2025-06-09 14:00:00;1.35356;1.35487;1.35294;1.35454
2025-06-09 13:00:00;1.35375;1.35413;1.35259;1.35327
2025-06-09 12:00:00;1.35601;1.35604;1.35344;1.35388
2025-06-09 11:00:00;1.35586;1.35636;1.35571;1.35619
2025-06-09 10:00:00;1.35707;1.35755;1.35588;1.35597
2025-06-09 09:00:00;1.35742;1.35799;1.35720;1.35720
2025-06-09 08:00:00;1.35670;1.35774;1.35654;1.35737
2025-06-09 07:00:00;1.35682;1.35696;1.35597;1.35648
2025-06-09 06:00:00;1.35564;1.35724;1.35553;1.35693
2025-06-09 05:00:00;1.35553;1.35595;1.35494;1.35584
2025-06-09 04:00:00;1.35522;1.35553;1.35503;1.35547
2025-06-09 03:00:00;1.35566;1.35612;1.35523;1.35523
2025-06-09 02:00:00;1.35533;1.35643;1.35533;1.35566
2025-06-09 01:00:00;1.35338;1.35549;1.35338;1.35536
2025-06-09 00:00:00;1.35378;1.35391;1.35292;1.35316
2025-06-08 23:00:00;1.35373;1.35400;1.35342;1.35375
2025-06-06 21:00:00;1.35285;1.35285;1.35253;1.35253
2025-06-06 20:00:00;1.35331;1.35331;1.35247;1.35274
2025-06-06 19:00:00;1.35305;1.35344;1.35274;1.35338
2025-06-06 18:00:00;1.35267;1.35329;1.35267;1.35287
2025-06-06 17:00:00;1.35195;1.35280;1.35170;1.35269
2025-06-06 16:00:00;1.35318;1.35353;1.35194;1.35197
2025-06-06 15:00:00;1.35269;1.35347;1.35169;1.35314
2025-06-06 14:00:00;1.35210;1.35479;1.35175;1.35272
2025-06-06 13:00:00;1.35373;1.35446;1.35084;1.35269
2025-06-06 12:00:00;1.35518;1.35623;1.35237;1.35378
2025-06-06 11:00:00;1.35507;1.35545;1.35433;1.35511
2025-06-06 10:00:00;1.35342;1.35522;1.35342;1.35492
2025-06-06 09:00:00;1.35389;1.35399;1.35300;1.35344
2025-06-06 08:00:00;1.35457;1.35476;1.35358;1.35391
2025-06-06 07:00:00;1.35509;1.35518;1.35364;1.35457
2025-06-06 06:00:00;1.35672;1.35672;1.35448;1.35501
2025-06-06 05:00:00;1.35748;1.35748;1.35624;1.35663
2025-06-06 04:00:00;1.35722;1.35775;1.35715;1.35757
2025-06-06 03:00:00;1.35702;1.35761;1.35696;1.35726
2025-06-06 02:00:00;1.35755;1.35755;1.35658;1.35700
2025-06-06 01:00:00;1.35788;1.35838;1.35740;1.35740
2025-06-06 00:00:00;1.35794;1.35853;1.35794;1.35796
2025-06-05 23:00:00;1.35790;1.35814;1.35761;1.35803
2025-06-05 22:00:00;1.35744;1.35788;1.35726;1.35779
2025-06-05 21:00:00;1.35849;1.35849;1.35691;1.35774
2025-06-05 20:00:00;1.35735;1.35768;1.35707;1.35717
2025-06-05 19:00:00;1.35798;1.35811;1.35678;1.35742
2025-06-05 18:00:00;1.35892;1.35892;1.35720;1.35812
2025-06-05 17:00:00;1.35870;1.35884;1.35799;1.35881
2025-06-05 16:00:00;1.35816;1.35871;1.35774;1.35868
2025-06-05 15:00:00;1.35908;1.35975;1.35764;1.35836
2025-06-05 14:00:00;1.36032;1.36062;1.35888;1.35918
2025-06-05 13:00:00;1.35772;1.36156;1.35720;1.36023
2025-06-05 12:00:00;1.35698;1.35943;1.35685;1.35772
2025-06-05 11:00:00;1.35746;1.35783;1.35665;1.35711
2025-06-05 10:00:00;1.35654;1.35851;1.35654;1.35757
2025-06-05 09:00:00;1.35685;1.35731;1.35615;1.35654
2025-06-05 08:00:00;1.35624;1.35722;1.35624;1.35669
2025-06-05 07:00:00;1.35466;1.35726;1.35466;1.35602
2025-06-05 06:00:00;1.35450;1.35590;1.35450;1.35481
2025-06-05 05:00:00;1.35477;1.35503;1.35439;1.35446
2025-06-05 04:00:00;1.35450;1.35501;1.35444;1.35468
2025-06-05 03:00:00;1.35485;1.35604;1.35461;1.35468
2025-06-05 02:00:00;1.35476;1.35494;1.35413;1.35488
2025-06-05 01:00:00;1.35610;1.35654;1.35450;1.35474
2025-06-05 00:00:00;1.35518;1.35584;1.35481;1.35580
2025-06-04 23:00:00;1.35518;1.35591;1.35509;1.35511
2025-06-04 22:00:00;1.35505;1.35542;1.35503;1.35522
2025-06-04 21:00:00;1.35544;1.35593;1.35509;1.35527
2025-06-04 20:00:00;1.35468;1.35560;1.35463;1.35544
2025-06-04 19:00:00;1.35590;1.35602;1.35470;1.35481
2025-06-04 18:00:00;1.35615;1.35665;1.35579;1.35590
2025-06-04 17:00:00;1.35717;1.35740;1.35610;1.35610
2025-06-04 16:00:00;1.35685;1.35718;1.35584;1.35718
2025-06-04 15:00:00;1.35777;1.35781;1.35599;1.35680
2025-06-04 14:00:00;1.35448;1.35796;1.35448;1.35781
2025-06-04 13:00:00;1.35441;1.35485;1.35340;1.35380
2025-06-04 12:00:00;1.35141;1.35430;1.35141;1.35417
2025-06-04 11:00:00;1.35256;1.35272;1.35141;1.35148
2025-06-04 10:00:00;1.35367;1.35386;1.35206;1.35248
2025-06-04 09:00:00;1.35397;1.35424;1.35313;1.35362
2025-06-04 08:00:00;1.35291;1.35461;1.35252;1.35428
2025-06-04 07:00:00;1.35270;1.35413;1.35259;1.35291
2025-06-04 06:00:00;1.35106;1.35258;1.35060;1.35258
2025-06-04 05:00:00;1.35131;1.35157;1.35024;1.35121
2025-06-04 04:00:00;1.35172;1.35274;1.35115;1.35124
2025-06-04 03:00:00;1.35232;1.35291;1.35153;1.35177
2025-06-04 02:00:00;1.35364;1.35382;1.35214;1.35243
2025-06-04 01:00:00;1.35259;1.35439;1.35181;1.35360
2025-06-04 00:00:00;1.35327;1.35336;1.35259;1.35259
2025-06-03 23:00:00;1.35225;1.35318;1.35225;1.35311
2025-06-03 22:00:00;1.35184;1.35232;1.35184;1.35223
2025-06-03 21:00:00;1.35183;1.35239;1.35146;1.35181
2025-06-03 20:00:00;1.35161;1.35230;1.35153;1.35186
2025-06-03 19:00:00;1.35250;1.35261;1.35148;1.35150
2025-06-03 18:00:00;1.35278;1.35278;1.35205;1.35247
2025-06-03 17:00:00;1.35188;1.35294;1.35179;1.35291
2025-06-03 16:00:00;1.35206;1.35265;1.35111;1.35188
2025-06-03 15:00:00;1.35289;1.35313;1.35179;1.35205
2025-06-03 14:00:00;1.35027;1.35331;1.34991;1.35300
2025-06-03 13:00:00;1.35042;1.35223;1.35009;1.35137
2025-06-03 12:00:00;1.35048;1.35053;1.34944;1.35035
2025-06-03 11:00:00;1.35071;1.35082;1.34958;1.35026
2025-06-03 10:00:00;1.35155;1.35203;1.35055;1.35073
2025-06-03 09:00:00;1.35135;1.35261;1.35104;1.35163
2025-06-03 08:00:00;1.35183;1.35194;1.35062;1.35170
2025-06-03 07:00:00;1.35323;1.35334;1.35183;1.35201
2025-06-03 06:00:00;1.35252;1.35369;1.35188;1.35316
2025-06-03 05:00:00;1.35248;1.35259;1.35135;1.35256
2025-06-03 04:00:00;1.35186;1.35259;1.35166;1.35234
2025-06-03 03:00:00;1.35206;1.35248;1.35157;1.35168
2025-06-03 02:00:00;1.35338;1.35338;1.35197;1.35219
2025-06-03 01:00:00;1.35479;1.35479;1.35322;1.35336
2025-06-03 00:00:00;1.35573;1.35579;1.35465;1.35485
2025-06-02 23:00:00;1.35488;1.35590;1.35477;1.35571
2025-06-02 22:00:00;1.35452;1.35481;1.35399;1.35481
2025-06-02 21:00:00;1.35419;1.35523;1.35408;1.35439
2025-06-02 20:00:00;1.35463;1.35501;1.35448;1.35463
2025-06-02 19:00:00;1.35413;1.35479;1.35369;1.35470
2025-06-02 18:00:00;1.35208;1.35422;1.35179;1.35422
2025-06-02 17:00:00;1.35217;1.35272;1.35184;1.35230
2025-06-02 16:00:00;1.35488;1.35488;1.35195;1.35228
2025-06-02 15:00:00;1.35523;1.35549;1.35452;1.35481
2025-06-02 14:00:00;1.35316;1.35595;1.35316;1.35534
2025-06-02 13:00:00;1.35441;1.35441;1.35201;1.35313
2025-06-02 12:00:00;1.35369;1.35509;1.35327;1.35422
2025-06-02 11:00:00;1.35311;1.35430;1.35287;1.35358
2025-06-02 10:00:00;1.35417;1.35459;1.35313;1.35313
2025-06-02 09:00:00;1.35441;1.35549;1.35415;1.35430
2025-06-02 08:00:00;1.35488;1.35527;1.35399;1.35426
2025-06-02 07:00:00;1.35302;1.35567;1.35302;1.35507
2025-06-02 06:00:00;1.35022;1.35334;1.35007;1.35318
2025-06-02 05:00:00;1.34904;1.35031;1.34904;1.35011
2025-06-02 04:00:00;1.34845;1.34905;1.34820;1.34900
2025-06-02 03:00:00;1.34862;1.34873;1.34751;1.34827
2025-06-02 02:00:00;1.34902;1.34955;1.34851;1.34856
2025-06-02 01:00:00;1.34893;1.35046;1.34871;1.34909
2025-06-02 00:00:00;1.34700;1.34911;1.34700;1.34885
2025-06-01 23:00:00;1.34642;1.34740;1.34637;1.34689
2025-05-30 21:00:00;1.34548;1.34548;1.34548;1.34548
2025-05-30 20:00:00;1.34742;1.34751;1.34542;1.34542
2025-05-30 19:00:00;1.34686;1.34767;1.34653;1.34731
2025-05-30 18:00:00;1.34664;1.34740;1.34660;1.34686
2025-05-30 17:00:00;1.34620;1.34771;1.34620;1.34657
2025-05-30 16:00:00;1.34689;1.34724;1.34559;1.34602
2025-05-30 15:00:00;1.34824;1.34836;1.34669;1.34678
2025-05-30 14:00:00;1.34526;1.34885;1.34512;1.34871
2025-05-30 13:00:00;1.34947;1.34947;1.34535;1.34542
2025-05-30 12:00:00;1.34762;1.34978;1.34762;1.34931
2025-05-30 11:00:00;1.34729;1.34811;1.34682;1.34764
2025-05-30 10:00:00;1.34709;1.34820;1.34709;1.34729
2025-05-30 09:00:00;1.34669;1.34727;1.34647;1.34722
2025-05-30 08:00:00;1.34800;1.34840;1.34671;1.34671
2025-05-30 07:00:00;1.34718;1.34811;1.34566;1.34765
2025-05-30 06:00:00;1.34800;1.34834;1.34655;1.34789
2025-05-30 05:00:00;1.34702;1.34822;1.34696;1.34804
2025-05-30 04:00:00;1.34733;1.34755;1.34706;1.34720
2025-05-30 03:00:00;1.34742;1.34800;1.34691;1.34713
2025-05-30 02:00:00;1.34829;1.34853;1.34718;1.34725
2025-05-30 01:00:00;1.34993;1.35111;1.34807;1.34811
2025-05-30 00:00:00;1.34996;1.35099;1.34918;1.34967
2025-05-29 23:00:00;1.34960;1.35017;1.34942;1.34996
2025-05-29 22:00:00;1.34945;1.34986;1.34907;1.34949
2025-05-29 21:00:00;1.34884;1.35013;1.34884;1.34942
2025-05-29 20:00:00;1.34936;1.34973;1.34907;1.34920
2025-05-29 19:00:00;1.34991;1.35011;1.34938;1.34955
2025-05-29 18:00:00;1.34993;1.35044;1.34989;1.34989
2025-05-29 17:00:00;1.34938;1.35044;1.34878;1.34980
2025-05-29 16:00:00;1.34898;1.35051;1.34885;1.34944
2025-05-29 15:00:00;1.34831;1.34956;1.34811;1.34878
2025-05-29 14:00:00;1.34949;1.34967;1.34780;1.34836
2025-05-29 13:00:00;1.35058;1.35066;1.34876;1.34933
2025-05-29 12:00:00;1.34620;1.35046;1.34620;1.35029
2025-05-29 11:00:00;1.34733;1.34778;1.34588;1.34602
2025-05-29 10:00:00;1.34689;1.34834;1.34689;1.34742
2025-05-29 09:00:00;1.34620;1.34771;1.34620;1.34687
2025-05-29 08:00:00;1.34655;1.34747;1.34559;1.34622
2025-05-29 07:00:00;1.34593;1.34704;1.34593;1.34666
2025-05-29 06:00:00;1.34356;1.34571;1.34295;1.34562
2025-05-29 05:00:00;1.34407;1.34409;1.34277;1.34329
2025-05-29 04:00:00;1.34354;1.34459;1.34324;1.34400
2025-05-29 03:00:00;1.34335;1.34427;1.34298;1.34358
2025-05-29 02:00:00;1.34459;1.34465;1.34338;1.34354
2025-05-29 01:00:00;1.34266;1.34454;1.34205;1.34454
2025-05-29 00:00:00;1.34230;1.34432;1.34228;1.34289
2025-05-28 23:00:00;1.34662;1.34664;1.34190;1.34275
2025-05-28 22:00:00;1.34691;1.34715;1.34664;1.34673
2025-05-28 21:00:00;1.34666;1.34715;1.34653;1.34713
2025-05-28 20:00:00;1.34660;1.34718;1.34649;1.34715
2025-05-28 19:00:00;1.34696;1.34713;1.34637;1.34658
2025-05-28 18:00:00;1.34695;1.34753;1.34629;1.34715
2025-05-28 17:00:00;1.34749;1.34793;1.34700;1.34704
2025-05-28 16:00:00;1.34606;1.34747;1.34606;1.34747
2025-05-28 15:00:00;1.34713;1.34764;1.34564;1.34602
2025-05-28 14:00:00;1.34696;1.34887;1.34671;1.34711
2025-05-28 13:00:00;1.34693;1.34733;1.34512;1.34658
2025-05-28 12:00:00;1.34798;1.34834;1.34673;1.34693
2025-05-28 11:00:00;1.34955;1.34967;1.34776;1.34795
2025-05-28 10:00:00;1.35100;1.35190;1.34913;1.34913
2025-05-28 09:00:00;1.35117;1.35157;1.35068;1.35106
2025-05-28 08:00:00;1.35000;1.35104;1.34971;1.35097
2025-05-28 07:00:00;1.34833;1.35031;1.34833;1.34980
2025-05-28 06:00:00;1.34789;1.34849;1.34727;1.34836
2025-05-28 05:00:00;1.34720;1.34811;1.34646;1.34811
2025-05-28 04:00:00;1.34851;1.34851;1.34718;1.34731
2025-05-28 03:00:00;1.34827;1.34887;1.34776;1.34838
2025-05-28 02:00:00;1.34942;1.35007;1.34800;1.34825
2025-05-28 01:00:00;1.35153;1.35170;1.34922;1.34940
2025-05-28 00:00:00;1.35139;1.35221;1.35139;1.35157
2025-05-27 23:00:00;1.35131;1.35152;1.35100;1.35137
2025-05-27 22:00:00;1.35082;1.35139;1.35082;1.35126
2025-05-27 21:00:00;1.35093;1.35157;1.35055;1.35117
2025-05-27 20:00:00;1.35046;1.35091;1.35037;1.35086
2025-05-27 19:00:00;1.35119;1.35148;1.35048;1.35048
2025-05-27 18:00:00;1.35095;1.35153;1.35066;1.35139
2025-05-27 17:00:00;1.35084;1.35108;1.35033;1.35108
2025-05-27 16:00:00;1.35031;1.35121;1.35020;1.35073
2025-05-27 15:00:00;1.35208;1.35208;1.35017;1.35024
2025-05-27 14:00:00;1.35371;1.35533;1.35199;1.35214
2025-05-27 13:00:00;1.35617;1.35652;1.35426;1.35430
2025-05-27 12:00:00;1.35503;1.35630;1.35483;1.35613
2025-05-27 11:00:00;1.35450;1.35538;1.35444;1.35503
2025-05-27 10:00:00;1.35450;1.35450;1.35345;1.35421
2025-05-27 09:00:00;1.35382;1.35485;1.35373;1.35470
2025-05-27 08:00:00;1.35280;1.35465;1.35245;1.35380
2025-05-27 07:00:00;1.35531;1.35575;1.35236;1.35236
2025-05-27 06:00:00;1.35549;1.35735;1.35477;1.35490
2025-05-27 05:00:00;1.35564;1.35564;1.35397;1.35547
2025-05-27 04:00:00;1.35728;1.35748;1.35558;1.35567
2025-05-27 03:00:00;1.35696;1.35766;1.35682;1.35707
2025-05-27 02:00:00;1.35739;1.35814;1.35687;1.35700
2025-05-27 01:00:00;1.35829;1.35873;1.35705;1.35746
2025-05-27 00:00:00;1.35665;1.35838;1.35665;1.35829
2025-05-26 23:00:00;1.35667;1.35669;1.35637;1.35656
2025-05-26 22:00:00;1.35667;1.35687;1.35645;1.35661
2025-05-26 21:00:00;1.35641;1.35670;1.35604;1.35661
2025-05-26 20:00:00;1.35641;1.35652;1.35617;1.35650
2025-05-26 19:00:00;1.35624;1.35647;1.35621;1.35643
2025-05-26 18:00:00;1.35626;1.35650;1.35615;1.35623
2025-05-26 17:00:00;1.35654;1.35658;1.35584;1.35624
2025-05-26 16:00:00;1.35637;1.35650;1.35606;1.35650
2025-05-26 15:00:00;1.35630;1.35650;1.35580;1.35626
2025-05-26 14:00:00;1.35663;1.35672;1.35577;1.35623
2025-05-26 13:00:00;1.35555;1.35678;1.35542;1.35670
2025-05-26 12:00:00;1.35608;1.35632;1.35523;1.35567
2025-05-26 11:00:00;1.35641;1.35667;1.35553;1.35597
2025-05-26 10:00:00;1.35637;1.35656;1.35566;1.35626
2025-05-26 09:00:00;1.35645;1.35680;1.35566;1.35617
2025-05-26 08:00:00;1.35678;1.35704;1.35591;1.35652
2025-05-26 07:00:00;1.35748;1.35774;1.35670;1.35674
2025-05-26 06:00:00;1.35892;1.35929;1.35724;1.35744
2025-05-26 05:00:00;1.35842;1.35919;1.35729;1.35895
2025-05-26 04:00:00;1.35790;1.35858;1.35759;1.35829
2025-05-26 03:00:00;1.35818;1.35849;1.35775;1.35798
2025-05-26 02:00:00;1.35812;1.35923;1.35812;1.35829
2025-05-26 01:00:00;1.35606;1.35862;1.35545;1.35862
2025-05-26 00:00:00;1.35410;1.35612;1.35367;1.35604
2025-05-25 23:00:00;1.35353;1.35426;1.35338;1.35377
2025-05-23 22:00:00;1.35373;1.35373;1.35373;1.35373
2025-05-23 21:00:00;1.35377;1.35377;1.35347;1.35347
2025-05-23 20:00:00;1.35336;1.35384;1.35318;1.35377
2025-05-23 19:00:00;1.35300;1.35360;1.35261;1.35338
2025-05-23 18:00:00;1.35281;1.35366;1.35272;1.35316
2025-05-23 17:00:00;1.35214;1.35388;1.35214;1.35285
2025-05-23 16:00:00;1.35079;1.35221;1.35058;1.35212
2025-05-23 15:00:00;1.34960;1.35137;1.34938;1.35077
2025-05-23 14:00:00;1.34818;1.34998;1.34818;1.34955
2025-05-23 13:00:00;1.35205;1.35217;1.34827;1.34827
2025-05-23 12:00:00;1.34887;1.35323;1.34795;1.35192
2025-05-23 11:00:00;1.34980;1.35137;1.34776;1.34905
2025-05-23 10:00:00;1.34978;1.35013;1.34929;1.34953
2025-05-23 09:00:00;1.34878;1.35009;1.34864;1.34996
2025-05-23 08:00:00;1.34776;1.34905;1.34776;1.34891
2025-05-23 07:00:00;1.34479;1.34833;1.34479;1.34796
2025-05-23 06:00:00;1.34599;1.34600;1.34436;1.34486
2025-05-23 05:00:00;1.34519;1.34591;1.34456;1.34568
2025-05-23 04:00:00;1.34477;1.34548;1.34457;1.34517
2025-05-23 03:00:00;1.34468;1.34477;1.34436;1.34472
2025-05-23 02:00:00;1.34403;1.34474;1.34376;1.34445
2025-05-23 01:00:00;1.34318;1.34459;1.34300;1.34407
2025-05-23 00:00:00;1.34196;1.34349;1.34194;1.34322
2025-05-22 23:00:00;1.34237;1.34259;1.34190;1.34190
2025-05-22 22:00:00;1.34235;1.34264;1.34207;1.34234
2025-05-22 21:00:00;1.34259;1.34259;1.34144;1.34208
2025-05-22 20:00:00;1.34180;1.34205;1.34147;1.34192
2025-05-22 19:00:00;1.34244;1.34297;1.34187;1.34187
2025-05-22 18:00:00;1.34153;1.34257;1.34153;1.34234
2025-05-22 17:00:00;1.34169;1.34185;1.34052;1.34151
2025-05-22 16:00:00;1.34232;1.34358;1.34185;1.34185
2025-05-22 15:00:00;1.34225;1.34302;1.34088;1.34252
2025-05-22 14:00:00;1.34165;1.34356;1.34165;1.34241
2025-05-22 13:00:00;1.34196;1.34280;1.34111;1.34174
2025-05-22 12:00:00;1.34201;1.34262;1.34023;1.34120
2025-05-22 11:00:00;1.34003;1.34226;1.34003;1.34203
2025-05-22 10:00:00;1.34018;1.34018;1.33923;1.33993
2025-05-22 09:00:00;1.34030;1.34082;1.33932;1.34021
2025-05-22 08:00:00;1.34331;1.34394;1.34037;1.34037
2025-05-22 07:00:00;1.34205;1.34322;1.34115;1.34322
2025-05-22 06:00:00;1.34277;1.34300;1.34187;1.34199
2025-05-22 05:00:00;1.34295;1.34315;1.34239;1.34313
2025-05-22 04:00:00;1.34259;1.34304;1.34221;1.34293
2025-05-22 03:00:00;1.34320;1.34349;1.34244;1.34253
2025-05-22 02:00:00;1.34271;1.34401;1.34208;1.34335
2025-05-22 01:00:00;1.34257;1.34333;1.34190;1.34266
2025-05-22 00:00:00;1.34221;1.34297;1.34210;1.34248
2025-05-21 23:00:00;1.34077;1.34210;1.34052;1.34210
2025-05-21 22:00:00;1.34180;1.34180;1.34050;1.34054
2025-05-21 21:00:00;1.34311;1.34389;1.34135;1.34196
2025-05-21 20:00:00;1.34138;1.34234;1.34138;1.34203
2025-05-21 19:00:00;1.34279;1.34329;1.34165;1.34165
2025-05-21 18:00:00;1.34382;1.34382;1.34282;1.34293
2025-05-21 17:00:00;1.34472;1.34530;1.34340;1.34396
2025-05-21 16:00:00;1.34454;1.34506;1.34417;1.34472
2025-05-21 15:00:00;1.34351;1.34492;1.34324;1.34459
2025-05-21 14:00:00;1.34333;1.34426;1.34266;1.34360
2025-05-21 13:00:00;1.34284;1.34374;1.34172;1.34356
2025-05-21 12:00:00;1.34158;1.34225;1.34030;1.34225
2025-05-21 11:00:00;1.34099;1.34158;1.33984;1.34135
2025-05-21 10:00:00;1.34111;1.34378;1.34072;1.34138
2025-05-21 09:00:00;1.34002;1.34102;1.33906;1.34102
2025-05-21 08:00:00;1.34151;1.34192;1.33937;1.33993
2025-05-21 07:00:00;1.34452;1.34452;1.34117;1.34117
2025-05-21 06:00:00;1.34466;1.34658;1.34273;1.34474
2025-05-21 05:00:00;1.34315;1.34380;1.34288;1.34358
2025-05-21 04:00:00;1.34311;1.34358;1.34280;1.34308
2025-05-21 03:00:00;1.34226;1.34347;1.34223;1.34318
2025-05-21 02:00:00;1.34090;1.34259;1.34090;1.34225
2025-05-21 01:00:00;1.34111;1.34111;1.34002;1.34099
2025-05-21 00:00:00;1.33984;1.34111;1.33948;1.34090
2025-05-20 23:00:00;1.33917;1.33980;1.33914;1.33976
2025-05-20 22:00:00;1.33901;1.33942;1.33901;1.33921
2025-05-20 21:00:00;1.33878;1.33926;1.33840;1.33871
2025-05-20 20:00:00;1.33869;1.33942;1.33869;1.33932
2025-05-20 19:00:00;1.33790;1.33899;1.33786;1.33885
2025-05-20 18:00:00;1.33808;1.33869;1.33788;1.33792
2025-05-20 17:00:00;1.33729;1.33851;1.33706;1.33810
2025-05-20 16:00:00;1.33727;1.33733;1.33602;1.33713
2025-05-20 15:00:00;1.33713;1.33735;1.33590;1.33735
2025-05-20 14:00:00;1.33624;1.33733;1.33581;1.33695
2025-05-20 13:00:00;1.33372;1.33602;1.33365;1.33577
2025-05-20 12:00:00;1.33638;1.33638;1.33380;1.33410
2025-05-20 11:00:00;1.33642;1.33724;1.33599;1.33624
2025-05-20 10:00:00;1.33717;1.33717;1.33551;1.33631
2025-05-20 09:00:00;1.33736;1.33840;1.33693;1.33727
2025-05-20 08:00:00;1.33933;1.33933;1.33742;1.33745
2025-05-20 07:00:00;1.33701;1.33951;1.33688;1.33933
2025-05-20 06:00:00;1.33772;1.33820;1.33684;1.33699
2025-05-20 05:00:00;1.33668;1.33824;1.33668;1.33765
2025-05-20 04:00:00;1.33697;1.33697;1.33633;1.33636
2025-05-20 03:00:00;1.33531;1.33704;1.33527;1.33676
2025-05-20 02:00:00;1.33599;1.33674;1.33501;1.33536
2025-05-20 01:00:00;1.33604;1.33738;1.33565;1.33584
2025-05-20 00:00:00;1.33584;1.33584;1.33467;1.33561
2025-05-19 23:00:00;1.33579;1.33615;1.33554;1.33595
2025-05-19 22:00:00;1.33606;1.33611;1.33547;1.33574
2025-05-19 21:00:00;1.33627;1.33640;1.33445;1.33608
2025-05-19 20:00:00;1.33597;1.33649;1.33595;1.33617
2025-05-19 19:00:00;1.33552;1.33611;1.33522;1.33608
2025-05-19 18:00:00;1.33494;1.33577;1.33458;1.33561
2025-05-19 17:00:00;1.33570;1.33576;1.33479;1.33501
2025-05-19 16:00:00;1.33540;1.33563;1.33470;1.33549
2025-05-19 15:00:00;1.33663;1.33722;1.33538;1.33538
2025-05-19 14:00:00;1.33693;1.33697;1.33565;1.33672
2025-05-19 13:00:00;1.33708;1.33756;1.33605;1.33663
2025-05-19 12:00:00;1.33833;1.33833;1.33717;1.33717
2025-05-19 11:00:00;1.33871;1.33892;1.33758;1.33826
2025-05-19 10:00:00;1.33958;1.34041;1.33889;1.33912
2025-05-19 09:00:00;1.33634;1.33960;1.33634;1.33960
2025-05-19 08:00:00;1.33679;1.33701;1.33495;1.33679
2025-05-19 07:00:00;1.33223;1.33718;1.33223;1.33676
2025-05-19 06:00:00;1.32984;1.33236;1.32961;1.33218
2025-05-19 05:00:00;1.33007;1.33042;1.32943;1.33011
2025-05-19 04:00:00;1.32977;1.33026;1.32938;1.32991
2025-05-19 03:00:00;1.32966;1.33012;1.32963;1.32979
2025-05-19 02:00:00;1.32945;1.33046;1.32942;1.32975
2025-05-19 01:00:00;1.33127;1.33127;1.32947;1.32950
2025-05-19 00:00:00;1.33065;1.33136;1.33005;1.33120
2025-05-18 23:00:00;1.32996;1.33051;1.32963;1.33049
2025-05-16 21:00:00;1.32843;1.32843;1.32843;1.32843
2025-05-16 20:00:00;1.32763;1.32857;1.32760;1.32806
2025-05-16 19:00:00;1.32816;1.32836;1.32756;1.32756
2025-05-16 18:00:00;1.32718;1.32792;1.32682;1.32781
2025-05-16 17:00:00;1.32714;1.32746;1.32693;1.32721
2025-05-16 16:00:00;1.32589;1.32695;1.32514;1.32679
2025-05-16 15:00:00;1.32640;1.32695;1.32554;1.32564
2025-05-16 14:00:00;1.32954;1.32954;1.32540;1.32652
2025-05-16 13:00:00;1.32820;1.32995;1.32799;1.32936
2025-05-16 12:00:00;1.32806;1.32878;1.32749;1.32825
2025-05-16 11:00:00;1.32931;1.33005;1.32834;1.32834
2025-05-16 10:00:00;1.32933;1.32956;1.32852;1.32910
2025-05-16 09:00:00;1.33032;1.33088;1.32926;1.32926
2025-05-16 08:00:00;1.33119;1.33165;1.33032;1.33055
2025-05-16 07:00:00;1.33230;1.33284;1.33143;1.33152
2025-05-16 06:00:00;1.33260;1.33321;1.33189;1.33262
2025-05-16 05:00:00;1.33170;1.33282;1.33170;1.33273
2025-05-16 04:00:00;1.33122;1.33193;1.33099;1.33193
2025-05-16 03:00:00;1.33127;1.33189;1.33094;1.33127
2025-05-16 02:00:00;1.33150;1.33175;1.33080;1.33120
2025-05-16 01:00:00;1.33136;1.33189;1.33111;1.33154
2025-05-16 00:00:00;1.33032;1.33172;1.33032;1.33143
2025-05-15 23:00:00;1.33096;1.33103;1.33037;1.33037
2025-05-15 22:00:00;1.33041;1.33088;1.33023;1.33088
2025-05-15 21:00:00;1.32988;1.33078;1.32947;1.33057
2025-05-15 20:00:00;1.33069;1.33094;1.33034;1.33034
2025-05-15 19:00:00;1.32986;1.33080;1.32936;1.33065
2025-05-15 18:00:00;1.32882;1.33011;1.32882;1.32988
2025-05-15 17:00:00;1.32904;1.33005;1.32880;1.32880
2025-05-15 16:00:00;1.32931;1.32968;1.32827;1.32892
2025-05-15 15:00:00;1.32806;1.32943;1.32772;1.32913
2025-05-15 14:00:00;1.32984;1.33011;1.32656;1.32804
2025-05-15 13:00:00;1.33108;1.33191;1.32938;1.32938
2025-05-15 12:00:00;1.32733;1.33074;1.32733;1.33074
2025-05-15 11:00:00;1.32892;1.32936;1.32684;1.32684
2025-05-15 10:00:00;1.32857;1.32996;1.32850;1.32906
2025-05-15 09:00:00;1.32874;1.32949;1.32825;1.32862
2025-05-15 08:00:00;1.32670;1.32947;1.32666;1.32908
2025-05-15 07:00:00;1.33044;1.33044;1.32684;1.32684
2025-05-15 06:00:00;1.32788;1.33048;1.32721;1.33048
2025-05-15 05:00:00;1.32733;1.32786;1.32638;1.32723
2025-05-15 04:00:00;1.32823;1.32836;1.32749;1.32749
2025-05-15 03:00:00;1.32806;1.32860;1.32781;1.32816
2025-05-15 02:00:00;1.32767;1.32809;1.32739;1.32809
2025-05-15 01:00:00;1.32760;1.32844;1.32753;1.32760
2025-05-15 00:00:00;1.32644;1.32744;1.32600;1.32744
2025-05-14 23:00:00;1.32659;1.32700;1.32622;1.32640
2025-05-14 22:00:00;1.32642;1.32672;1.32624;1.32651
2025-05-14 21:00:00;1.32679;1.32776;1.32594;1.32630
2025-05-14 20:00:00;1.32608;1.32658;1.32570;1.32614
2025-05-14 19:00:00;1.32626;1.32642;1.32549;1.32608
2025-05-14 18:00:00;1.32792;1.32792;1.32608;1.32649
2025-05-14 17:00:00;1.32836;1.32883;1.32758;1.32792
2025-05-14 16:00:00;1.33000;1.33097;1.32718;1.32848
2025-05-14 15:00:00;1.33042;1.33044;1.32908;1.33002
2025-05-14 14:00:00;1.33150;1.33163;1.32896;1.33039
2025-05-14 13:00:00;1.33213;1.33282;1.33119;1.33181
2025-05-14 12:00:00;1.33348;1.33383;1.33175;1.33259
2025-05-14 11:00:00;1.33485;1.33506;1.33292;1.33314
2025-05-14 10:00:00;1.33526;1.33526;1.33372;1.33488
2025-05-14 09:00:00;1.33469;1.33592;1.33390;1.33501
2025-05-14 08:00:00;1.33296;1.33574;1.33289;1.33476
2025-05-14 07:00:00;1.33007;1.33301;1.33007;1.33301
2025-05-14 06:00:00;1.33026;1.33117;1.32920;1.32995
2025-05-14 05:00:00;1.33039;1.33088;1.33018;1.33021
2025-05-14 04:00:00;1.33127;1.33127;1.33035;1.33041
2025-05-14 03:00:00;1.33039;1.33080;1.32996;1.33080
2025-05-14 02:00:00;1.33083;1.33096;1.33009;1.33042
2025-05-14 01:00:00;1.33140;1.33197;1.33069;1.33081
2025-05-14 00:00:00;1.33048;1.33152;1.32998;1.33143
2025-05-13 23:00:00;1.33124;1.33124;1.33034;1.33048
2025-05-13 22:00:00;1.33071;1.33142;1.33046;1.33142
2025-05-13 21:00:00;1.33039;1.33083;1.33028;1.33062
2025-05-13 20:00:00;1.33064;1.33142;1.33030;1.33046
2025-05-13 19:00:00;1.33023;1.33076;1.33002;1.33071
2025-05-13 18:00:00;1.32998;1.33021;1.32968;1.33002
2025-05-13 17:00:00;1.32947;1.33025;1.32889;1.33011
2025-05-13 16:00:00;1.32781;1.32949;1.32733;1.32935
2025-05-13 15:00:00;1.32591;1.32802;1.32587;1.32776
2025-05-13 14:00:00;1.32280;1.32605;1.32249;1.32605
2025-05-13 13:00:00;1.32406;1.32489;1.32230;1.32280
2025-05-13 12:00:00;1.32153;1.32435;1.32139;1.32417
2025-05-13 11:00:00;1.32053;1.32149;1.32053;1.32142
2025-05-13 10:00:00;1.32148;1.32170;1.32045;1.32046
2025-05-13 09:00:00;1.32121;1.32202;1.32074;1.32141
2025-05-13 08:00:00;1.32156;1.32165;1.32010;1.32118
2025-05-13 07:00:00;1.31970;1.32123;1.31970;1.32106
2025-05-13 06:00:00;1.31975;1.32057;1.31909;1.31998
2025-05-13 05:00:00;1.32004;1.32057;1.31949;1.32004
2025-05-13 04:00:00;1.31985;1.32001;1.31914;1.32001
2025-05-13 03:00:00;1.31837;1.31992;1.31797;1.31991
2025-05-13 02:00:00;1.31865;1.31907;1.31801;1.31825
2025-05-13 01:00:00;1.31775;1.31877;1.31759;1.31855
2025-05-13 00:00:00;1.31801;1.31858;1.31758;1.31797
2025-05-12 23:00:00;1.31771;1.31829;1.31726;1.31782
2025-05-12 22:00:00;1.31725;1.31773;1.31711;1.31766
2025-05-12 21:00:00;1.31782;1.31803;1.31690;1.31733
2025-05-12 20:00:00;1.31792;1.31818;1.31751;1.31751
2025-05-12 19:00:00;1.31810;1.31846;1.31764;1.31791
2025-05-12 18:00:00;1.31761;1.31832;1.31634;1.31796
2025-05-12 17:00:00;1.31784;1.31784;1.31650;1.31754
2025-05-12 16:00:00;1.31914;1.31970;1.31780;1.31780
2025-05-12 15:00:00;1.32025;1.32153;1.31914;1.31914
2025-05-12 14:00:00;1.31989;1.32127;1.31940;1.32022
2025-05-12 13:00:00;1.31952;1.32125;1.31928;1.32011
2025-05-12 12:00:00;1.31770;1.32001;1.31742;1.31963
2025-05-12 11:00:00;1.31439;1.31837;1.31427;1.31752
2025-05-12 10:00:00;1.31947;1.31947;1.31439;1.31439
2025-05-12 09:00:00;1.31940;1.32045;1.31883;1.31978
2025-05-12 08:00:00;1.31718;1.32022;1.31631;1.31950
2025-05-12 07:00:00;1.32626;1.32658;1.31643;1.31697
2025-05-12 06:00:00;1.32846;1.32993;1.32829;1.32878
2025-05-12 05:00:00;1.32860;1.32878;1.32753;1.32822
2025-05-12 04:00:00;1.32917;1.32936;1.32836;1.32866
2025-05-12 03:00:00;1.32852;1.32922;1.32797;1.32912
2025-05-12 02:00:00;1.32795;1.32904;1.32795;1.32834
2025-05-12 01:00:00;1.32929;1.32929;1.32770;1.32786
2025-05-12 00:00:00;1.32887;1.32912;1.32762;1.32896
2025-05-11 23:00:00;1.32874;1.32952;1.32850;1.32857
2025-05-09 22:00:00;1.32866;1.32866;1.32866;1.32866
2025-05-09 21:00:00;1.33039;1.33039;1.33039;1.33039
2025-05-09 20:00:00;1.33110;1.33110;1.32975;1.33053
2025-05-09 19:00:00;1.33158;1.33158;1.33041;1.33119
2025-05-09 18:00:00;1.33150;1.33172;1.33108;1.33156
2025-05-09 17:00:00;1.33065;1.33177;1.33026;1.33154
2025-05-09 16:00:00;1.33165;1.33227;1.33058;1.33058
2025-05-09 15:00:00;1.33051;1.33145;1.32954;1.33145
2025-05-09 14:00:00;1.32864;1.33177;1.32850;1.33049
2025-05-09 13:00:00;1.32852;1.32970;1.32850;1.32874
2025-05-09 12:00:00;1.32767;1.32869;1.32744;1.32846
2025-05-09 11:00:00;1.32681;1.32852;1.32668;1.32760
2025-05-09 10:00:00;1.32686;1.32779;1.32638;1.32670
2025-05-09 09:00:00;1.32696;1.32792;1.32628;1.32703
2025-05-09 08:00:00;1.32633;1.32709;1.32559;1.32709
2025-05-09 07:00:00;1.32440;1.32696;1.32431;1.32619
2025-05-09 06:00:00;1.32412;1.32471;1.32363;1.32438
2025-05-09 05:00:00;1.32378;1.32415;1.32245;1.32410
2025-05-09 04:00:00;1.32326;1.32392;1.32317;1.32380
2025-05-09 03:00:00;1.32371;1.32414;1.32307;1.32307
2025-05-09 02:00:00;1.32261;1.32352;1.32128;1.32349
2025-05-09 01:00:00;1.32401;1.32419;1.32249;1.32266
2025-05-09 00:00:00;1.32412;1.32428;1.32212;1.32403
2025-05-08 23:00:00;1.32499;1.32499;1.32356;1.32378
2025-05-08 22:00:00;1.32484;1.32514;1.32440;1.32512
2025-05-08 21:00:00;1.32600;1.32600;1.32447;1.32526
2025-05-08 20:00:00;1.32440;1.32492;1.32380;1.32473
2025-05-08 19:00:00;1.32507;1.32536;1.32370;1.32463
2025-05-08 18:00:00;1.32580;1.32624;1.32496;1.32517
2025-05-08 17:00:00;1.32628;1.32688;1.32468;1.32591
2025-05-08 16:00:00;1.32857;1.32857;1.32631;1.32659
2025-05-08 15:00:00;1.33076;1.33175;1.32763;1.32841
2025-05-08 14:00:00;1.33374;1.33447;1.33087;1.33101
2025-05-08 13:00:00;1.33284;1.33447;1.33284;1.33378
2025-05-08 12:00:00;1.33301;1.33417;1.33220;1.33237
2025-05-08 11:00:00;1.32682;1.33324;1.32586;1.33285
2025-05-08 10:00:00;1.32709;1.32958;1.32630;1.32630
2025-05-08 09:00:00;1.32670;1.32813;1.32628;1.32747
2025-05-08 08:00:00;1.32901;1.32954;1.32644;1.32656
2025-05-08 07:00:00;1.32825;1.32913;1.32698;1.32913
2025-05-08 06:00:00;1.33197;1.33216;1.32792;1.32859
2025-05-08 05:00:00;1.33328;1.33328;1.33042;1.33227
2025-05-08 04:00:00;1.33460;1.33474;1.33326;1.33333
2025-05-08 03:00:00;1.33428;1.33567;1.33428;1.33451
2025-05-08 02:00:00;1.33463;1.33520;1.33346;1.33429
2025-05-08 01:00:00;1.32959;1.33433;1.32959;1.33433
2025-05-08 00:00:00;1.32908;1.33051;1.32908;1.32986
2025-05-07 23:00:00;1.32882;1.32961;1.32882;1.32922
2025-05-07 22:00:00;1.32940;1.32956;1.32866;1.32876
2025-05-07 21:00:00;1.32995;1.33030;1.32906;1.32963
2025-05-07 20:00:00;1.32972;1.32972;1.32823;1.32927
2025-05-07 19:00:00;1.33209;1.33218;1.32903;1.32970
2025-05-07 18:00:00;1.33344;1.33517;1.33060;1.33209
2025-05-07 17:00:00;1.33495;1.33495;1.33300;1.33353
2025-05-07 16:00:00;1.33412;1.33520;1.33337;1.33513
2025-05-07 15:00:00;1.33674;1.33674;1.33399;1.33454
2025-05-07 14:00:00;1.33663;1.33767;1.33584;1.33676
2025-05-07 13:00:00;1.33667;1.33704;1.33583;1.33649
2025-05-07 12:00:00;1.33486;1.33677;1.33477;1.33661
2025-05-07 11:00:00;1.33458;1.33579;1.33445;1.33476
2025-05-07 10:00:00;1.33335;1.33501;1.33335;1.33460
2025-05-07 09:00:00;1.33390;1.33390;1.33234;1.33348
2025-05-07 08:00:00;1.33531;1.33577;1.33385;1.33385
2025-05-07 07:00:00;1.33634;1.33634;1.33469;1.33510
2025-05-07 06:00:00;1.33620;1.33672;1.33545;1.33672
2025-05-07 05:00:00;1.33429;1.33602;1.33424;1.33584
2025-05-07 04:00:00;1.33456;1.33552;1.33426;1.33435
2025-05-07 03:00:00;1.33463;1.33497;1.33406;1.33476
2025-05-07 02:00:00;1.33479;1.33535;1.33426;1.33453
2025-05-07 01:00:00;1.33538;1.33609;1.33367;1.33501
2025-05-07 00:00:00;1.33540;1.33611;1.33349;1.33515
2025-05-06 23:00:00;1.33502;1.33570;1.33445;1.33529
2025-05-06 22:00:00;1.33792;1.33792;1.33451;1.33511
2025-05-06 21:00:00;1.33747;1.33871;1.33634;1.33770
2025-05-06 20:00:00;1.33797;1.33817;1.33593;1.33686
2025-05-06 19:00:00;1.33776;1.33869;1.33727;1.33794
2025-05-06 18:00:00;1.33654;1.33763;1.33602;1.33758
2025-05-06 17:00:00;1.33601;1.33779;1.33574;1.33659
2025-05-06 16:00:00;1.33674;1.33704;1.33524;1.33593
2025-05-06 15:00:00;1.33720;1.33726;1.33572;1.33676
2025-05-06 14:00:00;1.33867;1.33969;1.33663;1.33722
2025-05-06 13:00:00;1.33942;1.33969;1.33815;1.33840
2025-05-06 12:00:00;1.33701;1.34025;1.33663;1.33985
2025-05-06 11:00:00;1.33513;1.33743;1.33497;1.33693
2025-05-06 10:00:00;1.33166;1.33524;1.33154;1.33524
2025-05-06 09:00:00;1.33145;1.33172;1.33087;1.33149
2025-05-06 08:00:00;1.33204;1.33333;1.33149;1.33161
2025-05-06 07:00:00;1.33057;1.33287;1.33035;1.33189
2025-05-06 06:00:00;1.32885;1.33057;1.32866;1.33019
2025-05-06 05:00:00;1.33032;1.33051;1.32882;1.32892
2025-05-06 04:00:00;1.32950;1.33053;1.32950;1.33034
2025-05-06 03:00:00;1.32874;1.32972;1.32834;1.32956
2025-05-06 02:00:00;1.32744;1.32926;1.32744;1.32869
2025-05-06 01:00:00;1.32684;1.32760;1.32621;1.32721
2025-05-06 00:00:00;1.32901;1.32933;1.32679;1.32693
2025-05-05 23:00:00;1.32922;1.32959;1.32894;1.32912
2025-05-05 22:00:00;1.32973;1.32996;1.32906;1.32906
2025-05-05 21:00:00;1.32920;1.33012;1.32903;1.32915
2025-05-05 20:00:00;1.32943;1.32989;1.32910;1.32959
2025-05-05 19:00:00;1.32878;1.32989;1.32878;1.32935
2025-05-05 18:00:00;1.32776;1.32912;1.32756;1.32894
2025-05-05 17:00:00;1.32733;1.32834;1.32732;1.32777
2025-05-05 16:00:00;1.32811;1.32811;1.32712;1.32740
2025-05-05 15:00:00;1.33078;1.33099;1.32818;1.32823
2025-05-05 14:00:00;1.33058;1.33161;1.33025;1.33069
2025-05-05 13:00:00;1.33328;1.33360;1.33198;1.33214
2025-05-05 12:00:00;1.33174;1.33355;1.33174;1.33317
2025-05-05 11:00:00;1.33103;1.33255;1.33103;1.33170
2025-05-05 10:00:00;1.33073;1.33088;1.32963;1.33073
2025-05-05 09:00:00;1.32844;1.33034;1.32832;1.33028
2025-05-05 08:00:00;1.32823;1.32920;1.32788;1.32793
2025-05-05 07:00:00;1.32830;1.32922;1.32763;1.32820
2025-05-05 06:00:00;1.32892;1.32982;1.32765;1.32827
2025-05-05 05:00:00;1.32952;1.33069;1.32929;1.32954
2025-05-05 04:00:00;1.32897;1.32959;1.32878;1.32958
2025-05-05 03:00:00;1.32975;1.32975;1.32859;1.32887
2025-05-05 02:00:00;1.32904;1.33007;1.32837;1.32982
2025-05-05 01:00:00;1.32728;1.32968;1.32728;1.32883
2025-05-05 00:00:00;1.32703;1.32719;1.32626;1.32719
2025-05-04 23:00:00;1.32656;1.32762;1.32622;1.32703
2025-05-02 22:00:00;1.32647;1.32647;1.32647;1.32647
2025-05-02 21:00:00;1.32670;1.32670;1.32593;1.32593
2025-05-02 20:00:00;1.32767;1.32784;1.32638;1.32651
2025-05-02 19:00:00;1.32751;1.32834;1.32751;1.32776
2025-05-02 18:00:00;1.32788;1.32813;1.32679;1.32732
2025-05-02 17:00:00;1.32811;1.32931;1.32742;1.32762
2025-05-02 16:00:00;1.32809;1.32952;1.32772;1.32837
2025-05-02 15:00:00;1.33202;1.33284;1.32777;1.32804
2025-05-02 14:00:00;1.33223;1.33292;1.33106;1.33213
2025-05-02 13:00:00;1.32913;1.33285;1.32871;1.33186
2025-05-02 12:00:00;1.32959;1.32959;1.32725;1.32885
2025-05-02 11:00:00;1.32920;1.33053;1.32873;1.32933
2025-05-02 10:00:00;1.33078;1.33094;1.32876;1.32885
2025-05-02 09:00:00;1.32912;1.33143;1.32864;1.33094
2025-05-02 08:00:00;1.32968;1.32979;1.32844;1.32919
2025-05-02 07:00:00;1.33094;1.33175;1.32995;1.32995
2025-05-02 06:00:00;1.33104;1.33202;1.33074;1.33103
2025-05-02 05:00:00;1.33051;1.33200;1.33051;1.33113
2025-05-02 04:00:00;1.33101;1.33113;1.33041;1.33080
2025-05-02 03:00:00;1.32910;1.33099;1.32904;1.33097
2025-05-02 02:00:00;1.32874;1.33018;1.32874;1.32922
2025-05-02 01:00:00;1.32788;1.32892;1.32760;1.32890
2025-05-02 00:00:00;1.32894;1.32894;1.32746;1.32795
2025-05-01 23:00:00;1.32829;1.32859;1.32804;1.32844
2025-05-01 22:00:00;1.32800;1.32859;1.32772;1.32836
2025-05-01 21:00:00;1.32783;1.32860;1.32698;1.32742
2025-05-01 20:00:00;1.32788;1.32832;1.32742;1.32777
2025-05-01 19:00:00;1.32776;1.32843;1.32769;1.32784
2025-05-01 18:00:00;1.32649;1.32864;1.32605;1.32774
2025-05-01 17:00:00;1.32792;1.32795;1.32647;1.32663
2025-05-01 16:00:00;1.32703;1.32827;1.32637;1.32813
2025-05-01 15:00:00;1.32947;1.32995;1.32651;1.32726
2025-05-01 14:00:00;1.33103;1.33223;1.32866;1.32947
2025-05-01 13:00:00;1.33133;1.33253;1.33133;1.33246
2025-05-01 12:00:00;1.33245;1.33362;1.33142;1.33149
2025-05-01 11:00:00;1.33385;1.33438;1.33236;1.33243
2025-05-01 10:00:00;1.33152;1.33376;1.33117;1.33372
2025-05-01 09:00:00;1.33257;1.33301;1.33126;1.33145
2025-05-01 08:00:00;1.33064;1.33317;1.33060;1.33250
2025-05-01 07:00:00;1.32878;1.33067;1.32760;1.33051
2025-05-01 06:00:00;1.32876;1.33002;1.32855;1.32880
2025-05-01 05:00:00;1.32929;1.32950;1.32788;1.32899
2025-05-01 04:00:00;1.33021;1.33021;1.32933;1.32933
2025-05-01 03:00:00;1.33142;1.33163;1.32940;1.32998
2025-05-01 02:00:00;1.33058;1.33161;1.33058;1.33140
2025-05-01 01:00:00;1.33177;1.33179;1.33041;1.33076
2025-05-01 00:00:00;1.33213;1.33252;1.33179;1.33184
2025-04-30 23:00:00;1.33229;1.33241;1.33189;1.33205
2025-04-30 22:00:00;1.33245;1.33268;1.33218;1.33239
2025-04-30 21:00:00;1.33221;1.33319;1.33221;1.33232
2025-04-30 20:00:00;1.33276;1.33305;1.33200;1.33287
2025-04-30 19:00:00;1.33401;1.33445;1.33275;1.33275
2025-04-30 18:00:00;1.33404;1.33510;1.33372;1.33376
2025-04-30 17:00:00;1.33465;1.33574;1.33403;1.33415
2025-04-30 16:00:00;1.33406;1.33483;1.33362;1.33453
2025-04-30 15:00:00;1.33552;1.33574;1.33260;1.33396
2025-04-30 14:00:00;1.33205;1.33572;1.33088;1.33565
2025-04-30 13:00:00;1.33515;1.33515;1.33163;1.33223
2025-04-30 12:00:00;1.33554;1.33651;1.33463;1.33527
2025-04-30 11:00:00;1.33561;1.33676;1.33554;1.33567
2025-04-30 10:00:00;1.33597;1.33649;1.33567;1.33576
2025-04-30 09:00:00;1.33684;1.33722;1.33586;1.33595
2025-04-30 08:00:00;1.33826;1.33863;1.33631;1.33676
2025-04-30 07:00:00;1.33998;1.33998;1.33810;1.33854
2025-04-30 06:00:00;1.33967;1.34052;1.33819;1.33998
2025-04-30 05:00:00;1.33892;1.34005;1.33874;1.33998
2025-04-30 04:00:00;1.33840;1.33944;1.33820;1.33899
2025-04-30 03:00:00;1.33919;1.33948;1.33831;1.33840
2025-04-30 02:00:00;1.33881;1.33971;1.33867;1.33903
2025-04-30 01:00:00;1.34028;1.34104;1.33906;1.33908
2025-04-30 00:00:00;1.34097;1.34140;1.33984;1.34028
2025-04-29 23:00:00;1.34095;1.34135;1.34061;1.34102
2025-04-29 22:00:00;1.34063;1.34118;1.34057;1.34086
2025-04-29 21:00:00;1.34048;1.34090;1.33989;1.34068
2025-04-29 20:00:00;1.34039;1.34109;1.34036;1.34082
2025-04-29 19:00:00;1.34032;1.34072;1.33976;1.34023
2025-04-29 18:00:00;1.34007;1.34052;1.33941;1.34021
2025-04-29 17:00:00;1.34077;1.34086;1.33980;1.33980
2025-04-29 16:00:00;1.33973;1.34192;1.33973;1.34055
2025-04-29 15:00:00;1.33897;1.34100;1.33897;1.33969
2025-04-29 14:00:00;1.34176;1.34189;1.33894;1.33894
2025-04-29 13:00:00;1.34093;1.34176;1.34018;1.34090
2025-04-29 12:00:00;1.33840;1.34133;1.33838;1.34106
2025-04-29 11:00:00;1.33840;1.33930;1.33829;1.33842
2025-04-29 10:00:00;1.33962;1.33987;1.33813;1.33833
2025-04-29 09:00:00;1.34106;1.34126;1.33958;1.33958
2025-04-29 08:00:00;1.34216;1.34255;1.34109;1.34109
2025-04-29 07:00:00;1.34086;1.34221;1.34018;1.34221
2025-04-29 06:00:00;1.34097;1.34180;1.34055;1.34118
2025-04-29 05:00:00;1.33982;1.34099;1.33982;1.34079
2025-04-29 04:00:00;1.34133;1.34154;1.33951;1.33958
2025-04-29 03:00:00;1.34237;1.34250;1.34091;1.34129
2025-04-29 02:00:00;1.34219;1.34423;1.34219;1.34244
2025-04-29 01:00:00;1.34264;1.34324;1.34183;1.34210
2025-04-29 00:00:00;1.34356;1.34371;1.34262;1.34268
2025-04-28 23:00:00;1.34360;1.34421;1.34311;1.34360
2025-04-28 22:00:00;1.34425;1.34439;1.34349;1.34362
2025-04-28 21:00:00;1.34385;1.34418;1.34335;1.34391
2025-04-28 20:00:00;1.34383;1.34441;1.34371;1.34441
2025-04-28 19:00:00;1.34266;1.34430;1.34266;1.34425
2025-04-28 18:00:00;1.34127;1.34264;1.34127;1.34264
2025-04-28 17:00:00;1.34126;1.34253;1.34122;1.34129
2025-04-28 16:00:00;1.33948;1.34169;1.33941;1.34131
2025-04-28 15:00:00;1.33924;1.33987;1.33824;1.33932
2025-04-28 14:00:00;1.33665;1.34162;1.33661;1.33924
2025-04-28 13:00:00;1.33438;1.33708;1.33421;1.33677
2025-04-28 12:00:00;1.33401;1.33538;1.33394;1.33431
2025-04-28 11:00:00;1.33371;1.33419;1.33332;1.33390
2025-04-28 10:00:00;1.33445;1.33465;1.33369;1.33417
2025-04-28 09:00:00;1.33310;1.33547;1.33310;1.33437
2025-04-28 08:00:00;1.33064;1.33337;1.33060;1.33296
2025-04-28 07:00:00;1.32968;1.33094;1.32965;1.33064
2025-04-28 06:00:00;1.33159;1.33172;1.32910;1.32958
2025-04-28 05:00:00;1.33165;1.33278;1.33159;1.33172
2025-04-28 04:00:00;1.32947;1.33158;1.32938;1.33158
2025-04-28 03:00:00;1.32889;1.32989;1.32887;1.32963
2025-04-28 02:00:00;1.32866;1.32913;1.32811;1.32890
2025-04-28 01:00:00;1.33021;1.33057;1.32874;1.32878
2025-04-28 00:00:00;1.32929;1.33048;1.32929;1.32989
2025-04-27 23:00:00;1.33007;1.33049;1.32901;1.32901
2025-04-25 22:00:00;1.3315;1.3315;1.3315;1.3315
2025-04-25 21:00:00;1.33143;1.33159;1.33143;1.3315
2025-04-25 20:00:00;1.33209;1.33225;1.33083;1.33122
2025-04-25 19:00:00;1.33291;1.33328;1.33197;1.33197
2025-04-25 18:00:00;1.33259;1.33308;1.33193;1.33300
2025-04-25 17:00:00;1.33209;1.33289;1.33175;1.33268
2025-04-25 16:00:00;1.33292;1.33319;1.33197;1.33197
2025-04-25 15:00:00;1.33078;1.33294;1.33007;1.33294
2025-04-25 14:00:00;1.33090;1.33209;1.33076;1.33076
2025-04-25 13:00:00;1.33237;1.33269;1.33035;1.33076
2025-04-25 12:00:00;1.33090;1.33248;1.33078;1.33229
2025-04-25 11:00:00;1.33168;1.33182;1.33067;1.33078
2025-04-25 10:00:00;1.33028;1.33179;1.32904;1.33179
2025-04-25 09:00:00;1.33048;1.33097;1.32966;1.33003
2025-04-25 08:00:00;1.32991;1.33039;1.32904;1.33023
2025-04-25 07:00:00;1.33071;1.33142;1.32966;1.32996
2025-04-25 06:00:00;1.32802;1.33069;1.32762;1.33060
2025-04-25 05:00:00;1.32878;1.32929;1.32755;1.32779
2025-04-25 04:00:00;1.32836;1.32913;1.32816;1.32882
2025-04-25 03:00:00;1.33080;1.33154;1.32889;1.32889
2025-04-25 02:00:00;1.33009;1.33081;1.33009;1.33067
2025-04-25 01:00:00;1.33055;1.33143;1.32996;1.33005
2025-04-25 00:00:00;1.33262;1.33262;1.33076;1.33076
2025-04-24 23:00:00;1.33376;1.33387;1.33255;1.33282
2025-04-24 22:00:00;1.33358;1.33404;1.33348;1.33388
2025-04-24 21:00:00;1.33422;1.33442;1.33333;1.33381
2025-04-24 20:00:00;1.33369;1.33492;1.33369;1.33397
2025-04-24 19:00:00;1.33262;1.33453;1.33252;1.33378
2025-04-24 18:00:00;1.33197;1.33280;1.33158;1.33278
2025-04-24 17:00:00;1.33303;1.33344;1.33188;1.33213
2025-04-24 16:00:00;1.33051;1.33296;1.33041;1.33289
2025-04-24 15:00:00;1.33158;1.33211;1.32926;1.33049
2025-04-24 14:00:00;1.33133;1.33308;1.33101;1.33142
2025-04-24 13:00:00;1.33032;1.33161;1.33014;1.33159
2025-04-24 12:00:00;1.33106;1.33110;1.32996;1.33023
2025-04-24 11:00:00;1.33023;1.33213;1.33023;1.33083
2025-04-24 10:00:00;1.33057;1.33211;1.33011;1.33011
2025-04-24 09:00:00;1.33019;1.33163;1.32988;1.33039
2025-04-24 08:00:00;1.32980;1.33099;1.32949;1.33030
2025-04-24 07:00:00;1.32762;1.32961;1.32762;1.32943
2025-04-24 06:00:00;1.32674;1.32811;1.32674;1.32756
2025-04-24 05:00:00;1.32714;1.32755;1.32656;1.32679
2025-04-24 04:00:00;1.32696;1.32732;1.32659;1.32703
2025-04-24 03:00:00;1.32841;1.32859;1.32688;1.32718
2025-04-24 02:00:00;1.32832;1.32852;1.32795;1.32852
2025-04-24 01:00:00;1.32806;1.32864;1.32765;1.32839
2025-04-24 00:00:00;1.32638;1.32792;1.32610;1.32784
2025-04-23 23:00:00;1.32691;1.32735;1.32649;1.32651
2025-04-23 22:00:00;1.32545;1.32735;1.32545;1.32682
2025-04-23 21:00:00;1.32661;1.32709;1.32478;1.32617
2025-04-23 20:00:00;1.32651;1.32670;1.32507;1.32545
2025-04-23 19:00:00;1.32659;1.32707;1.32607;1.32661
2025-04-23 18:00:00;1.32709;1.32712;1.32589;1.32670
2025-04-23 17:00:00;1.32621;1.32774;1.32621;1.32726
2025-04-23 16:00:00;1.32538;1.32672;1.32515;1.32593
2025-04-23 15:00:00;1.32793;1.32830;1.32559;1.32559
2025-04-23 14:00:00;1.32818;1.32991;1.32726;1.32737
2025-04-23 13:00:00;1.33062;1.33182;1.32873;1.32873
2025-04-23 12:00:00;1.33057;1.33085;1.32947;1.33049
2025-04-23 11:00:00;1.33028;1.33108;1.32920;1.32998
2025-04-23 10:00:00;1.33221;1.33225;1.32959;1.33009
2025-04-23 09:00:00;1.33200;1.33396;1.33200;1.33246
2025-04-23 08:00:00;1.33103;1.33221;1.32894;1.33209
2025-04-23 07:00:00;1.33255;1.33282;1.33037;1.33046
2025-04-23 06:00:00;1.33000;1.33243;1.33000;1.33221
2025-04-23 05:00:00;1.33051;1.33170;1.32988;1.32996
2025-04-23 04:00:00;1.32952;1.33062;1.32889;1.33055
2025-04-23 03:00:00;1.33101;1.33108;1.32880;1.32938
2025-04-23 02:00:00;1.33122;1.33122;1.32984;1.33090
2025-04-23 01:00:00;1.33097;1.33172;1.32984;1.33111
2025-04-23 00:00:00;1.32728;1.33048;1.32728;1.33048
2025-04-22 23:00:00;1.32593;1.32839;1.32593;1.32732
2025-04-22 22:00:00;1.32873;1.32919;1.32356;1.32579
2025-04-22 21:00:00;1.33330;1.33380;1.32919;1.32919
2025-04-22 20:00:00;1.33321;1.33397;1.33276;1.33316
2025-04-22 19:00:00;1.33371;1.33421;1.33310;1.33310
2025-04-22 18:00:00;1.33438;1.33463;1.33335;1.33365
2025-04-22 17:00:00;1.33449;1.33531;1.33410;1.33461
2025-04-22 16:00:00;1.33747;1.33776;1.33458;1.33458
2025-04-22 15:00:00;1.33824;1.33838;1.33758;1.33758
2025-04-22 14:00:00;1.33751;1.33899;1.33720;1.33806
2025-04-22 13:00:00;1.33720;1.33761;1.33597;1.33761
2025-04-22 12:00:00;1.33799;1.33804;1.33565;1.33736
2025-04-22 11:00:00;1.33668;1.33838;1.33661;1.33783
2025-04-22 10:00:00;1.33679;1.33767;1.33651;1.33679
2025-04-22 09:00:00;1.33869;1.33906;1.33633;1.33704
2025-04-22 08:00:00;1.33792;1.33881;1.33701;1.33878
2025-04-22 07:00:00;1.33917;1.34003;1.33736;1.33786
2025-04-22 06:00:00;1.34190;1.34203;1.33889;1.33894
2025-04-22 05:00:00;1.34039;1.34235;1.33949;1.34176
2025-04-22 04:00:00;1.34050;1.34102;1.34021;1.34034
2025-04-22 03:00:00;1.33957;1.34102;1.33957;1.34048
2025-04-22 02:00:00;1.33761;1.33960;1.33761;1.33960
2025-04-22 01:00:00;1.33720;1.33810;1.33720;1.33760
2025-04-22 00:00:00;1.33788;1.33788;1.33627;1.33708
2025-04-21 23:00:00;1.33835;1.33853;1.33740;1.33804
2025-04-21 22:00:00;1.33763;1.33851;1.33733;1.33831
2025-04-21 21:00:00;1.33727;1.33828;1.33726;1.33792
2025-04-21 20:00:00;1.33770;1.33813;1.33747;1.33813
2025-04-21 19:00:00;1.33781;1.33849;1.33740;1.33763
2025-04-21 18:00:00;1.33763;1.33837;1.33718;1.33803
2025-04-21 17:00:00;1.33772;1.33772;1.33654;1.33772
2025-04-21 16:00:00;1.33808;1.33837;1.33763;1.33794
2025-04-21 15:00:00;1.33894;1.33928;1.33801;1.33817
2025-04-21 14:00:00;1.34020;1.34072;1.33876;1.33919
2025-04-21 13:00:00;1.34039;1.34084;1.33876;1.34030
2025-04-21 12:00:00;1.33989;1.34030;1.33831;1.34030
2025-04-21 11:00:00;1.33915;1.33994;1.33815;1.33976
2025-04-21 10:00:00;1.34009;1.34054;1.33867;1.33897
2025-04-21 09:00:00;1.34151;1.34217;1.34020;1.34020
2025-04-21 08:00:00;1.34124;1.34158;1.33964;1.34153
2025-04-21 07:00:00;1.33786;1.34133;1.33786;1.34133
2025-04-21 06:00:00;1.33933;1.33958;1.33733;1.33820
2025-04-21 05:00:00;1.33847;1.33960;1.33822;1.33960
2025-04-21 04:00:00;1.33772;1.33835;1.33679;1.33835
2025-04-21 03:00:00;1.33726;1.33863;1.33722;1.33826
2025-04-21 02:00:00;1.33531;1.33785;1.33488;1.33711
2025-04-21 01:00:00;1.33481;1.33586;1.33449;1.33526
2025-04-21 00:00:00;1.33195;1.33554;1.33195;1.33461
2025-04-20 23:00:00;1.33046;1.33198;1.33034;1.33145
2025-04-18 22:00:00;1.33048;1.33048;1.33048;1.33048
2025-04-18 21:00:00;1.32968;1.32968;1.32968;1.32968
2025-04-18 20:00:00;1.32913;1.32989;1.32848;1.32935
2025-04-18 19:00:00;1.32867;1.32940;1.32866;1.32917
2025-04-18 18:00:00;1.32823;1.32869;1.32818;1.32855
2025-04-18 17:00:00;1.32848;1.32853;1.32807;1.32822
2025-04-18 16:00:00;1.32765;1.32853;1.32756;1.32848
2025-04-18 15:00:00;1.32814;1.32827;1.32719;1.32777
2025-04-18 14:00:00;1.32742;1.32862;1.32742;1.32848
2025-04-18 13:00:00;1.32770;1.32795;1.32725;1.32749
2025-04-18 12:00:00;1.32746;1.32814;1.32725;1.32781
2025-04-18 11:00:00;1.32806;1.32806;1.32732;1.32756
2025-04-18 10:00:00;1.32714;1.32765;1.32684;1.32749
2025-04-18 09:00:00;1.32732;1.32746;1.32696;1.32714
2025-04-18 08:00:00;1.32679;1.32726;1.32614;1.32726
2025-04-18 07:00:00;1.32723;1.32813;1.32681;1.32681
2025-04-18 06:00:00;1.32707;1.32733;1.32652;1.32652
2025-04-18 05:00:00;1.32698;1.32744;1.32688;1.32712
2025-04-18 04:00:00;1.32698;1.32705;1.32665;1.32684
2025-04-18 03:00:00;1.32760;1.32763;1.32647;1.32700
2025-04-18 02:00:00;1.32714;1.32755;1.32688;1.32740
2025-04-18 01:00:00;1.32823;1.32850;1.32707;1.32716
2025-04-18 00:00:00;1.32689;1.32837;1.32689;1.32811
2025-04-17 23:00:00;1.32674;1.32714;1.32622;1.32672
2025-04-17 22:00:00;1.32649;1.32728;1.32622;1.32672
2025-04-17 21:00:00;1.32575;1.32777;1.32528;1.32658
2025-04-17 20:00:00;1.32675;1.32716;1.32645;1.32674
2025-04-17 19:00:00;1.32677;1.32695;1.32628;1.32659
2025-04-17 18:00:00;1.32586;1.32732;1.32517;1.32705
2025-04-17 17:00:00;1.32589;1.32591;1.32475;1.32573
2025-04-17 16:00:00;1.32561;1.32663;1.32529;1.32587
2025-04-17 15:00:00;1.32347;1.32589;1.32326;1.32540
2025-04-17 14:00:00;1.32556;1.32725;1.32328;1.32328
2025-04-17 13:00:00;1.32522;1.32587;1.32463;1.32571
2025-04-17 12:00:00;1.32273;1.32482;1.32223;1.32482
2025-04-17 11:00:00;1.32228;1.32368;1.32228;1.32282
2025-04-17 10:00:00;1.32428;1.32449;1.32230;1.32230
2025-04-17 09:00:00;1.32431;1.32459;1.32403;1.32422
2025-04-17 08:00:00;1.32445;1.32473;1.32364;1.32396
2025-04-17 07:00:00;1.32329;1.32452;1.32252;1.32431
2025-04-17 06:00:00;1.32100;1.32333;1.32046;1.32305
2025-04-17 05:00:00;1.32102;1.32207;1.32057;1.32102
2025-04-17 04:00:00;1.32156;1.32160;1.32102;1.32102
2025-04-17 03:00:00;1.32268;1.32298;1.32146;1.32146
2025-04-17 02:00:00;1.32158;1.32293;1.32146;1.32251
2025-04-17 01:00:00;1.32109;1.32167;1.32055;1.32149
2025-04-17 00:00:00;1.32335;1.32335;1.32123;1.32123
2025-04-16 23:00:00;1.32385;1.32421;1.32322;1.32331
2025-04-16 22:00:00;1.32417;1.32436;1.32324;1.32382
2025-04-16 21:00:00;1.32405;1.32533;1.32391;1.32440
2025-04-16 20:00:00;1.32371;1.32435;1.32314;1.32410
2025-04-16 19:00:00;1.32294;1.32484;1.32294;1.32392
2025-04-16 18:00:00;1.32172;1.32321;1.32153;1.32321
2025-04-16 17:00:00;1.32336;1.32377;1.32160;1.32181
2025-04-16 16:00:00;1.32470;1.32473;1.32315;1.32345
2025-04-16 15:00:00;1.32568;1.32586;1.32270;1.32459
2025-04-16 14:00:00;1.32624;1.32665;1.32412;1.32571
2025-04-16 13:00:00;1.32626;1.32716;1.32582;1.32626
2025-04-16 12:00:00;1.32714;1.32714;1.32536;1.32605
2025-04-16 11:00:00;1.32622;1.32762;1.32605;1.32714
2025-04-16 10:00:00;1.32700;1.32783;1.32619;1.32677
2025-04-16 09:00:00;1.32892;1.32920;1.32615;1.32670
2025-04-16 08:00:00;1.32852;1.32904;1.32700;1.32904
2025-04-16 07:00:00;1.32679;1.32850;1.32645;1.32830
2025-04-16 06:00:00;1.32818;1.32818;1.32598;1.32642
2025-04-16 05:00:00;1.32628;1.32896;1.32614;1.32896
2025-04-16 04:00:00;1.32645;1.32665;1.32579;1.32644
2025-04-16 03:00:00;1.32507;1.32630;1.32492;1.32630
2025-04-16 02:00:00;1.32508;1.32568;1.32461;1.32485
2025-04-16 01:00:00;1.32473;1.32570;1.32450;1.32499
2025-04-16 00:00:00;1.32312;1.32542;1.32312;1.32477
2025-04-15 23:00:00;1.32328;1.32345;1.32259;1.32303
2025-04-15 22:00:00;1.32319;1.32389;1.32287;1.32375
2025-04-15 21:00:00;1.32273;1.32329;1.32240;1.32265
2025-04-15 20:00:00;1.32275;1.32345;1.32268;1.32326
2025-04-15 19:00:00;1.32156;1.32300;1.32137;1.32258
2025-04-15 18:00:00;1.32181;1.32186;1.32079;1.32186
2025-04-15 17:00:00;1.32113;1.32277;1.32086;1.32184
2025-04-15 16:00:00;1.32230;1.32249;1.32074;1.32134
2025-04-15 15:00:00;1.32436;1.32436;1.32191;1.32209
2025-04-15 14:00:00;1.32273;1.32447;1.32081;1.32445
2025-04-15 13:00:00;1.32237;1.32331;1.32175;1.32263
2025-04-15 12:00:00;1.32347;1.32449;1.32216;1.32216
2025-04-15 11:00:00;1.32406;1.32417;1.32198;1.32317
2025-04-15 10:00:00;1.32378;1.32494;1.32333;1.32406
2025-04-15 09:00:00;1.32286;1.32473;1.32286;1.32412
2025-04-15 08:00:00;1.32238;1.32371;1.32195;1.32305
2025-04-15 07:00:00;1.31980;1.32251;1.31897;1.32230
2025-04-15 06:00:00;1.32011;1.32146;1.31872;1.31964
2025-04-15 05:00:00;1.32137;1.32210;1.32036;1.32036
2025-04-15 04:00:00;1.31985;1.32181;1.31971;1.32132
2025-04-15 03:00:00;1.31978;1.31998;1.31917;1.31985
2025-04-15 02:00:00;1.31811;1.31977;1.31792;1.31961
2025-04-15 01:00:00;1.31770;1.31843;1.31702;1.31777
2025-04-15 00:00:00;1.31737;1.31766;1.31659;1.31723
2025-04-14 23:00:00;1.31829;1.31829;1.31686;1.31737
2025-04-14 22:00:00;1.31970;1.31970;1.31797;1.31817
2025-04-14 21:00:00;1.31914;1.31914;1.31824;1.31850
2025-04-14 20:00:00;1.31879;1.31905;1.31830;1.31898
2025-04-14 19:00:00;1.31973;1.31996;1.31890;1.31902
2025-04-14 18:00:00;1.31848;1.31975;1.31832;1.31975
2025-04-14 17:00:00;1.31747;1.31870;1.31721;1.31818
2025-04-14 16:00:00;1.31738;1.31923;1.31673;1.31678
2025-04-14 15:00:00;1.31891;1.31891;1.31735;1.31742
2025-04-14 14:00:00;1.31579;1.31893;1.31536;1.31872
2025-04-14 13:00:00;1.31435;1.31582;1.31242;1.31577
2025-04-14 12:00:00;1.31754;1.31775;1.31430;1.31465
2025-04-14 11:00:00;1.31950;1.32008;1.31756;1.31756
2025-04-14 10:00:00;1.31780;1.31985;1.31629;1.31985
2025-04-14 09:00:00;1.31747;1.31886;1.31744;1.31808
2025-04-14 08:00:00;1.31645;1.31872;1.31626;1.31742
2025-04-14 07:00:00;1.31702;1.31702;1.31562;1.31660
2025-04-14 06:00:00;1.31225;1.31726;1.31170;1.31692
2025-04-14 05:00:00;1.31105;1.31278;1.30984;1.31266
2025-04-14 04:00:00;1.31082;1.31170;1.31038;1.31038
2025-04-14 03:00:00;1.31056;1.31125;1.30971;1.31075
2025-04-14 02:00:00;1.31105;1.31139;1.31026;1.31074
2025-04-14 01:00:00;1.30989;1.31287;1.30989;1.31070
2025-04-14 00:00:00;1.30875;1.31072;1.30861;1.30969
2025-04-13 23:00:00;1.30837;1.30909;1.30755;1.30852
2025-04-11 21:00:00;1.30885;1.30885;1.30885;1.30885
2025-04-11 20:00:00;1.30740;1.31020;1.30640;1.30880
2025-04-11 19:00:00;1.30580;1.30830;1.30580;1.30750
2025-04-11 18:00:00;1.30500;1.30700;1.30480;1.30600
2025-04-11 17:00:00;1.30520;1.30770;1.30440;1.30490
2025-04-11 16:00:00;1.30470;1.30600;1.30300;1.30510
2025-04-11 15:00:00;1.30580;1.30660;1.30400;1.30470
2025-04-11 14:00:00;1.30990;1.31160;1.30560;1.30580
2025-04-11 13:00:00;1.31230;1.31350;1.30610;1.30930
2025-04-11 12:00:00;1.30870;1.3125;1.30830;1.31230
2025-04-11 11:00:00;1.30740;1.30980;1.30640;1.30890
2025-04-11 10:00:00;1.31230;1.31230;1.30570;1.30750
2025-04-11 09:00:00;1.31080;1.31450;1.30830;1.31230
2025-04-11 08:00:00;1.30670;1.31340;1.30550;1.31090
2025-04-11 07:00:00;1.30180;1.30760;1.30180;1.30680
2025-04-11 06:00:00;1.30130;1.30210;1.29850;1.30190
2025-04-11 05:00:00;1.30220;1.30220;1.29950;1.30050
2025-04-11 04:00:00;1.30360;1.30360;1.30120;1.30220
2025-04-11 03:00:00;1.30150;1.30470;1.30120;1.30360
2025-04-11 02:00:00;1.30110;1.30240;1.30080;1.30150
2025-04-11 01:00:00;1.30170;1.30290;1.29950;1.30100
2025-04-11 00:00:00;1.29900;1.30470;1.29880;1.30170
2025-04-10 23:00:00;1.29880;1.29980;1.29670;1.29900
2025-04-10 22:00:00;1.29680;1.29900;1.29680;1.29880
2025-04-10 21:00:00;1.29730;1.29730;1.29690;1.29700
2025-04-10 20:00:00;1.29690;1.29730;1.29540;1.29690
2025-04-10 19:00:00;1.29800;1.29880;1.29390;1.29690
2025-04-10 18:00:00;1.29750;1.29960;1.29710;1.29820
2025-04-10 17:00:00;1.29540;1.29770;1.29320;1.29750
2025-04-10 16:00:00;1.29380;1.29620;1.29250;1.29550
2025-04-10 15:00:00;1.29600;1.29790;1.29370;1.29380
2025-04-10 14:00:00;1.29230;1.29610;1.29080;1.29600
2025-04-10 13:00:00;1.29250;1.29320;1.28930;1.29240
2025-04-10 12:00:00;1.29310;1.29570;1.29190;1.29250
2025-04-10 11:00:00;1.29150;1.29380;1.29120;1.29320
2025-04-10 10:00:00;1.28910;1.29250;1.28830;1.29140
2025-04-10 09:00:00;1.28700;1.28940;1.28610;1.28920
2025-04-10 08:00:00;1.28770;1.28790;1.28600;1.28690
2025-04-10 07:00:00;1.28670;1.28810;1.28450;1.28770
2025-04-10 06:00:00;1.28590;1.28770;1.28470;1.28680
2025-04-10 05:00:00;1.28590;1.28700;1.28550;1.28600
2025-04-10 04:00:00;1.28470;1.28610;1.28410;1.28590
2025-04-10 03:00:00;1.28380;1.28530;1.28370;1.28500
2025-04-10 02:00:00;1.28300;1.28410;1.28220;1.28390
2025-04-10 01:00:00;1.28450;1.28450;1.28240;1.28280
2025-04-10 00:00:00;1.28240;1.28470;1.28230;1.28450
2025-04-09 23:00:00;1.28220;1.28260;1.28110;1.28250
2025-04-09 22:00:00;1.28190;1.28340;1.28140;1.28240
2025-04-09 21:00:00;1.28240;1.28240;1.28100;1.28220
2025-04-09 20:00:00;1.28030;1.28340;1.27940;1.28210
2025-04-09 19:00:00;1.28030;1.28380;1.28000;1.28030
2025-04-09 18:00:00;1.27900;1.28240;1.27440;1.28040
2025-04-09 17:00:00;1.27670;1.28210;1.27440;1.27900
2025-04-09 16:00:00;1.27700;1.27790;1.27600;1.27650
2025-04-09 15:00:00;1.27570;1.27880;1.27530;1.27690
2025-04-09 14:00:00;1.27780;1.27790;1.27520;1.27580
2025-04-09 13:00:00;1.28050;1.28150;1.27730;1.27770
2025-04-09 12:00:00;1.27740;1.28150;1.27710;1.28030
2025-04-09 11:00:00;1.28200;1.28250;1.27730;1.27740
2025-04-09 10:00:00;1.28210;1.28380;1.28070;1.28200
2025-04-09 09:00:00;1.28250;1.28370;1.28140;1.28220
2025-04-09 08:00:00;1.28000;1.28280;1.27870;1.28260
2025-04-09 07:00:00;1.28390;1.28490;1.27930;1.28010
2025-04-09 06:00:00;1.28390;1.28640;1.28190;1.28400
2025-04-09 05:00:00;1.28550;1.28550;1.28240;1.28390
2025-04-09 04:00:00;1.28180;1.28570;1.28150;1.28550
2025-04-09 03:00:00;1.28220;1.28350;1.28150;1.28190
2025-04-09 02:00:00;1.28310;1.28410;1.28130;1.28220
2025-04-09 01:00:00;1.28160;1.28460;1.28150;1.28320
2025-04-09 00:00:00;1.27870;1.28160;1.27760;1.28150
2025-04-08 23:00:00;1.27790;1.27920;1.27750;1.27860
2025-04-08 22:00:00;1.27670;1.27860;1.27650;1.27780
2025-04-08 21:00:00;1.27650;1.27820;1.27620;1.27680
2025-04-08 20:00:00;1.27740;1.27800;1.27550;1.27650
2025-04-08 19:00:00;1.27880;1.28020;1.27690;1.27750
2025-04-08 18:00:00;1.27820;1.28140;1.27780;1.27900
2025-04-08 17:00:00;1.27720;1.27880;1.27710;1.27820
2025-04-08 16:00:00;1.27670;1.27840;1.27560;1.27730
2025-04-08 15:00:00;1.27560;1.27770;1.27440;1.27690
2025-04-08 14:00:00;1.27880;1.27920;1.27530;1.27560
2025-04-08 13:00:00;1.27760;1.27940;1.27680;1.27880
2025-04-08 12:00:00;1.27790;1.27960;1.27720;1.27760
2025-04-08 11:00:00;1.27520;1.27830;1.27500;1.27790
2025-04-08 10:00:00;1.27450;1.27690;1.27350;1.27530
2025-04-08 09:00:00;1.27530;1.27530;1.27250;1.27460
2025-04-08 08:00:00;1.27500;1.27730;1.27460;1.27530
2025-04-08 07:00:00;1.27850;1.27850;1.27500;1.27500
2025-04-08 06:00:00;1.27800;1.27970;1.27770;1.27860
2025-04-08 05:00:00;1.27860;1.27860;1.27650;1.27820
2025-04-08 04:00:00;1.27770;1.27920;1.27770;1.27860
2025-04-08 03:00:00;1.27860;1.27860;1.27750;1.27770
2025-04-08 02:00:00;1.27760;1.27920;1.27750;1.27860
2025-04-08 01:00:00;1.27520;1.27790;1.27510;1.27750
2025-04-08 00:00:00;1.27330;1.27650;1.27330;1.27520
2025-04-07 23:00:00;1.27360;1.27390;1.27260;1.27340
2025-04-07 22:00:00;1.27270;1.27390;1.27230;1.27370
2025-04-07 21:00:00;1.27230;1.27290;1.27210;1.27250
2025-04-07 20:00:00;1.27170;1.27270;1.27080;1.27250
2025-04-07 19:00:00;1.27470;1.27560;1.27150;1.27170
2025-04-07 18:00:00;1.27670;1.27710;1.27450;1.27480
2025-04-07 17:00:00;1.27310;1.27790;1.27290;1.27670
2025-04-07 16:00:00;1.27230;1.27310;1.27100;1.27300
2025-04-07 15:00:00;1.27550;1.27740;1.27250;1.27250
2025-04-07 14:00:00;1.28010;1.28470;1.27540;1.27550
2025-04-07 13:00:00;1.28380;1.28380;1.27860;1.28010
2025-04-07 12:00:00;1.28240;1.28530;1.28070;1.28370
2025-04-07 11:00:00;1.28260;1.28340;1.28040;1.28240
2025-04-07 10:00:00;1.28370;1.28610;1.28240;1.28250
2025-04-07 09:00:00;1.28720;1.28770;1.28320;1.28370
2025-04-07 08:00:00;1.28950;1.29140;1.28660;1.28710
2025-04-07 07:00:00;1.29020;1.29340;1.28950;1.28950
2025-04-07 06:00:00;1.29230;1.29270;1.28830;1.29010
2025-04-07 05:00:00;1.29020;1.29270;1.28970;1.29250
2025-04-07 04:00:00;1.28850;1.29060;1.28850;1.29030
2025-04-07 03:00:00;1.28590;1.28910;1.28550;1.28860
2025-04-07 02:00:00;1.28860;1.28910;1.28500;1.28600
2025-04-07 01:00:00;1.29100;1.29160;1.28840;1.28860
2025-04-07 00:00:00;1.29100;1.29180;1.28850;1.29100
2025-04-06 23:00:00;1.28790;1.29330;1.28780;1.29090
2025-04-04 20:00:00;1.28740;1.29020;1.28540;1.29010
2025-04-04 19:00:00;1.28810;1.29000;1.28680;1.28730
2025-04-04 18:00:00;1.29020;1.29140;1.28800;1.28810
2025-04-04 17:00:00;1.28960;1.29080;1.28570;1.29040
2025-04-04 16:00:00;1.29260;1.29290;1.28880;1.28950
2025-04-04 15:00:00;1.29390;1.29560;1.29080;1.29270
2025-04-04 14:00:00;1.29800;1.29810;1.29230;1.29400
2025-04-04 13:00:00;1.30020;1.30180;1.29790;1.29800
2025-04-04 12:00:00;1.30220;1.30500;1.29900;1.30020
2025-04-04 11:00:00;1.30030;1.30300;1.29900;1.30210
2025-04-04 10:00:00;1.29880;1.30320;1.29770;1.30040
2025-04-04 09:00:00;1.29820;1.29920;1.29630;1.29890
2025-04-04 08:00:00;1.30080;1.30150;1.29760;1.29820
2025-04-04 07:00:00;1.30560;1.30660;1.30050;1.30070
2025-04-04 06:00:00;1.31000;1.31000;1.30530;1.30530
2025-04-04 05:00:00;1.30970;1.31140;1.30890;1.30990
2025-04-04 04:00:00;1.31040;1.31080;1.30960;1.30980
2025-04-04 03:00:00;1.30850;1.31080;1.30810;1.31030
2025-04-04 02:00:00;1.31030;1.31060;1.30850;1.30850
2025-04-04 01:00:00;1.31020;1.31100;1.30950;1.31020
2025-04-04 00:00:00;1.30890;1.31050;1.30830;1.31010
2025-04-03 23:00:00;1.31040;1.31040;1.30870;1.30890
2025-04-03 22:00:00;1.31030;1.31080;1.30970;1.31060
2025-04-03 21:00:00;1.31000;1.31070;1.30940;1.31030
2025-04-03 20:00:00;1.30810;1.31020;1.30800;1.31010
2025-04-03 19:00:00;1.30950;1.30970;1.30800;1.30820
2025-04-03 18:00:00;1.30980;1.31050;1.30890;1.30960
2025-04-03 17:00:00;1.31040;1.31080;1.30930;1.30990
2025-04-03 16:00:00;1.31110;1.31220;1.31040;1.31050
2025-04-03 15:00:00;1.31690;1.31690;1.31060;1.31100
2025-04-03 14:00:00;1.31570;1.31750;1.31480;1.31680
2025-04-03 13:00:00;1.31580;1.31960;1.31450;1.31490
2025-04-03 12:00:00;1.31760;1.31880;1.31500;1.31580
2025-04-03 11:00:00;1.31480;1.31810;1.31380;1.31750
2025-04-03 10:00:00;1.31710;1.32070;1.31470;1.31480
2025-04-03 09:00:00;1.31630;1.31830;1.31570;1.31700
2025-04-03 08:00:00;1.31380;1.31690;1.31320;1.31620
2025-04-03 07:00:00;1.31200;1.31400;1.31030;1.31370
2025-04-03 06:00:00;1.30900;1.31200;1.30830;1.31190
2025-04-03 05:00:00;1.30580;1.31010;1.30580;1.30910
2025-04-03 04:00:00;1.30700;1.30720;1.30560;1.30590
2025-04-03 03:00:00;1.30620;1.30780;1.30590;1.30690
2025-04-03 02:00:00;1.30550;1.30650;1.30490;1.30630
2025-04-03 01:00:00;1.30410;1.30700;1.30370;1.30550
2025-04-03 00:00:00;1.30450;1.30570;1.30260;1.30400
2025-04-02 23:00:00;1.30090;1.30530;1.30050;1.30450
2025-04-02 22:00:00;1.29990;1.30110;1.29740;1.30070
2025-04-02 21:00:00;1.30070;1.30080;1.29740;1.30000
2025-04-02 20:00:00;1.29810;1.30250;1.29550;1.30080
2025-04-02 19:00:00;1.29790;1.29870;1.29790;1.29820
2025-04-02 18:00:00;1.29710;1.29840;1.29680;1.29790
2025-04-02 17:00:00;1.29700;1.29820;1.29700;1.29710
2025-04-02 16:00:00;1.29730;1.29760;1.29630;1.29710
2025-04-02 15:00:00;1.29670;1.29790;1.29620;1.29740
2025-04-02 14:00:00;1.29390;1.29700;1.29340;1.29660
2025-04-02 13:00:00;1.29420;1.29480;1.29380;1.29400
2025-04-02 12:00:00;1.29490;1.29500;1.29350;1.29430
2025-04-02 11:00:00;1.29370;1.29500;1.29340;1.29480
2025-04-02 10:00:00;1.29470;1.29480;1.29290;1.29380
2025-04-02 09:00:00;1.29200;1.29500;1.29200;1.29480
2025-04-02 08:00:00;1.29120;1.29250;1.29100;1.29210
2025-04-02 07:00:00;1.29140;1.29160;1.29010;1.29130
2025-04-02 06:00:00;1.29160;1.29180;1.29100;1.29140
2025-04-02 05:00:00;1.29180;1.29180;1.29120;1.29150
2025-04-02 04:00:00;1.29210;1.29220;1.29180;1.29190
2025-04-02 03:00:00;1.29230;1.29260;1.29200;1.29220
2025-04-02 02:00:00;1.29200;1.29310;1.29170;1.29220
2025-04-02 01:00:00;1.29110;1.29210;1.29060;1.29200
2025-04-02 00:00:00;1.29210;1.29220;1.29100;1.29110
2025-04-01 23:00:00;1.29280;1.29290;1.29220;1.29220
2025-04-01 22:00:00;1.29230;1.29330;1.29230;1.29270
2025-04-01 21:00:00;1.29220;1.29250;1.29210;1.29230
2025-04-01 20:00:00;1.29210;1.29290;1.29180;1.29230
2025-04-01 19:00:00;1.29100;1.29210;1.29080;1.29210
2025-04-01 18:00:00;1.29220;1.29220;1.29100;1.29100
2025-04-01 17:00:00;1.29270;1.29330;1.29200;1.29230
2025-04-01 16:00:00;1.29200;1.29290;1.29170;1.29270
2025-04-01 15:00:00;1.29220;1.29290;1.29180;1.29210
2025-04-01 14:00:00;1.28840;1.29250;1.28820;1.29220
2025-04-01 13:00:00;1.28900;1.29000;1.28800;1.28850
2025-04-01 12:00:00;1.28910;1.29000;1.28850;1.28910
2025-04-01 11:00:00;1.29080;1.29140;1.28900;1.28910
2025-04-01 10:00:00;1.29350;1.29350;1.29080;1.29080
2025-04-01 09:00:00;1.29260;1.29390;1.29230;1.29350
2025-04-01 08:00:00;1.29080;1.29310;1.29060;1.29250
2025-04-01 07:00:00;1.29220;1.29220;1.29020;1.29090
2025-04-01 06:00:00;1.29190;1.29290;1.29130;1.29220
2025-04-01 05:00:00;1.29380;1.29380;1.29190;1.29200
2025-04-01 04:00:00;1.29340;1.29410;1.29330;1.29370
2025-04-01 03:00:00;1.29310;1.29360;1.29290;1.29340
2025-04-01 02:00:00;1.29210;1.29350;1.29210;1.29310
2025-04-01 01:00:00;1.29260;1.29270;1.29180;1.29220
2025-04-01 00:00:00;1.29190;1.29270;1.29180;1.29270
2025-03-31 23:00:00;1.29210;1.29220;1.29160;1.29200
2025-03-31 22:00:00;1.29180;1.29210;1.29160;1.29200
2025-03-31 21:00:00;1.29180;1.29220;1.29160;1.29190
2025-03-31 20:00:00;1.29180;1.29220;1.29140;1.29190
2025-03-31 19:00:00;1.29110;1.29250;1.29090;1.29190
2025-03-31 18:00:00;1.29080;1.29140;1.29040;1.29100
2025-03-31 17:00:00;1.29070;1.29160;1.29060;1.29080
2025-03-31 16:00:00;1.28920;1.29150;1.28870;1.29080
2025-03-31 15:00:00;1.29100;1.29210;1.28900;1.28910
2025-03-31 14:00:00;1.29300;1.29320;1.29030;1.29100
2025-03-31 13:00:00;1.29330;1.29410;1.29260;1.29310
2025-03-31 12:00:00;1.29520;1.29590;1.29310;1.29330
2025-03-31 11:00:00;1.29380;1.29600;1.29370;1.29520
2025-03-31 10:00:00;1.29270;1.29440;1.29180;1.29390
2025-03-31 09:00:00;1.29440;1.29440;1.29250;1.29280
2025-03-31 08:00:00;1.29570;1.29620;1.29360;1.29440
2025-03-31 07:00:00;1.29650;1.29730;1.29560;1.29570
2025-03-31 06:00:00;1.29580;1.29670;1.29490;1.29660
2025-03-31 05:00:00;1.29570;1.29620;1.29550;1.29570
2025-03-31 04:00:00;1.29580;1.29620;1.29560;1.29570
2025-03-31 03:00:00;1.29650;1.29650;1.29570;1.29580
2025-03-31 02:00:00;1.29600;1.29720;1.29550;1.29640
2025-03-31 01:00:00;1.29600;1.29670;1.29590;1.29590
2025-03-31 00:00:00;1.29380;1.29600;1.29370;1.29600
2025-03-30 23:00:00;1.29310;1.29410;1.29290;1.29380
2025-03-30 22:00:00;1.29310;1.29360;1.29230;1.29320
2025-03-28 20:00:00;1.29450;1.29480;1.29380;1.29390
2025-03-28 19:00:00;1.29400;1.29470;1.29390;1.29460
2025-03-28 18:00:00;1.29400;1.29440;1.29340;1.29400
2025-03-28 17:00:00;1.29440;1.29460;1.29290;1.29410
2025-03-28 16:00:00;1.29420;1.29500;1.29400;1.29440
2025-03-28 15:00:00;1.29480;1.29640;1.29350;1.29420
2025-03-28 14:00:00;1.29550;1.29680;1.29460;1.29500
2025-03-28 13:00:00;1.29440;1.29630;1.29390;1.29560
2025-03-28 12:00:00;1.29290;1.29520;1.29240;1.29430
2025-03-28 11:00:00;1.29360;1.29390;1.29230;1.29290
2025-03-28 10:00:00;1.29520;1.29530;1.29360;1.29360
2025-03-28 09:00:00;1.29470;1.29570;1.29410;1.29520
2025-03-28 08:00:00;1.29500;1.29600;1.29410;1.29460
2025-03-28 07:00:00;1.29540;1.29690;1.29410;1.29500
2025-03-28 06:00:00;1.29400;1.29460;1.29390;1.29420
2025-03-28 05:00:00;1.29420;1.29440;1.29370;1.29410
2025-03-28 04:00:00;1.29460;1.29460;1.29410;1.29420
2025-03-28 03:00:00;1.29490;1.29520;1.29450;1.29450
2025-03-28 02:00:00;1.29460;1.29540;1.29450;1.29480
2025-03-28 01:00:00;1.29480;1.29520;1.29450;1.29470
2025-03-28 00:00:00;1.29500;1.29510;1.29410;1.29480
2025-03-27 23:00:00;1.29460;1.29520;1.29460;1.29520
2025-03-27 22:00:00;1.29500;1.29520;1.29440;1.29460
2025-03-27 21:00:00;1.29490;1.29590;1.29450;1.29510
2025-03-27 20:00:00;1.29500;1.29510;1.29470;1.29500
2025-03-27 19:00:00;1.29500;1.29570;1.29460;1.29490
2025-03-27 18:00:00;1.29480;1.29590;1.29480;1.29500
2025-03-27 17:00:00;1.29580;1.29670;1.29480;1.29500
2025-03-27 16:00:00;1.29630;1.29730;1.29530;1.29570
2025-03-27 15:00:00;1.29480;1.29920;1.29440;1.29630
2025-03-27 14:00:00;1.29280;1.29480;1.29230;1.29460
2025-03-27 13:00:00;1.29460;1.29520;1.29270;1.29290
2025-03-27 12:00:00;1.29310;1.29610;1.29280;1.29450
2025-03-27 11:00:00;1.29320;1.29420;1.29290;1.29310
2025-03-27 10:00:00;1.29210;1.29330;1.29150;1.29330
2025-03-27 09:00:00;1.29230;1.29270;1.29120;1.29200
2025-03-27 08:00:00;1.29100;1.29240;1.29020;1.29230
2025-03-27 07:00:00;1.29200;1.29210;1.29030;1.29120
2025-03-27 06:00:00;1.29120;1.29290;1.29120;1.29210
2025-03-27 05:00:00;1.29210;1.29250;1.29090;1.29120
2025-03-27 04:00:00;1.29120;1.29260;1.29110;1.29210
2025-03-27 03:00:00;1.29120;1.29150;1.29060;1.29110
2025-03-27 02:00:00;1.29000;1.29170;1.29000;1.29120
2025-03-27 01:00:00;1.28900;1.29020;1.28890;1.29010
2025-03-27 00:00:00;1.28770;1.28910;1.28770;1.28890
2025-03-26 23:00:00;1.28750;1.28810;1.28720;1.28780
2025-03-26 22:00:00;1.28770;1.28830;1.28710;1.28760
2025-03-26 21:00:00;1.28890;1.28920;1.28740;1.28760
2025-03-26 20:00:00;1.28870;1.28930;1.28870;1.28890
2025-03-26 19:00:00;1.28850;1.28900;1.28800;1.28890
2025-03-26 18:00:00;1.28840;1.28900;1.28830;1.28850
2025-03-26 17:00:00;1.28970;1.28980;1.28810;1.28830
2025-03-26 16:00:00;1.28870;1.29020;1.28820;1.28960
2025-03-26 15:00:00;1.28970;1.29040;1.28770;1.28860
2025-03-26 14:00:00;1.28830;1.29020;1.28810;1.28970
2025-03-26 13:00:00;1.28940;1.29100;1.28740;1.28830
2025-03-26 12:00:00;1.28970;1.29080;1.28830;1.28930
2025-03-26 11:00:00;1.29080;1.29120;1.28960;1.28970
2025-03-26 10:00:00;1.29090;1.29140;1.29020;1.29070
2025-03-26 09:00:00;1.29070;1.29120;1.28960;1.29100
2025-03-26 08:00:00;1.29120;1.29140;1.28870;1.29080
2025-03-26 07:00:00;1.29320;1.29380;1.29030;1.29120
2025-03-26 06:00:00;1.29310;1.29440;1.29280;1.29420
2025-03-26 05:00:00;1.29340;1.29350;1.29290;1.29320
2025-03-26 04:00:00;1.29370;1.29370;1.29310;1.29350
2025-03-26 03:00:00;1.29440;1.29450;1.29330;1.29350
2025-03-26 02:00:00;1.29440;1.29460;1.29390;1.29440
2025-03-26 01:00:00;1.29330;1.29450;1.29270;1.29440
2025-03-26 00:00:00;1.29450;1.29460;1.29330;1.29330
2025-03-25 23:00:00;1.29420;1.29460;1.29410;1.29460
2025-03-25 22:00:00;1.29460;1.29500;1.29420;1.29430
2025-03-25 21:00:00;1.29430;1.29480;1.29410;1.29460
2025-03-25 20:00:00;1.29460;1.29480;1.29410;1.29440
2025-03-25 19:00:00;1.29440;1.29480;1.29400;1.29480
2025-03-25 18:00:00;1.29590;1.29590;1.29440;1.29460
2025-03-25 17:00:00;1.29580;1.29670;1.29560;1.29600
2025-03-25 16:00:00;1.29480;1.29600;1.29460;1.29580
2025-03-25 15:00:00;1.29480;1.29530;1.29440;1.29480
2025-03-25 14:00:00;1.29460;1.29520;1.29330;1.29480
2025-03-25 13:00:00;1.29550;1.29610;1.29440;1.29460
2025-03-25 12:00:00;1.29430;1.29610;1.29420;1.29550
2025-03-25 11:00:00;1.29520;1.29580;1.29420;1.29420
2025-03-25 10:00:00;1.29300;1.29520;1.29280;1.29520
2025-03-25 09:00:00;1.29120;1.29310;1.29120;1.29310
2025-03-25 08:00:00;1.29060;1.29160;1.29020;1.29120
2025-03-25 07:00:00;1.29150;1.29230;1.29030;1.29060
2025-03-25 06:00:00;1.29230;1.29230;1.29140;1.29150
2025-03-25 05:00:00;1.29230;1.29280;1.29220;1.29230
2025-03-25 04:00:00;1.29250;1.29290;1.29220;1.29240
2025-03-25 03:00:00;1.29130;1.29250;1.29130;1.29250
2025-03-25 02:00:00;1.29210;1.29240;1.29120;1.29140
2025-03-25 01:00:00;1.29170;1.29250;1.29160;1.29220
2025-03-25 00:00:00;1.29230;1.29230;1.29160;1.29170
2025-03-24 23:00:00;1.29210;1.29240;1.29190;1.29230
2025-03-24 22:00:00;1.29230;1.29250;1.29170;1.29210
2025-03-24 21:00:00;1.29240;1.29250;1.29200;1.29230
2025-03-24 20:00:00;1.29210;1.29270;1.29200;1.29230
2025-03-24 19:00:00;1.29270;1.29290;1.29190;1.29210
2025-03-24 18:00:00;1.29100;1.29300;1.29060;1.29270
2025-03-24 17:00:00;1.29030;1.29120;1.29010;1.29110
2025-03-24 16:00:00;1.29120;1.29250;1.28960;1.29040
2025-03-24 15:00:00;1.29280;1.29290;1.29080;1.29120
2025-03-24 14:00:00;1.29180;1.29500;1.29140;1.29270
2025-03-24 13:00:00;1.29440;1.29450;1.29180;1.29190
2025-03-24 12:00:00;1.29440;1.29500;1.29410;1.29440
2025-03-24 11:00:00;1.29670;1.29670;1.29430;1.29440
2025-03-24 10:00:00;1.29620;1.29750;1.29580;1.29670
2025-03-24 09:00:00;1.29520;1.29650;1.29400;1.29610
2025-03-24 08:00:00;1.29480;1.29580;1.29440;1.29530
2025-03-24 07:00:00;1.29430;1.29520;1.29390;1.29480
2025-03-24 06:00:00;1.29230;1.29500;1.29230;1.29420
2025-03-24 05:00:00;1.29160;1.29250;1.29120;1.29230
2025-03-24 04:00:00;1.29130;1.29200;1.29110;1.29170
2025-03-24 03:00:00;1.29250;1.29290;1.29130;1.29130
2025-03-24 02:00:00;1.29250;1.29310;1.29230;1.29250
2025-03-24 01:00:00;1.29340;1.29350;1.29200;1.29240
2025-03-24 00:00:00;1.29250;1.29350;1.29220;1.29340
2025-03-23 23:00:00;1.29150;1.29270;1.29120;1.29250
2025-03-23 22:00:00;1.29060;1.29240;1.29060;1.29150
2025-03-21 20:00:00;1.29180;1.29210;1.29120;1.29190
2025-03-21 19:00:00;1.29270;1.29290;1.29170;1.29190
2025-03-21 18:00:00;1.29230;1.29290;1.29140;1.29270
2025-03-21 17:00:00;1.29210;1.29290;1.29090;1.29230
2025-03-21 16:00:00;1.28940;1.29210;1.28880;1.29210
2025-03-21 15:00:00;1.29360;1.29380;1.28940;1.28940
2025-03-21 14:00:00;1.29380;1.29390;1.29270;1.29340
2025-03-21 13:00:00;1.29370;1.29370;1.29230;1.29370
2025-03-21 12:00:00;1.29460;1.29560;1.29330;1.29370
2025-03-21 11:00:00;1.29440;1.29470;1.29380;1.29460
2025-03-21 10:00:00;1.29340;1.29480;1.29330;1.29440
2025-03-21 09:00:00;1.29410;1.29430;1.29330;1.29340
2025-03-21 08:00:00;1.29350;1.29420;1.29230;1.29410
2025-03-21 07:00:00;1.29360;1.29460;1.29300;1.29350
2025-03-21 06:00:00;1.29290;1.29370;1.29250;1.29350
2025-03-21 05:00:00;1.29390;1.29400;1.29250;1.29290
2025-03-21 04:00:00;1.29460;1.29480;1.29380;1.29400
2025-03-21 03:00:00;1.29590;1.29600;1.29450;1.29460
2025-03-21 02:00:00;1.29650;1.29670;1.29570;1.29590
2025-03-21 01:00:00;1.29640;1.29690;1.29590;1.29640
2025-03-21 00:00:00;1.29650;1.29710;1.29610;1.29650
2025-03-20 23:00:00;1.29660;1.29690;1.29630;1.29650
2025-03-20 22:00:00;1.29710;1.29710;1.29630;1.29670
2025-03-20 21:00:00;1.29670;1.29730;1.29620;1.29710
2025-03-20 20:00:00;1.29660;1.29690;1.29630;1.29670
2025-03-20 19:00:00;1.29610;1.29670;1.29600;1.29670
2025-03-20 18:00:00;1.29620;1.29630;1.29570;1.29600
2025-03-20 17:00:00;1.29650;1.29710;1.29570;1.29620
2025-03-20 16:00:00;1.29740;1.29740;1.29630;1.29650
2025-03-20 15:00:00;1.29670;1.29740;1.29530;1.29730
2025-03-20 14:00:00;1.29530;1.29670;1.29520;1.29660
2025-03-20 13:00:00;1.29500;1.29590;1.29360;1.29540
2025-03-20 12:00:00;1.29550;1.29800;1.29480;1.29520
2025-03-20 11:00:00;1.29550;1.29650;1.29460;1.29550
2025-03-20 10:00:00;1.29550;1.29580;1.29360;1.29540
2025-03-20 09:00:00;1.29710;1.29730;1.29460;1.29560
2025-03-20 08:00:00;1.29720;1.29800;1.29670;1.29720
2025-03-20 07:00:00;1.29880;1.29910;1.29630;1.29710
2025-03-20 06:00:00;1.29950;1.29970;1.29850;1.29860
2025-03-20 05:00:00;1.30030;1.30030;1.29910;1.29950
2025-03-20 04:00:00;1.30070;1.30090;1.30000;1.30020
2025-03-20 03:00:00;1.30070;1.30110;1.30050;1.30070
2025-03-20 02:00:00;1.30030;1.30130;1.30020;1.30070
2025-03-20 01:00:00;1.30090;1.30100;1.30020;1.30030
2025-03-20 00:00:00;1.30100;1.30150;1.29990;1.30090
2025-03-19 23:00:00;1.30060;1.30110;1.30030;1.30110
2025-03-19 22:00:00;1.30050;1.30110;1.30030;1.30070
2025-03-19 21:00:00;1.30040;1.30070;1.29870;1.30050
2025-03-19 20:00:00;1.29980;1.30050;1.29930;1.30040
2025-03-19 19:00:00;1.30070;1.30110;1.29820;1.29970
2025-03-19 18:00:00;1.29670;1.30110;1.29620;1.30070
2025-03-19 17:00:00;1.29740;1.29750;1.29560;1.29650
2025-03-19 16:00:00;1.29670;1.29770;1.29670;1.29750
2025-03-19 15:00:00;1.29670;1.29720;1.29620;1.29670
2025-03-19 14:00:00;1.29650;1.29750;1.29630;1.29670
2025-03-19 13:00:00;1.29660;1.29670;1.29550;1.29660
2025-03-19 12:00:00;1.29770;1.29820;1.29650;1.29670
2025-03-19 11:00:00;1.29660;1.29820;1.29600;1.29770
2025-03-19 10:00:00;1.29720;1.29730;1.29570;1.29650
2025-03-19 09:00:00;1.29740;1.29800;1.29640;1.29730
2025-03-19 08:00:00;1.29710;1.29810;1.29650;1.29740
2025-03-19 07:00:00;1.29770;1.29800;1.29580;1.29710
2025-03-19 06:00:00;1.29840;1.29880;1.29770;1.29780
2025-03-19 05:00:00;1.29880;1.29910;1.29820;1.29840
2025-03-19 04:00:00;1.29940;1.29940;1.29860;1.29880
2025-03-19 03:00:00;1.30000;1.30020;1.29890;1.29950
2025-03-19 02:00:00;1.29950;1.30030;1.29930;1.29990
2025-03-19 01:00:00;1.29960;1.29980;1.29920;1.29940
2025-03-19 00:00:00;1.30000;1.30020;1.29940;1.29960
2025-03-18 23:00:00;1.30010;1.30030;1.30000;1.30010
2025-03-18 22:00:00;1.30050;1.30050;1.29990;1.30010
2025-03-18 21:00:00;1.30010;1.30030;1.29980;1.30030
2025-03-18 20:00:00;1.30050;1.30070;1.30010;1.30020
2025-03-18 19:00:00;1.30040;1.30100;1.30020;1.30060
2025-03-18 18:00:00;1.30050;1.30080;1.30000;1.30050
2025-03-18 17:00:00;1.29990;1.30070;1.29970;1.30050
2025-03-18 16:00:00;1.29840;1.29990;1.29770;1.29990
2025-03-18 15:00:00;1.29690;1.29920;1.29570;1.29840
2025-03-18 14:00:00;1.29670;1.29780;1.29630;1.29690
2025-03-18 13:00:00;1.29690;1.29780;1.29550;1.29670
2025-03-18 12:00:00;1.29650;1.29760;1.29520;1.29700
2025-03-18 11:00:00;1.29900;1.29920;1.29650;1.29650
2025-03-18 10:00:00;1.30020;1.30030;1.29880;1.29900
2025-03-18 09:00:00;1.29970;1.30040;1.29860;1.30010
2025-03-18 08:00:00;1.29860;1.30050;1.29860;1.29970
2025-03-18 07:00:00;1.29810;1.29890;1.29780;1.29870
2025-03-18 06:00:00;1.29750;1.29810;1.29680;1.29800
2025-03-18 05:00:00;1.29780;1.29800;1.29740;1.29750
2025-03-18 04:00:00;1.29740;1.29780;1.29740;1.29780
2025-03-18 03:00:00;1.29750;1.29760;1.29710;1.29740
2025-03-18 02:00:00;1.29820;1.29830;1.29740;1.29740
2025-03-18 01:00:00;1.29830;1.29880;1.29810;1.29820
2025-03-18 00:00:00;1.29840;1.29880;1.29820;1.29830
2025-03-17 23:00:00;1.29880;1.29890;1.29840;1.29840
2025-03-17 22:00:00;1.29890;1.29920;1.29860;1.29880
2025-03-17 21:00:00;1.29920;1.29950;1.29860;1.29900
2025-03-17 20:00:00;1.29910;1.29990;1.29880;1.29920
2025-03-17 19:00:00;1.29970;1.29970;1.29910;1.29920
2025-03-17 18:00:00;1.29900;1.29990;1.29900;1.29970
2025-03-17 17:00:00;1.29920;1.29940;1.29860;1.29920
2025-03-17 16:00:00;1.29840;1.29940;1.29820;1.29900
2025-03-17 15:00:00;1.29820;1.29950;1.29800;1.29850
2025-03-17 14:00:00;1.29810;1.29840;1.29670;1.29820
2025-03-17 13:00:00;1.29720;1.29820;1.29690;1.29800
2025-03-17 12:00:00;1.29710;1.29770;1.29590;1.29710
2025-03-17 11:00:00;1.29720;1.29780;1.29650;1.29710
2025-03-17 10:00:00;1.29520;1.29740;1.29500;1.29730
2025-03-17 09:00:00;1.29420;1.29580;1.29410;1.29530
2025-03-17 08:00:00;1.29350;1.29460;1.29310;1.29420
2025-03-17 07:00:00;1.29290;1.29410;1.29290;1.29360
2025-03-17 06:00:00;1.29350;1.29380;1.29280;1.29290
2025-03-17 05:00:00;1.29350;1.29360;1.29290;1.29350
2025-03-17 04:00:00;1.29370;1.29450;1.29310;1.29360
2025-03-17 03:00:00;1.29350;1.29380;1.29310;1.29360
2025-03-17 02:00:00;1.29370;1.29410;1.29340;1.29360
2025-03-17 01:00:00;1.29290;1.29440;1.29290;1.29390
2025-03-17 00:00:00;1.29270;1.29340;1.29270;1.29290
2025-03-16 23:00:00;1.29310;1.29360;1.29270;1.29270
2025-03-16 22:00:00;1.29320;1.29360;1.29250;1.29310
2025-03-14 20:00:00;1.29350;1.29410;1.29310;1.29350
2025-03-14 19:00:00;1.29310;1.29370;1.29280;1.29360
2025-03-14 18:00:00;1.29290;1.29340;1.29290;1.29330
2025-03-14 17:00:00;1.29270;1.29330;1.29250;1.29290
2025-03-14 16:00:00;1.29150;1.29270;1.29120;1.29250
2025-03-14 15:00:00;1.29250;1.29350;1.29110;1.29150
2025-03-14 14:00:00;1.29400;1.29460;1.29230;1.29260
2025-03-14 13:00:00;1.29420;1.29440;1.29340;1.29410
2025-03-14 12:00:00;1.29400;1.29530;1.29380;1.29420
2025-03-14 11:00:00;1.29410;1.29470;1.29310;1.29390
2025-03-14 10:00:00;1.29270;1.29540;1.29250;1.29420
2025-03-14 09:00:00;1.29330;1.29360;1.29200;1.29280
2025-03-14 08:00:00;1.29250;1.29410;1.29220;1.29330
2025-03-14 07:00:00;1.29310;1.29360;1.29180;1.29250
2025-03-14 06:00:00;1.29480;1.29480;1.29370;1.29390
2025-03-14 05:00:00;1.29410;1.29500;1.29400;1.29490
2025-03-14 04:00:00;1.29440;1.29460;1.29370;1.29410
2025-03-14 03:00:00;1.29400;1.29470;1.29390;1.29440
2025-03-14 02:00:00;1.29420;1.29440;1.29360;1.29400
2025-03-14 01:00:00;1.29460;1.29490;1.29410;1.29420
2025-03-14 00:00:00;1.29560;1.29590;1.29450;1.29460
2025-03-13 23:00:00;1.29520;1.29580;1.29490;1.29570
2025-03-13 22:00:00;1.29480;1.29580;1.29480;1.29520
2025-03-13 21:00:00;1.29540;1.29550;1.29500;1.29500
2025-03-13 20:00:00;1.29440;1.29570;1.29420;1.29540
2025-03-13 19:00:00;1.29520;1.29540;1.29420;1.29440
2025-03-13 18:00:00;1.29400;1.29540;1.29390;1.29520
2025-03-13 17:00:00;1.29470;1.29480;1.29370;1.29400
2025-03-13 16:00:00;1.29440;1.29590;1.29370;1.29460
2025-03-13 15:00:00;1.29570;1.29590;1.29360;1.29440
2025-03-13 14:00:00;1.29380;1.29600;1.29370;1.29570
2025-03-13 13:00:00;1.29340;1.29450;1.29210;1.29380
2025-03-13 12:00:00;1.29320;1.29670;1.29270;1.29330
2025-03-13 11:00:00;1.29560;1.29580;1.29290;1.29330
2025-03-13 10:00:00;1.29600;1.29640;1.29500;1.29570
2025-03-13 09:00:00;1.29480;1.29610;1.29440;1.29600
2025-03-13 08:00:00;1.29540;1.29670;1.29420;1.29480
2025-03-13 07:00:00;1.29500;1.29590;1.29420;1.29520
2025-03-13 06:00:00;1.29600;1.29610;1.29460;1.29510
2025-03-13 05:00:00;1.29620;1.29630;1.29530;1.29590
2025-03-13 04:00:00;1.29580;1.29630;1.29550;1.29630
2025-03-13 03:00:00;1.29690;1.29710;1.29580;1.29580
2025-03-13 02:00:00;1.29670;1.29740;1.29660;1.29710
2025-03-13 01:00:00;1.29670;1.29710;1.29630;1.29670
2025-03-13 00:00:00;1.29640;1.29690;1.29610;1.29670
2025-03-12 23:00:00;1.29670;1.29670;1.29620;1.29650
2025-03-12 22:00:00;1.29630;1.29670;1.29630;1.29660
2025-03-12 21:00:00;1.29630;1.29680;1.29570;1.29630
2025-03-12 20:00:00;1.29690;1.29710;1.29610;1.29650
2025-03-12 19:00:00;1.29670;1.29730;1.29630;1.29670
2025-03-12 18:00:00;1.29670;1.29730;1.29640;1.29670
2025-03-12 17:00:00;1.29730;1.29810;1.29660;1.29670
2025-03-12 16:00:00;1.29680;1.29820;1.29650;1.29730
2025-03-12 15:00:00;1.29460;1.29690;1.29420;1.29690
2025-03-12 14:00:00;1.29350;1.29480;1.29250;1.29460
2025-03-12 13:00:00;1.29440;1.29560;1.29270;1.29350
2025-03-12 12:00:00;1.29440;1.29890;1.29390;1.29430
2025-03-12 11:00:00;1.29340;1.29610;1.29340;1.29440
2025-03-12 10:00:00;1.29340;1.29440;1.29290;1.29340
2025-03-12 09:00:00;1.29430;1.29460;1.29340;1.29350
2025-03-12 08:00:00;1.29270;1.29420;1.29240;1.29420
2025-03-12 07:00:00;1.29170;1.29320;1.29140;1.29290
2025-03-12 06:00:00;1.29310;1.29330;1.29160;1.29170
2025-03-12 05:00:00;1.29230;1.29320;1.29210;1.29310
2025-03-12 04:00:00;1.29230;1.29270;1.29200;1.29240
2025-03-12 03:00:00;1.29340;1.29360;1.29220;1.29230
2025-03-12 02:00:00;1.29370;1.29430;1.29330;1.29330
2025-03-12 01:00:00;1.29360;1.29440;1.29340;1.29370
2025-03-12 00:00:00;1.29440;1.29460;1.29310;1.29360
2025-03-11 23:00:00;1.29480;1.29500;1.29440;1.29440
2025-03-11 22:00:00;1.29450;1.29500;1.29450;1.29480
2025-03-11 21:00:00;1.29540;1.29560;1.29420;1.29460
2025-03-11 20:00:00;1.29520;1.29530;1.29460;1.29520
2025-03-11 19:00:00;1.29600;1.29650;1.29520;1.29520
2025-03-11 18:00:00;1.29500;1.29660;1.29480;1.29600
2025-03-11 17:00:00;1.29370;1.29500;1.29340;1.29500
2025-03-11 16:00:00;1.29460;1.29460;1.29370;1.29370
2025-03-11 15:00:00;1.29310;1.29570;1.29290;1.29460
2025-03-11 14:00:00;1.29340;1.29350;1.29180;1.29310
2025-03-11 13:00:00;1.29460;1.29480;1.29290;1.29330
2025-03-11 12:00:00;1.29230;1.29520;1.29220;1.29450
2025-03-11 11:00:00;1.29270;1.29370;1.29190;1.29250
2025-03-11 10:00:00;1.29340;1.29350;1.29230;1.29270
2025-03-11 09:00:00;1.29300;1.29420;1.29230;1.29350
2025-03-11 08:00:00;1.29100;1.29370;1.29060;1.29310
2025-03-11 07:00:00;1.28940;1.29180;1.28910;1.29090
2025-03-11 06:00:00;1.28770;1.29030;1.28750;1.28940
2025-03-11 05:00:00;1.28940;1.28960;1.28730;1.28770
2025-03-11 04:00:00;1.28910;1.28980;1.28860;1.28950
2025-03-11 03:00:00;1.28890;1.28950;1.28860;1.28900
2025-03-11 02:00:00;1.28900;1.28940;1.28830;1.28890
2025-03-11 01:00:00;1.28860;1.28910;1.28760;1.28890
2025-03-11 00:00:00;1.28760;1.28890;1.28740;1.28850
2025-03-10 23:00:00;1.28750;1.28810;1.28730;1.28750
2025-03-10 22:00:00;1.28780;1.28790;1.28730;1.28740
2025-03-10 21:00:00;1.28790;1.28850;1.28760;1.28790
2025-03-10 20:00:00;1.28770;1.28800;1.28640;1.28780
2025-03-10 19:00:00;1.28690;1.28780;1.28620;1.28770
2025-03-10 18:00:00;1.28780;1.28800;1.28620;1.28700
2025-03-10 17:00:00;1.28950;1.28950;1.28770;1.28770
2025-03-10 16:00:00;1.29050;1.29100;1.28850;1.28950
2025-03-10 15:00:00;1.29190;1.29200;1.28990;1.29050
2025-03-10 14:00:00;1.29250;1.29250;1.29080;1.29180
2025-03-10 13:00:00;1.29330;1.29460;1.29220;1.29260
2025-03-10 12:00:00;1.29220;1.29460;1.29210;1.29340
2025-03-10 11:00:00;1.29210;1.29340;1.29020;1.29230
2025-03-10 10:00:00;1.29100;1.29310;1.29100;1.29210
2025-03-10 09:00:00;1.28780;1.29130;1.28750;1.29090
2025-03-10 08:00:00;1.28970;1.28980;1.28740;1.28780
2025-03-10 07:00:00;1.29150;1.29200;1.28890;1.28960
2025-03-10 06:00:00;1.29140;1.29230;1.29110;1.29150
2025-03-10 05:00:00;1.29080;1.29120;1.29060;1.29120
2025-03-10 04:00:00;1.29120;1.29160;1.29070;1.29070
2025-03-10 03:00:00;1.29120;1.29170;1.29100;1.29110
2025-03-10 02:00:00;1.29290;1.29310;1.29110;1.29120
2025-03-10 01:00:00;1.29380;1.29460;1.29270;1.29290
2025-03-10 00:00:00;1.29330;1.29440;1.29310;1.29380
2025-03-09 23:00:00;1.29310;1.29390;1.29260;1.29320
2025-03-09 22:00:00;1.29190;1.29340;1.29190;1.29310
2025-03-07 21:00:00;1.29250;1.29290;1.29210;1.29220
2025-03-07 20:00:00;1.29200;1.29270;1.29190;1.29250
2025-03-07 19:00:00;1.29120;1.29220;1.29060;1.29210
2025-03-07 18:00:00;1.29060;1.29120;1.28970;1.29120
2025-03-07 17:00:00;1.29160;1.29210;1.28950;1.29080
2025-03-07 16:00:00;1.29230;1.29300;1.29050;1.29150
2025-03-07 15:00:00;1.29210;1.29370;1.29010;1.29230
2025-03-07 14:00:00;1.29020;1.29310;1.29020;1.29200
2025-03-07 13:00:00;1.29100;1.29400;1.29020;1.29020
2025-03-07 12:00:00;1.29200;1.29200;1.29030;1.29100
2025-03-07 11:00:00;1.29190;1.29230;1.29110;1.29190
2025-03-07 10:00:00;1.29380;1.29420;1.29170;1.29210
2025-03-07 09:00:00;1.29210;1.29450;1.29150;1.29390
2025-03-07 08:00:00;1.29060;1.29270;1.29020;1.29210
2025-03-07 07:00:00;1.28970;1.29120;1.28910;1.29040
2025-03-07 06:00:00;1.28850;1.29000;1.28800;1.28980
2025-03-07 05:00:00;1.28850;1.28910;1.28820;1.28850
2025-03-07 04:00:00;1.28870;1.28910;1.28830;1.28860
2025-03-07 03:00:00;1.28850;1.28930;1.28830;1.28880
2025-03-07 02:00:00;1.28830;1.28910;1.28770;1.28860
2025-03-07 01:00:00;1.28830;1.28870;1.28760;1.28840
2025-03-07 00:00:00;1.28830;1.28890;1.28800;1.28820
2025-03-06 23:00:00;1.28830;1.28890;1.28810;1.28830
2025-03-06 22:00:00;1.28820;1.28860;1.28780;1.28830
2025-03-06 21:00:00;1.28780;1.28850;1.28700;1.28850
2025-03-06 20:00:00;1.28940;1.28960;1.28780;1.28780
2025-03-06 19:00:00;1.28850;1.29030;1.28820;1.28940
2025-03-06 18:00:00;1.28870;1.29010;1.28770;1.28850
2025-03-06 17:00:00;1.28930;1.29020;1.28830;1.28880
2025-03-06 16:00:00;1.28910;1.29120;1.28890;1.28940
2025-03-06 15:00:00;1.29020;1.29190;1.28820;1.28910
2025-03-06 14:00:00;1.28980;1.29060;1.28810;1.29020
2025-03-06 13:00:00;1.28860;1.28980;1.28790;1.28970
2025-03-06 12:00:00;1.28800;1.28980;1.28760;1.28870
2025-03-06 11:00:00;1.28740;1.28860;1.28700;1.28800
2025-03-06 10:00:00;1.28760;1.28830;1.28660;1.28740
2025-03-06 09:00:00;1.28930;1.29060;1.28690;1.28770
2025-03-06 08:00:00;1.29080;1.29150;1.28910;1.28950
2025-03-06 07:00:00;1.29000;1.29240;1.28910;1.29080
2025-03-06 06:00:00;1.29020;1.29130;1.28950;1.28990
2025-03-06 05:00:00;1.29010;1.29040;1.28950;1.29020
2025-03-06 04:00:00;1.28870;1.29010;1.28830;1.29010
2025-03-06 03:00:00;1.28970;1.28980;1.28860;1.28860
2025-03-06 02:00:00;1.29060;1.29090;1.28920;1.28970
2025-03-06 01:00:00;1.28920;1.29080;1.28900;1.29050
2025-03-06 00:00:00;1.28890;1.29010;1.28870;1.28930
2025-03-05 23:00:00;1.28930;1.28960;1.28870;1.28900
2025-03-05 22:00:00;1.28970;1.28980;1.28920;1.28930
2025-03-05 21:00:00;1.29000;1.29000;1.28910;1.28960
2025-03-05 20:00:00;1.28970;1.29010;1.28960;1.29010
2025-03-05 19:00:00;1.28880;1.28980;1.28850;1.28970
2025-03-05 18:00:00;1.28800;1.28890;1.28660;1.28890
2025-03-05 17:00:00;1.28600;1.28810;1.28570;1.28800
2025-03-05 16:00:00;1.28670;1.28790;1.28560;1.28610
2025-03-05 15:00:00;1.28620;1.28730;1.28540;1.28680
2025-03-05 14:00:00;1.28220;1.28700;1.28200;1.28700
2025-03-05 13:00:00;1.28130;1.28270;1.28050;1.28220
2025-03-05 12:00:00;1.28240;1.28430;1.28110;1.28130
2025-03-05 11:00:00;1.28320;1.28360;1.28180;1.28240
2025-03-05 10:00:00;1.28360;1.28410;1.28180;1.28320
2025-03-05 09:00:00;1.28430;1.28550;1.28350;1.28360
2025-03-05 08:00:00;1.28210;1.28530;1.28160;1.28430
2025-03-05 07:00:00;1.27980;1.28210;1.27960;1.28210
2025-03-05 06:00:00;1.27950;1.28030;1.27880;1.27970
2025-03-05 05:00:00;1.27880;1.27970;1.27880;1.27960
2025-03-05 04:00:00;1.27880;1.27950;1.27860;1.27870
2025-03-05 03:00:00;1.27710;1.27870;1.27680;1.27870
2025-03-05 02:00:00;1.27780;1.27820;1.27690;1.27700
2025-03-05 01:00:00;1.27890;1.27950;1.27770;1.27780
2025-03-05 00:00:00;1.27950;1.27950;1.27840;1.27880
2025-03-04 23:00:00;1.27900;1.27970;1.27870;1.27960
2025-03-04 22:00:00;1.27930;1.27990;1.27890;1.27900
2025-03-04 21:00:00;1.27860;1.28000;1.27840;1.27960
2025-03-04 20:00:00;1.27880;1.28000;1.27840;1.27840
2025-03-04 19:00:00;1.27750;1.27890;1.27750;1.27880
2025-03-04 18:00:00;1.27440;1.27770;1.27410;1.27750
2025-03-04 17:00:00;1.27250;1.27460;1.27250;1.27440
2025-03-04 16:00:00;1.27160;1.27310;1.27040;1.27250
2025-03-04 15:00:00;1.27080;1.27220;1.27000;1.27160
2025-03-04 14:00:00;1.27220;1.27310;1.27080;1.27100
2025-03-04 13:00:00;1.27460;1.27540;1.27210;1.27230
2025-03-04 12:00:00;1.27420;1.27520;1.27340;1.27460
2025-03-04 11:00:00;1.27230;1.27420;1.27090;1.27400
2025-03-04 10:00:00;1.27250;1.27290;1.27040;1.27230
2025-03-04 09:00:00;1.27190;1.27410;1.27100;1.27250
2025-03-04 08:00:00;1.27040;1.27240;1.26930;1.27200
2025-03-04 07:00:00;1.26990;1.27090;1.26920;1.27040
2025-03-04 06:00:00;1.26950;1.27020;1.26890;1.26980
2025-03-04 05:00:00;1.26940;1.27000;1.26830;1.26960
2025-03-04 04:00:00;1.26880;1.26970;1.26790;1.26950
2025-03-04 03:00:00;1.26890;1.26950;1.26850;1.26870
2025-03-04 02:00:00;1.26970;1.27000;1.26890;1.26890
2025-03-04 01:00:00;1.26990;1.27080;1.26930;1.26980
2025-03-04 00:00:00;1.27020;1.27040;1.26880;1.27000
2025-03-03 23:00:00;1.27020;1.27100;1.26980;1.27020
2025-03-03 22:00:00;1.27040;1.27070;1.26970;1.27030
2025-03-03 21:00:00;1.26970;1.27080;1.26970;1.27000
2025-03-03 20:00:00;1.26910;1.26990;1.26800;1.26980
2025-03-03 19:00:00;1.27060;1.27100;1.26870;1.26910
2025-03-03 18:00:00;1.27170;1.27240;1.27030;1.27060
2025-03-03 17:00:00;1.27080;1.27180;1.27040;1.27160
2025-03-03 16:00:00;1.27000;1.27120;1.26950;1.27090
2025-03-03 15:00:00;1.26850;1.27150;1.26850;1.26990
2025-03-03 14:00:00;1.26800;1.27020;1.26730;1.26910
2025-03-03 13:00:00;1.26880;1.26890;1.26730;1.26800
2025-03-03 12:00:00;1.26600;1.26890;1.26600;1.26870
2025-03-03 11:00:00;1.26470;1.26630;1.26420;1.26610
2025-03-03 10:00:00;1.26300;1.26490;1.26290;1.26470
2025-03-03 09:00:00;1.25930;1.26300;1.25910;1.26290
2025-03-03 08:00:00;1.26010;1.26050;1.25820;1.25910
2025-03-03 07:00:00;1.25970;1.26030;1.25910;1.26010
2025-03-03 06:00:00;1.26050;1.26070;1.25950;1.25980
2025-03-03 05:00:00;1.26030;1.26080;1.26010;1.26050
2025-03-03 04:00:00;1.26030;1.26070;1.26010;1.26040
2025-03-03 03:00:00;1.26070;1.26070;1.25970;1.26030
2025-03-03 02:00:00;1.26090;1.26140;1.26050;1.26080
2025-03-03 01:00:00;1.26030;1.26140;1.26010;1.26090
2025-03-03 00:00:00;1.26020;1.26110;1.25940;1.26030
2025-03-02 23:00:00;1.25900;1.26090;1.25900;1.26030
2025-03-02 22:00:00;1.25850;1.25930;1.25820;1.25920
2025-02-28 21:00:00;1.25810;1.25840;1.25760;1.25770
2025-02-28 20:00:00;1.25710;1.25840;1.25690;1.25800
2025-02-28 19:00:00;1.25610;1.25770;1.25590;1.25720
2025-02-28 18:00:00;1.25900;1.25920;1.25610;1.25620
2025-02-28 17:00:00;1.25880;1.26050;1.25870;1.25900
2025-02-28 16:00:00;1.25920;1.25990;1.25800;1.25890
2025-02-28 15:00:00;1.26030;1.26220;1.25830;1.25930
2025-02-28 14:00:00;1.26030;1.26090;1.25940;1.26030
2025-02-28 13:00:00;1.26010;1.26110;1.25960;1.26030
2025-02-28 12:00:00;1.25960;1.26020;1.25940;1.26010
2025-02-28 11:00:00;1.25930;1.25980;1.25840;1.25950
2025-02-28 10:00:00;1.25950;1.26050;1.25910;1.25930
2025-02-28 09:00:00;1.26010;1.26070;1.25950;1.25950
2025-02-28 08:00:00;1.25880;1.26040;1.25860;1.26000
2025-02-28 07:00:00;1.25800;1.25960;1.25780;1.25880
2025-02-28 06:00:00;1.25860;1.25860;1.25730;1.25800
2025-02-28 05:00:00;1.25820;1.25860;1.25810;1.25860
2025-02-28 04:00:00;1.25850;1.25870;1.25820;1.25830
2025-02-28 03:00:00;1.25840;1.25890;1.25820;1.25850
2025-02-28 02:00:00;1.25950;1.26010;1.25840;1.25840
2025-02-28 01:00:00;1.26070;1.26110;1.25940;1.25950
2025-02-28 00:00:00;1.25970;1.26070;1.25970;1.26070
2025-02-27 23:00:00;1.26010;1.26070;1.25970;1.25970
2025-02-27 22:00:00;1.26060;1.26070;1.26000;1.26030
2025-02-27 21:00:00;1.26120;1.26120;1.25980;1.26010
2025-02-27 20:00:00;1.26080;1.26130;1.26050;1.26130
2025-02-27 19:00:00;1.26280;1.26300;1.26050;1.26090
2025-02-27 18:00:00;1.26130;1.26300;1.26130;1.26280
2025-02-27 17:00:00;1.26270;1.26300;1.26090;1.26130
2025-02-27 16:00:00;1.26280;1.26350;1.26160;1.26260
2025-02-27 15:00:00;1.26290;1.26380;1.26220;1.26280
2025-02-27 14:00:00;1.26310;1.26450;1.26220;1.26280
2025-02-27 13:00:00;1.26670;1.26890;1.26290;1.26330
2025-02-27 12:00:00;1.26740;1.26870;1.26660;1.26660
2025-02-27 11:00:00;1.26800;1.26890;1.26700;1.26730
2025-02-27 10:00:00;1.26790;1.26800;1.26660;1.26790
2025-02-27 09:00:00;1.26740;1.26790;1.26680;1.26790
2025-02-27 08:00:00;1.26670;1.26780;1.26640;1.26720
2025-02-27 07:00:00;1.26620;1.26720;1.26590;1.26660
2025-02-27 06:00:00;1.26560;1.26640;1.26540;1.26630
2025-02-27 05:00:00;1.26550;1.26570;1.26520;1.26550
2025-02-27 04:00:00;1.26570;1.26590;1.26500;1.26540
2025-02-27 03:00:00;1.26620;1.26660;1.26560;1.26570
2025-02-27 02:00:00;1.26650;1.26670;1.26590;1.26610
2025-02-27 01:00:00;1.26650;1.26700;1.26610;1.26640
2025-02-27 00:00:00;1.26810;1.26810;1.26640;1.26660
2025-02-26 23:00:00;1.26790;1.26850;1.26770;1.26810
2025-02-26 22:00:00;1.26780;1.26810;1.26730;1.26780
2025-02-26 21:00:00;1.26750;1.26780;1.26700;1.26770
2025-02-26 20:00:00;1.26840;1.26850;1.26720;1.26750
2025-02-26 19:00:00;1.26810;1.26880;1.26730;1.26850
2025-02-26 18:00:00;1.26850;1.26970;1.26780;1.26810
2025-02-26 17:00:00;1.26940;1.27160;1.26780;1.26850
2025-02-26 16:00:00;1.26950;1.27080;1.26880;1.26940
2025-02-26 15:00:00;1.26660;1.26990;1.26580;1.26950
2025-02-26 14:00:00;1.26540;1.26680;1.26520;1.26660
2025-02-26 13:00:00;1.26430;1.26650;1.26430;1.26540
2025-02-26 12:00:00;1.26490;1.26570;1.26410;1.26430
2025-02-26 11:00:00;1.26450;1.26520;1.26400;1.26490
2025-02-26 10:00:00;1.26540;1.26580;1.26410;1.26450
2025-02-26 09:00:00;1.26520;1.26600;1.26490;1.26540
2025-02-26 08:00:00;1.26470;1.26640;1.26420;1.26520
2025-02-26 07:00:00;1.26490;1.26570;1.26450;1.26480
2025-02-26 06:00:00;1.26400;1.26500;1.26360;1.26490
2025-02-26 05:00:00;1.26410;1.26430;1.26350;1.26390
2025-02-26 04:00:00;1.26490;1.26510;1.26410;1.26410
2025-02-26 03:00:00;1.26560;1.26580;1.26490;1.26490
2025-02-26 02:00:00;1.26650;1.26670;1.26520;1.26550
2025-02-26 01:00:00;1.26760;1.26760;1.26640;1.26640
2025-02-26 00:00:00;1.26720;1.26780;1.26710;1.26760
2025-02-25 23:00:00;1.26680;1.26760;1.26680;1.26720
2025-02-25 22:00:00;1.26650;1.26700;1.26600;1.26680
2025-02-25 21:00:00;1.26700;1.26730;1.26660;1.26660
2025-02-25 20:00:00;1.26700;1.26780;1.26660;1.26700
2025-02-25 19:00:00;1.26650;1.26700;1.26600;1.26690
2025-02-25 18:00:00;1.26640;1.26750;1.26600;1.26660
2025-02-25 17:00:00;1.26500;1.26630;1.26410;1.26630
2025-02-25 16:00:00;1.26540;1.26590;1.26470;1.26510
2025-02-25 15:00:00;1.26630;1.26780;1.26520;1.26550
2025-02-25 14:00:00;1.26710;1.26740;1.26600;1.26620
2025-02-25 13:00:00;1.26570;1.26780;1.26560;1.26700
2025-02-25 12:00:00;1.26530;1.26620;1.26470;1.26580
2025-02-25 11:00:00;1.26260;1.26540;1.26250;1.26540
2025-02-25 10:00:00;1.26240;1.26280;1.26160;1.26260
2025-02-25 09:00:00;1.26200;1.26300;1.26190;1.26240
2025-02-25 08:00:00;1.26130;1.26300;1.26060;1.26200
2025-02-25 07:00:00;1.26310;1.26330;1.26110;1.26130
2025-02-25 06:00:00;1.26370;1.26390;1.26270;1.26320
2025-02-25 05:00:00;1.26340;1.26390;1.26330;1.26370
2025-02-25 04:00:00;1.26330;1.26380;1.26320;1.26340
2025-02-25 03:00:00;1.26350;1.26370;1.26300;1.26320
2025-02-25 02:00:00;1.26240;1.26350;1.26210;1.26350
2025-02-25 01:00:00;1.26190;1.26230;1.26170;1.26230
2025-02-25 00:00:00;1.26170;1.26220;1.26170;1.26190
2025-02-24 23:00:00;1.26280;1.26290;1.26160;1.26180
2025-02-24 22:00:00;1.26310;1.26320;1.26260;1.26290
2025-02-24 21:00:00;1.26200;1.26280;1.26180;1.26250
2025-02-24 20:00:00;1.26330;1.26370;1.26220;1.26220
2025-02-24 19:00:00;1.26430;1.26480;1.26300;1.26320
2025-02-24 18:00:00;1.26390;1.26510;1.26390;1.26430
2025-02-24 17:00:00;1.26390;1.26490;1.26310;1.26400
2025-02-24 16:00:00;1.26200;1.26410;1.26180;1.26390
2025-02-24 15:00:00;1.26200;1.26320;1.26160;1.26200
2025-02-24 14:00:00;1.26440;1.26500;1.26120;1.26190
2025-02-24 13:00:00;1.26380;1.26510;1.26350;1.26450
2025-02-24 12:00:00;1.26390;1.26450;1.26330;1.26380
2025-02-24 11:00:00;1.26430;1.26450;1.26350;1.26390
2025-02-24 10:00:00;1.26380;1.26450;1.26260;1.26430
2025-02-24 09:00:00;1.26480;1.26580;1.26260;1.26380
2025-02-24 08:00:00;1.26450;1.26540;1.26300;1.26490
2025-02-24 07:00:00;1.26660;1.26700;1.26380;1.26450
2025-02-24 06:00:00;1.26740;1.26750;1.26580;1.26650
2025-02-24 05:00:00;1.26770;1.26780;1.26710;1.26750
2025-02-24 04:00:00;1.26810;1.26830;1.26740;1.26780
2025-02-24 03:00:00;1.26850;1.26870;1.26770;1.26810
2025-02-24 02:00:00;1.26780;1.26910;1.26770;1.26850
2025-02-24 01:00:00;1.26660;1.26800;1.26620;1.26780
2025-02-24 00:00:00;1.26490;1.26730;1.26440;1.26660
2025-02-23 23:00:00;1.26430;1.26590;1.26380;1.26490
2025-02-23 22:00:00;1.26380;1.26470;1.26350;1.26430
2025-02-21 21:00:00;1.26310;1.26340;1.26270;1.26340
2025-02-21 20:00:00;1.26300;1.26370;1.26290;1.26310
2025-02-21 19:00:00;1.26340;1.26390;1.26290;1.26320
2025-02-21 18:00:00;1.26450;1.26450;1.26250;1.26350
2025-02-21 17:00:00;1.26450;1.26500;1.26380;1.26450
2025-02-21 16:00:00;1.26390;1.26490;1.26360;1.26440
2025-02-21 15:00:00;1.26540;1.26600;1.26300;1.26380
2025-02-21 14:00:00;1.26470;1.26680;1.26390;1.26570
2025-02-21 13:00:00;1.26400;1.26520;1.26390;1.26450
2025-02-21 12:00:00;1.26450;1.26480;1.26370;1.26390
2025-02-21 11:00:00;1.26470;1.26550;1.26430;1.26450
2025-02-21 10:00:00;1.26490;1.26570;1.26450;1.26470
2025-02-21 09:00:00;1.26600;1.26630;1.26420;1.26510
2025-02-21 08:00:00;1.26680;1.26710;1.26500;1.26600
2025-02-21 07:00:00;1.26600;1.26790;1.26600;1.26690
2025-02-21 06:00:00;1.26600;1.26650;1.26570;1.26600
2025-02-21 05:00:00;1.26640;1.26660;1.26570;1.26600
2025-02-21 04:00:00;1.26700;1.26700;1.26640;1.26650
2025-02-21 03:00:00;1.26740;1.26740;1.26670;1.26700
2025-02-21 02:00:00;1.26570;1.26740;1.26560;1.26730
2025-02-21 01:00:00;1.26590;1.26630;1.26540;1.26560
2025-02-21 00:00:00;1.26690;1.26700;1.26580;1.26590
2025-02-20 23:00:00;1.26660;1.26750;1.26660;1.26700
2025-02-20 22:00:00;1.26640;1.26700;1.26630;1.26670
2025-02-20 21:00:00;1.26700;1.26720;1.26660;1.26690
2025-02-20 20:00:00;1.26700;1.26710;1.26640;1.26700
2025-02-20 19:00:00;1.26610;1.26700;1.26540;1.26700
2025-02-20 18:00:00;1.26520;1.26640;1.26490;1.26610
2025-02-20 17:00:00;1.26430;1.26600;1.26370;1.26530
2025-02-20 16:00:00;1.26410;1.26490;1.26320;1.26420
2025-02-20 15:00:00;1.26130;1.26430;1.26050;1.26410
2025-02-20 14:00:00;1.26130;1.26240;1.26070;1.26140
2025-02-20 13:00:00;1.25990;1.26230;1.25990;1.26130
2025-02-20 12:00:00;1.26090;1.26180;1.25980;1.25990
2025-02-20 11:00:00;1.26170;1.26170;1.26000;1.26090
2025-02-20 10:00:00;1.26140;1.26200;1.26100;1.26170
2025-02-20 09:00:00;1.26090;1.26160;1.26030;1.26140
2025-02-20 08:00:00;1.25950;1.26150;1.25950;1.26090
2025-02-20 07:00:00;1.25910;1.26030;1.25890;1.25960
2025-02-20 06:00:00;1.25940;1.26020;1.25900;1.25910
2025-02-20 05:00:00;1.25950;1.25990;1.25920;1.25940
2025-02-20 04:00:00;1.25930;1.25950;1.25890;1.25950
2025-02-20 03:00:00;1.25950;1.25950;1.25880;1.25920
2025-02-20 02:00:00;1.25820;1.25950;1.25810;1.25940
2025-02-20 01:00:00;1.25930;1.25940;1.25800;1.25840
2025-02-20 00:00:00;1.25830;1.25940;1.25810;1.25920
2025-02-19 23:00:00;1.25840;1.25860;1.25790;1.25840
2025-02-19 22:00:00;1.25850;1.25900;1.25810;1.25840
2025-02-19 21:00:00;1.25870;1.25880;1.25840;1.25860
2025-02-19 20:00:00;1.25840;1.25880;1.25810;1.25880
2025-02-19 19:00:00;1.25760;1.25910;1.25720;1.25840
2025-02-19 18:00:00;1.25730;1.25790;1.25670;1.25760
2025-02-19 17:00:00;1.25710;1.25760;1.25630;1.25730
2025-02-19 16:00:00;1.25900;1.25900;1.25700;1.25720
2025-02-19 15:00:00;1.25930;1.26070;1.25860;1.25900
2025-02-19 14:00:00;1.25920;1.25950;1.25820;1.25920
2025-02-19 13:00:00;1.25860;1.25970;1.25850;1.25910
2025-02-19 12:00:00;1.25840;1.25910;1.25780;1.25860
2025-02-19 11:00:00;1.25930;1.25970;1.25750;1.25840
2025-02-19 10:00:00;1.26050;1.26050;1.25840;1.25930
2025-02-19 09:00:00;1.26130;1.26220;1.26030;1.26050
2025-02-19 08:00:00;1.26190;1.26300;1.26090;1.26130
2025-02-19 07:00:00;1.26220;1.26360;1.26130;1.26180
2025-02-19 06:00:00;1.26240;1.26280;1.26170;1.26180
2025-02-19 05:00:00;1.26160;1.26240;1.26140;1.26240
2025-02-19 04:00:00;1.26170;1.26170;1.26110;1.26170
2025-02-19 03:00:00;1.26170;1.26170;1.26090;1.26160
2025-02-19 02:00:00;1.26140;1.26180;1.26100;1.26160
2025-02-19 01:00:00;1.26180;1.26200;1.26070;1.26140
2025-02-19 00:00:00;1.26240;1.26280;1.26160;1.26170
2025-02-18 23:00:00;1.26340;1.26340;1.26220;1.26240
2025-02-18 22:00:00;1.26130;1.26410;1.26090;1.26330
2025-02-18 21:00:00;1.26070;1.26160;1.26040;1.26140
2025-02-18 20:00:00;1.25970;1.26070;1.25940;1.26070
2025-02-18 19:00:00;1.26010;1.26060;1.25950;1.25980
2025-02-18 18:00:00;1.26000;1.26030;1.25930;1.26010
2025-02-18 17:00:00;1.26120;1.26120;1.26000;1.26010
2025-02-18 16:00:00;1.26150;1.26190;1.26040;1.26120
2025-02-18 15:00:00;1.26070;1.26200;1.26050;1.26160
2025-02-18 14:00:00;1.25930;1.26090;1.25900;1.26070
2025-02-18 13:00:00;1.25890;1.25990;1.25830;1.25920
2025-02-18 12:00:00;1.26010;1.26080;1.25860;1.25880
2025-02-18 11:00:00;1.25960;1.26050;1.25960;1.26010
2025-02-18 10:00:00;1.26090;1.26090;1.25920;1.25960
2025-02-18 09:00:00;1.26090;1.26150;1.26010;1.26070
2025-02-18 08:00:00;1.26140;1.26230;1.26070;1.26090
2025-02-18 07:00:00;1.26020;1.26220;1.25990;1.26140
2025-02-18 06:00:00;1.25990;1.26030;1.25930;1.26030
2025-02-18 05:00:00;1.25970;1.25990;1.25930;1.25980
2025-02-18 04:00:00;1.26030;1.26040;1.25950;1.25970
2025-02-18 03:00:00;1.26070;1.26130;1.26010;1.26030
2025-02-18 02:00:00;1.26070;1.26090;1.26030;1.26060
2025-02-18 01:00:00;1.26100;1.26100;1.26000;1.26060
2025-02-18 00:00:00;1.26210;1.26220;1.26100;1.26110
2025-02-17 23:00:00;1.26200;1.26240;1.26160;1.26200
2025-02-17 22:00:00;1.26240;1.26250;1.26190;1.26210
2025-02-17 21:00:00;1.26270;1.26280;1.26240;1.26250
2025-02-17 20:00:00;1.26270;1.26300;1.26260;1.26280
2025-02-17 19:00:00;1.26280;1.26350;1.26240;1.26270
2025-02-17 18:00:00;1.26220;1.26280;1.26180;1.26270
2025-02-17 17:00:00;1.26100;1.26260;1.26090;1.26230
2025-02-17 16:00:00;1.26050;1.26140;1.26030;1.26100
2025-02-17 15:00:00;1.25960;1.26080;1.25910;1.26070
2025-02-17 14:00:00;1.25940;1.25990;1.25860;1.25950
2025-02-17 13:00:00;1.25950;1.26010;1.25920;1.25930
2025-02-17 12:00:00;1.26030;1.26080;1.25910;1.25930
2025-02-17 11:00:00;1.26020;1.26070;1.25930;1.26020
2025-02-17 10:00:00;1.25920;1.26030;1.25880;1.26030
2025-02-17 09:00:00;1.25920;1.26050;1.25880;1.25910
2025-02-17 08:00:00;1.25950;1.25980;1.25840;1.25910
2025-02-17 07:00:00;1.25980;1.25990;1.25860;1.25960
2025-02-17 06:00:00;1.25880;1.25990;1.25860;1.25980
2025-02-17 05:00:00;1.25960;1.25990;1.25840;1.25880
2025-02-17 04:00:00;1.25930;1.25980;1.25880;1.25960
2025-02-17 03:00:00;1.25950;1.25970;1.25870;1.25920
2025-02-17 02:00:00;1.25990;1.25990;1.25910;1.25950
2025-02-17 01:00:00;1.25860;1.26010;1.25790;1.25990
2025-02-17 00:00:00;1.25840;1.25880;1.25820;1.25860
2025-02-16 23:00:00;1.25880;1.25890;1.25780;1.25840
2025-02-16 22:00:00;1.25900;1.25920;1.25850;1.25880
2025-02-14 21:00:00;1.25860;1.25900;1.25840;1.25880
2025-02-14 20:00:00;1.25950;1.25950;1.25860;1.25860
2025-02-14 19:00:00;1.26020;1.26030;1.25930;1.25950
2025-02-14 18:00:00;1.26090;1.26110;1.25950;1.26010
2025-02-14 17:00:00;1.26070;1.26120;1.26010;1.26090
2025-02-14 16:00:00;1.26170;1.26220;1.26050;1.26060
2025-02-14 15:00:00;1.26270;1.26270;1.26030;1.26180
2025-02-14 14:00:00;1.26030;1.26300;1.26010;1.26270
2025-02-14 13:00:00;1.25840;1.26090;1.25840;1.26030
2025-02-14 12:00:00;1.25820;1.25890;1.25720;1.25850
2025-02-14 11:00:00;1.25790;1.25870;1.25740;1.25820
2025-02-14 10:00:00;1.25880;1.25900;1.25740;1.25780
2025-02-14 09:00:00;1.25840;1.25960;1.25820;1.25880
2025-02-14 08:00:00;1.25630;1.25950;1.25630;1.25840
2025-02-14 07:00:00;1.25610;1.25760;1.25590;1.25630
2025-02-14 06:00:00;1.25530;1.25630;1.25530;1.25600
2025-02-14 05:00:00;1.25560;1.25570;1.25500;1.25530
2025-02-14 04:00:00;1.25590;1.25630;1.25550;1.25550
2025-02-14 03:00:00;1.25600;1.25610;1.25550;1.25580
2025-02-14 02:00:00;1.25630;1.25660;1.25580;1.25590
2025-02-14 01:00:00;1.25600;1.25720;1.25600;1.25630
2025-02-14 00:00:00;1.25650;1.25670;1.25570;1.25610
2025-02-13 23:00:00;1.25650;1.25710;1.25580;1.25650
2025-02-13 22:00:00;1.25490;1.25700;1.25470;1.25660
2025-02-13 21:00:00;1.25600;1.25690;1.25570;1.25670
2025-02-13 20:00:00;1.25370;1.25670;1.25350;1.25610
2025-02-13 19:00:00;1.25080;1.25440;1.25080;1.25370
2025-02-13 18:00:00;1.25210;1.25290;1.24780;1.25080
2025-02-13 17:00:00;1.25250;1.25430;1.25210;1.25220
2025-02-13 16:00:00;1.25230;1.25400;1.25190;1.25270
2025-02-13 15:00:00;1.24830;1.25250;1.24810;1.25230
2025-02-13 14:00:00;1.24710;1.24830;1.24620;1.24830
2025-02-13 13:00:00;1.24680;1.24760;1.24520;1.24710
2025-02-13 12:00:00;1.24750;1.24760;1.24600;1.24670
2025-02-13 11:00:00;1.24940;1.25040;1.24710;1.24750
2025-02-13 10:00:00;1.24910;1.25060;1.24850;1.24940
2025-02-13 09:00:00;1.24750;1.24980;1.24730;1.24920
2025-02-13 08:00:00;1.25100;1.25100;1.24720;1.24760
2025-02-13 07:00:00;1.24960;1.25170;1.24960;1.25100
2025-02-13 06:00:00;1.24910;1.24990;1.24870;1.24880
2025-02-13 05:00:00;1.24890;1.24960;1.24880;1.24920
2025-02-13 04:00:00;1.24770;1.24920;1.24760;1.24880
2025-02-13 03:00:00;1.24620;1.24800;1.24610;1.24770
2025-02-13 02:00:00;1.24570;1.24640;1.24520;1.24620
2025-02-13 01:00:00;1.24450;1.24580;1.24430;1.24570
2025-02-13 00:00:00;1.24500;1.24570;1.24430;1.24450
2025-02-12 23:00:00;1.24450;1.24510;1.24430;1.24510
