datetime;open;high;low;close
2025-12-02 16:00:00;155.9042;155.92995;155.7555;155.88329
2025-12-02 15:00:00;155.95932;156.17523;155.81458;155.90598
2025-12-02 14:00:00;155.98931;156.09136;155.93892;155.9591
2025-12-02 13:00:00;156.0264;156.07339;155.95991;155.98944
2025-12-02 12:00:00;155.92897;156.03716;155.91805;156.02739
2025-12-02 11:00:00;156.04517;156.04865;155.90882;155.93009
2025-12-02 10:00:00;155.96781;156.06511;155.96005;156.04668
2025-12-02 09:00:00;155.99196;156.08633;155.94772;155.9703
2025-12-02 08:00:00;155.73789;155.9978;155.73789;155.99546
2025-12-02 07:00:00;155.773;155.84081;155.72472;155.74407
2025-12-02 06:00:00;155.6618;155.82891;155.64282;155.77587
2025-12-02 05:00:00;155.63828;155.73872;155.63774;155.66481
2025-12-02 04:00:00;155.62723;155.67073;155.56155;155.64205
2025-12-02 03:00:00;155.67342;155.72443;155.57389;155.63103
2025-12-02 02:00:00;155.63571;155.70792;155.59925;155.677
2025-12-02 01:00:00;155.64458;155.78874;155.60054;155.63901
2025-12-02 00:00:00;155.56553;155.67324;155.47826;155.64544
2025-12-01 23:00:00;155.44215;155.57179;155.44028;155.56724
2025-12-01 22:00:00;155.49078;155.49286;155.43982;155.44377
2025-12-01 21:00:00;155.44725;155.5151;155.43211;155.49193
2025-12-01 20:00:00;155.48497;155.52278;155.43959;155.44756
2025-12-01 19:00:00;155.4956;155.52651;155.46428;155.48377
2025-12-01 18:00:00;155.36269;155.50058;155.35526;155.49453
2025-12-01 17:00:00;155.29473;155.38796;155.25104;155.36306
2025-12-01 16:00:00;155.07747;155.32744;155.07079;155.29434
2025-12-01 15:00:00;155.01469;155.19938;154.89367;155.07188
2025-12-01 14:00:00;154.81783;155.05308;154.81317;155.01602
2025-12-01 13:00:00;154.78603;154.88863;154.69117;154.81433
2025-12-01 12:00:00;155.12951;155.14663;154.77185;154.78538
2025-12-01 11:00:00;155.25205;155.35014;155.10522;155.13022
2025-12-01 10:00:00;155.28821;155.30184;155.17772;155.2518
2025-12-01 09:00:00;155.49771;155.51463;155.26729;155.28926
2025-12-01 08:00:00;155.34881;155.58546;155.25624;155.49911
2025-12-01 07:00:00;155.60631;155.62094;155.31474;155.35381
2025-12-01 06:00:00;155.5947;155.71024;155.5709;155.60632
2025-12-01 05:00:00;155.55334;155.60293;155.42243;155.59948
2025-12-01 04:00:00;155.48387;155.62647;155.40671;155.55614
2025-12-01 03:00:00;155.46702;155.59548;155.41526;155.48441
2025-12-01 02:00:00;155.59639;155.63751;155.4388;155.47107
2025-12-01 01:00:00;155.84413;155.89778;155.51065;155.60238
2025-12-01 00:00:00;155.93196;155.93412;155.70627;155.84596
2025-11-30 23:00:00;156.11006;156.14394;155.9018;155.93316
2025-11-30 22:00:00;156.11176;156.17624;156.07373;156.1101
2025-11-28 21:00:00;156.12665;156.18998;156.11927;156.16955
2025-11-28 20:00:00;156.11377;156.12621;156.07682;156.12621
2025-11-28 19:00:00;156.15584;156.17276;156.07838;156.11235
2025-11-28 18:00:00;156.19193;156.23619;156.09544;156.15605
2025-11-28 17:00:00;156.18853;156.27494;156.13682;156.19164
2025-11-28 16:00:00;156.02566;156.20359;156.02341;156.18817
2025-11-28 15:00:00;156.27324;156.33584;155.9871;156.02366
2025-11-28 14:00:00;156.02654;156.40536;155.99924;156.27426
2025-11-28 13:00:00;156.12049;156.16649;156.02002;156.02761
2025-11-28 12:00:00;156.1716;156.25446;156.10167;156.122
2025-11-28 11:00:00;156.28312;156.29916;156.1732;156.17434
2025-11-28 10:00:00;156.32073;156.35171;156.28388;156.28555
2025-11-28 09:00:00;156.36179;156.37001;156.24634;156.32656
2025-11-28 08:00:00;156.30605;156.37736;156.303;156.36582
2025-11-28 07:00:00;156.39292;156.41338;156.2929;156.31043
2025-11-28 06:00:00;156.37447;156.4286;156.35846;156.39616
2025-11-28 05:00:00;156.21713;156.3985;156.21713;156.37867
2025-11-28 04:00:00;156.27131;156.28133;156.20117;156.22073
2025-11-28 03:00:00;156.282;156.31136;156.21859;156.27374
2025-11-28 02:00:00;156.40595;156.40741;156.13725;156.28337
2025-11-28 01:00:00;156.45557;156.46199;156.31913;156.40689
2025-11-28 00:00:00;156.29774;156.6029;156.17936;156.45535
2025-11-27 23:00:00;156.28417;156.31482;156.20096;156.29701
2025-11-27 22:00:00;156.30134;156.33567;156.27767;156.28281
2025-11-27 21:00:00;156.31888;156.32814;156.27032;156.29873
2025-11-27 20:00:00;156.34432;156.34708;156.2704;156.31711
2025-11-27 19:00:00;156.35953;156.37288;156.32914;156.34408
2025-11-27 18:00:00;156.34742;156.37754;156.33278;156.35845
2025-11-27 17:00:00;156.28035;156.37559;156.27877;156.34773
2025-11-27 16:00:00;156.3017;156.35951;156.26614;156.28011
2025-11-27 15:00:00;156.32834;156.34323;156.25939;156.30129
2025-11-27 14:00:00;156.27425;156.36689;156.249;156.32949
2025-11-27 13:00:00;156.38332;156.3879;156.26175;156.27554
2025-11-27 12:00:00;156.32041;156.39271;156.2632;156.38546
2025-11-27 11:00:00;156.30494;156.3577;156.26038;156.32279
2025-11-27 10:00:00;156.3698;156.37633;156.26205;156.30625
2025-11-27 09:00:00;156.33395;156.40095;156.31614;156.37287
2025-11-27 08:00:00;156.1545;156.36038;156.09;156.33592
2025-11-27 07:00:00;156.14821;156.30376;156.14584;156.1548
2025-11-27 06:00:00;155.91449;156.19644;155.91449;156.15222
2025-11-27 05:00:00;156.00157;156.01367;155.80981;155.92625
2025-11-27 04:00:00;156.0856;156.10355;155.95211;156.00589
2025-11-27 03:00:00;156.13152;156.15882;156.03759;156.08805
2025-11-27 02:00:00;156.05142;156.18056;155.93371;156.13299
2025-11-27 01:00:00;155.98557;156.19245;155.73537;156.05252
2025-11-27 00:00:00;156.23986;156.24054;155.84767;155.98615
2025-11-26 23:00:00;156.4165;156.42751;156.23526;156.24092
2025-11-26 22:00:00;156.45954;156.4825;156.4146;156.4146
2025-11-26 21:00:00;156.44714;156.47953;156.4111;156.45693
2025-11-26 20:00:00;156.452;156.49483;156.4156;156.44531
2025-11-26 19:00:00;156.47594;156.50871;156.43994;156.45151
2025-11-26 18:00:00;156.41918;156.50504;156.35376;156.47559
2025-11-26 17:00:00;156.39352;156.46695;156.35229;156.41933
2025-11-26 16:00:00;156.46955;156.47194;156.30172;156.39372
2025-11-26 15:00:00;156.58996;156.63355;156.4436;156.47096
2025-11-26 14:00:00;156.67665;156.73214;156.51642;156.59302
2025-11-26 13:00:00;156.47669;156.68945;156.34155;156.67846
2025-11-26 12:00:00;156.45166;156.5944;156.45166;156.48119
2025-11-26 11:00:00;156.49749;156.58204;156.37335;156.45653
2025-11-26 10:00:00;156.48347;156.50215;156.34919;156.49951
2025-11-26 09:00:00;156.46362;156.49671;156.34603;156.48366
2025-11-26 08:00:00;156.41465;156.48453;156.32335;156.46607
2025-11-26 07:00:00;156.26414;156.48935;156.16508;156.41425
2025-11-26 06:00:00;156.12495;156.29834;156.0621;156.26322
2025-11-26 05:00:00;156.05103;156.18837;156.04923;156.12722
2025-11-26 04:00:00;155.88668;156.12296;155.87583;156.05405
2025-11-26 03:00:00;155.8406;155.90474;155.74784;155.88846
2025-11-26 02:00:00;155.87857;156.00375;155.67833;155.84245
2025-11-26 01:00:00;156.27285;156.37292;155.80327;155.88012
2025-11-26 00:00:00;156.22415;156.35632;156.08767;156.27276
2025-11-25 23:00:00;156.04794;156.22649;156.0346;156.22649
2025-11-25 22:00:00;156.07533;156.10094;155.94779;156.04771
2025-11-25 21:00:00;156.11704;156.12804;156.03933;156.07522
2025-11-25 20:00:00;155.82547;156.1923;155.82259;156.11649
2025-11-25 19:00:00;155.91138;155.96489;155.81025;155.82374
2025-11-25 18:00:00;155.88817;155.94356;155.83208;155.9106
2025-11-25 17:00:00;156.29532;156.31066;155.82358;155.88552
2025-11-25 16:00:00;156.14377;156.29468;156.08654;156.29468
2025-11-25 15:00:00;156.02181;156.14342;155.89719;156.14342
2025-11-25 14:00:00;156.17486;156.26556;155.93026;156.02218
2025-11-25 13:00:00;156.31959;156.33306;156.03092;156.1761
2025-11-25 12:00:00;156.44916;156.50332;156.3235;156.3235
2025-11-25 11:00:00;156.35143;156.52092;156.34775;156.4517
2025-11-25 10:00:00;156.28937;156.40591;156.21354;156.35461
2025-11-25 09:00:00;156.46989;156.48128;156.16844;156.29321
2025-11-25 08:00:00;156.66174;156.68994;156.44325;156.47522
2025-11-25 07:00:00;156.69035;156.69496;156.53405;156.66257
2025-11-25 06:00:00;156.71102;156.79648;156.67161;156.69264
2025-11-25 05:00:00;156.80047;156.84539;156.70768;156.7132
2025-11-25 04:00:00;156.76888;156.84379;156.76888;156.80132
2025-11-25 03:00:00;156.70379;156.78581;156.62569;156.76858
2025-11-25 02:00:00;156.68021;156.73093;156.61609;156.70422
2025-11-25 01:00:00;156.70759;156.74197;156.56373;156.68102
2025-11-25 00:00:00;156.93862;156.98488;156.68158;156.70551
2025-11-24 23:00:00;156.84228;156.95798;156.83752;156.94051
2025-11-24 22:00:00;156.91809;156.92748;156.81593;156.83865
2025-11-24 21:00:00;156.81898;156.92492;156.81662;156.91644
2025-11-24 20:00:00;156.7542;156.8492;156.73911;156.81723
2025-11-24 19:00:00;156.8008;156.88007;156.73121;156.75587
2025-11-24 18:00:00;156.88896;156.90054;156.79163;156.80137
2025-11-24 17:00:00;156.90262;156.98859;156.86729;156.89015
2025-11-24 16:00:00;156.79201;156.92635;156.77499;156.90585
2025-11-24 15:00:00;157.044006;157.19299;156.73300;156.79100
2025-11-24 14:00:00;156.90900;157.16299;156.88000;157.050003
2025-11-24 13:00:00;156.84700;156.98801;156.84399;156.91299
2025-11-24 12:00:00;156.83000;156.87399;156.73900;156.85001
2025-11-24 11:00:00;156.70700;156.86600;156.69400;156.83200
2025-11-24 10:00:00;156.74200;156.78101;156.69200;156.70599
2025-11-24 09:00:00;156.89400;156.93900;156.67400;156.75
2025-11-24 08:00:00;156.84300;156.93900;156.64301;156.89400
2025-11-24 07:00:00;156.72000;156.89400;156.67101;156.83501
2025-11-24 06:00:00;156.57500;156.74001;156.53799;156.73100
2025-11-24 05:00:00;156.55299;156.59300;156.49500;156.57500
2025-11-24 04:00:00;156.63499;156.66701;156.50400;156.54601
2025-11-24 03:00:00;156.68401;156.69600;156.58299;156.64500
2025-11-24 02:00:00;156.71100;156.73900;156.60100;156.68401
2025-11-24 01:00:00;156.73000;156.75600;156.63100;156.71500
2025-11-24 00:00:00;156.67799;156.80400;156.65199;156.72900
2025-11-21 21:00:00;156.37900;156.50400;156.29500;156.37801
2025-11-21 20:00:00;156.32500;156.45500;156.31200;156.39000
2025-11-21 19:00:00;156.57401;156.58501;156.25700;156.32401
2025-11-21 18:00:00;156.53600;156.64700;156.45500;156.57001
2025-11-21 17:00:00;156.56599;156.73300;156.49200;156.53900
2025-11-21 16:00:00;156.53300;156.75900;156.45700;156.56599
2025-11-21 15:00:00;156.70200;156.72400;156.19200;156.53101
2025-11-21 14:00:00;156.80800;156.97000;156.64900;156.69800
2025-11-21 13:00:00;156.74200;156.86700;156.67300;156.80800
2025-11-21 12:00:00;156.84700;156.89900;156.60300;156.75400
2025-11-21 11:00:00;156.77699;156.89900;156.74200;156.84700
2025-11-21 10:00:00;156.75900;156.82600;156.55099;156.77699
2025-11-21 09:00:00;156.90601;156.95300;156.66800;156.75301
2025-11-21 08:00:00;156.73300;156.95000;156.56200;156.91100
2025-11-21 07:00:00;157.16400;157.19600;156.60699;156.73599
2025-11-21 06:00:00;157.22200;157.25999;157.044998;157.17200
2025-11-21 05:00:00;157.26801;157.30800;157.16000;157.22301
2025-11-21 04:00:00;157.29401;157.30901;157.076996;157.26900
2025-11-21 03:00:00;157.34200;157.43100;157.28900;157.30299
2025-11-21 02:00:00;157.48000;157.49400;157.29300;157.34300
2025-11-21 01:00:00;157.31400;157.49899;157.20200;157.48199
2025-11-21 00:00:00;157.38000;157.54100;157.21500;157.30901
2025-11-20 23:00:00;157.45599;157.48100;157.18401;157.38200
2025-11-20 22:00:00;157.46300;157.52299;157.39799;157.45100
2025-11-20 21:00:00;157.56900;157.59599;157.42700;157.45700
2025-11-20 20:00:00;157.53500;157.64900;157.51100;157.56900
2025-11-20 19:00:00;157.46600;157.56400;157.44400;157.53400
2025-11-20 18:00:00;157.52000;157.69701;157.42101;157.45300
2025-11-20 17:00:00;157.41800;157.54500;157.25700;157.51401
2025-11-20 16:00:00;157.67400;157.69000;157.28101;157.42000
2025-11-20 15:00:00;157.61400;157.89200;157.61200;157.67400
2025-11-20 14:00:00;157.56400;157.83099;157.48801;157.62000
2025-11-20 13:00:00;157.69501;157.875;157.21100;157.56300
2025-11-20 12:00:00;157.50400;157.73900;157.50101;157.69501
2025-11-20 11:00:00;157.37700;157.54500;157.35001;157.50900
2025-11-20 10:00:00;157.17500;157.41299;157.14700;157.37700
2025-11-20 09:00:00;157.14500;157.27800;157.12000;157.17500
2025-11-20 08:00:00;157.45000;157.5;157.10400;157.14500
2025-11-20 07:00:00;157.72800;157.78200;157.37100;157.45500
2025-11-20 06:00:00;157.55400;157.73801;157.48500;157.73199
2025-11-20 05:00:00;157.39200;157.58099;157.38901;157.55200
2025-11-20 04:00:00;157.41100;157.42200;157.25600;157.39200
2025-11-20 03:00:00;157.31799;157.43600;157.27299;157.41800
2025-11-20 02:00:00;157.41499;157.47800;157.28300;157.31200
2025-11-20 01:00:00;157.069000;157.43700;157.031998;157.41499
2025-11-20 00:00:00;156.99001;157.20900;156.87300;157.072998
2025-11-19 23:00:00;157.070007;157.15900;156.97800;156.97900
2025-11-19 22:00:00;157.13901;157.14400;157.014999;157.067993
2025-11-19 21:00:00;156.95900;157.18500;156.95399;157.13800
2025-11-19 20:00:00;157.020996;157.046005;156.93300;156.96201
2025-11-19 19:00:00;156.77901;157.039993;156.75200;157.024994
2025-11-19 18:00:00;156.74899;156.85001;156.68600;156.78101
2025-11-19 17:00:00;156.63100;156.87300;156.61600;156.75
2025-11-19 16:00:00;156.49899;156.70700;156.45799;156.63200
2025-11-19 15:00:00;156.62900;156.71899;156.49200;156.50101
2025-11-19 14:00:00;156.28101;156.63100;156.25999;156.61700
2025-11-19 13:00:00;156.24100;156.29700;156.033997;156.27699
2025-11-19 12:00:00;156.10100;156.26401;156.059998;156.24100
2025-11-19 11:00:00;156.24100;156.30099;156.076996;156.10100
2025-11-19 10:00:00;155.94701;156.25600;155.92999;156.24300
2025-11-19 09:00:00;155.63000;155.96500;155.55000;155.95500
2025-11-19 08:00:00;155.51100;155.67799;155.47400;155.63000
2025-11-19 07:00:00;155.45000;155.53000;155.40199;155.51601
2025-11-19 06:00:00;155.36400;155.45900;155.31900;155.44400
2025-11-19 05:00:00;155.31700;155.37900;155.25500;155.36400
2025-11-19 04:00:00;155.28600;155.46800;155.28600;155.31700
2025-11-19 03:00:00;155.34801;155.38400;155.20599;155.28600
2025-11-19 02:00:00;155.48900;155.55200;155.31799;155.35201
2025-11-19 01:00:00;155.46500;155.53700;155.42599;155.49600
2025-11-19 00:00:00;155.52400;155.57899;155.36700;155.47000
2025-11-18 23:00:00;155.49600;155.59200;155.47400;155.53999
2025-11-18 22:00:00;155.48100;155.54700;155.39600;155.51300
2025-11-18 21:00:00;155.52600;155.54900;155.47800;155.47800
2025-11-18 20:00:00;155.52100;155.56300;155.47200;155.52100
2025-11-18 19:00:00;155.59200;155.63699;155.49500;155.52000
2025-11-18 18:00:00;155.68700;155.73399;155.55400;155.59000
2025-11-18 17:00:00;155.43700;155.69501;155.42400;155.68600
2025-11-18 16:00:00;155.27400;155.50500;155.25301;155.44200
2025-11-18 15:00:00;155.22800;155.28200;155.046997;155.27299
2025-11-18 14:00:00;155.16499;155.38100;155.13600;155.22200
2025-11-18 13:00:00;155.17500;155.26199;155.056000;155.16701
2025-11-18 12:00:00;155.42300;155.43800;155.17101;155.18201
2025-11-18 11:00:00;155.42200;155.44099;155.35400;155.42101
2025-11-18 10:00:00;155.22701;155.42400;155.20100;155.42300
2025-11-18 09:00:00;155.12300;155.26500;155.078003;155.23100
2025-11-18 08:00:00;154.99001;155.21899;154.90500;155.12300
2025-11-18 07:00:00;155.17000;155.21700;154.86600;154.99001
2025-11-18 06:00:00;155.076996;155.21600;154.86200;155.17799
2025-11-18 05:00:00;155.052002;155.10201;154.99001;155.076996
2025-11-18 04:00:00;155.17000;155.19099;154.80901;155.050995
2025-11-18 03:00:00;155.18800;155.20100;155.10600;155.17000
2025-11-18 02:00:00;155.19701;155.28300;155.16600;155.18300
2025-11-18 01:00:00;155.25800;155.36099;155.14000;155.19400
2025-11-18 00:00:00;155.27299;155.37900;155.17400;155.25400
2025-11-17 23:00:00;155.17599;155.28700;155.16701;155.26601
2025-11-17 22:00:00;155.23199;155.24200;155.14101;155.18401
2025-11-17 21:00:00;155.22200;155.26100;155.20500;155.26100
2025-11-17 20:00:00;155.24200;155.25700;155.16100;155.22301
2025-11-17 19:00:00;155.13499;155.25101;155.063995;155.24100
2025-11-17 18:00:00;155.15199;155.20700;155.12199;155.13600
2025-11-17 17:00:00;155.20000;155.23199;155.13600;155.15800
2025-11-17 16:00:00;155.19299;155.20500;155.052002;155.19701
2025-11-17 15:00:00;155.031998;155.30400;155;155.19400
2025-11-17 14:00:00;154.88499;155.035004;154.86099;155.024994
2025-11-17 13:00:00;154.84300;154.91600;154.83200;154.88800
2025-11-17 12:00:00;154.78900;154.87199;154.73199;154.84500
2025-11-17 11:00:00;154.83701;154.87100;154.76300;154.78900
2025-11-17 10:00:00;154.75;154.84399;154.69099;154.83900
2025-11-17 09:00:00;154.70599;154.78600;154.64900;154.74899
2025-11-17 08:00:00;154.69200;154.83200;154.62000;154.71100
2025-11-17 07:00:00;154.67300;154.79300;154.63901;154.68800
2025-11-17 06:00:00;154.68300;154.81300;154.63400;154.67700
2025-11-17 05:00:00;154.62300;154.71600;154.58400;154.68700
2025-11-17 04:00:00;154.70700;154.73100;154.60300;154.62801
2025-11-17 03:00:00;154.68500;154.78600;154.68201;154.70700
2025-11-17 02:00:00;154.56900;154.71001;154.56599;154.68800
2025-11-17 01:00:00;154.63200;154.65401;154.50600;154.56900
2025-11-17 00:00:00;154.59200;154.65900;154.41000;154.63600
2025-11-14 21:00:00;154.53000;154.59801;154.45900;154.49300
2025-11-14 20:00:00;154.55701;154.56799;154.49500;154.52400
2025-11-14 19:00:00;154.57500;154.58200;154.52100;154.55400
2025-11-14 18:00:00;154.63699;154.66100;154.55099;154.57500
2025-11-14 17:00:00;154.63600;154.74300;154.61200;154.63699
2025-11-14 16:00:00;154.42200;154.66400;154.34599;154.63600
2025-11-14 15:00:00;154.33800;154.49400;154.23000;154.42200
2025-11-14 14:00:00;154.082993;154.34599;153.97900;154.33900
2025-11-14 13:00:00;153.80400;154.14301;153.61099;154.085999
2025-11-14 12:00:00;154.65100;154.66299;153.80299;153.81300
2025-11-14 11:00:00;154.74100;154.74800;154.625;154.65199
2025-11-14 10:00:00;154.68800;154.76300;154.66000;154.74200
2025-11-14 09:00:00;154.54900;154.70100;154.54900;154.68500
2025-11-14 08:00:00;154.67599;154.73500;154.45000;154.54900
2025-11-14 07:00:00;154.59500;154.68201;154.44800;154.67400
2025-11-14 06:00:00;154.47600;154.66100;154.42700;154.59399
2025-11-14 05:00:00;154.41499;154.50400;154.36099;154.47600
2025-11-14 04:00:00;154.53600;154.57500;154.41499;154.41499
2025-11-14 03:00:00;154.44400;154.57401;154.30400;154.53700
2025-11-14 02:00:00;154.49800;154.57600;154.42999;154.44501
2025-11-14 01:00:00;154.59900;154.68401;154.43500;154.50500
2025-11-14 00:00:00;154.63000;154.74500;154.55901;154.60300
2025-11-13 23:00:00;154.51401;154.68600;154.5;154.63499
2025-11-13 22:00:00;154.54500;154.59200;154.41701;154.52000
2025-11-13 21:00:00;154.53999;154.58600;154.45900;154.55000
2025-11-13 20:00:00;154.46800;154.54100;154.45399;154.53500
2025-11-13 19:00:00;154.41701;154.48599;154.34801;154.46500
2025-11-13 18:00:00;154.31200;154.44200;154.26900;154.42200
2025-11-13 17:00:00;154.39500;154.47501;154.23599;154.31500
2025-11-13 16:00:00;154.19299;154.43600;154.15401;154.39900
2025-11-13 15:00:00;154.39000;154.53900;154.12199;154.19400
2025-11-13 14:00:00;154.64301;154.67700;154.38300;154.39301
2025-11-13 13:00:00;154.59599;154.74001;154.53400;154.64600
2025-11-13 12:00:00;154.73500;154.75500;154.58400;154.60201
2025-11-13 11:00:00;154.65401;154.76500;154.63600;154.73599
2025-11-13 10:00:00;154.52100;154.67700;154.47900;154.65500
2025-11-13 09:00:00;154.51300;154.58600;154.32001;154.52699
2025-11-13 08:00:00;154.71001;154.77400;154.50800;154.52000
2025-11-13 07:00:00;154.88800;154.95100;154.69800;154.71001
2025-11-13 06:00:00;154.94800;155.0059967;154.85899;154.88400
2025-11-13 05:00:00;154.81599;154.99899;154.80600;154.94501
2025-11-13 04:00:00;154.72900;154.85500;154.63699;154.82001
2025-11-13 03:00:00;154.65401;154.75999;154.61800;154.72900
2025-11-13 02:00:00;154.73199;154.78999;154.61600;154.65401
2025-11-13 01:00:00;154.93600;155.014999;154.70100;154.73199
2025-11-13 00:00:00;154.70100;154.95900;154.68700;154.94200
2025-11-12 23:00:00;154.69000;154.75600;154.68300;154.71300
2025-11-12 22:00:00;154.77499;154.79800;154.68800;154.69099
2025-11-12 21:00:00;154.75800;154.86900;154.74800;154.76801
2025-11-12 20:00:00;154.71400;154.76700;154.68700;154.74899
2025-11-12 19:00:00;154.67900;154.73000;154.60201;154.71201
2025-11-12 18:00:00;154.59000;154.68700;154.57500;154.68600
2025-11-12 17:00:00;154.64200;154.64600;154.49100;154.59399
2025-11-12 16:00:00;154.73700;154.77400;154.64000;154.64200
2025-11-12 15:00:00;154.86301;154.92300;154.72701;154.73399
2025-11-12 14:00:00;154.94200;155.046005;154.85500;154.86600
2025-11-12 13:00:00;154.80099;154.99500;154.75800;154.94200
2025-11-12 12:00:00;154.80099;154.83400;154.69299;154.80800
2025-11-12 11:00:00;154.86501;154.88699;154.79800;154.80200
2025-11-12 10:00:00;154.83900;154.89700;154.75200;154.85899
2025-11-12 09:00:00;154.75700;154.90700;154.69901;154.84399
2025-11-12 08:00:00;154.61600;154.77499;154.61200;154.75800
2025-11-12 07:00:00;154.60600;154.67000;154.48801;154.61501
2025-11-12 06:00:00;154.63499;154.75900;154.57800;154.60600
2025-11-12 05:00:00;154.73100;154.78999;154.56100;154.63499
2025-11-12 04:00:00;154.34000;154.74300;154.33501;154.73199
2025-11-12 03:00:00;154.34399;154.38000;154.23399;154.34200
2025-11-12 02:00:00;154.31599;154.41299;154.30800;154.34399
2025-11-12 01:00:00;154.29300;154.35201;154.25600;154.32300
2025-11-12 00:00:00;154.078003;154.30200;154.042007;154.29300
2025-11-11 23:00:00;154.054001;154.15800;154.026001;154.080002
2025-11-11 22:00:00;154.14600;154.14600;154.013000;154.028000
2025-11-11 21:00:00;154.11600;154.17599;154.11099;154.14600
2025-11-11 20:00:00;154.11501;154.14301;154.076004;154.11600
2025-11-11 19:00:00;154.10201;154.14500;154.057007;154.11501
2025-11-11 18:00:00;154.074997;154.14500;154.044998;154.10600
2025-11-11 17:00:00;153.99600;154.12199;153.99400;154.067001
2025-11-11 16:00:00;153.96899;154.022995;153.94000;154.0030060
2025-11-11 15:00:00;153.99800;154.13300;153.91701;153.96700
2025-11-11 14:00:00;153.77000;154.0070038;153.69501;153.99699
2025-11-11 13:00:00;154.18900;154.19800;153.66000;153.77499
2025-11-11 12:00:00;154.24600;154.26801;154.16400;154.18900
2025-11-11 11:00:00;154.23700;154.26601;154.20900;154.25301
2025-11-11 10:00:00;154.33000;154.36099;154.20300;154.24600
2025-11-11 09:00:00;154.37900;154.44099;154.28000;154.32500
2025-11-11 08:00:00;154.19000;154.38901;154.16299;154.37399
2025-11-11 07:00:00;154.19000;154.25101;154.14600;154.18900
2025-11-11 06:00:00;154.12100;154.26700;154.082993;154.19400
2025-11-11 05:00:00;154.29900;154.31000;154.082001;154.12300
2025-11-11 04:00:00;154.25900;154.35201;154.21899;154.29401
2025-11-11 03:00:00;154.36000;154.36501;154.21600;154.25999
2025-11-11 02:00:00;154.31799;154.39101;154.25301;154.36200
2025-11-11 01:00:00;154.30901;154.49500;154.30299;154.32100
2025-11-11 00:00:00;154.14600;154.31100;154.097000;154.31000
2025-11-10 23:00:00;154.031998;154.15500;154.024994;154.13800
2025-11-10 22:00:00;154.14301;154.14400;153.98801;154.041000
2025-11-10 21:00:00;154.029999;154.17000;154.018997;154.14101
2025-11-10 20:00:00;154.048996;154.082993;153.99300;154.029999
2025-11-10 19:00:00;153.99200;154.074997;153.94800;154.052002
2025-11-10 18:00:00;153.95500;154.020004;153.91800;153.98700
2025-11-10 17:00:00;153.99300;154.042999;153.92000;153.95599
2025-11-10 16:00:00;154.026001;154.067993;153.88499;153.99100
2025-11-10 15:00:00;154.082001;154.14200;154.0059967;154.024002
2025-11-10 14:00:00;154.054993;154.16499;153.99800;154.078003
2025-11-10 13:00:00;154.11501;154.13901;153.98000;154.057007
2025-11-10 12:00:00;154.12700;154.16701;154.033005;154.10899
2025-11-10 11:00:00;154.16200;154.24899;154.11000;154.12399
2025-11-10 10:00:00;154.15401;154.17799;154.056000;154.15601
2025-11-10 09:00:00;154.16600;154.23100;154.14101;154.15800
2025-11-10 08:00:00;154.042007;154.17900;153.94400;154.16600
2025-11-10 07:00:00;154.026001;154.15199;153.94600;154.039993
2025-11-10 06:00:00;153.93600;154.082993;153.89600;154.022003
2025-11-10 05:00:00;153.87399;154.070999;153.86200;153.93900
2025-11-10 04:00:00;153.92999;153.95399;153.78101;153.87900
2025-11-10 03:00:00;153.88499;154.026001;153.88499;153.93201
2025-11-10 02:00:00;153.82300;153.89999;153.79700;153.88499
2025-11-10 01:00:00;153.85300;153.95399;153.77400;153.82201
2025-11-10 00:00:00;153.82401;153.91400;153.40100;153.84700
2025-11-07 21:00:00;153.42500;153.48399;153.36900;153.37801
2025-11-07 20:00:00;153.55200;153.59500;153.35500;153.42900
2025-11-07 19:00:00;153.25800;153.58299;153.21600;153.55701
2025-11-07 18:00:00;153.089996;153.26700;153.029999;153.25200
2025-11-07 17:00:00;153.056000;153.22400;153.035004;153.093994
2025-11-07 16:00:00;153.13400;153.17599;153.0090027;153.059006
2025-11-07 15:00:00;153.32600;153.34399;153.018997;153.13499
2025-11-07 14:00:00;153.35300;153.47501;153.13100;153.31000
2025-11-07 13:00:00;153.093002;153.375;153.0039978;153.35300
2025-11-07 12:00:00;153.12601;153.17599;153.033005;153.089996
2025-11-07 11:00:00;153.35100;153.36099;153.0059967;153.12900
2025-11-07 10:00:00;153.49100;153.49600;153.31700;153.35201
2025-11-07 09:00:00;153.50800;153.52200;153.43800;153.49200
2025-11-07 08:00:00;153.38699;153.51500;153.34599;153.50301
2025-11-07 07:00:00;153.50500;153.53900;153.37801;153.38800
2025-11-07 06:00:00;153.34801;153.52600;153.34700;153.50500
2025-11-07 05:00:00;153.11000;153.36700;153.10800;153.35201
2025-11-07 04:00:00;153.054001;153.18201;153.0099945;153.11099
2025-11-07 03:00:00;153.14200;153.18700;153.011993;153.056000
2025-11-07 02:00:00;153.12700;153.17500;152.95599;153.14101
2025-11-07 01:00:00;153.18100;153.30701;153.044998;153.12601
2025-11-07 00:00:00;152.95000;153.24899;152.85300;153.17999
2025-11-06 23:00:00;153.042999;153.067001;152.81400;152.96300
2025-11-06 22:00:00;153.054001;153.082993;152.96400;153.044998
2025-11-06 21:00:00;153.031006;153.10201;152.99200;153.041000
2025-11-06 20:00:00;153.14000;153.14400;152.99300;153.024002
2025-11-06 19:00:00;153.048996;153.15800;153.022995;153.14301
2025-11-06 18:00:00;153.0090027;153.087006;152.91400;153.046005
2025-11-06 17:00:00;152.97600;153.061996;152.82600;153.0090027
2025-11-06 16:00:00;153.044006;153.16800;152.96899;152.97600
2025-11-06 15:00:00;153.40800;153.41000;153.039001;153.044006
2025-11-06 14:00:00;153.49600;153.58600;153.38000;153.40500
2025-11-06 13:00:00;153.60100;153.63699;153.40100;153.5
2025-11-06 12:00:00;153.63901;153.74001;153.58000;153.60100
2025-11-06 11:00:00;153.74200;153.76401;153.58400;153.64500
2025-11-06 10:00:00;153.71400;153.77400;153.69800;153.74200
2025-11-06 09:00:00;153.56100;153.77100;153.55200;153.71800
2025-11-06 08:00:00;153.86200;153.87100;153.52699;153.55701
2025-11-06 07:00:00;153.97600;153.99300;153.76900;153.86301
2025-11-06 06:00:00;153.87801;154.0059967;153.80400;153.97600
2025-11-06 05:00:00;153.94901;154.0059967;153.82600;153.88000
2025-11-06 04:00:00;153.86700;154.024994;153.85500;153.94701
2025-11-06 03:00:00;153.94299;153.99400;153.82800;153.86501
2025-11-06 02:00:00;153.86501;154.0010071;153.78999;153.94299
2025-11-06 01:00:00;153.88699;153.94099;153.79800;153.86501
2025-11-06 00:00:00;154.082001;154.14000;153.84399;153.88699
2025-11-05 23:00:00;154.052002;154.087006;153.97301;154.076004
2025-11-05 22:00:00;154.11301;154.11301;154.0099945;154.052002
2025-11-05 21:00:00;154.11600;154.14200;154.076004;154.11000
2025-11-05 20:00:00;154.10300;154.13499;154.076996;154.11600
2025-11-05 19:00:00;154.12100;154.13000;154.052994;154.10899
2025-11-05 18:00:00;154.076004;154.14301;154.0019989;154.125
2025-11-05 17:00:00;154.11501;154.14400;154.050995;154.072006
2025-11-05 16:00:00;154.30099;154.35600;154.10201;154.11501
2025-11-05 15:00:00;153.93700;154.31100;153.92799;154.30000
2025-11-05 14:00:00;153.98100;154.031998;153.89200;153.93600
2025-11-05 13:00:00;153.70500;153.99100;153.68500;153.97600
2025-11-05 12:00:00;153.61000;153.74899;153.55901;153.70500
2025-11-05 11:00:00;153.62000;153.70799;153.57001;153.61000
2025-11-05 10:00:00;153.68401;153.84200;153.61400;153.62601
2025-11-05 09:00:00;153.49200;153.70700;153.48199;153.68300
2025-11-05 08:00:00;153.55901;153.66400;153.41200;153.49200
2025-11-05 07:00:00;153.66200;153.69000;153.44299;153.55400
2025-11-05 06:00:00;153.51500;153.74001;153.44701;153.66100
2025-11-05 05:00:00;153.47800;153.56500;153.40199;153.51700
2025-11-05 04:00:00;153.50600;153.52800;153.38400;153.48100
2025-11-05 03:00:00;153.31100;153.56599;153.29500;153.50600
2025-11-05 02:00:00;153.15700;153.32300;153.061005;153.31100
2025-11-05 01:00:00;153.23000;153.29800;152.95500;153.16200
2025-11-05 00:00:00;153.54401;153.74699;153.22600;153.23500
2025-11-04 23:00:00;153.63100;153.69299;153.50400;153.58000
2025-11-04 22:00:00;153.66499;153.66600;153.61099;153.64000
2025-11-04 21:00:00;153.62601;153.68300;153.59399;153.65401
2025-11-04 20:00:00;153.62700;153.69099;153.61700;153.62199
2025-11-04 19:00:00;153.55800;153.64101;153.55800;153.62700
2025-11-04 18:00:00;153.58501;153.66100;153.54100;153.56300
2025-11-04 17:00:00;153.54601;153.64000;153.51801;153.58501
2025-11-04 16:00:00;153.38100;153.55200;153.33400;153.54900
2025-11-04 15:00:00;153.46899;153.59700;153.33299;153.37900
2025-11-04 14:00:00;153.38200;153.54100;153.36400;153.47501
2025-11-04 13:00:00;153.52200;153.54100;153.31100;153.38699
2025-11-04 12:00:00;153.56900;153.625;153.49899;153.52299
2025-11-04 11:00:00;153.57201;153.59200;153.36800;153.57001
2025-11-04 10:00:00;153.48100;153.60100;153.31200;153.57500
2025-11-04 09:00:00;153.64400;153.75500;153.39700;153.48000
2025-11-04 08:00:00;153.57800;153.69701;153.38100;153.64900
2025-11-04 07:00:00;153.62000;153.63100;153.32700;153.57500
2025-11-04 06:00:00;153.73000;153.78999;153.48900;153.62100
2025-11-04 05:00:00;154.056000;154.080994;153.68401;153.72701
2025-11-04 04:00:00;154.078995;154.10100;153.80499;154.056000
2025-11-04 03:00:00;154.10201;154.15800;154.048004;154.082993
2025-11-04 02:00:00;154.32300;154.35800;154.10001;154.10300
2025-11-04 01:00:00;154.33299;154.48199;154.29500;154.32300
2025-11-04 00:00:00;154.20399;154.39700;154.19200;154.33299
2025-11-03 23:00:00;154.19000;154.22400;154.15100;154.19600
2025-11-03 22:00:00;154.20500;154.25;154.17500;154.19099
2025-11-03 21:00:00;154.18900;154.21600;154.17200;154.19901
2025-11-03 20:00:00;154.19000;154.21899;154.16901;154.18900
2025-11-03 19:00:00;154.16299;154.25200;154.13200;154.18500
2025-11-03 18:00:00;154.14900;154.24001;154.11501;154.16701
2025-11-03 17:00:00;154.12601;154.17500;154.054993;154.14999
2025-11-03 16:00:00;154.097000;154.16600;154.063004;154.12700
2025-11-03 15:00:00;154.085999;154.15800;153.88400;154.093994
2025-11-03 14:00:00;154.24300;154.27299;154.069000;154.095001
2025-11-03 13:00:00;154.17599;154.29601;154.17101;154.24600
2025-11-03 12:00:00;154.14700;154.19099;154.13600;154.17700
2025-11-03 11:00:00;154.16600;154.18500;154.091995;154.14700
2025-11-03 10:00:00;154.16100;154.19000;154.12601;154.16499
2025-11-03 09:00:00;154.10300;154.16901;154.080994;154.16100
2025-11-03 08:00:00;154.10699;154.20599;154.044998;154.10300
2025-11-03 07:00:00;154.18401;154.28400;154.10201;154.10500
2025-11-03 06:00:00;154.11800;154.24200;154.098007;154.18401
2025-11-03 05:00:00;154.070007;154.13400;154.054001;154.11800
2025-11-03 04:00:00;154.059998;154.085999;153.98399;154.072998
2025-11-03 03:00:00;154.082001;154.095001;154.035004;154.063004
2025-11-03 02:00:00;154.10899;154.12601;154.029999;154.078995
2025-11-03 01:00:00;154.17000;154.18800;154.070999;154.11000
2025-11-03 00:00:00;154.19901;154.21600;154.11400;154.17000
2025-10-31 21:00:00;153.92799;153.94000;153.92799;153.94000
2025-10-31 20:00:00;154.11000;154.12000;153.93300;153.93600
2025-10-31 19:00:00;154.085999;154.13499;154.056000;154.10800
2025-10-31 18:00:00;154.091003;154.13400;154.029999;154.082001
2025-10-31 17:00:00;154.11200;154.17599;154.076004;154.089996
2025-10-31 16:00:00;154.035004;154.17300;153.96300;154.11099
2025-10-31 15:00:00;153.94099;154.093994;153.91100;154.039993
2025-10-31 14:00:00;154.076996;154.095993;153.88699;153.94200
2025-10-31 13:00:00;154.13300;154.23100;154.042999;154.070999
2025-10-31 12:00:00;154.098999;154.25200;153.87900;154.12900
2025-10-31 11:00:00;154.125;154.18401;154.039993;154.089005
2025-10-31 10:00:00;154.13400;154.18401;154.078003;154.125
2025-10-31 09:00:00;154.24200;154.29100;154.095993;154.12300
2025-10-31 08:00:00;154.30400;154.41299;154.21700;154.24200
2025-10-31 07:00:00;154.21899;154.39500;154.16499;154.30499
2025-10-31 06:00:00;153.90700;154.23500;153.87700;154.22099
2025-10-31 05:00:00;153.93100;154.054993;153.82600;153.91100
2025-10-31 04:00:00;154.031998;154.057007;153.89999;153.93600
2025-10-31 03:00:00;153.88000;154.067993;153.84599;154.035004
2025-10-31 02:00:00;153.82899;153.88400;153.73399;153.88200
2025-10-31 01:00:00;153.88800;153.92101;153.64500;153.83000
2025-10-31 00:00:00;153.89999;154.035995;153.81500;153.89301
2025-10-30 23:00:00;154.10201;154.16400;153.83099;153.90500
2025-10-30 22:00:00;154.059006;154.13699;154.024002;154.10699
2025-10-30 21:00:00;154.11501;154.13300;154.022003;154.046997
2025-10-30 20:00:00;154.076996;154.15601;154.035004;154.11501
2025-10-30 19:00:00;154.080002;154.089996;154.014999;154.070007
2025-10-30 18:00:00;154.097000;154.14900;154.044998;154.078003
2025-10-30 17:00:00;154.093994;154.17000;154.044998;154.098007
2025-10-30 16:00:00;154.16800;154.22900;154.063004;154.093994
2025-10-30 15:00:00;154.28400;154.34200;154.039001;154.17000
2025-10-30 14:00:00;154.19800;154.32100;154.048004;154.28600
2025-10-30 13:00:00;154.28400;154.44400;154.13100;154.19299
2025-10-30 12:00:00;154.11200;154.28799;154.074005;154.28799
2025-10-30 11:00:00;153.95200;154.17400;153.85899;154.11501
2025-10-30 10:00:00;153.77499;153.95900;153.76601;153.95599
2025-10-30 09:00:00;153.74001;153.80099;153.61800;153.77901
2025-10-30 08:00:00;153.39799;153.88699;153.39799;153.74200
2025-10-30 07:00:00;153.33800;153.54601;153.27100;153.40100
2025-10-30 06:00:00;153.035995;153.51700;152.92799;153.33200
2025-10-30 05:00:00;152.75600;153.042007;152.66800;153.037003
2025-10-30 04:00:00;152.95700;153.020996;152.55400;152.76601
2025-10-30 03:00:00;152.32201;153.13800;152.15500;152.95799
2025-10-30 02:00:00;152.54100;152.56100;152.31000;152.32201
2025-10-30 01:00:00;152.62700;152.67900;152.44600;152.53799
2025-10-30 00:00:00;152.71899;152.94600;152.49800;152.62700
2025-10-29 23:00:00;152.68401;152.75600;152.58000;152.72501
2025-10-29 22:00:00;152.64600;152.73599;152.60201;152.69000
2025-10-29 21:00:00;152.71500;152.73599;152.56500;152.64500
2025-10-29 20:00:00;152.81599;152.87601;152.58200;152.71400
2025-10-29 19:00:00;152.82100;153.059998;152.74500;152.81400
2025-10-29 18:00:00;152.24699;153.054993;152.17400;152.81000
2025-10-29 17:00:00;152.14500;152.31700;152.084000;152.24400
2025-10-29 16:00:00;151.90700;152.17799;151.89200;152.14700
2025-10-29 15:00:00;152.029999;152.061005;151.89999;151.91200
2025-10-29 14:00:00;151.99600;152.16800;151.97800;152.029999
2025-10-29 13:00:00;152.24200;152.24300;151.85899;151.99300
2025-10-29 12:00:00;152.23900;152.29700;152.15601;152.23900
2025-10-29 11:00:00;152.23700;152.40601;152.13000;152.24100
2025-10-29 10:00:00;152.23100;152.34300;152.20100;152.24100
2025-10-29 09:00:00;152.33200;152.46899;152.18900;152.23199
2025-10-29 08:00:00;152.059998;152.33299;152.042007;152.33299
2025-10-29 07:00:00;152.14101;152.17900;151.99600;152.054001
2025-10-29 06:00:00;152.35800;152.45200;152.12300;152.14000
2025-10-29 05:00:00;152.067993;152.54300;152.057007;152.36099
2025-10-29 04:00:00;152.048996;152.11400;151.95399;152.070007
2025-10-29 03:00:00;151.97701;152.054993;151.91000;152.052002
2025-10-29 02:00:00;151.88800;152.14200;151.88400;151.98100
2025-10-29 01:00:00;151.62700;151.91600;151.54201;151.89000
2025-10-29 00:00:00;151.73599;151.88800;151.53000;151.63400
2025-10-28 23:00:00;152.16100;152.19299;151.78200;151.82800
2025-10-28 22:00:00;152.033997;152.17900;152.020004;152.16400
2025-10-28 21:00:00;152.10100;152.11400;152.0099945;152.042999
2025-10-28 20:00:00;152.048004;152.13100;152.037003;152.098999
2025-10-28 19:00:00;152.098999;152.10400;151.94099;152.048996
2025-10-28 18:00:00;152.17500;152.24600;152.084000;152.098007
2025-10-28 17:00:00;152.10899;152.19501;152.087006;152.17101
2025-10-28 16:00:00;152.13600;152.30600;152.10500;152.10600
2025-10-28 15:00:00;151.98199;152.17799;151.84599;152.13600
2025-10-28 14:00:00;152.19299;152.26199;151.96800;151.98599
2025-10-28 13:00:00;152.13300;152.37100;152.12399;152.19501
2025-10-28 12:00:00;152.029007;152.21800;152.014008;152.12801
2025-10-28 11:00:00;151.85800;152.082001;151.85400;152.029999
2025-10-28 10:00:00;151.91000;151.98700;151.82001;151.85699
2025-10-28 09:00:00;151.94600;152.080002;151.86800;151.91000
2025-10-28 08:00:00;152.13800;152.16200;151.83701;151.94600
2025-10-28 07:00:00;152.018997;152.35300;152.011993;152.14200
2025-10-28 06:00:00;151.90601;152.059006;151.80499;152.013000
2025-10-28 05:00:00;151.87300;151.97000;151.75301;151.90601
2025-10-28 04:00:00;152.26900;152.30200;151.84700;151.87300
2025-10-28 03:00:00;152.45500;152.47400;152.16000;152.27699
2025-10-28 02:00:00;152.39900;152.47200;152.29100;152.45200
2025-10-28 01:00:00;152.48900;152.51199;152.25800;152.39900
2025-10-28 00:00:00;152.69200;152.73599;152.38901;152.49300
2025-10-27 23:00:00;152.74200;152.77699;152.62601;152.70399
2025-10-27 22:00:00;152.84000;152.84000;152.72701;152.74001
2025-10-27 21:00:00;152.86900;152.86900;152.81200;152.84801
2025-10-27 20:00:00;152.89900;152.91100;152.83900;152.87399
2025-10-27 19:00:00;152.81900;152.95300;152.81000;152.90700
2025-10-27 18:00:00;153.054993;153.070999;152.75400;152.81400
2025-10-27 17:00:00;152.99001;153.093994;152.93600;153.057007
2025-10-27 16:00:00;153.085007;153.091003;152.97099;152.99200
2025-10-27 15:00:00;153.0010071;153.12000;152.98000;153.084000
2025-10-27 14:00:00;153.10500;153.19000;152.99300;152.99699
2025-10-27 13:00:00;152.83400;153.19600;152.80200;153.10800
2025-10-27 12:00:00;152.63200;152.89799;152.55901;152.83600
2025-10-27 11:00:00;152.76700;152.80701;152.59000;152.63499
2025-10-27 10:00:00;152.73900;152.84900;152.71700;152.76700
2025-10-27 09:00:00;152.81599;152.82100;152.69200;152.73900
2025-10-27 08:00:00;153.0079956;153.076996;152.73399;152.81200
2025-10-27 07:00:00;152.97000;153.029007;152.85500;153.014008
2025-10-27 06:00:00;153.125;153.13699;152.82700;152.97200
2025-10-27 05:00:00;153.13000;153.25500;153.10500;153.12300
2025-10-27 04:00:00;153.035995;153.16400;153.028000;153.13000
2025-10-27 03:00:00;152.98100;153.050995;152.94400;153.035995
2025-10-27 02:00:00;152.82700;153.014008;152.81799;152.96800
2025-10-27 01:00:00;152.88600;152.99001;152.64101;152.83400
2025-10-27 00:00:00;153.061005;153.15300;152.82100;152.89101
2025-10-24 20:00:00;152.82100;152.89000;152.74400;152.81000
2025-10-24 19:00:00;152.85800;152.89600;152.79601;152.82500
2025-10-24 18:00:00;152.80000;152.89000;152.78999;152.85800
2025-10-24 17:00:00;152.82899;152.83900;152.74400;152.80499
2025-10-24 16:00:00;152.81700;152.87601;152.77600;152.83701
2025-10-24 15:00:00;152.76401;152.87801;152.70100;152.82100
2025-10-24 14:00:00;152.82700;152.90199;152.69000;152.76700
2025-10-24 13:00:00;152.67300;153.018997;152.58600;152.82500
2025-10-24 12:00:00;152.92500;152.96100;152.21700;152.65900
2025-10-24 11:00:00;152.97301;152.99200;152.89400;152.93500
2025-10-24 10:00:00;152.95700;152.98300;152.89700;152.97400
2025-10-24 09:00:00;152.93201;152.99500;152.89700;152.94800
2025-10-24 08:00:00;152.82700;153.018997;152.80400;152.93600
2025-10-24 07:00:00;152.90300;152.95300;152.74600;152.82700
2025-10-24 06:00:00;152.95000;153.061996;152.90300;152.91499
2025-10-24 05:00:00;152.88600;153.035995;152.87199;152.95000
2025-10-24 04:00:00;152.76900;152.91200;152.75999;152.88600
2025-10-24 03:00:00;152.88600;152.91400;152.70399;152.76199
2025-10-24 02:00:00;152.89301;152.91400;152.76100;152.88300
2025-10-24 01:00:00;152.64200;152.89999;152.63200;152.89301
2025-10-24 00:00:00;152.60600;152.66400;152.46500;152.64200
2025-10-23 23:00:00;152.58000;152.67400;152.55701;152.59801
2025-10-23 22:00:00;152.53000;152.59300;152.49699;152.58900
2025-10-23 21:00:00;152.56200;152.59599;152.49800;152.54300
2025-10-23 20:00:00;152.55901;152.60899;152.53600;152.55200
2025-10-23 19:00:00;152.53200;152.56799;152.48801;152.55299
2025-10-23 18:00:00;152.60699;152.64799;152.51500;152.53200
2025-10-23 17:00:00;152.71201;152.76801;152.60600;152.61400
2025-10-23 16:00:00;152.72200;152.79700;152.66400;152.71201
2025-10-23 15:00:00;152.61099;152.76401;152.57600;152.72600
2025-10-23 14:00:00;152.68500;152.70900;152.57001;152.60699
2025-10-23 13:00:00;152.53000;152.73199;152.46800;152.67799
2025-10-23 12:00:00;152.66600;152.71899;152.44800;152.53400
2025-10-23 11:00:00;152.76500;152.79201;152.65700;152.66600
2025-10-23 10:00:00;152.56300;152.77499;152.56000;152.75900
2025-10-23 09:00:00;152.60300;152.66499;152.50101;152.56900
2025-10-23 08:00:00;152.49300;152.64999;152.44901;152.60699
2025-10-23 07:00:00;152.63600;152.64600;152.37100;152.49600
2025-10-23 06:00:00;152.36900;152.64799;152.32100;152.63600
2025-10-23 05:00:00;152.40800;152.42599;152.31100;152.37399
2025-10-23 04:00:00;152.46400;152.57500;152.39799;152.40700
2025-10-23 03:00:00;152.45599;152.48399;152.38400;152.47099
2025-10-23 02:00:00;152.40800;152.50101;152.37300;152.45900
2025-10-23 01:00:00;152.14000;152.45599;152.10500;152.41299
2025-10-23 00:00:00;151.97600;152.26199;151.96100;152.13699
2025-10-22 23:00:00;151.89400;151.99699;151.89400;151.98100
2025-10-22 22:00:00;151.85800;151.92700;151.81300;151.89600
2025-10-22 21:00:00;151.96700;151.96700;151.85600;151.88100
2025-10-22 20:00:00;151.97600;152.011002;151.89400;151.98000
2025-10-22 19:00:00;151.87900;152.0070038;151.84000;151.97600
2025-10-22 18:00:00;151.63100;151.89101;151.62801;151.86900
2025-10-22 17:00:00;151.75301;151.81100;151.59200;151.63100
2025-10-22 16:00:00;151.78200;151.84399;151.49699;151.76199
2025-10-22 15:00:00;151.88000;151.91000;151.74500;151.79201
2025-10-22 14:00:00;151.96400;152.0099945;151.85400;151.88000
2025-10-22 13:00:00;151.92500;152.044998;151.86400;151.96700
2025-10-22 12:00:00;151.78300;151.96800;151.74800;151.92200
2025-10-22 11:00:00;151.81300;151.89301;151.71400;151.78200
2025-10-22 10:00:00;151.81300;151.83400;151.71100;151.81300
2025-10-22 09:00:00;151.68401;151.82600;151.64200;151.81500
2025-10-22 08:00:00;151.82201;151.90900;151.625;151.68300
2025-10-22 07:00:00;151.73801;151.85899;151.61501;151.82201
2025-10-22 06:00:00;151.85500;151.94901;151.69000;151.73700
2025-10-22 05:00:00;151.75200;151.87300;151.71400;151.85500
2025-10-22 04:00:00;151.79401;151.875;151.75;151.75800
2025-10-22 03:00:00;151.62700;151.81799;151.62300;151.79401
2025-10-22 02:00:00;151.74300;151.75999;151.58299;151.62900
2025-10-22 01:00:00;151.62601;151.75301;151.48399;151.74400
2025-10-22 00:00:00;151.87300;151.87700;151.59801;151.62801
2025-10-21 23:00:00;151.93100;151.95900;151.85600;151.87300
2025-10-21 22:00:00;151.86600;151.92599;151.84900;151.92500
2025-10-21 21:00:00;151.92200;151.92400;151.85699;151.87199
2025-10-21 20:00:00;151.90800;151.94701;151.86400;151.92200
2025-10-21 19:00:00;151.91000;151.97000;151.88600;151.91299
2025-10-21 18:00:00;151.91901;151.92700;151.87000;151.90800
2025-10-21 17:00:00;151.85500;151.97200;151.80099;151.91901
2025-10-21 16:00:00;151.72301;151.95000;151.64600;151.85001
2025-10-21 15:00:00;151.86900;151.87601;151.67500;151.72200
2025-10-21 14:00:00;151.59300;151.88300;151.44901;151.87100
2025-10-21 13:00:00;152.022995;152.091003;151.58000;151.59801
2025-10-21 12:00:00;151.94501;152.17400;151.88699;152.026993
2025-10-21 11:00:00;151.92599;152.0090027;151.80299;151.94400
2025-10-21 10:00:00;151.79201;152.048004;151.73399;151.91701
2025-10-21 09:00:00;151.60400;151.80200;151.58501;151.78999
2025-10-21 08:00:00;151.14999;151.67700;151.061996;151.60899
2025-10-21 07:00:00;151.24699;151.26300;151.056000;151.15100
2025-10-21 06:00:00;151.50900;151.60699;151.21201;151.25600
2025-10-21 05:00:00;151.074997;151.52100;150.85600;151.49899
2025-10-21 04:00:00;151.041000;151.23900;150.87601;151.076004
2025-10-21 03:00:00;151.11800;151.14900;150.99500;151.042999
2025-10-21 02:00:00;150.97400;151.14500;150.95700;151.11099
2025-10-21 01:00:00;150.65199;150.99400;150.51801;150.97501
2025-10-21 00:00:00;150.80701;150.85001;150.46300;150.65401
2025-10-20 23:00:00;150.72501;150.82201;150.70900;150.81799
2025-10-20 22:00:00;150.64400;150.76300;150.61600;150.74300
2025-10-20 21:00:00;150.73000;150.73199;150.63699;150.65199
2025-10-20 20:00:00;150.69099;150.76601;150.67799;150.73100
2025-10-20 19:00:00;150.69000;150.73100;150.62199;150.69299
2025-10-20 18:00:00;150.77699;150.82700;150.65601;150.68500
2025-10-20 17:00:00;150.66800;150.79700;150.65900;150.77600
2025-10-20 16:00:00;150.58400;150.69600;150.52299;150.67101
2025-10-20 15:00:00;150.59100;150.62199;150.48000;150.58900
2025-10-20 14:00:00;150.76100;150.81100;150.40500;150.58800
2025-10-20 13:00:00;150.67200;150.85201;150.60699;150.76100
2025-10-20 12:00:00;150.69800;150.77499;150.60100;150.66800
2025-10-20 11:00:00;150.70000;150.85600;150.66299;150.69600
2025-10-20 10:00:00;150.73000;150.83501;150.66100;150.71201
2025-10-20 09:00:00;150.57800;150.77100;150.26601;150.72000
2025-10-20 08:00:00;150.73700;150.79601;150.57100;150.57899
2025-10-20 07:00:00;150.67799;150.83000;150.64500;150.74001
2025-10-20 06:00:00;150.64799;150.74400;150.54300;150.68700
2025-10-20 05:00:00;150.59599;150.69000;150.48700;150.64301
2025-10-20 04:00:00;150.71899;150.76900;150.50200;150.59399
2025-10-20 03:00:00;150.86501;150.88699;150.63400;150.72200
2025-10-20 02:00:00;150.95100;150.99699;150.80099;150.86501
2025-10-20 01:00:00;150.90199;151.20000;150.85800;150.95100
2025-10-20 00:00:00;150.91299;150.97701;150.75999;150.90800
2025-10-19 23:00:00;150.82300;150.96500;150.79800;150.91701
2025-10-17 20:00:00;150.46800;150.64000;150.45700;150.58400
2025-10-17 19:00:00;150.49800;150.52100;150.44701;150.48100
2025-10-17 18:00:00;150.48801;150.53400;150.40401;150.49500
2025-10-17 17:00:00;150.40800;150.49200;150.35400;150.46800
2025-10-17 16:00:00;150.34399;150.5;150.32401;150.40800
2025-10-17 15:00:00;150.41400;150.45399;150.19901;150.32500
2025-10-17 14:00:00;150.34599;150.59200;150.34100;150.42000
2025-10-17 13:00:00;150.38300;150.44701;150.15601;150.35699
2025-10-17 12:00:00;150.23199;150.54201;150.22600;150.38400
2025-10-17 11:00:00;149.92500;150.33099;149.86301;150.23399
2025-10-17 10:00:00;149.66800;149.96100;149.66400;149.92500
2025-10-17 09:00:00;149.77600;149.90300;149.59801;149.66701
2025-10-17 08:00:00;149.69800;149.91600;149.57899;149.77901
2025-10-17 07:00:00;149.63100;149.78300;149.37000;149.70200
2025-10-17 06:00:00;149.74100;149.97701;149.62000;149.62601
2025-10-17 05:00:00;149.95799;149.97200;149.73199;149.74699
2025-10-17 04:00:00;150.0070038;150.14000;149.93401;149.96001
2025-10-17 03:00:00;150.18201;150.18201;149.88400;150.011993
2025-10-17 02:00:00;150.30901;150.38901;150.054001;150.17599
2025-10-17 01:00:00;150.22400;150.36099;150.16701;150.31000
2025-10-17 00:00:00;150.14799;150.23100;150.037003;150.22900
2025-10-16 23:00:00;150.25200;150.29201;150.046005;150.14900
2025-10-16 22:00:00;150.38200;150.43401;150.23801;150.26100
2025-10-16 21:00:00;150.41901;150.44099;150.32100;150.38200
2025-10-16 20:00:00;150.39700;150.45000;150.34000;150.41901
2025-10-16 19:00:00;150.33600;150.42999;150.20399;150.39900
2025-10-16 18:00:00;150.32500;150.42200;150.21800;150.33000
2025-10-16 17:00:00;150.39799;150.47301;150.24500;150.32899
2025-10-16 16:00:00;150.75101;150.79300;150.23000;150.39799
2025-10-16 15:00:00;150.76900;150.86700;150.71500;150.75400
2025-10-16 14:00:00;151.10001;151.12100;150.74899;150.77400
2025-10-16 13:00:00;151.098999;151.28700;151.011002;151.10100
2025-10-16 12:00:00;151.23700;151.28200;151.022003;151.098007
2025-10-16 11:00:00;151.17300;151.37399;151.15700;151.23700
2025-10-16 10:00:00;151.28900;151.30099;151.15800;151.17400
2025-10-16 09:00:00;151.23801;151.39700;151.23599;151.28600
2025-10-16 08:00:00;151.24001;151.28799;151.054001;151.23801
2025-10-16 07:00:00;151.19800;151.38200;150.93600;151.23399
2025-10-16 06:00:00;151.050995;151.27100;150.95500;151.19501
2025-10-16 05:00:00;151.033997;151.19200;151.011993;151.057007
2025-10-16 04:00:00;150.86400;151.11301;150.86000;151.039001
2025-10-16 03:00:00;150.77200;150.88600;150.72400;150.86400
2025-10-16 02:00:00;150.59500;150.77699;150.56300;150.77299
2025-10-16 01:00:00;150.70200;150.77299;150.50800;150.59599
2025-10-16 00:00:00;150.98300;151.091003;150.50700;150.70700
2025-10-15 23:00:00;150.90700;151.037994;150.87700;150.98300
2025-10-15 22:00:00;151.050995;151.10201;150.74200;150.89999
2025-10-15 21:00:00;151.033997;151.20200;150.99899;151.054993
2025-10-15 20:00:00;151.25500;151.27400;151.026001;151.033005
2025-10-15 19:00:00;151.33501;151.34399;151.22800;151.24800
2025-10-15 18:00:00;151.32500;151.39101;151.20900;151.32700
2025-10-15 17:00:00;151.19200;151.34100;151.059998;151.32401
2025-10-15 16:00:00;151.21700;151.32201;151.17101;151.19099
2025-10-15 15:00:00;151.39600;151.46001;151.031998;151.21201
2025-10-15 14:00:00;151.39799;151.51199;151.31100;151.39600
2025-10-15 13:00:00;151.63000;151.73700;151.39600;151.40199
2025-10-15 12:00:00;151.49699;151.68700;151.45000;151.63499
2025-10-15 11:00:00;151.36200;151.51100;151.31599;151.49899
2025-10-15 10:00:00;151.34500;151.49300;151.32899;151.36099
2025-10-15 09:00:00;151.20900;151.43300;151.20900;151.34500
2025-10-15 08:00:00;151.24600;151.39500;151.12000;151.21600
2025-10-15 07:00:00;151.031998;151.29700;150.98000;151.24600
2025-10-15 06:00:00;151.19901;151.20200;150.89400;151.037994
2025-10-15 05:00:00;151.24300;151.27100;151.10600;151.20399
2025-10-15 04:00:00;151.13200;151.24899;151.085007;151.24200
2025-10-15 03:00:00;151.052994;151.16800;150.99800;151.13200
2025-10-15 02:00:00;151.29601;151.31500;151.029999;151.048996
2025-10-15 01:00:00;151.56400;151.60400;151.29500;151.30000
2025-10-15 00:00:00;151.70000;151.83200;151.49200;151.56599
2025-10-14 23:00:00;151.80000;151.85201;151.68900;151.70200
2025-10-14 22:00:00;151.69299;151.87000;151.69000;151.80000
2025-10-14 21:00:00;151.81500;151.83000;151.67799;151.69701
2025-10-14 20:00:00;151.68300;151.83400;151.67900;151.83200
2025-10-14 19:00:00;151.75500;151.77499;151.59801;151.68600
2025-10-14 18:00:00;151.72301;151.80200;151.69200;151.75500
2025-10-14 17:00:00;151.73100;151.86800;151.66901;151.72400
2025-10-14 16:00:00;151.77400;151.91701;151.66299;151.73100
2025-10-14 15:00:00;151.82600;151.93800;151.73599;151.77600
2025-10-14 14:00:00;151.98801;152.10201;151.82600;151.83099
2025-10-14 13:00:00;152.044998;152.16400;151.81500;151.99200
2025-10-14 12:00:00;152.085999;152.12700;151.85600;152.046005
2025-10-14 11:00:00;151.94400;152.12801;151.93300;152.085999
2025-10-14 10:00:00;152.11000;152.12300;151.90900;151.94299
2025-10-14 09:00:00;151.96899;152.15300;151.96600;152.10600
2025-10-14 08:00:00;151.95599;152.12601;151.92599;151.97400
2025-10-14 07:00:00;151.89301;152.076996;151.66800;151.95599
2025-10-14 06:00:00;151.84000;151.97501;151.69400;151.89000
2025-10-14 05:00:00;151.85300;151.94600;151.80499;151.81300
2025-10-14 04:00:00;152.14600;152.14999;151.77200;151.85500
2025-10-14 03:00:00;152.37601;152.39400;152.044006;152.14301
2025-10-14 02:00:00;152.45200;152.48599;152.35400;152.37601
2025-10-14 01:00:00;152.46201;152.49899;152.34900;152.45799
2025-10-14 00:00:00;152.45100;152.61301;152.42300;152.46700
2025-10-13 23:00:00;152.33400;152.46001;152.27499;152.45100
2025-10-13 22:00:00;152.23599;152.34500;152.17900;152.34000
2025-10-13 21:00:00;152.26401;152.26401;152.15601;152.23000
2025-10-13 20:00:00;152.32201;152.35001;152.25900;152.26300
2025-10-13 19:00:00;152.27699;152.32500;152.24699;152.32100
2025-10-13 18:00:00;152.25900;152.33400;152.21201;152.28300
2025-10-13 17:00:00;152.27499;152.34700;152.22800;152.25999
2025-10-13 16:00:00;152.25400;152.30200;152.18900;152.27699
2025-10-13 15:00:00;152.36400;152.39101;152.23500;152.25999
2025-10-13 14:00:00;152.18700;152.44701;152.17799;152.36301
2025-10-13 13:00:00;152.20900;152.26500;152.098999;152.18300
2025-10-13 12:00:00;152.10201;152.26700;152.046997;152.21100
2025-10-13 11:00:00;152.16299;152.17200;151.97301;152.10201
2025-10-13 10:00:00;152.16600;152.23100;152.12199;152.16600
2025-10-13 09:00:00;152.33400;152.37000;152.15700;152.16600
2025-10-13 08:00:00;152.29601;152.44800;152.24400;152.34000
2025-10-13 07:00:00;151.93800;152.37601;151.90700;152.29500
2025-10-13 06:00:00;151.87000;152.026993;151.71201;151.93700
2025-10-13 05:00:00;151.90700;151.91400;151.75600;151.87700
2025-10-13 04:00:00;151.92700;151.96800;151.80499;151.90601
2025-10-13 03:00:00;151.92999;152.014008;151.89700;151.92400
2025-10-13 02:00:00;151.95300;151.98500;151.84500;151.93500
2025-10-13 01:00:00;151.83701;151.97800;151.80000;151.95200
2025-10-13 00:00:00;152.061005;152.074997;151.79201;151.84000
2025-10-12 23:00:00;151.92599;152.085007;151.73199;152.063995
2025-10-10 20:00:00;151.59100;151.72800;151.11900;151.11900
2025-10-10 19:00:00;151.71001;151.80600;151.52299;151.59300
2025-10-10 18:00:00;151.85899;151.89900;151.62801;151.71700
2025-10-10 17:00:00;151.88400;151.94701;151.71700;151.86200
2025-10-10 16:00:00;151.93700;152.18700;151.83701;151.88901
2025-10-10 15:00:00;152.45900;152.46201;151.5;151.94200
2025-10-10 14:00:00;152.65401;152.71300;152.41299;152.46001
2025-10-10 13:00:00;152.55299;152.69200;152.52499;152.64400
2025-10-10 12:00:00;152.625;152.65100;152.51199;152.55200
2025-10-10 11:00:00;152.71500;152.75800;152.53900;152.625
2025-10-10 10:00:00;152.78700;152.81000;152.625;152.71201
2025-10-10 09:00:00;152.64000;152.84599;152.60699;152.78999
2025-10-10 08:00:00;152.84700;152.93700;152.59000;152.64101
2025-10-10 07:00:00;152.53200;152.95000;152.47900;152.84300
2025-10-10 06:00:00;152.83200;152.91600;152.37700;152.52699
2025-10-10 05:00:00;152.74500;152.84900;152.68100;152.82500
2025-10-10 04:00:00;152.66000;152.83000;152.63200;152.75101
2025-10-10 03:00:00;152.90900;152.93500;152.63800;152.66000
2025-10-10 02:00:00;153.016006;153.035004;152.85899;152.91400
2025-10-10 01:00:00;152.95000;153.048996;152.83501;153.016006
2025-10-10 00:00:00;153.022995;153.16499;152.94099;152.95100
2025-10-09 23:00:00;153.024002;153.27499;152.95700;153.020004
2025-10-09 22:00:00;153.050003;153.084000;152.96800;153.026993
2025-10-09 21:00:00;152.90900;153.076996;152.90900;153.042999
2025-10-09 20:00:00;153.061996;153.10100;152.99899;153.061005
2025-10-09 19:00:00;153.17799;153.17900;153.042999;153.061996
2025-10-09 18:00:00;153.048004;153.21300;152.99500;153.17700
2025-10-09 17:00:00;152.99899;153.098999;152.90300;153.046005
2025-10-09 16:00:00;153.044998;153.14600;152.98801;153.0030060
2025-10-09 15:00:00;153.037003;153.23199;152.94099;153.050995
2025-10-09 14:00:00;152.86600;153.18401;152.85500;153.037003
2025-10-09 13:00:00;152.73900;152.95399;152.095993;152.85500
2025-10-09 12:00:00;152.79100;152.84300;152.64900;152.74500
2025-10-09 11:00:00;152.65401;152.84100;152.64900;152.79401
2025-10-09 10:00:00;152.55200;152.74800;152.49001;152.66000
2025-10-09 09:00:00;152.79100;152.85500;152.46400;152.54800
2025-10-09 08:00:00;153.067993;153.13699;152.75301;152.79601
2025-10-09 07:00:00;152.97900;153.21700;152.84900;153.063995
2025-10-09 06:00:00;152.63300;153.13600;152.62801;152.98000
2025-10-09 05:00:00;152.46600;152.65601;152.46100;152.63000
2025-10-09 04:00:00;152.50500;152.59700;152.44800;152.46201
2025-10-09 03:00:00;152.45799;152.57899;152.44800;152.50500
2025-10-09 02:00:00;152.52100;152.60600;152.39999;152.45799
2025-10-09 01:00:00;152.70200;152.76500;152.40401;152.51500
2025-10-09 00:00:00;152.70799;152.73700;152.45000;152.69901
2025-10-08 23:00:00;152.52299;152.72099;152.45799;152.70900
2025-10-08 22:00:00;152.65100;152.66901;152.48599;152.52000
2025-10-08 21:00:00;152.67700;152.69701;152.55099;152.64301
2025-10-08 20:00:00;152.70799;152.73399;152.64400;152.67700
2025-10-08 19:00:00;152.71600;152.75200;152.63499;152.70599
2025-10-08 18:00:00;152.87000;152.94501;152.63901;152.71201
2025-10-08 17:00:00;152.75200;152.88600;152.74100;152.86600
2025-10-08 16:00:00;152.72301;152.79700;152.68700;152.75800
2025-10-08 15:00:00;152.49899;152.79201;152.49800;152.72701
2025-10-08 14:00:00;152.58200;152.67101;152.42599;152.5
2025-10-08 13:00:00;152.50500;152.66200;152.36900;152.58800
2025-10-08 12:00:00;152.68700;152.74699;152.43201;152.50200
2025-10-08 11:00:00;152.73500;152.84801;152.64000;152.68700
2025-10-08 10:00:00;152.96700;152.99699;152.64500;152.72701
2025-10-08 09:00:00;152.74300;152.99800;152.71201;152.97200
2025-10-08 08:00:00;152.53900;152.78700;152.37100;152.74800
2025-10-08 07:00:00;152.33900;152.55400;152.32500;152.53900
2025-10-08 06:00:00;152.40401;152.52100;152.24899;152.33900
2025-10-08 05:00:00;152.36000;152.44099;152.28101;152.40500
2025-10-08 04:00:00;152.40700;152.49300;152.30400;152.36301
2025-10-08 03:00:00;152.48000;152.56400;152.39799;152.40700
2025-10-08 02:00:00;152.60201;152.64700;152.30000;152.48300
2025-10-08 01:00:00;152.30499;152.60201;152.26601;152.59599
2025-10-08 00:00:00;152.052002;152.37700;152.052002;152.30499
2025-10-07 23:00:00;151.80901;152.093002;151.78799;152.054993
2025-10-07 22:00:00;151.84100;151.89101;151.72900;151.84100
2025-10-07 21:00:00;151.89101;151.95100;151.82001;151.87199
2025-10-07 20:00:00;151.90300;152.044006;151.87300;151.89200
2025-10-07 19:00:00;151.81900;151.95300;151.73399;151.89999
2025-10-07 18:00:00;151.51199;151.93401;151.49001;151.82300
2025-10-07 17:00:00;151.32001;151.53300;151.24699;151.51500
2025-10-07 16:00:00;151.17200;151.40900;151.095001;151.32300
2025-10-07 15:00:00;151.17000;151.20399;150.97600;151.17500
2025-10-07 14:00:00;150.93401;151.20500;150.90401;151.17400
2025-10-07 13:00:00;150.82700;150.94099;150.72900;150.92900
2025-10-07 12:00:00;150.89700;151.039001;150.80099;150.82700
2025-10-07 11:00:00;150.77200;150.95000;150.75600;150.89101
2025-10-07 10:00:00;150.75101;150.79401;150.70200;150.76300
2025-10-07 09:00:00;150.78600;150.83000;150.72099;150.75
2025-10-07 08:00:00;150.62199;150.83200;150.52000;150.78600
2025-10-07 07:00:00;150.62000;150.71100;150.53200;150.61900
2025-10-07 06:00:00;150.49300;150.69701;150.49100;150.62199
2025-10-07 05:00:00;150.41100;150.54100;150.39700;150.49200
2025-10-07 04:00:00;150.35699;150.44299;150.24300;150.40900
2025-10-07 03:00:00;150.52600;150.53400;150.35500;150.36099
2025-10-07 02:00:00;150.50301;150.53600;150.33600;150.53101
2025-10-07 01:00:00;150.48599;150.61200;150.36099;150.50200
2025-10-07 00:00:00;150.35899;150.61800;150.35400;150.48599
2025-10-06 23:00:00;150.31300;150.39500;150.25600;150.36000
2025-10-06 22:00:00;150.24800;150.38800;150.24400;150.32001
2025-10-06 21:00:00;150.34399;150.34399;150.18900;150.24800
2025-10-06 20:00:00;150.31700;150.39700;150.28101;150.34500
2025-10-06 19:00:00;150.29401;150.33400;150.22099;150.31700
2025-10-06 18:00:00;150.20500;150.32100;150.15601;150.29300
2025-10-06 17:00:00;150.15601;150.23801;150.072998;150.20100
2025-10-06 16:00:00;150.024002;150.17200;149.94901;150.15700
2025-10-06 15:00:00;149.96100;150.11400;149.91701;150.020004
2025-10-06 14:00:00;149.92799;150.11301;149.79500;149.95500
2025-10-06 13:00:00;149.77800;150.082993;149.74800;149.92999
2025-10-06 12:00:00;150.36600;150.38901;149.74600;149.77800
2025-10-06 11:00:00;150.27901;150.40601;150.21400;150.36800
2025-10-06 10:00:00;150.37700;150.43401;150.27200;150.27901
2025-10-06 09:00:00;150.36301;150.47600;150.29500;150.37199
2025-10-06 08:00:00;150.029007;150.39999;149.99200;150.36501
2025-10-06 07:00:00;150.026001;150.21700;149.94400;150.024994
2025-10-06 06:00:00;150.25500;150.34900;150.0039978;150.031006
2025-10-06 05:00:00;150.30901;150.43600;150.22000;150.25200
2025-10-06 04:00:00;150.057007;150.34300;149.84000;150.31200
2025-10-06 03:00:00;149.87100;150.10001;149.81400;150.057007
2025-10-06 02:00:00;149.76700;149.91800;149.71400;149.87100
2025-10-06 01:00:00;149.70000;149.83200;149.58000;149.77000
2025-10-06 00:00:00;149.57800;149.86099;149.44600;149.70700
2025-10-05 23:00:00;149.32401;149.65700;149.22000;149.57700
2025-10-03 20:00:00;147.45200;147.51500;147.37700;147.39900
2025-10-03 19:00:00;147.49699;147.52499;147.45100;147.45799
2025-10-03 18:00:00;147.50600;147.54401;147.45900;147.49600
2025-10-03 17:00:00;147.49899;147.51401;147.40199;147.50600
2025-10-03 16:00:00;147.33701;147.53600;147.32100;147.50500
2025-10-03 15:00:00;147.44000;147.49100;147.30000;147.33200
2025-10-03 14:00:00;147.35699;147.51801;147.018005;147.44600
2025-10-03 13:00:00;147.25800;147.38200;147.21201;147.35500
2025-10-03 12:00:00;147.27400;147.41200;147.22501;147.26300
2025-10-03 11:00:00;147.31500;147.42200;147.21400;147.27400
2025-10-03 10:00:00;147.36501;147.39101;147.30600;147.32300
2025-10-03 09:00:00;147.32500;147.43401;147.30600;147.37000
2025-10-03 08:00:00;147.40700;147.44099;147.27400;147.32500
2025-10-03 07:00:00;147.60001;147.68300;147.40300;147.41100
2025-10-03 06:00:00;147.78300;147.80400;147.49300;147.60001
2025-10-03 05:00:00;147.71899;147.81500;147.56799;147.78300
2025-10-03 04:00:00;147.62300;147.74300;147.58800;147.71899
2025-10-03 03:00:00;147.64500;147.76601;147.60899;147.62300
2025-10-03 02:00:00;147.50500;147.68600;147.49200;147.64999
2025-10-03 01:00:00;147.34700;147.68401;147.17400;147.50800
2025-10-03 00:00:00;147.14999;147.38100;147.14900;147.34700
2025-10-02 23:00:00;147.18600;147.20399;147.087997;147.15100
2025-10-02 22:00:00;147.19701;147.22400;147.15199;147.18401
2025-10-02 21:00:00;147.24699;147.25800;147.16800;147.20000
2025-10-02 20:00:00;147.23199;147.29300;147.18201;147.24800
2025-10-02 19:00:00;147.20799;147.25200;147.125;147.23599
2025-10-02 18:00:00;147.17400;147.21899;147.15800;147.21300
2025-10-02 17:00:00;147.16299;147.23599;147.13600;147.17400
2025-10-02 16:00:00;147.34599;147.36600;147.15700;147.16100
2025-10-02 15:00:00;147.32600;147.51401;147.32300;147.34399
2025-10-02 14:00:00;147.22301;147.34300;147.14700;147.32899
2025-10-02 13:00:00;147.16000;147.26801;147.052994;147.21800
2025-10-02 12:00:00;146.79100;147.19901;146.73900;147.15700
2025-10-02 11:00:00;146.63600;146.86099;146.62000;146.79201
2025-10-02 10:00:00;146.61800;146.77000;146.61600;146.63901
2025-10-02 09:00:00;146.78799;146.80901;146.59399;146.61600
2025-10-02 08:00:00;147.076004;147.082001;146.72099;146.78900
2025-10-02 07:00:00;147.15601;147.21600;147.0059967;147.076996
2025-10-02 06:00:00;147.15800;147.38000;146.88499;147.15601
2025-10-02 05:00:00;147.16800;147.26700;147.11200;147.16000
2025-10-02 04:00:00;147.080994;147.19901;147.067993;147.16800
2025-10-02 03:00:00;147.16100;147.19501;147.046005;147.080994
2025-10-02 02:00:00;146.98000;147.18500;146.93201;147.16000
2025-10-02 01:00:00;147.18800;147.22501;146.95300;146.98100
2025-10-02 00:00:00;147.10800;147.32201;147.10201;147.18800
2025-10-01 23:00:00;147.0039978;147.11200;146.99300;147.10400
2025-10-01 22:00:00;147.035995;147.065994;146.99300;147.0050049
2025-10-01 21:00:00;147.044006;147.057999;147.013000;147.020996
2025-10-01 20:00:00;147.091995;147.16600;147.029999;147.046005
2025-10-01 19:00:00;147.087997;147.15900;147.046997;147.091995
2025-10-01 18:00:00;147.16299;147.22900;147.016998;147.084000
2025-10-01 17:00:00;147.15700;147.19099;147.10899;147.16600
2025-10-01 16:00:00;147.14101;147.25400;147.089005;147.15601
2025-10-01 15:00:00;146.86000;147.21100;146.83701;147.14999
2025-10-01 14:00:00;146.71400;147.048996;146.68300;146.85800
2025-10-01 13:00:00;146.78999;146.87300;146.61200;146.71500
2025-10-01 12:00:00;147;147.11700;146.58000;146.79401
2025-10-01 11:00:00;147.074005;147.10800;146.99001;146.99699
2025-10-01 10:00:00;147.20599;147.26601;147.050995;147.072998
2025-10-01 09:00:00;147.14400;147.22701;147.065002;147.20300
2025-10-01 08:00:00;147.11900;147.15300;146.89200;147.14900
2025-10-01 07:00:00;147.23000;147.32201;147.013000;147.12300
2025-10-01 06:00:00;147.52699;147.52699;147.16299;147.22600
2025-10-01 05:00:00;147.55299;147.64200;147.45399;147.52200
2025-10-01 04:00:00;147.92101;147.95700;147.54401;147.55000
2025-10-01 03:00:00;147.90900;147.99899;147.86301;147.92500
2025-10-01 02:00:00;147.94901;148.039001;147.88100;147.91100
2025-10-01 01:00:00;148.10201;148.16701;147.93500;147.94901
2025-10-01 00:00:00;148.016006;148.22600;148.014999;148.10100
2025-09-30 23:00:00;147.90900;148.028000;147.80099;148.020996
2025-09-30 22:00:00;147.84500;147.92300;147.80000;147.90601
2025-09-30 21:00:00;147.88400;147.88400;147.77800;147.84000
2025-09-30 20:00:00;147.86501;147.98000;147.85300;147.89301
2025-09-30 19:00:00;147.87100;147.92400;147.82300;147.86000
2025-09-30 18:00:00;147.78101;147.88300;147.76401;147.86301
2025-09-30 17:00:00;147.73599;147.84700;147.64500;147.77699
2025-09-30 16:00:00;147.96201;147.96600;147.69901;147.73801
2025-09-30 15:00:00;147.68401;148.018005;147.65500;147.96700
2025-09-30 14:00:00;147.89700;148.0039978;147.64700;147.68100
2025-09-30 13:00:00;147.95500;148.061996;147.80299;147.90900
2025-09-30 12:00:00;147.96600;148.026001;147.89000;147.95100
2025-09-30 11:00:00;148.020004;148.098007;147.96001;147.96400
2025-09-30 10:00:00;147.96800;148.035995;147.89400;148.024002
2025-09-30 09:00:00;147.85001;147.98599;147.82600;147.96800
2025-09-30 08:00:00;148.044998;148.093994;147.83200;147.85300
2025-09-30 07:00:00;148.061996;148.17799;147.93500;148.046997
2025-09-30 06:00:00;148.28101;148.35100;148.042007;148.072006
2025-09-30 05:00:00;148.39700;148.44400;148.22000;148.28500
2025-09-30 04:00:00;148.51100;148.59100;148.38300;148.40199
2025-09-30 03:00:00;148.71100;148.72099;148.50800;148.51100
2025-09-30 02:00:00;148.74600;148.80200;148.62199;148.71400
2025-09-30 01:00:00;148.79300;148.79300;148.59599;148.74699
2025-09-30 00:00:00;148.61400;148.84500;148.54601;148.78999
2025-09-29 23:00:00;148.59200;148.63000;148.49500;148.61301
2025-09-29 22:00:00;148.57600;148.65300;148.55499;148.59599
2025-09-29 21:00:00;148.58299;148.65100;148.52901;148.58200
2025-09-29 20:00:00;148.62601;148.69600;148.55901;148.57800
2025-09-29 19:00:00;148.63200;148.67400;148.55200;148.62700
2025-09-29 18:00:00;148.58000;148.64101;148.53999;148.63400
2025-09-29 17:00:00;148.57500;148.64799;148.54500;148.58099
2025-09-29 16:00:00;148.56300;148.61501;148.55299;148.57800
2025-09-29 15:00:00;148.64999;148.65100;148.49500;148.56799
2025-09-29 14:00:00;148.57300;148.65199;148.52499;148.64400
2025-09-29 13:00:00;148.59801;148.73801;148.47501;148.57700
2025-09-29 12:00:00;148.62399;148.81200;148.57001;148.59801
2025-09-29 11:00:00;148.66200;148.79900;148.61600;148.62900
2025-09-29 10:00:00;148.59801;148.68500;148.56599;148.66499
2025-09-29 09:00:00;148.52299;148.63499;148.46700;148.59801
2025-09-29 08:00:00;148.57300;148.62100;148.46700;148.52200
2025-09-29 07:00:00;148.82201;148.83701;148.51700;148.57001
2025-09-29 06:00:00;148.77299;148.85300;148.70500;148.81700
2025-09-29 05:00:00;148.94299;148.97900;148.73700;148.77699
2025-09-29 04:00:00;148.93100;148.97800;148.88200;148.94299
2025-09-29 03:00:00;148.93700;148.95900;148.87900;148.92900
2025-09-29 02:00:00;149.089005;149.10500;148.89600;148.93800
2025-09-29 01:00:00;149.17101;149.27901;149.011993;149.085999
2025-09-29 00:00:00;149.40800;149.42101;149.10600;149.17200
2025-09-28 23:00:00;149.46400;149.47400;149.33299;149.41000
2025-09-26 20:00:00;149.50600;149.54900;149.43900;149.45399
2025-09-26 19:00:00;149.44000;149.55901;149.43100;149.50200
2025-09-26 18:00:00;149.51700;149.55299;149.39999;149.43401
2025-09-26 17:00:00;149.54601;149.56000;149.47200;149.51500
2025-09-26 16:00:00;149.51900;149.59500;149.48801;149.55200
2025-09-26 15:00:00;149.49699;149.57401;149.42000;149.51900
2025-09-26 14:00:00;149.74100;149.74100;149.45700;149.49800
2025-09-26 13:00:00;149.61800;149.78300;149.50500;149.73500
2025-09-26 12:00:00;149.78200;149.83900;149.58099;149.62300
2025-09-26 11:00:00;149.89200;149.89799;149.75;149.78200
2025-09-26 10:00:00;149.78500;149.95100;149.77400;149.88600
2025-09-26 09:00:00;149.74500;149.79601;149.70599;149.78101
2025-09-26 08:00:00;149.84200;149.84801;149.64500;149.74400
2025-09-26 07:00:00;149.72000;149.88499;149.71899;149.84599
2025-09-26 06:00:00;149.71001;149.79800;149.69000;149.71700
2025-09-26 05:00:00;149.63901;149.72099;149.61099;149.70799
2025-09-26 04:00:00;149.70000;149.73000;149.63800;149.63901
2025-09-26 03:00:00;149.71700;149.74400;149.66600;149.70000
2025-09-26 02:00:00;149.82500;149.83200;149.68600;149.71700
2025-09-26 01:00:00;149.67799;149.84801;149.62700;149.82201
2025-09-26 00:00:00;149.86800;149.94501;149.63200;149.67900
2025-09-25 23:00:00;149.72900;149.95599;149.72501;149.86800
2025-09-25 22:00:00;149.74100;149.80499;149.71001;149.75101
2025-09-25 21:00:00;149.78200;149.82401;149.72301;149.75999
2025-09-25 20:00:00;149.76700;149.81100;149.74100;149.78400
2025-09-25 19:00:00;149.88600;149.89700;149.72099;149.77100
2025-09-25 18:00:00;149.80499;149.92799;149.72000;149.88300
2025-09-25 17:00:00;149.81300;149.92000;149.75301;149.80499
2025-09-25 16:00:00;149.78500;149.86600;149.70399;149.80600
2025-09-25 15:00:00;149.62900;149.84300;149.61900;149.78300
2025-09-25 14:00:00;149.42500;149.63600;149.33501;149.63000
2025-09-25 13:00:00;149.23700;149.47501;149.13200;149.42200
2025-09-25 12:00:00;148.83501;149.35500;148.79401;149.24200
2025-09-25 11:00:00;148.79500;148.89301;148.78999;148.83000
2025-09-25 10:00:00;148.79100;148.79900;148.72000;148.79900
2025-09-25 09:00:00;148.73700;148.81200;148.67999;148.78600
2025-09-25 08:00:00;148.81500;148.82401;148.65800;148.73700
2025-09-25 07:00:00;148.78101;148.82700;148.63000;148.82201
2025-09-25 06:00:00;148.80499;148.86099;148.72400;148.77800
2025-09-25 05:00:00;148.60201;148.81300;148.59300;148.80600
2025-09-25 04:00:00;148.66400;148.70000;148.59500;148.60001
2025-09-25 03:00:00;148.74800;148.77400;148.65401;148.66800
2025-09-25 02:00:00;148.74699;148.75800;148.60899;148.74400
2025-09-25 01:00:00;148.56900;148.85899;148.55400;148.74699
2025-09-25 00:00:00;148.77800;148.79201;148.55701;148.56900
2025-09-24 23:00:00;148.79900;148.83299;148.72099;148.77800
2025-09-24 22:00:00;148.75400;148.84900;148.75400;148.79500
2025-09-24 21:00:00;148.89200;148.89200;148.67200;148.76801
2025-09-24 20:00:00;148.85899;148.91499;148.84900;148.89000
2025-09-24 19:00:00;148.84300;148.88800;148.83000;148.85500
2025-09-24 18:00:00;148.73599;148.87199;148.73199;148.83501
2025-09-24 17:00:00;148.75999;148.76700;148.70000;148.73399
2025-09-24 16:00:00;148.71201;148.79201;148.67999;148.75999
2025-09-24 15:00:00;148.70599;148.77400;148.69000;148.70700
2025-09-24 14:00:00;148.70900;148.78000;148.58701;148.70599
2025-09-24 13:00:00;148.66499;148.77499;148.61099;148.70000
2025-09-24 12:00:00;148.49500;148.71600;148.42599;148.66701
2025-09-24 11:00:00;148.39000;148.51801;148.36900;148.49500
2025-09-24 10:00:00;148.27800;148.42101;148.27200;148.39000
2025-09-24 09:00:00;148.25999;148.34399;148.20300;148.27200
2025-09-24 08:00:00;148.037994;148.29201;148.011002;148.26401
2025-09-24 07:00:00;148.052994;148.10001;147.99899;148.039001
2025-09-24 06:00:00;147.87700;148.10600;147.86400;148.052994
2025-09-24 05:00:00;147.89500;147.94000;147.80499;147.87100
2025-09-24 04:00:00;147.87000;147.96100;147.86501;147.90300
2025-09-24 03:00:00;147.76401;147.87700;147.75400;147.86501
2025-09-24 02:00:00;147.75301;147.78900;147.71800;147.76401
2025-09-24 01:00:00;147.77100;147.81200;147.70900;147.75
2025-09-24 00:00:00;147.59599;147.82800;147.51100;147.77600
2025-09-23 23:00:00;147.61200;147.66400;147.56799;147.60001
2025-09-23 22:00:00;147.56100;147.62900;147.53500;147.61000
2025-09-23 21:00:00;147.61501;147.64999;147.54100;147.55099
2025-09-23 20:00:00;147.62300;147.67300;147.57700;147.60500
2025-09-23 19:00:00;147.58200;147.63200;147.54401;147.62300
2025-09-23 18:00:00;147.57300;147.62300;147.45599;147.57800
2025-09-23 17:00:00;147.76700;147.77400;147.48500;147.57300
2025-09-23 16:00:00;147.83701;147.92700;147.67999;147.76601
2025-09-23 15:00:00;147.76199;147.92599;147.74400;147.83501
2025-09-23 14:00:00;147.67101;147.80099;147.61099;147.76199
2025-09-23 13:00:00;147.76601;147.88600;147.65601;147.67400
2025-09-23 12:00:00;147.75700;147.88400;147.75101;147.76601
2025-09-23 11:00:00;147.71100;147.79500;147.68300;147.76401
2025-09-23 10:00:00;147.60400;147.76801;147.57401;147.71201
2025-09-23 09:00:00;147.55901;147.62399;147.50301;147.60400
2025-09-23 08:00:00;147.72400;147.77600;147.53101;147.56400
2025-09-23 07:00:00;147.70799;147.82201;147.64000;147.72501
2025-09-23 06:00:00;147.79401;147.83400;147.63200;147.70799
2025-09-23 05:00:00;147.79401;147.84000;147.73300;147.79800
2025-09-23 04:00:00;147.75301;147.81300;147.72600;147.79601
2025-09-23 03:00:00;147.78799;147.86501;147.74400;147.75900
2025-09-23 02:00:00;147.62000;147.81400;147.60100;147.78799
2025-09-23 01:00:00;147.66299;147.70100;147.59599;147.61200
2025-09-23 00:00:00;147.72701;147.76601;147.64600;147.66400
2025-09-22 23:00:00;147.69299;147.76700;147.67599;147.72701
2025-09-22 22:00:00;147.69099;147.73900;147.64999;147.70799
2025-09-22 21:00:00;147.70200;147.86000;147.65800;147.71001
2025-09-22 20:00:00;147.73500;147.77901;147.68800;147.70200
2025-09-22 19:00:00;147.72400;147.73900;147.68401;147.73599
2025-09-22 18:00:00;147.68300;147.77299;147.65500;147.72400
2025-09-22 17:00:00;147.73599;147.78000;147.65100;147.67999
2025-09-22 16:00:00;147.83099;147.88699;147.72800;147.74100
2025-09-22 15:00:00;147.87700;147.90199;147.81300;147.83099
2025-09-22 14:00:00;147.81700;147.98300;147.81100;147.87100
2025-09-22 13:00:00;147.83501;147.96600;147.72400;147.81599
2025-09-22 12:00:00;147.83800;147.92999;147.75800;147.83600
2025-09-22 11:00:00;147.85300;147.90700;147.73700;147.83800
2025-09-22 10:00:00;147.87100;147.93100;147.81400;147.85201
2025-09-22 09:00:00;147.85201;147.94400;147.79300;147.87100
2025-09-22 08:00:00;148.11200;148.12700;147.81400;147.84399
2025-09-22 07:00:00;148.072998;148.13200;147.88400;148.11000
2025-09-22 06:00:00;148.24899;148.25999;147.99100;148.072006
2025-09-22 05:00:00;148.28101;148.30499;148.21800;148.25
2025-09-22 04:00:00;148.33099;148.36900;148.26801;148.28300
2025-09-22 03:00:00;148.34200;148.37601;148.29800;148.33099
2025-09-22 02:00:00;148.19000;148.35300;148.17300;148.34200
2025-09-22 01:00:00;148.16000;148.21500;148.080002;148.19000
2025-09-22 00:00:00;148.10001;148.25700;148.098999;148.15700
2025-09-21 23:00:00;147.98599;148.11000;147.96899;148.10001
2025-09-19 20:00:00;147.93401;147.99300;147.89200;147.91200
2025-09-19 19:00:00;147.96300;147.99500;147.91499;147.93900
2025-09-19 18:00:00;147.93800;147.97501;147.91299;147.95799
2025-09-19 17:00:00;147.84399;147.95200;147.83900;147.93800
2025-09-19 16:00:00;147.83000;147.92599;147.78999;147.84399
2025-09-19 15:00:00;147.88200;147.95100;147.82201;147.83099
2025-09-19 14:00:00;147.83000;147.92300;147.78500;147.88200
2025-09-19 13:00:00;148.15199;148.15900;147.80000;147.83000
2025-09-19 12:00:00;148.16100;148.28300;148.011002;148.15401
2025-09-19 11:00:00;147.93700;148.19701;147.92700;148.16400
2025-09-19 10:00:00;147.95200;147.97600;147.85001;147.94000
2025-09-19 09:00:00;147.84900;147.98399;147.74800;147.95300
2025-09-19 08:00:00;147.92900;148.033005;147.80600;147.85400
2025-09-19 07:00:00;147.84599;147.95599;147.65700;147.92599
2025-09-19 06:00:00;147.50600;147.98801;147.46201;147.84599
2025-09-19 05:00:00;147.51700;147.58200;147.41100;147.50800
2025-09-19 04:00:00;147.61900;147.62601;147.19200;147.51700
2025-09-19 03:00:00;147.97800;147.99200;147.36400;147.62300
2025-09-19 02:00:00;148.054993;148.10400;147.94299;147.99100
2025-09-19 01:00:00;148.0019989;148.093994;147.92799;148.059006
2025-09-19 00:00:00;147.95900;148.11301;147.88901;148.0070038
2025-09-18 23:00:00;147.93201;148.0070038;147.92999;147.95700
2025-09-18 22:00:00;147.95700;147.98000;147.89700;147.93201
2025-09-18 21:00:00;147.99100;147.99500;147.86200;147.93800
2025-09-18 20:00:00;147.94099;148.016998;147.93800;147.97600
2025-09-18 19:00:00;147.875;147.96001;147.83900;147.94099
2025-09-18 18:00:00;147.87000;147.92900;147.81900;147.87900
2025-09-18 17:00:00;147.86000;147.89301;147.80000;147.86900
2025-09-18 16:00:00;148.018005;148.042007;147.85100;147.86099
2025-09-18 15:00:00;148.0070038;148.080002;147.89799;148.018997
2025-09-18 14:00:00;148.052994;148.12700;147.89700;148.011993
2025-09-18 13:00:00;147.78700;148.26700;147.78500;148.057999
2025-09-18 12:00:00;147.37700;147.80099;147.35800;147.78400
2025-09-18 11:00:00;147.25600;147.42400;147.20900;147.37801
2025-09-18 10:00:00;147.27200;147.37100;147.22000;147.25600
2025-09-18 09:00:00;147.42999;147.45399;147.15500;147.27100
2025-09-18 08:00:00;147.11099;147.48801;147.095993;147.42999
2025-09-18 07:00:00;147.40401;147.42599;147.022003;147.11700
2025-09-18 06:00:00;147.34801;147.53200;147.32700;147.40601
2025-09-18 05:00:00;147.20200;147.40500;147.16800;147.35100
2025-09-18 04:00:00;147.046005;147.22000;147.035004;147.20200
2025-09-18 03:00:00;146.90100;147.052002;146.84801;147.046005
2025-09-18 02:00:00;147.018997;147.069000;146.89101;146.89999
2025-09-18 01:00:00;146.90900;147.14700;146.84100;147.020004
2025-09-18 00:00:00;146.87601;147.028000;146.84801;146.91200
2025-09-17 23:00:00;146.83299;146.90900;146.76199;146.87601
2025-09-17 22:00:00;146.91901;146.98300;146.78799;146.83800
2025-09-17 21:00:00;146.94099;146.95500;146.84100;146.91901
2025-09-17 20:00:00;146.77800;147.048004;146.74699;146.93900
2025-09-17 19:00:00;146.71600;146.84700;146.43500;146.77901
2025-09-17 18:00:00;146.24899;146.85699;145.47600;146.71100
2025-09-17 17:00:00;146.28200;146.36800;146.23801;146.25101
2025-09-17 16:00:00;146.35699;146.37601;146.25;146.28600
2025-09-17 15:00:00;146.33800;146.38499;146.29900;146.36000
2025-09-17 14:00:00;146.33701;146.39200;146.20500;146.33701
2025-09-17 13:00:00;146.37399;146.40100;146.24200;146.33701
2025-09-17 12:00:00;146.33299;146.47800;146.31500;146.37700
2025-09-17 11:00:00;146.27100;146.34200;146.21600;146.33299
2025-09-17 10:00:00;146.31700;146.38901;146.20000;146.26801
2025-09-17 09:00:00;146.44600;146.45399;146.27200;146.31400
2025-09-17 08:00:00;146.66200;146.68201;146.36800;146.45100
2025-09-17 07:00:00;146.49500;146.67999;146.47400;146.66299
2025-09-17 06:00:00;146.50999;146.54401;146.45799;146.49400
2025-09-17 05:00:00;146.45100;146.55400;146.36301;146.51199
2025-09-17 04:00:00;146.52800;146.54401;146.42999;146.45300
2025-09-17 03:00:00;146.53400;146.56300;146.47099;146.53000
2025-09-17 02:00:00;146.49300;146.59000;146.48900;146.53600
2025-09-17 01:00:00;146.53000;146.60400;146.42599;146.49500
2025-09-17 00:00:00;146.40800;146.56900;146.20700;146.53101
2025-09-16 23:00:00;146.48399;146.49500;146.30600;146.41100
2025-09-16 22:00:00;146.43800;146.51401;146.39700;146.50999
2025-09-16 21:00:00;146.47301;146.54100;146.34300;146.44200
2025-09-16 20:00:00;146.48599;146.50600;146.42900;146.47701
2025-09-16 19:00:00;146.34399;146.49899;146.33900;146.48399
2025-09-16 18:00:00;146.37399;146.39700;146.32001;146.33800
2025-09-16 17:00:00;146.35600;146.39999;146.27400;146.37100
2025-09-16 16:00:00;146.55299;146.56300;146.34599;146.35001
2025-09-16 15:00:00;146.52100;146.68201;146.49400;146.55299
2025-09-16 14:00:00;146.75400;146.80400;146.51100;146.52100
2025-09-16 13:00:00;147.10001;147.13699;146.73000;146.75400
2025-09-16 12:00:00;146.94701;147.25600;146.90199;147.098007
2025-09-16 11:00:00;147.050003;147.11400;146.86900;146.95000
2025-09-16 10:00:00;146.95700;147.089996;146.94099;147.054001
2025-09-16 09:00:00;146.99300;147.0050049;146.86000;146.95700
2025-09-16 08:00:00;146.88901;147.093002;146.87199;146.99400
2025-09-16 07:00:00;146.89500;146.89900;146.68600;146.88800
2025-09-16 06:00:00;146.98599;147.026001;146.77400;146.89799
2025-09-16 05:00:00;147.0090027;147.070999;146.91000;146.99001
2025-09-16 04:00:00;147.095993;147.12801;146.96700;147.0090027
2025-09-16 03:00:00;147.14600;147.19800;147.014008;147.098007
2025-09-16 02:00:00;147.34700;147.35300;147.11200;147.14600
2025-09-16 01:00:00;147.44000;147.53799;147.25800;147.34700
2025-09-16 00:00:00;147.39900;147.50200;147.34399;147.43700
2025-09-15 23:00:00;147.38699;147.42599;147.33000;147.39500
2025-09-15 22:00:00;147.31599;147.40100;147.31599;147.39301
2025-09-15 21:00:00;147.37399;147.37801;147.27299;147.31700
2025-09-15 20:00:00;147.38300;147.42999;147.35800;147.37801
2025-09-15 19:00:00;147.31900;147.41299;147.30499;147.38300
2025-09-15 18:00:00;147.24800;147.32700;147.23599;147.32600
2025-09-15 17:00:00;147.32899;147.37100;147.23801;147.24800
2025-09-15 16:00:00;147.26801;147.41600;147.23801;147.32899
2025-09-15 15:00:00;147.41701;147.43500;147.26401;147.26801
2025-09-15 14:00:00;147.34599;147.47000;147.34300;147.41400
2025-09-15 13:00:00;147.26500;147.35300;147.22600;147.34700
2025-09-15 12:00:00;147.41200;147.41701;147.24300;147.26601
2025-09-15 11:00:00;147.38800;147.47800;147.31700;147.41000
2025-09-15 10:00:00;147.36200;147.40601;147.23801;147.39000
2025-09-15 09:00:00;147.40700;147.42900;147.30499;147.36600
2025-09-15 08:00:00;147.46500;147.48300;147.37000;147.40700
2025-09-15 07:00:00;147.52499;147.59399;147.36800;147.46300
2025-09-15 06:00:00;147.50600;147.60699;147.49200;147.52499
2025-09-15 05:00:00;147.39799;147.52000;147.38600;147.50900
2025-09-15 04:00:00;147.42300;147.45300;147.33400;147.39799
2025-09-15 03:00:00;147.51199;147.51700;147.39799;147.42300
2025-09-15 02:00:00;147.57001;147.61000;147.50101;147.51100
2025-09-15 01:00:00;147.54300;147.58600;147.53400;147.57001
2025-09-15 00:00:00;147.67000;147.68900;147.53999;147.54601
2025-09-14 23:00:00;147.70399;147.72600;147.62199;147.67000
2025-09-12 20:00:00;147.57600;147.72200;147.57201;147.64500
2025-09-12 19:00:00;147.48199;147.60899;147.45799;147.58501
2025-09-12 18:00:00;147.55400;147.56100;147.46600;147.48199
2025-09-12 17:00:00;147.67900;147.68401;147.50800;147.55600
2025-09-12 16:00:00;147.85201;147.875;147.625;147.67900
2025-09-12 15:00:00;147.66701;147.86400;147.64600;147.85201
2025-09-12 14:00:00;147.72000;147.76100;147.58400;147.66600
2025-09-12 13:00:00;147.84500;147.88699;147.69000;147.71800
2025-09-12 12:00:00;147.83501;148.072006;147.80200;147.84399
2025-09-12 11:00:00;147.74800;147.85500;147.67900;147.83400
2025-09-12 10:00:00;147.92101;147.93800;147.73599;147.74600
2025-09-12 09:00:00;147.89600;147.98199;147.85001;147.92200
2025-09-12 08:00:00;147.45000;147.92599;147.44701;147.89000
2025-09-12 07:00:00;147.40401;147.48300;147.23599;147.45399
2025-09-12 06:00:00;147.34100;147.50600;147.31799;147.39799
2025-09-12 05:00:00;147.50200;147.55400;147.32500;147.34700
2025-09-12 04:00:00;147.44099;147.54500;147.44099;147.50101
2025-09-12 03:00:00;147.41701;147.47900;147.41701;147.44099
2025-09-12 02:00:00;147.41299;147.47800;147.39301;147.41701
2025-09-12 01:00:00;147.22501;147.44701;147.20700;147.41100
2025-09-12 00:00:00;147.22301;147.33800;147.15900;147.22501
2025-09-11 23:00:00;147.17999;147.23700;147.14400;147.22301
2025-09-11 22:00:00;147.17200;147.22900;147.11000;147.19701
2025-09-11 21:00:00;147.20100;147.21001;147.125;147.15401
2025-09-11 20:00:00;147.15900;147.24300;147.11000;147.19299
2025-09-11 19:00:00;147.17300;147.19200;147.082001;147.16200
2025-09-11 18:00:00;147.28600;147.30600;147.14000;147.17000
2025-09-11 17:00:00;147.052002;147.30400;147.044998;147.28600
2025-09-11 16:00:00;147.16200;147.16901;146.98000;147.054001
2025-09-11 15:00:00;147.18600;147.30800;147.048004;147.16701
2025-09-11 14:00:00;147.35400;147.37700;146.98801;147.18300
2025-09-11 13:00:00;147.52299;147.62000;147.32300;147.35400
2025-09-11 12:00:00;147.96300;148.17999;147.35500;147.52499
2025-09-11 11:00:00;147.96500;147.98700;147.89700;147.96300
2025-09-11 10:00:00;147.95599;147.98801;147.89101;147.96899
2025-09-11 09:00:00;147.84300;147.99001;147.83400;147.95599
2025-09-11 08:00:00;147.77299;147.86301;147.76199;147.84599
2025-09-11 07:00:00;147.71899;147.83200;147.64900;147.77299
2025-09-11 06:00:00;147.57800;147.78999;147.55400;147.71899
2025-09-11 05:00:00;147.42900;147.58600;147.42101;147.57800
2025-09-11 04:00:00;147.44000;147.45500;147.40900;147.43201
2025-09-11 03:00:00;147.45700;147.47600;147.42700;147.44000
2025-09-11 02:00:00;147.38699;147.47900;147.37000;147.46100
2025-09-11 01:00:00;147.45399;147.47701;147.31500;147.38499
2025-09-11 00:00:00;147.34900;147.46700;147.34100;147.45500
2025-09-10 23:00:00;147.33701;147.37700;147.27699;147.34700
2025-09-10 22:00:00;147.36900;147.42200;147.33299;147.34399
2025-09-10 21:00:00;147.46001;147.46001;147.29700;147.36000
2025-09-10 20:00:00;147.40700;147.46300;147.37399;147.44901
2025-09-10 19:00:00;147.32001;147.46700;147.30901;147.41299
2025-09-10 18:00:00;147.32800;147.35300;147.24200;147.32001
2025-09-10 17:00:00;147.37100;147.39101;147.24200;147.32800
2025-09-10 16:00:00;147.36099;147.41200;147.27499;147.37100
2025-09-10 15:00:00;147.40199;147.44000;147.30800;147.36200
2025-09-10 14:00:00;147.34000;147.42700;147.25800;147.40100
2025-09-10 13:00:00;147.52699;147.60400;147.26900;147.33600
2025-09-10 12:00:00;147.50800;147.64700;147.084000;147.52699
2025-09-10 11:00:00;147.47501;147.54401;147.44099;147.50800
2025-09-10 10:00:00;147.42300;147.48300;147.39000;147.47099
2025-09-10 09:00:00;147.51199;147.54100;147.39101;147.41800
2025-09-10 08:00:00;147.49300;147.55701;147.39000;147.51700
2025-09-10 07:00:00;147.56799;147.57001;147.38800;147.49300
2025-09-10 06:00:00;147.41901;147.58600;147.32800;147.56500
2025-09-10 05:00:00;147.32100;147.48500;147.27499;147.42599
2025-09-10 04:00:00;147.38800;147.45900;147.31799;147.32600
2025-09-10 03:00:00;147.29500;147.39900;147.26401;147.38800
2025-09-10 02:00:00;147.39000;147.41200;147.29100;147.29601
2025-09-10 01:00:00;147.41800;147.57100;147.32700;147.39000
2025-09-10 00:00:00;147.38901;147.47600;147.36301;147.41800
2025-09-09 23:00:00;147.34900;147.45100;147.33000;147.38901
2025-09-09 22:00:00;147.36600;147.41499;147.33600;147.34300
2025-09-09 21:00:00;147.40401;147.40800;147.24100;147.36800
2025-09-09 20:00:00;147.44501;147.47000;147.37399;147.39500
2025-09-09 19:00:00;147.39799;147.46201;147.38400;147.44299
2025-09-09 18:00:00;147.35300;147.43201;147.31000;147.39500
2025-09-09 17:00:00;147.26601;147.36099;147.23100;147.34700
2025-09-09 16:00:00;147.23100;147.33600;147.17400;147.26801
2025-09-09 15:00:00;147.093994;147.34900;147.089996;147.23100
2025-09-09 14:00:00;146.87000;147.13300;146.51401;147.095001
2025-09-09 13:00:00;146.91800;146.96600;146.77100;146.86400
2025-09-09 12:00:00;146.72501;147.0070038;146.72099;146.91800
2025-09-09 11:00:00;146.46500;146.76500;146.45599;146.72900
2025-09-09 10:00:00;146.34300;146.52000;146.32300;146.46500
2025-09-09 09:00:00;146.62000;146.62100;146.30400;146.34399
2025-09-09 08:00:00;147.20100;147.33299;146.55299;146.62199
2025-09-09 07:00:00;147.046005;147.31500;146.99100;147.20100
2025-09-09 06:00:00;146.84599;147.13400;146.81200;147.046005
2025-09-09 05:00:00;147.12700;147.13200;146.84000;146.85400
2025-09-09 04:00:00;147.35699;147.37601;147.089005;147.12300
2025-09-09 03:00:00;147.32800;147.40199;147.31599;147.35699
2025-09-09 02:00:00;147.23100;147.34100;147.20599;147.32800
2025-09-09 01:00:00;147.34300;147.39900;147.19400;147.23801
2025-09-09 00:00:00;147.36800;147.43201;147.14600;147.33900
2025-09-08 23:00:00;147.40500;147.41901;147.20599;147.36800
2025-09-08 22:00:00;147.49300;147.51100;147.37801;147.40401
2025-09-08 21:00:00;147.48000;147.57500;147.39400;147.49400
2025-09-08 20:00:00;147.41100;147.53900;147.37399;147.44800
2025-09-08 19:00:00;147.45500;147.47400;147.33099;147.41100
2025-09-08 18:00:00;147.72501;147.73100;147.44200;147.45900
2025-09-08 17:00:00;147.67999;147.76601;147.66701;147.72900
2025-09-08 16:00:00;147.58299;147.77699;147.54800;147.68700
2025-09-08 15:00:00;147.74899;147.76500;147.54100;147.58299
2025-09-08 14:00:00;147.67700;147.87399;147.61800;147.74400
2025-09-08 13:00:00;147.69000;147.74400;147.53300;147.67101
2025-09-08 12:00:00;147.77400;147.88100;147.64301;147.69501
2025-09-08 11:00:00;147.80299;147.81900;147.67200;147.77299
2025-09-08 10:00:00;147.75101;147.87900;147.74100;147.80099
2025-09-08 09:00:00;147.67999;147.77100;147.65601;147.74800
2025-09-08 08:00:00;147.52499;147.74001;147.46001;147.68201
2025-09-08 07:00:00;147.82001;147.83400;147.50999;147.52499
2025-09-08 06:00:00;148.13600;148.16100;147.79700;147.82700
2025-09-08 05:00:00;148.15900;148.17999;147.99899;148.13499
2025-09-08 04:00:00;148.19600;148.25301;148.10600;148.16901
2025-09-08 03:00:00;148.074997;148.22301;148.0090027;148.19701
2025-09-08 02:00:00;148.13100;148.15300;148;148.076004
2025-09-08 01:00:00;148.33299;148.38699;148.11800;148.13499
2025-09-08 00:00:00;148.31500;148.57700;148.28700;148.33299
2025-09-07 23:00:00;148.42799;148.45200;148.20300;148.31700
2025-09-05 20:00:00;147.45799;147.50600;147.32500;147.39400
2025-09-05 19:00:00;147.45900;147.50200;147.36900;147.46500
2025-09-05 18:00:00;147.27000;147.48500;147.25999;147.46001
2025-09-05 17:00:00;147.13901;147.30299;147.12601;147.27000
2025-09-05 16:00:00;146.83900;147.15100;146.81700;147.14200
2025-09-05 15:00:00;147.072006;147.085007;146.81200;146.83701
2025-09-05 14:00:00;147.057999;147.20900;146.98599;147.072998
2025-09-05 13:00:00;147.29700;147.46700;147.035995;147.050995
2025-09-05 12:00:00;148.19200;148.19800;147.16600;147.29300
2025-09-05 11:00:00;148.14000;148.25101;148.12900;148.19200
2025-09-05 10:00:00;148.16701;148.18500;148.076004;148.14000
2025-09-05 09:00:00;148.15800;148.18800;148.082001;148.16701
2025-09-05 08:00:00;148.21201;148.22301;148.10800;148.15601
2025-09-05 07:00:00;148.23199;148.25800;148.18600;148.20799
2025-09-05 06:00:00;148.16701;148.27400;148.14301;148.23500
2025-09-05 05:00:00;148.21400;148.21800;148.16600;148.16701
2025-09-05 04:00:00;148.17599;148.23700;148.16299;148.21300
2025-09-05 03:00:00;148.17999;148.20700;148.10500;148.17000
2025-09-05 02:00:00;148.13499;148.18100;148.076004;148.17300
2025-09-05 01:00:00;148.16400;148.26401;148.084000;148.13499
2025-09-05 00:00:00;148.41600;148.43800;148.097000;148.16800
2025-09-04 23:00:00;148.47200;148.50500;148.29500;148.38699
2025-09-04 22:00:00;148.39600;148.51500;148.375;148.44000
2025-09-04 21:00:00;148.47900;148.54201;148.31900;148.39600
2025-09-04 20:00:00;148.47900;148.55200;148.42599;148.46600
2025-09-04 19:00:00;148.55499;148.56599;148.44901;148.48199
2025-09-04 18:00:00;148.63800;148.65100;148.53300;148.56500
2025-09-04 17:00:00;148.61600;148.67300;148.60100;148.63800
2025-09-04 16:00:00;148.625;148.74001;148.59200;148.62100
2025-09-04 15:00:00;148.73199;148.77800;148.62100;148.62601
2025-09-04 14:00:00;148.41701;148.75101;148.38000;148.73399
2025-09-04 13:00:00;148.42200;148.52800;148.34500;148.41701
2025-09-04 12:00:00;148.33701;148.53000;148.0019989;148.42200
2025-09-04 11:00:00;148.25700;148.39101;148.24500;148.33701
2025-09-04 10:00:00;148.31400;148.33600;148.19901;148.25700
2025-09-04 09:00:00;148.21100;148.37199;148.16200;148.31400
2025-09-04 08:00:00;148.35899;148.40500;148.13100;148.21100
2025-09-04 07:00:00;148.19099;148.41400;148.10600;148.36099
2025-09-04 06:00:00;148.22200;148.24600;148.12601;148.19000
2025-09-04 05:00:00;148.23399;148.28101;148.15500;148.22099
2025-09-04 04:00:00;148.24200;148.28400;148.12300;148.23900
2025-09-04 03:00:00;148.13499;148.26300;148.11400;148.24200
2025-09-04 02:00:00;148.0059967;148.19099;148.0059967;148.13200
2025-09-04 01:00:00;148.024002;148.11099;147.78400;148.0090027
2025-09-04 00:00:00;147.97099;148.17000;147.89900;148.022995
2025-09-03 23:00:00;148.050003;148.061996;147.94400;147.97200
2025-09-03 22:00:00;148.042999;148.14400;148.028000;148.054001
2025-09-03 21:00:00;148.046005;148.093994;148.014999;148.037994
2025-09-03 20:00:00;148.13000;148.16000;148.072006;148.072006
2025-09-03 19:00:00;147.96899;148.13300;147.95900;148.13200
2025-09-03 18:00:00;148.031998;148.069000;147.91200;147.96600
2025-09-03 17:00:00;147.93401;148.056000;147.875;148.033997
2025-09-03 16:00:00;147.96500;148.031006;147.90300;147.93500
2025-09-03 15:00:00;148.16701;148.20100;147.92500;147.96400
2025-09-03 14:00:00;148.62601;148.63800;148.065002;148.16600
2025-09-03 13:00:00;148.72099;148.79700;148.56799;148.63200
2025-09-03 12:00:00;148.61099;148.79800;148.54100;148.72099
2025-09-03 11:00:00;148.68800;148.72701;148.59300;148.61200
2025-09-03 10:00:00;148.55200;148.73500;148.47099;148.69501
2025-09-03 09:00:00;148.58099;148.70799;148.42700;148.55200
2025-09-03 08:00:00;148.73500;148.77299;148.55800;148.58600
2025-09-03 07:00:00;148.60899;149.13699;148.60600;148.73100
2025-09-03 06:00:00;148.59801;148.68300;148.50600;148.60600
2025-09-03 05:00:00;148.58200;148.65900;148.48399;148.58900
2025-09-03 04:00:00;148.90601;148.92300;148.54800;148.58200
2025-09-03 03:00:00;148.83501;148.91901;148.80400;148.90601
2025-09-03 02:00:00;148.85899;148.90300;148.70399;148.83501
2025-09-03 01:00:00;148.75301;148.90199;148.71899;148.86600
2025-09-03 00:00:00;148.58099;148.76601;148.50500;148.75101
2025-09-02 23:00:00;148.49699;148.58701;148.44400;148.57700
2025-09-02 22:00:00;148.31900;148.56000;148.29601;148.49699
2025-09-02 21:00:00;148.35201;148.35201;148.25999;148.33400
2025-09-02 20:00:00;148.35201;148.41299;148.30299;148.35500
2025-09-02 19:00:00;148.47501;148.48300;148.31200;148.35201
2025-09-02 18:00:00;148.37700;148.53400;148.36301;148.46800
2025-09-02 17:00:00;148.29201;148.41901;148.24100;148.38200
2025-09-02 16:00:00;148.22501;148.33701;148.19600;148.29500
2025-09-02 15:00:00;148.082993;148.33701;148.063004;148.22501
2025-09-02 14:00:00;148.40700;148.41000;147.92999;148.082001
2025-09-02 13:00:00;148.82300;148.84801;148.34200;148.40500
2025-09-02 12:00:00;148.62199;148.94501;148.52699;148.82401
2025-09-02 11:00:00;148.59200;148.74400;148.50800;148.62000
2025-09-02 10:00:00;148.55600;148.70900;148.53000;148.60100
2025-09-02 09:00:00;148.43500;148.64600;148.36700;148.55901
2025-09-02 08:00:00;148.65601;148.79300;148.21700;148.43900
2025-09-02 07:00:00;147.96800;148.74300;147.94600;148.64999
2025-09-02 06:00:00;147.91800;148.050995;147.90100;147.95799
2025-09-02 05:00:00;147.71700;147.92400;147.69299;147.91299
2025-09-02 04:00:00;147.69901;147.86099;147.67900;147.72000
2025-09-02 03:00:00;147.65700;147.75;147.56700;147.69901
2025-09-02 02:00:00;147.53600;147.71600;147.52200;147.65700
2025-09-02 01:00:00;147.29700;147.58400;147.18700;147.53600
2025-09-02 00:00:00;147.085007;147.35899;147.082001;147.30499
2025-09-01 23:00:00;147.16499;147.17700;147.039993;147.089996
2025-09-01 22:00:00;147.13800;147.20000;147.11700;147.14799
2025-09-01 21:00:00;147.16299;147.31200;147.061005;147.15300
2025-09-01 20:00:00;147.18500;147.19099;147.13699;147.16000
2025-09-01 19:00:00;147.21400;147.22000;147.14900;147.18600
2025-09-01 18:00:00;147.21100;147.23500;147.20200;147.21400
2025-09-01 17:00:00;147.22900;147.24100;147.20500;147.21600
2025-09-01 16:00:00;147.26401;147.28600;147.19400;147.23199
2025-09-01 15:00:00;147.28300;147.30600;147.24600;147.26401
2025-09-01 14:00:00;147.24699;147.29800;147.21600;147.28799
2025-09-01 13:00:00;147.20300;147.27400;147.16200;147.24699
2025-09-01 12:00:00;147.15800;147.23300;147.14600;147.19600
2025-09-01 11:00:00;147.12399;147.16800;147.054001;147.15199
2025-09-01 10:00:00;147.098999;147.14400;147.044998;147.13100
2025-09-01 09:00:00;146.98199;147.12000;146.93401;147.098999
2025-09-01 08:00:00;147.067993;147.20200;146.95599;146.98199
2025-09-01 07:00:00;146.92999;147.20300;146.89200;147.065002
2025-09-01 06:00:00;146.90800;146.94701;146.78000;146.93700
2025-09-01 05:00:00;147.044998;147.059998;146.89101;146.91499
2025-09-01 04:00:00;146.88000;147.061996;146.87700;147.041000
2025-09-01 03:00:00;146.89200;147.0030060;146.83501;146.88000
2025-09-01 02:00:00;147.28799;147.29700;146.84399;146.89200
2025-09-01 01:00:00;147.22701;147.38200;147.17599;147.28900
2025-09-01 00:00:00;147.12000;147.25700;147.11301;147.22701
2025-08-31 23:00:00;147.12000;147.18900;147.076004;147.11200
2025-08-29 21:00:00;146.99300;146.99300;146.99300;146.99300
2025-08-29 20:00:00;146.96201;147.12199;146.92000;146.99800
2025-08-29 19:00:00;147.0090027;147.044998;146.91600;146.95500
2025-08-29 18:00:00;146.97600;147.026993;146.95399;147.014999
2025-08-29 17:00:00;146.91000;147.0070038;146.87801;146.97600
2025-08-29 16:00:00;146.90700;146.96400;146.84801;146.90800
2025-08-29 15:00:00;146.82700;146.97200;146.76100;146.89999
2025-08-29 14:00:00;147.10400;147.10400;146.80200;146.82500
2025-08-29 13:00:00;147.31500;147.39000;147.078003;147.093994
2025-08-29 12:00:00;147.25101;147.41100;147.12601;147.32201
2025-08-29 11:00:00;147.19099;147.26401;147.16901;147.24500
2025-08-29 10:00:00;147.089996;147.24899;147.072006;147.19099
2025-08-29 09:00:00;146.94501;147.11301;146.93201;147.089996
2025-08-29 08:00:00;146.99600;147.029999;146.86301;146.95300
2025-08-29 07:00:00;147.15401;147.19800;146.95500;146.99600
2025-08-29 06:00:00;147.0010071;147.17400;146.95399;147.15401
2025-08-29 05:00:00;146.89900;147.026001;146.89700;147.0099945
2025-08-29 04:00:00;146.98100;147.039993;146.89799;146.89799
2025-08-29 03:00:00;146.88800;146.99300;146.88600;146.98700
2025-08-29 02:00:00;146.99300;147.0039978;146.82201;146.88901
2025-08-29 01:00:00;146.81900;147.11400;146.77699;147.0050049
2025-08-29 00:00:00;146.83000;146.97600;146.75400;146.81900
2025-08-28 23:00:00;147.033997;147.035004;146.78999;146.83000
2025-08-28 22:00:00;146.93401;147.082001;146.90800;147.026993
2025-08-28 21:00:00;146.89500;146.94501;146.81599;146.93500
2025-08-28 20:00:00;146.91800;146.99699;146.89500;146.91800
2025-08-28 19:00:00;146.81700;146.93500;146.80200;146.91701
2025-08-28 18:00:00;146.80200;146.88800;146.79601;146.81599
2025-08-28 17:00:00;146.85001;146.85400;146.65401;146.80099
2025-08-28 16:00:00;146.98801;146.99699;146.82401;146.84200
2025-08-28 15:00:00;146.96700;147.070007;146.94299;146.99100
2025-08-28 14:00:00;147.084000;147.11700;146.87000;146.96800
2025-08-28 13:00:00;147.10300;147.23199;147.020996;147.091995
2025-08-28 12:00:00;146.92300;147.16901;146.84900;147.098007
2025-08-28 11:00:00;146.92200;146.96700;146.80200;146.92300
2025-08-28 10:00:00;147.13400;147.16499;146.90199;146.92200
2025-08-28 09:00:00;147.18900;147.18900;147.059998;147.13400
2025-08-28 08:00:00;147.16200;147.36900;147.125;147.18300
2025-08-28 07:00:00;147.30200;147.40300;147.14999;147.16200
2025-08-28 06:00:00;147.065002;147.34599;146.99300;147.30200
2025-08-28 05:00:00;147.15401;147.20799;147.076996;147.15700
2025-08-28 04:00:00;147.089005;147.20799;147.078003;147.15700
2025-08-28 03:00:00;147.24300;147.29100;147.076996;147.089005
2025-08-28 02:00:00;147.33701;147.36700;147.22701;147.24200
2025-08-28 01:00:00;147.29201;147.44701;147.18500;147.34000
2025-08-28 00:00:00;147.33000;147.48900;147.27000;147.28999
2025-08-27 23:00:00;147.27600;147.34300;147.21600;147.33701
2025-08-27 22:00:00;147.37601;147.41299;147.19501;147.27200
2025-08-27 21:00:00;147.40800;147.46600;147.24899;147.38300
2025-08-27 20:00:00;147.47400;147.51700;147.36800;147.37900
2025-08-27 19:00:00;147.40900;147.52100;147.40199;147.47400
2025-08-27 18:00:00;147.35699;147.48900;147.34900;147.40199
2025-08-27 17:00:00;147.36099;147.42799;147.28700;147.34900
2025-08-27 16:00:00;147.74200;147.75400;147.33299;147.35300
2025-08-27 15:00:00;147.86301;147.86600;147.68500;147.74200
2025-08-27 14:00:00;148.080002;148.093994;147.81900;147.85899
2025-08-27 13:00:00;148.063995;148.12801;147.91200;148.084000
2025-08-27 12:00:00;148.13600;148.14600;147.97800;148.069000
2025-08-27 11:00:00;148.11301;148.18300;148.026001;148.14101
2025-08-27 10:00:00;148.031998;148.14500;147.95900;148.11700
2025-08-27 09:00:00;147.91000;148.031006;147.85800;148.026993
2025-08-27 08:00:00;147.75800;148.0039978;147.73801;147.91000
2025-08-27 07:00:00;147.70500;147.89600;147.70500;147.75101
2025-08-27 06:00:00;147.80901;147.84000;147.64900;147.71001
2025-08-27 05:00:00;147.93800;147.96899;147.79700;147.81200
2025-08-27 04:00:00;147.82500;147.95799;147.82100;147.93800
2025-08-27 03:00:00;147.71500;147.85201;147.70599;147.82500
2025-08-27 02:00:00;147.60001;147.73700;147.59399;147.72400
2025-08-27 01:00:00;147.57500;147.64900;147.50800;147.59599
2025-08-27 00:00:00;147.46700;147.58299;147.39799;147.58299
2025-08-26 23:00:00;147.42500;147.50900;147.35500;147.47000
2025-08-26 22:00:00;147.38300;147.48199;147.33900;147.44400
2025-08-26 21:00:00;147.35899;147.38600;147.22701;147.34900
2025-08-26 20:00:00;147.43100;147.48900;147.30901;147.35800
2025-08-26 19:00:00;147.37601;147.44299;147.29900;147.43201
2025-08-26 18:00:00;147.38699;147.54401;147.33000;147.37399
2025-08-26 17:00:00;147.30200;147.38699;147.26500;147.38100
2025-08-26 16:00:00;147.31300;147.31599;147.093994;147.30200
2025-08-26 15:00:00;147.49600;147.50200;147.28900;147.31000
2025-08-26 14:00:00;147.53900;147.72099;147.48300;147.49600
2025-08-26 13:00:00;147.54401;147.68600;147.52901;147.54500
2025-08-26 12:00:00;147.45599;147.54900;147.32100;147.53600
2025-08-26 11:00:00;147.58200;147.62300;147.39400;147.46201
2025-08-26 10:00:00;147.54401;147.66701;147.46800;147.58299
2025-08-26 09:00:00;147.56400;147.62199;147.48199;147.54300
2025-08-26 08:00:00;147.69000;147.70000;147.48700;147.57201
2025-08-26 07:00:00;147.77100;147.90800;147.63300;147.69000
2025-08-26 06:00:00;147.70599;147.83099;147.63000;147.77600
2025-08-26 05:00:00;147.77100;147.88699;147.66499;147.71001
2025-08-26 04:00:00;147.79100;147.81400;147.71500;147.76801
2025-08-26 03:00:00;147.51199;147.80701;147.50999;147.79100
2025-08-26 02:00:00;147.31300;147.60800;147.24800;147.51601
2025-08-26 01:00:00;147.10500;147.37900;147.10201;147.31799
2025-08-26 00:00:00;147.81000;147.87601;146.98100;147.10500
2025-08-25 23:00:00;147.72501;147.85400;147.68800;147.80901
2025-08-25 22:00:00;147.67000;147.79201;147.64500;147.74001
2025-08-25 21:00:00;147.76401;147.88200;147.59801;147.67999
2025-08-25 20:00:00;147.81400;147.85500;147.65800;147.76300
2025-08-25 19:00:00;147.80499;147.93700;147.78300;147.82201
2025-08-25 18:00:00;147.55499;147.82600;147.53101;147.80800
2025-08-25 17:00:00;147.53101;147.59599;147.49500;147.56200
2025-08-25 16:00:00;147.60600;147.63100;147.51100;147.53300
2025-08-25 15:00:00;147.48199;147.67300;147.39400;147.60600
2025-08-25 14:00:00;147.31400;147.49500;147.28500;147.48900
2025-08-25 13:00:00;147.375;147.54601;147.29900;147.29900
2025-08-25 12:00:00;147.32201;147.45200;147.30701;147.38100
2025-08-25 11:00:00;147.43401;147.44600;147.27699;147.31599
2025-08-25 10:00:00;147.34300;147.44800;147.31599;147.43900
2025-08-25 09:00:00;147.28101;147.38300;147.21600;147.34300
2025-08-25 08:00:00;147.33099;147.36900;147.25;147.28600
2025-08-25 07:00:00;147.15800;147.37100;147.13400;147.33099
2025-08-25 06:00:00;147.29401;147.31900;147.091995;147.16499
2025-08-25 05:00:00;147.23000;147.37601;147.22600;147.29601
2025-08-25 04:00:00;147.33501;147.35800;147.20000;147.22800
2025-08-25 03:00:00;147.43300;147.43700;147.29900;147.33701
2025-08-25 02:00:00;147.39101;147.51500;147.38800;147.43300
2025-08-25 01:00:00;147.38499;147.46100;147.24800;147.39700
2025-08-25 00:00:00;147.26199;147.52699;147.24300;147.38499
2025-08-24 23:00:00;147.063004;147.30600;147.039001;147.26300
2025-08-22 20:00:00;146.96500;146.98801;146.86099;146.90300
2025-08-22 19:00:00;146.86501;147.0010071;146.83900;146.96300
2025-08-22 18:00:00;146.64500;146.875;146.59900;146.85899
2025-08-22 17:00:00;146.70200;146.73801;146.57201;146.63699
2025-08-22 16:00:00;146.82700;146.85100;146.64200;146.70799
2025-08-22 15:00:00;146.84900;146.89600;146.56799;146.81799
2025-08-22 14:00:00;148.59900;148.60300;146.80099;146.85300
2025-08-22 13:00:00;148.69901;148.72000;148.48801;148.59900
2025-08-22 12:00:00;148.70900;148.72200;148.59700;148.70599
2025-08-22 11:00:00;148.62700;148.74001;148.59200;148.71001
2025-08-22 10:00:00;148.69299;148.73399;148.61501;148.62700
2025-08-22 09:00:00;148.63200;148.71001;148.59500;148.70700
2025-08-22 08:00:00;148.60400;148.67500;148.53999;148.63400
2025-08-22 07:00:00;148.50999;148.62199;148.40601;148.60100
2025-08-22 06:00:00;148.65900;148.70799;148.41600;148.51199
2025-08-22 05:00:00;148.73900;148.77800;148.59399;148.65700
2025-08-22 04:00:00;148.66600;148.76300;148.63901;148.74500
2025-08-22 03:00:00;148.48399;148.71700;148.47800;148.67000
2025-08-22 02:00:00;148.54401;148.56000;148.45100;148.48801
2025-08-22 01:00:00;148.47000;148.68500;148.40500;148.54401
2025-08-22 00:00:00;148.37900;148.50600;148.27499;148.46899
2025-08-21 23:00:00;148.32800;148.45399;148.28799;148.38600
2025-08-21 22:00:00;148.34200;148.37801;148.31200;148.32800
2025-08-21 21:00:00;148.36301;148.38100;148.21500;148.34900
2025-08-21 20:00:00;148.37100;148.38499;148.31500;148.35201
2025-08-21 19:00:00;148.34700;148.40700;148.33900;148.37100
2025-08-21 18:00:00;148.26601;148.34801;148.22701;148.34100
2025-08-21 17:00:00;148.28200;148.30600;148.16499;148.27200
2025-08-21 16:00:00;148.35201;148.39500;148.27200;148.28200
2025-08-21 15:00:00;148.15601;148.40300;148.072998;148.35300
2025-08-21 14:00:00;147.79401;148.17000;147.78900;148.15199
2025-08-21 13:00:00;147.74899;147.94099;147.57800;147.78900
2025-08-21 12:00:00;147.91901;147.92999;147.57500;147.75
2025-08-21 11:00:00;147.83600;147.93300;147.81599;147.92400
2025-08-21 10:00:00;147.67000;147.89101;147.65601;147.84801
2025-08-21 09:00:00;147.58501;147.69701;147.47400;147.66499
2025-08-21 08:00:00;147.59000;147.62601;147.55099;147.58200
2025-08-21 07:00:00;147.55901;147.63901;147.50600;147.59000
2025-08-21 06:00:00;147.42300;147.57899;147.33299;147.55901
2025-08-21 05:00:00;147.38200;147.5;147.36400;147.42200
2025-08-21 04:00:00;147.41400;147.42999;147.34100;147.38100
2025-08-21 03:00:00;147.33701;147.44701;147.28300;147.41901
2025-08-21 02:00:00;147.42400;147.45399;147.25;147.33701
2025-08-21 01:00:00;147.38100;147.50700;147.30701;147.42101
2025-08-21 00:00:00;147.29800;147.46201;147.24899;147.38300
2025-08-20 23:00:00;147.33900;147.41299;147.29201;147.29700
2025-08-20 22:00:00;147.29601;147.37000;147.24800;147.33900
2025-08-20 21:00:00;147.31100;147.33400;147.25800;147.29300
2025-08-20 20:00:00;147.33299;147.49300;147.28101;147.30901
2025-08-20 19:00:00;147.26601;147.35699;147.23199;147.34200
2025-08-20 18:00:00;147.020004;147.28700;146.99300;147.26900
2025-08-20 17:00:00;147.11301;147.14101;147.0070038;147.022995
2025-08-20 16:00:00;147.19000;147.23100;147.091995;147.11099
2025-08-20 15:00:00;146.99001;147.21100;146.94400;147.19000
2025-08-20 14:00:00;147.15199;147.25500;146.86600;146.99500
2025-08-20 13:00:00;147.27000;147.44000;147.078003;147.14500
2025-08-20 12:00:00;147.53300;147.53900;147.23500;147.27000
2025-08-20 11:00:00;147.44600;147.54700;147.41200;147.53300
2025-08-20 10:00:00;147.47301;147.49400;147.36301;147.45100
2025-08-20 09:00:00;147.58000;147.59100;147.41701;147.47301
2025-08-20 08:00:00;147.62199;147.64700;147.51801;147.58200
2025-08-20 07:00:00;147.37801;147.69600;147.32401;147.62100
2025-08-20 06:00:00;147.45599;147.47600;147.13200;147.37199
2025-08-20 05:00:00;147.57500;147.58099;147.39900;147.45500
2025-08-20 04:00:00;147.52200;147.60800;147.45000;147.57500
2025-08-20 03:00:00;147.57300;147.59100;147.44901;147.52600
2025-08-20 02:00:00;147.49200;147.62199;147.46500;147.57899
2025-08-20 01:00:00;147.56799;147.66600;147.41600;147.49699
2025-08-20 00:00:00;147.73300;147.81700;147.49899;147.56799
2025-08-19 23:00:00;147.59399;147.75600;147.58900;147.73900
2025-08-19 22:00:00;147.56300;147.64700;147.54601;147.59599
2025-08-19 21:00:00;147.66200;147.66499;147.55099;147.55099
2025-08-19 20:00:00;147.57800;147.69800;147.57800;147.65500
2025-08-19 19:00:00;147.50700;147.58701;147.45399;147.57800
2025-08-19 18:00:00;147.46899;147.57800;147.44600;147.50700
2025-08-19 17:00:00;147.61900;147.64700;147.43900;147.47200
2025-08-19 16:00:00;147.72600;147.72600;147.54900;147.61900
2025-08-19 15:00:00;147.73199;147.79100;147.62399;147.72600
2025-08-19 14:00:00;147.64700;147.80701;147.54700;147.72600
2025-08-19 13:00:00;147.77600;147.90300;147.63100;147.64700
2025-08-19 12:00:00;147.70599;147.85300;147.68900;147.77600
2025-08-19 11:00:00;147.70500;147.82001;147.64200;147.70599
2025-08-19 10:00:00;147.76401;147.77000;147.59599;147.71300
2025-08-19 09:00:00;147.65900;147.81300;147.61700;147.76401
2025-08-19 08:00:00;147.70399;147.75;147.61700;147.66400
2025-08-19 07:00:00;147.59801;147.71001;147.52699;147.69901
2025-08-19 06:00:00;147.64200;147.70700;147.56599;147.59500
2025-08-19 05:00:00;147.75999;147.77800;147.60800;147.63901
2025-08-19 04:00:00;147.83000;147.875;147.73599;147.75400
2025-08-19 03:00:00;147.81000;147.87801;147.71800;147.82401
2025-08-19 02:00:00;147.74001;147.82700;147.65601;147.80299
2025-08-19 01:00:00;147.77100;148.11301;147.61501;147.74600
2025-08-19 00:00:00;147.91600;147.98199;147.76700;147.77600
2025-08-18 23:00:00;147.87100;147.98100;147.87100;147.91600
2025-08-18 22:00:00;147.79800;147.88499;147.75200;147.85400
2025-08-18 21:00:00;147.87000;147.87000;147.71201;147.80299
2025-08-18 20:00:00;147.81900;147.92500;147.80099;147.86900
2025-08-18 19:00:00;147.85699;147.88600;147.81900;147.81900
2025-08-18 18:00:00;147.79700;147.86400;147.73500;147.85899
2025-08-18 17:00:00;147.78999;147.82500;147.65401;147.79700
2025-08-18 16:00:00;147.75400;147.80701;147.67400;147.78999
2025-08-18 15:00:00;147.93600;147.98500;147.73000;147.75400
2025-08-18 14:00:00;147.81000;147.98000;147.68201;147.93600
2025-08-18 13:00:00;147.72800;147.92000;147.70799;147.82001
2025-08-18 12:00:00;147.54700;147.79401;147.51199;147.72800
2025-08-18 11:00:00;147.42000;147.57401;147.35899;147.54800
2025-08-18 10:00:00;147.41100;147.46899;147.35800;147.42101
2025-08-18 09:00:00;147.33600;147.47301;147.27299;147.40800
2025-08-18 08:00:00;147.44800;147.52100;147.24600;147.33600
2025-08-18 07:00:00;147.37000;147.47000;147.11301;147.44800
2025-08-18 06:00:00;147.37900;147.49899;147.31500;147.37801
2025-08-18 05:00:00;147.37300;147.45500;147.33000;147.38000
2025-08-18 04:00:00;147.38000;147.50700;147.34801;147.37300
2025-08-18 03:00:00;147.45200;147.48399;147.33000;147.38300
2025-08-18 02:00:00;147.32800;147.52499;147.29401;147.46201
2025-08-18 01:00:00;147.42101;147.58400;147.32800;147.33000
2025-08-18 00:00:00;147.22600;147.46300;147.22099;147.42101
2025-08-17 23:00:00;147.17000;147.38499;147.16100;147.23300
2025-08-15 20:00:00;147.23500;147.25600;147.13800;147.17700
2025-08-15 19:00:00;147.21100;147.25301;147.18800;147.23900
2025-08-15 18:00:00;147.23300;147.30901;147.19800;147.21100
2025-08-15 17:00:00;147.19600;147.33200;147.19501;147.23801
2025-08-15 16:00:00;147;147.26401;146.99899;147.20100
2025-08-15 15:00:00;146.85100;147.046005;146.81000;147.0059967
2025-08-15 14:00:00;146.96001;147.048996;146.79601;146.85001
2025-08-15 13:00:00;146.88200;147.098999;146.76401;146.96100
2025-08-15 12:00:00;146.98300;147.28000;146.73399;146.89000
2025-08-15 11:00:00;146.94901;147.054001;146.90199;146.98000
2025-08-15 10:00:00;146.88901;146.97000;146.79800;146.95200
2025-08-15 09:00:00;146.85500;146.91200;146.75400;146.89200
2025-08-15 08:00:00;147.0030060;147.014008;146.84801;146.85201
2025-08-15 07:00:00;147.093994;147.22301;146.97600;147.0050049
2025-08-15 06:00:00;147.14600;147.22301;147.044998;147.095001
2025-08-15 05:00:00;147.13901;147.17300;147.042007;147.15199
2025-08-15 04:00:00;147.22600;147.23300;147.11000;147.13400
2025-08-15 03:00:00;147.28400;147.29700;147.17400;147.22701
2025-08-15 02:00:00;147.28200;147.39400;147.24800;147.28400
2025-08-15 01:00:00;147.47600;147.51500;147.19800;147.28500
2025-08-15 00:00:00;147.68201;147.72701;147.46201;147.48300
2025-08-14 23:00:00;147.77600;147.86800;147.65700;147.67900
2025-08-14 22:00:00;147.76801;147.80901;147.73399;147.78600
2025-08-14 21:00:00;147.73900;147.85201;147.69400;147.76100
2025-08-14 20:00:00;147.77499;147.78400;147.71800;147.75301
2025-08-14 19:00:00;147.87199;147.88000;147.76199;147.77400
2025-08-14 18:00:00;147.86400;147.96201;147.84801;147.87700
2025-08-14 17:00:00;147.84700;147.90800;147.74699;147.86600
2025-08-14 16:00:00;147.69200;147.89200;147.68401;147.84500
2025-08-14 15:00:00;147.48199;147.80400;147.47000;147.69099
2025-08-14 14:00:00;147.41100;147.55800;147.36099;147.48199
2025-08-14 13:00:00;146.95399;147.41800;146.94501;147.41499
2025-08-14 12:00:00;146.49200;147.10600;146.42200;146.95000
2025-08-14 11:00:00;146.52400;146.62900;146.43100;146.49300
2025-08-14 10:00:00;146.63000;146.67000;146.42900;146.52600
2025-08-14 09:00:00;146.55099;146.65300;146.43300;146.63100
2025-08-14 08:00:00;146.54700;146.63300;146.42000;146.55200
2025-08-14 07:00:00;146.48100;146.58400;146.30800;146.54800
2025-08-14 06:00:00;146.46700;146.52699;146.21001;146.48399
2025-08-14 05:00:00;146.38400;146.57001;146.38000;146.46800
2025-08-14 04:00:00;146.54201;146.56599;146.33200;146.38300
2025-08-14 03:00:00;146.69600;146.75101;146.53700;146.54401
2025-08-14 02:00:00;146.49300;146.73500;146.49300;146.70000
2025-08-14 01:00:00;146.68800;146.69299;146.36900;146.49500
2025-08-14 00:00:00;147.12199;147.12300;146.61600;146.68800
2025-08-13 23:00:00;147.25600;147.25900;147.10800;147.12300
2025-08-13 22:00:00;147.27400;147.36200;147.24300;147.25900
2025-08-13 21:00:00;147.36099;147.39799;147.23000;147.24899
2025-08-13 20:00:00;147.44501;147.45700;147.31599;147.35500
2025-08-13 19:00:00;147.43401;147.47501;147.38000;147.44200
2025-08-13 18:00:00;147.38600;147.51300;147.38400;147.43100
2025-08-13 17:00:00;147.34500;147.42400;147.31400;147.38800
2025-08-13 16:00:00;147.24600;147.35100;147.21001;147.34100
2025-08-13 15:00:00;147.14400;147.31200;147.087006;147.24899
2025-08-13 14:00:00;147.19701;147.25;147.098999;147.14500
2025-08-13 13:00:00;147.40900;147.43401;147.18800;147.20300
2025-08-13 12:00:00;147.27901;147.49100;147.15199;147.41000
2025-08-13 11:00:00;147.40800;147.56599;147.26900;147.27800
2025-08-13 10:00:00;147.21400;147.41800;147.18800;147.40900
2025-08-13 09:00:00;147.26401;147.27000;147.17400;147.21201
2025-08-13 08:00:00;147.52699;147.53500;147.19600;147.26801
2025-08-13 07:00:00;147.78300;147.79500;147.39799;147.52400
2025-08-13 06:00:00;147.92900;147.94800;147.71600;147.78101
2025-08-13 05:00:00;147.92999;148.0090027;147.89101;147.92999
2025-08-13 04:00:00;147.99800;148.10100;147.92700;147.93100
2025-08-13 03:00:00;148.046005;148.10800;147.95599;147.99600
2025-08-13 02:00:00;148.054993;148.16901;148.022003;148.044006
2025-08-13 01:00:00;147.80099;148.087006;147.72800;148.056000
2025-08-13 00:00:00;147.76900;147.89400;147.69800;147.80499
2025-08-12 23:00:00;147.79300;147.82001;147.73000;147.77000
2025-08-12 22:00:00;147.82001;147.84399;147.75500;147.78400
2025-08-12 21:00:00;147.81900;147.85800;147.69099;147.83400
2025-08-12 20:00:00;147.75700;147.87601;147.74100;147.83501
2025-08-12 19:00:00;147.73801;147.78700;147.69400;147.75600
2025-08-12 18:00:00;147.76401;147.80499;147.69000;147.73700
2025-08-12 17:00:00;147.71100;147.79401;147.68500;147.75999
2025-08-12 16:00:00;147.80600;147.86200;147.65500;147.71300
2025-08-12 15:00:00;148.15900;148.17700;147.57401;147.80499
2025-08-12 14:00:00;148.20500;148.40100;148.070007;148.15700
2025-08-12 13:00:00;148.033005;148.44701;147.90401;148.20500
2025-08-12 12:00:00;148.43800;148.51900;147.84100;148.039001
2025-08-12 11:00:00;148.46300;148.49400;148.43800;148.44299
2025-08-12 10:00:00;148.46800;148.48100;148.36400;148.46500
2025-08-12 09:00:00;148.42300;148.48500;148.34700;148.46800
2025-08-12 08:00:00;148.25999;148.46600;148.25600;148.42300
2025-08-12 07:00:00;148.27299;148.36800;148.20200;148.26401
2025-08-12 06:00:00;148.33600;148.40300;148.14600;148.26601
2025-08-12 05:00:00;148.34900;148.40199;148.23199;148.33900
2025-08-12 04:00:00;148.41100;148.44501;148.34100;148.35300
2025-08-12 03:00:00;148.29500;148.44400;148.26401;148.41000
2025-08-12 02:00:00;148.30099;148.34300;148.25400;148.29601
2025-08-12 01:00:00;148.40601;148.40601;148.20399;148.30000
2025-08-12 00:00:00;148.14600;148.43300;148.12801;148.40500
2025-08-11 23:00:00;148.19000;148.22099;148.11400;148.15199
2025-08-11 22:00:00;148.098999;148.23399;148.084000;148.19000
2025-08-11 21:00:00;148.14101;148.15700;147.92300;148.098999
2025-08-11 20:00:00;148.22701;148.25200;148.089996;148.13901
2025-08-11 19:00:00;148.13000;148.24001;148.11600;148.22900
2025-08-11 18:00:00;147.99400;148.16600;147.97600;148.13600
2025-08-11 17:00:00;147.98801;148.067993;147.96700;147.99300
2025-08-11 16:00:00;147.99500;148.029999;147.90800;147.98900
2025-08-11 15:00:00;148.048004;148.11301;147.94000;147.99699
2025-08-11 14:00:00;147.88600;148.072998;147.86900;148.046997
2025-08-11 13:00:00;147.80400;147.94400;147.78200;147.88699
2025-08-11 12:00:00;147.86600;147.95000;147.80400;147.80600
2025-08-11 11:00:00;147.73599;147.94701;147.71600;147.86099
2025-08-11 10:00:00;147.68500;147.74400;147.66100;147.73500
2025-08-11 09:00:00;147.50200;147.70700;147.48199;147.68401
2025-08-11 08:00:00;147.38699;147.54900;147.34700;147.50600
2025-08-11 07:00:00;147.59200;147.66200;147.35001;147.38901
2025-08-11 06:00:00;147.51601;147.60899;147.46899;147.59200
2025-08-11 05:00:00;147.48100;147.53300;147.46800;147.52200
2025-08-11 04:00:00;147.47600;147.49500;147.42200;147.48199
2025-08-11 03:00:00;147.55600;147.60201;147.42700;147.47501
2025-08-11 02:00:00;147.61200;147.61800;147.51700;147.55499
2025-08-11 01:00:00;147.65900;147.71600;147.58600;147.61501
2025-08-11 00:00:00;147.64900;147.74001;147.56799;147.66200
2025-08-10 23:00:00;147.72600;147.77100;147.62000;147.65199
2025-08-08 20:00:00;147.75400;147.80499;147.65100;147.69299
2025-08-08 19:00:00;147.66200;147.81900;147.64200;147.75301
2025-08-08 18:00:00;147.74699;147.77699;147.62700;147.66499
2025-08-08 17:00:00;147.73399;147.75101;147.65401;147.74001
2025-08-08 16:00:00;147.70700;147.83600;147.67400;147.73399
2025-08-08 15:00:00;147.81599;147.83299;147.63000;147.70500
2025-08-08 14:00:00;147.87801;147.90401;147.68800;147.81300
2025-08-08 13:00:00;147.83800;147.90199;147.64000;147.87900
2025-08-08 12:00:00;147.81000;147.89200;147.63300;147.84500
2025-08-08 11:00:00;147.80200;147.85001;147.70700;147.81400
2025-08-08 10:00:00;147.70599;147.83701;147.63800;147.79800
2025-08-08 09:00:00;147.64700;147.72600;147.53999;147.70399
2025-08-08 08:00:00;147.32201;147.69701;147.15601;147.64600
2025-08-08 07:00:00;147.32300;147.39500;147.13200;147.32401
2025-08-08 06:00:00;147.40700;147.45100;147.24400;147.32700
2025-08-08 05:00:00;147.15900;147.42101;147.14400;147.41200
2025-08-08 04:00:00;147.18600;147.21100;147.11200;147.15700
2025-08-08 03:00:00;147.19701;147.30800;147.16200;147.18700
2025-08-08 02:00:00;147.28200;147.31300;147.14999;147.19501
2025-08-08 01:00:00;147.14400;147.37399;147.12900;147.28600
2025-08-08 00:00:00;146.80099;147.19400;146.71600;147.14799
2025-08-07 23:00:00;146.94501;146.95700;146.75500;146.80400
2025-08-07 22:00:00;147.024994;147.059998;146.80701;146.92400
2025-08-07 21:00:00;147.098007;147.12100;146.99899;147.028000
2025-08-07 20:00:00;147.082001;147.15700;146.95399;147.095001
2025-08-07 19:00:00;147.56000;147.56700;146.94200;147.080002
2025-08-07 18:00:00;147.42101;147.56799;147.38200;147.56200
2025-08-07 17:00:00;147.35899;147.47000;147.35600;147.41800
2025-08-07 16:00:00;147.36301;147.43600;147.29900;147.35899
2025-08-07 15:00:00;147.49200;147.58501;147.32001;147.36099
2025-08-07 14:00:00;147.26900;147.54300;147.19200;147.48700
2025-08-07 13:00:00;147.28500;147.31900;147.10500;147.27100
2025-08-07 12:00:00;147.31200;147.39200;147.014008;147.28200
2025-08-07 11:00:00;147.32500;147.49400;147.25301;147.30901
2025-08-07 10:00:00;147.34399;147.40300;147.27800;147.32600
2025-08-07 09:00:00;147.13100;147.35300;147.11000;147.34000
2025-08-07 08:00:00;146.80400;147.18300;146.77699;147.12801
2025-08-07 07:00:00;146.85001;146.96300;146.68800;146.80000
2025-08-07 06:00:00;147.27699;147.30499;146.79601;146.85500
2025-08-07 05:00:00;147.30000;147.34599;147.21001;147.27800
2025-08-07 04:00:00;147.50999;147.53400;147.26401;147.30000
2025-08-07 03:00:00;147.56100;147.71100;147.47600;147.50999
2025-08-07 02:00:00;147.49001;147.57700;147.44000;147.56000
2025-08-07 01:00:00;147.58200;147.68600;147.47600;147.49300
2025-08-07 00:00:00;147.19501;147.60001;147.16701;147.58299
2025-08-06 23:00:00;147.21400;147.25301;147.14500;147.18900
2025-08-06 22:00:00;147.32899;147.35699;147.19400;147.22200
2025-08-06 21:00:00;147.36000;147.45200;147.29700;147.33099
2025-08-06 20:00:00;147.18201;147.63400;147.16000;147.35300
2025-08-06 19:00:00;147.067993;147.18700;147.061996;147.17799
2025-08-06 18:00:00;147.23599;147.27600;146.97200;147.067001
2025-08-06 17:00:00;147.34900;147.40500;147.21400;147.24200
2025-08-06 16:00:00;147.26199;147.42000;147.21100;147.34200
2025-08-06 15:00:00;147.38901;147.66499;147.20799;147.25600
2025-08-06 14:00:00;147.24600;147.44099;147.24400;147.39000
2025-08-06 13:00:00;147.43900;147.45300;147.23599;147.24001
2025-08-06 12:00:00;147.53799;147.59399;147.40601;147.44200
2025-08-06 11:00:00;147.58099;147.65500;147.43600;147.53500
2025-08-06 10:00:00;147.82001;147.84100;147.55600;147.58000
2025-08-06 09:00:00;147.81000;147.88600;147.70500;147.82300
2025-08-06 08:00:00;147.56300;147.84500;147.55200;147.80200
2025-08-06 07:00:00;147.54601;147.69299;147.53000;147.55901
2025-08-06 06:00:00;147.45000;147.55099;147.36000;147.55000
2025-08-06 05:00:00;147.34200;147.54401;147.33099;147.45200
2025-08-06 04:00:00;147.39900;147.44701;147.30200;147.34200
2025-08-06 03:00:00;147.55701;147.55800;147.32800;147.39500
2025-08-06 02:00:00;147.69501;147.74899;147.52400;147.55701
2025-08-06 01:00:00;147.58501;147.72900;147.58000;147.69501
2025-08-06 00:00:00;147.52200;147.62199;147.44501;147.58400
2025-08-05 23:00:00;147.55901;147.64600;147.51401;147.52699
2025-08-05 22:00:00;147.56400;147.63800;147.54201;147.55800
2025-08-05 21:00:00;147.60100;147.60100;147.49800;147.56400
2025-08-05 20:00:00;147.60800;147.62000;147.49600;147.60100
2025-08-05 19:00:00;147.60899;147.70399;147.57800;147.60899
2025-08-05 18:00:00;147.61600;147.68100;147.58800;147.60400
2025-08-05 17:00:00;147.54201;147.65601;147.48300;147.61600
2025-08-05 16:00:00;147.49500;147.59200;147.42400;147.54601
2025-08-05 15:00:00;147.45000;147.57001;147.30299;147.49600
2025-08-05 14:00:00;147.73000;147.73199;147.35001;147.44800
2025-08-05 13:00:00;147.66200;147.83501;147.50200;147.73000
2025-08-05 12:00:00;147.63100;147.75700;147.53999;147.66000
2025-08-05 11:00:00;147.61600;147.69600;147.54401;147.63300
2025-08-05 10:00:00;147.62399;147.78000;147.57800;147.61600
2025-08-05 09:00:00;147.57899;147.63901;147.44701;147.62700
2025-08-05 08:00:00;147.38800;147.63499;147.33099;147.58400
2025-08-05 07:00:00;147.32600;147.48700;147.15199;147.38300
2025-08-05 06:00:00;147.16901;147.34200;147.026993;147.32500
2025-08-05 05:00:00;147.084000;147.24100;147.054001;147.17300
2025-08-05 04:00:00;147.21500;147.26199;147;147.084000
2025-08-05 03:00:00;147.18401;147.26100;147.12700;147.21600
2025-08-05 02:00:00;147.042999;147.22900;147.035004;147.18700
2025-08-05 01:00:00;146.92599;147.11400;146.87801;147.050995
2025-08-05 00:00:00;146.78999;147.035995;146.61600;146.92599
2025-08-04 23:00:00;146.90700;146.93201;146.69200;146.79100
2025-08-04 22:00:00;147.087997;147.10201;146.87300;146.93300
2025-08-04 21:00:00;147.074005;147.16600;147.0099945;147.070999
2025-08-04 20:00:00;147.029007;147.11400;146.95000;147.067993
2025-08-04 19:00:00;146.94600;147.059006;146.90800;147.028000
2025-08-04 18:00:00;146.96800;147.0070038;146.90700;146.94600
2025-08-04 17:00:00;147.035995;147.097000;146.95599;146.96899
2025-08-04 16:00:00;147.097000;147.21700;147;147.037003
2025-08-04 15:00:00;147.22900;147.35500;147.039993;147.093002
2025-08-04 14:00:00;147.085999;147.26199;146.86000;147.23000
2025-08-04 13:00:00;147.18700;147.31900;146.95200;147.087997
2025-08-04 12:00:00;147.34300;147.43900;147.0019989;147.19000
2025-08-04 11:00:00;147.57700;147.59801;147.33900;147.34399
2025-08-04 10:00:00;147.81200;147.85400;147.56000;147.57401
2025-08-04 09:00:00;147.89400;147.94501;147.67500;147.81200
2025-08-04 08:00:00;147.88100;148.087997;147.85800;147.89500
2025-08-04 07:00:00;147.64400;148.044998;147.59200;147.88200
2025-08-04 06:00:00;147.78101;147.84700;147.52800;147.63600
2025-08-04 05:00:00;147.68100;147.87199;147.64999;147.78000
2025-08-04 04:00:00;147.68900;147.71001;147.55000;147.68600
2025-08-04 03:00:00;147.79500;147.79500;147.58400;147.69200
2025-08-04 02:00:00;147.76500;147.86700;147.62199;147.79401
2025-08-04 01:00:00;147.65500;147.90700;147.61800;147.75999
2025-08-04 00:00:00;147.34300;147.69299;147.26601;147.65199
2025-08-03 23:00:00;147.24200;147.38499;147.11200;147.34500
2025-08-01 20:00:00;147.43600;147.45900;147.28799;147.375
2025-08-01 19:00:00;147.85001;147.86200;147.32201;147.43800
2025-08-01 18:00:00;147.87801;147.90100;147.67799;147.85201
2025-08-01 17:00:00;147.82201;147.95000;147.72400;147.87601
2025-08-01 16:00:00;148.056000;148.10899;147.77800;147.82800
2025-08-01 15:00:00;148.085007;148.18500;147.92300;148.054993
2025-08-01 14:00:00;148.13400;148.22501;147.47800;148.089005
2025-08-01 13:00:00;148.63400;148.66100;147.98300;148.13200
2025-08-01 12:00:00;150.51401;150.59700;148.56000;148.63400
2025-08-01 11:00:00;150.35500;150.52901;150.27800;150.52000
2025-08-01 10:00:00;150.50301;150.51300;150.31900;150.35899
2025-08-01 09:00:00;150.60500;150.63000;150.41499;150.50900
2025-08-01 08:00:00;150.53700;150.62700;150.50400;150.61000
2025-08-01 07:00:00;150.60500;150.62199;150.45000;150.53300
2025-08-01 06:00:00;150.47501;150.64900;150.44400;150.60201
2025-08-01 05:00:00;150.60201;150.66000;150.41000;150.47501
2025-08-01 04:00:00;150.58900;150.66000;150.54601;150.60699
2025-08-01 03:00:00;150.76401;150.77800;150.54800;150.58800
2025-08-01 02:00:00;150.90100;150.91299;150.69901;150.75700
2025-08-01 01:00:00;150.73700;150.91901;150.62700;150.90199
2025-08-01 00:00:00;150.80701;150.89400;150.59000;150.73700
2025-07-31 23:00:00;150.73900;150.88200;150.63499;150.80800
2025-07-31 22:00:00;150.69701;150.79700;150.67300;150.71300
2025-07-31 21:00:00;150.72099;150.74001;150.66000;150.69800
2025-07-31 20:00:00;150.79401;150.84200;150.71100;150.72900
2025-07-31 19:00:00;150.75700;150.80200;150.68700;150.79700
2025-07-31 18:00:00;150.66200;150.78600;150.65900;150.75800
2025-07-31 17:00:00;150.68100;150.72400;150.55499;150.66100
2025-07-31 16:00:00;150.60100;150.78999;150.58900;150.68500
2025-07-31 15:00:00;150.47701;150.60300;150.34300;150.60100
2025-07-31 14:00:00;150.56100;150.63400;150.37199;150.47800
2025-07-31 13:00:00;150.18900;150.58400;150.17300;150.56700
2025-07-31 12:00:00;149.87700;150.25900;149.80701;150.18700
2025-07-31 11:00:00;149.94200;150.10300;149.80800;149.87601
2025-07-31 10:00:00;149.94901;150.046997;149.86600;149.94400
2025-07-31 09:00:00;149.63400;149.95900;149.61800;149.94701
2025-07-31 08:00:00;149.39600;149.70000;149.29300;149.62801
2025-07-31 07:00:00;148.875;149.72200;148.84801;149.39600
2025-07-31 06:00:00;148.78600;149.091995;148.67999;148.87801
2025-07-31 05:00:00;148.88600;148.92599;148.73801;148.78500
2025-07-31 04:00:00;148.74600;148.95799;148.72900;148.88600
2025-07-31 03:00:00;148.83501;148.92000;148.58200;148.74500
2025-07-31 02:00:00;148.97400;149;148.63400;148.83299
2025-07-31 01:00:00;149.30099;149.34000;148.96201;148.97400
2025-07-31 00:00:00;149.22501;149.39301;149.17200;149.30299
2025-07-30 23:00:00;149.31200;149.39400;149.20300;149.22000
2025-07-30 22:00:00;149.45100;149.46600;149.29100;149.31500
2025-07-30 21:00:00;149.49100;149.49200;149.41701;149.44701
2025-07-30 20:00:00;149.41200;149.55400;149.35800;149.47701
2025-07-30 19:00:00;149.35001;149.43800;149.22000;149.40800
2025-07-30 18:00:00;148.76700;149.35400;148.51801;149.34700
2025-07-30 17:00:00;148.92999;148.93300;148.76601;148.78999
2025-07-30 16:00:00;149.072998;149.13200;148.92300;148.93401
2025-07-30 15:00:00;148.92200;149.11400;148.84200;149.076004
2025-07-30 14:00:00;149.048996;149.057007;148.86700;148.92101
2025-07-30 13:00:00;148.85100;149.10500;148.82600;149.050995
2025-07-30 12:00:00;148.31100;148.88699;148.25999;148.84700
2025-07-30 11:00:00;148.17000;148.35899;148.10899;148.31000
2025-07-30 10:00:00;148.035995;148.29401;147.97701;148.17101
2025-07-30 09:00:00;147.95599;148.070007;147.85201;148.035004
2025-07-30 08:00:00;148.078995;148.11800;147.91901;147.96001
2025-07-30 07:00:00;147.89700;148.082001;147.79800;148.078003
2025-07-30 06:00:00;148.028000;148.13400;147.85699;147.89700
2025-07-30 05:00:00;148.15500;148.17200;147.85201;148.024002
2025-07-30 04:00:00;147.97000;148.17101;147.96001;148.15401
2025-07-30 03:00:00;148.044006;148.044006;147.84300;147.97400
2025-07-30 02:00:00;148.13600;148.15401;148.026993;148.044006
2025-07-30 01:00:00;148.054993;148.16299;147.94000;148.14200
2025-07-30 00:00:00;148.42400;148.44901;148.031998;148.056000
2025-07-29 23:00:00;148.46700;148.52499;148.41000;148.41800
2025-07-29 22:00:00;148.44501;148.49600;148.41800;148.46600
2025-07-29 21:00:00;148.43100;148.48000;148.39900;148.43700
2025-07-29 20:00:00;148.5;148.51300;148.41600;148.41800
2025-07-29 19:00:00;148.42799;148.50500;148.34200;148.50101
2025-07-29 18:00:00;148.48500;148.55901;148.42700;148.42900
2025-07-29 17:00:00;148.56100;148.58501;148.33299;148.48900
2025-07-29 16:00:00;148.57500;148.60300;148.44800;148.56200
2025-07-29 15:00:00;148.46800;148.62300;148.35001;148.57100
2025-07-29 14:00:00;148.56000;148.74800;148.42999;148.47200
2025-07-29 13:00:00;148.70000;148.80800;148.52400;148.55400
2025-07-29 12:00:00;148.71600;148.77200;148.60001;148.69200
2025-07-29 11:00:00;148.54300;148.75600;148.51199;148.71700
2025-07-29 10:00:00;148.55000;148.61301;148.38100;148.54401
2025-07-29 09:00:00;148.54900;148.57500;148.44400;148.55099
2025-07-29 08:00:00;148.57401;148.60600;148.35001;148.54900
2025-07-29 07:00:00;148.51700;148.75200;148.48399;148.57700
2025-07-29 06:00:00;148.23700;148.54201;148.15300;148.52000
2025-07-29 05:00:00;148.34500;148.40700;148.17000;148.23500
2025-07-29 04:00:00;148.37300;148.49800;148.32800;148.34801
2025-07-29 03:00:00;148.34599;148.45399;148.30400;148.37300
2025-07-29 02:00:00;148.58600;148.61501;148.28700;148.34100
2025-07-29 01:00:00;148.68201;148.70500;148.46201;148.58400
2025-07-29 00:00:00;148.45200;148.71100;148.43600;148.68401
2025-07-28 23:00:00;148.5;148.63699;148.45200;148.45700
2025-07-28 22:00:00;148.54800;148.58000;148.48599;148.51801
2025-07-28 21:00:00;148.42101;148.56100;148.42101;148.54100
2025-07-28 20:00:00;148.54500;148.57700;148.42900;148.49699
2025-07-28 19:00:00;148.55499;148.56000;148.51601;148.54900
2025-07-28 18:00:00;148.52100;148.57899;148.47301;148.55701
2025-07-28 17:00:00;148.48399;148.54601;148.38901;148.52100
2025-07-28 16:00:00;148.45900;148.52000;148.43800;148.48599
2025-07-28 15:00:00;148.27699;148.49500;148.25400;148.45599
2025-07-28 14:00:00;148.29100;148.32201;148.093994;148.27600
2025-07-28 13:00:00;148.052002;148.32800;147.93401;148.28900
2025-07-28 12:00:00;148.14000;148.18500;148.026001;148.052002
2025-07-28 11:00:00;148.41100;148.44701;148.074005;148.13901
2025-07-28 10:00:00;148.38699;148.43401;148.28799;148.40601
2025-07-28 09:00:00;148.26801;148.41400;148.22200;148.38499
2025-07-28 08:00:00;148.29201;148.37399;148.15100;148.27000
2025-07-28 07:00:00;148.014008;148.33800;147.78600;148.29201
2025-07-28 06:00:00;147.85800;148.21001;147.83501;148.018997
2025-07-28 05:00:00;147.74500;147.87601;147.72800;147.85500
2025-07-28 04:00:00;147.71201;147.79300;147.62199;147.74400
2025-07-28 03:00:00;147.83701;147.87000;147.68401;147.71001
2025-07-28 02:00:00;147.86600;148.022003;147.82201;147.83600
2025-07-28 01:00:00;147.61301;147.87700;147.51401;147.86600
2025-07-28 00:00:00;147.78400;147.81300;147.59700;147.61600
2025-07-27 23:00:00;147.81000;147.87700;147.73599;147.78500
2025-07-25 20:00:00;147.61600;147.69099;147.61200;147.62199
2025-07-25 19:00:00;147.56599;147.61700;147.52499;147.61400
2025-07-25 18:00:00;147.67300;147.68300;147.54401;147.56500
2025-07-25 17:00:00;147.76100;147.78000;147.65199;147.67200
2025-07-25 16:00:00;147.77699;147.83600;147.72501;147.75600
2025-07-25 15:00:00;147.72701;147.80600;147.65601;147.78300
2025-07-25 14:00:00;147.66600;147.76401;147.52499;147.73000
2025-07-25 13:00:00;147.85500;147.92000;147.59599;147.66901
2025-07-25 12:00:00;147.67700;147.93600;147.60001;147.85600
2025-07-25 11:00:00;147.77200;147.94000;147.64000;147.67400
2025-07-25 10:00:00;147.86900;147.90199;147.74699;147.77400
2025-07-25 09:00:00;147.75500;147.89400;147.72301;147.86600
2025-07-25 08:00:00;147.37900;147.83200;147.35400;147.75400
2025-07-25 07:00:00;147.054993;147.41499;147.035995;147.38400
2025-07-25 06:00:00;146.93401;147.095993;146.84500;147.059006
2025-07-25 05:00:00;147.13600;147.16200;146.80800;146.93300
2025-07-25 04:00:00;147.21500;147.27299;147.095993;147.13400
2025-07-25 03:00:00;147.41499;147.43800;147.18800;147.21899
2025-07-25 02:00:00;147.36099;147.49300;147.34399;147.41600
2025-07-25 01:00:00;147.20500;147.46100;147.15700;147.36000
2025-07-25 00:00:00;147.0030060;147.34200;146.98000;147.20399
2025-07-24 23:00:00;147.052994;147.11600;146.95799;147.0010071
2025-07-24 22:00:00;147.089996;147.23300;147.020996;147.033005
2025-07-24 21:00:00;146.99300;147.10699;146.93700;147.085007
2025-07-24 20:00:00;146.93300;147.026001;146.88100;147
2025-07-24 19:00:00;146.91701;146.96899;146.84700;146.93700
2025-07-24 18:00:00;146.81400;146.92999;146.79201;146.91800
2025-07-24 17:00:00;146.90199;146.90199;146.74800;146.81300
2025-07-24 16:00:00;146.92300;146.95300;146.78000;146.89900
2025-07-24 15:00:00;146.77800;146.94600;146.73399;146.92700
2025-07-24 14:00:00;146.53900;146.81799;146.35300;146.78101
2025-07-24 13:00:00;146.79500;146.87300;146.47701;146.54201
2025-07-24 12:00:00;146.48300;146.83200;146.44400;146.78999
2025-07-24 11:00:00;146.56700;146.62399;146.46001;146.47900
2025-07-24 10:00:00;146.55499;146.66000;146.52299;146.57201
2025-07-24 09:00:00;146.54601;146.64700;146.52000;146.55400
2025-07-24 08:00:00;146.41901;146.56599;146.30800;146.54500
2025-07-24 07:00:00;146.27000;146.46001;146.14000;146.41600
2025-07-24 06:00:00;146.011993;146.30400;145.98599;146.27499
2025-07-24 05:00:00;146.016006;146.11301;145.95200;146.0099945
2025-07-24 04:00:00;146.0050049;146.082001;145.92700;146.016998
2025-07-24 03:00:00;146.039001;146.10899;145.89400;146.0039978
2025-07-24 02:00:00;145.93100;146.15300;145.93100;146.039001
2025-07-24 01:00:00;146.43100;146.43700;145.85001;145.93300
2025-07-24 00:00:00;146.34200;146.49200;146.26199;146.42700
2025-07-23 23:00:00;146.44400;146.45100;146.23801;146.34700
2025-07-23 22:00:00;146.44501;146.51700;146.37801;146.44400
2025-07-23 21:00:00;146.51300;146.54300;146.34000;146.47301
2025-07-23 20:00:00;146.53000;146.53700;146.44701;146.49899
2025-07-23 19:00:00;146.46500;146.58000;146.42200;146.52901
2025-07-23 18:00:00;146.53200;146.54300;146.36700;146.46500
2025-07-23 17:00:00;146.57700;146.62300;146.47000;146.52901
2025-07-23 16:00:00;146.55000;146.61501;146.40700;146.57600
2025-07-23 15:00:00;146.41701;146.57001;146.23199;146.54800
2025-07-23 14:00:00;146.54401;146.59300;146.28700;146.41600
2025-07-23 13:00:00;146.41499;146.72900;146.36700;146.53999
2025-07-23 12:00:00;146.20500;146.49800;146.16000;146.41400
2025-07-23 11:00:00;146.40401;146.41901;146.10400;146.20200
2025-07-23 10:00:00;146.5;146.54900;146.27600;146.40800
2025-07-23 09:00:00;146.78900;146.79900;146.46201;146.50101
2025-07-23 08:00:00;146.74800;146.90401;146.63699;146.79300
2025-07-23 07:00:00;146.85699;146.88499;146.59300;146.75200
2025-07-23 06:00:00;147.15900;147.21500;146.64700;146.85800
2025-07-23 05:00:00;146.93800;147.20700;146.85201;147.15601
2025-07-23 04:00:00;146.92500;147.076996;146.90800;146.94400
2025-07-23 03:00:00;146.93401;147.018005;146.74200;146.92500
2025-07-23 02:00:00;146.60899;147.20399;146.41600;146.92799
2025-07-23 01:00:00;146.43401;146.72501;146.38499;146.60500
2025-07-23 00:00:00;146.76199;146.81200;146.19400;146.43500
2025-07-22 23:00:00;146.68800;146.94501;146.24200;146.75700
2025-07-22 22:00:00;146.59300;146.77499;146.56700;146.70300
2025-07-22 21:00:00;146.62000;146.62601;146.55600;146.58200
2025-07-22 20:00:00;146.56200;146.68300;146.54800;146.62199
2025-07-22 19:00:00;146.56599;146.60400;146.48700;146.56100
2025-07-22 18:00:00;146.55000;146.59300;146.52000;146.56500
2025-07-22 17:00:00;146.42400;146.58600;146.42300;146.55600
2025-07-22 16:00:00;146.36400;146.47501;146.30200;146.42200
2025-07-22 15:00:00;146.44600;146.53000;146.33800;146.36700
2025-07-22 14:00:00;146.57401;146.67400;146.32001;146.44800
2025-07-22 13:00:00;146.79800;146.89000;146.50200;146.57300
2025-07-22 12:00:00;147.19200;147.25400;146.73801;146.80099
2025-07-22 11:00:00;147.53101;147.57100;147.15300;147.19200
2025-07-22 10:00:00;147.43700;147.55600;147.35899;147.53500
2025-07-22 09:00:00;147.61501;147.61501;147.41901;147.43201
2025-07-22 08:00:00;147.70599;147.76300;147.60400;147.61400
2025-07-22 07:00:00;147.82300;147.94701;147.70000;147.70500
2025-07-22 06:00:00;147.76700;147.93100;147.71700;147.81700
2025-07-22 05:00:00;147.63800;147.80901;147.59801;147.77299
2025-07-22 04:00:00;147.57401;147.67200;147.53400;147.63901
2025-07-22 03:00:00;147.46400;147.61200;147.41400;147.57500
2025-07-22 02:00:00;147.57899;147.58600;147.40700;147.45799
2025-07-22 01:00:00;147.48199;147.64200;147.44800;147.58200
2025-07-22 00:00:00;147.39600;147.71300;147.38800;147.48801
2025-07-21 23:00:00;147.39500;147.49600;147.38600;147.40100
2025-07-21 22:00:00;147.30701;147.41400;147.28900;147.38600
2025-07-21 21:00:00;147.31300;147.42700;147.19299;147.30701
2025-07-21 20:00:00;147.35500;147.43700;147.32500;147.32600
2025-07-21 19:00:00;147.32600;147.37399;147.26801;147.35800
2025-07-21 18:00:00;147.25400;147.38200;147.21400;147.32800
2025-07-21 17:00:00;147.16299;147.30901;147.11000;147.24899
2025-07-21 16:00:00;147.27000;147.33200;147.078003;147.15800
2025-07-21 15:00:00;147.42500;147.42799;147.25101;147.26900
2025-07-21 14:00:00;147.52600;147.54700;147.28200;147.42400
2025-07-21 13:00:00;147.49400;147.72301;147.49001;147.52699
2025-07-21 12:00:00;147.54601;147.55400;147.32800;147.48900
2025-07-21 11:00:00;147.75301;147.76601;147.50400;147.54500
2025-07-21 10:00:00;147.91701;147.97701;147.75200;147.75500
2025-07-21 09:00:00;147.89600;147.97200;147.84300;147.92101
2025-07-21 08:00:00;148.10300;148.13499;147.68800;147.89500
2025-07-21 07:00:00;147.93500;148.24500;147.91200;148.10400
2025-07-21 06:00:00;148.29601;148.30800;147.77000;147.93300
2025-07-21 05:00:00;148.44000;148.48500;148.25800;148.29601
2025-07-21 04:00:00;148.45799;148.53999;148.41701;148.44400
2025-07-21 03:00:00;148.49899;148.55901;148.38901;148.47701
2025-07-21 02:00:00;148.51401;148.57600;148.43300;148.49800
2025-07-21 01:00:00;148.38499;148.54100;148.32800;148.51300
2025-07-21 00:00:00;148.45000;148.48599;148.23599;148.38400
2025-07-20 23:00:00;148.58701;148.66499;148.37100;148.45300
2025-07-18 20:00:00;148.74400;148.85300;148.69099;148.74899
2025-07-18 19:00:00;148.77000;148.80800;148.73000;148.74400
2025-07-18 18:00:00;148.71500;148.78500;148.69600;148.76401
2025-07-18 17:00:00;148.68401;148.79401;148.64999;148.71400
2025-07-18 16:00:00;148.55400;148.73199;148.50800;148.68700
2025-07-18 15:00:00;148.47900;148.56300;148.35800;148.54900
2025-07-18 14:00:00;148.25999;148.51700;148.17999;148.47600
2025-07-18 13:00:00;148.35899;148.46800;148.18800;148.25800
2025-07-18 12:00:00;148.50101;148.52800;148.31900;148.35600
2025-07-18 11:00:00;148.51900;148.58299;148.44800;148.50301
2025-07-18 10:00:00;148.70399;148.71800;148.49400;148.51401
2025-07-18 09:00:00;148.59500;148.72400;148.50900;148.70399
2025-07-18 08:00:00;148.77699;148.78101;148.49699;148.58501
2025-07-18 07:00:00;148.74100;148.88400;148.64799;148.78000
2025-07-18 06:00:00;148.75999;148.83701;148.68900;148.74001
2025-07-18 05:00:00;148.66400;148.80901;148.66400;148.75400
2025-07-18 04:00:00;148.66499;148.72400;148.61400;148.66701
2025-07-18 03:00:00;148.51601;148.67000;148.47200;148.66800
2025-07-18 02:00:00;148.48700;148.57600;148.40800;148.51900
2025-07-18 01:00:00;148.58099;148.62199;148.37801;148.48500
2025-07-18 00:00:00;148.44299;148.62700;148.32700;148.58000
2025-07-17 23:00:00;148.31300;148.45399;148.28500;148.44501
2025-07-17 22:00:00;148.51500;148.56700;148.29300;148.31900
2025-07-17 21:00:00;148.56700;148.58800;148.50500;148.50700
2025-07-17 20:00:00;148.58501;148.62100;148.53300;148.56400
2025-07-17 19:00:00;148.72099;148.75301;148.54601;148.58600
2025-07-17 18:00:00;148.65500;148.75301;148.64000;148.72501
2025-07-17 17:00:00;148.62000;148.67300;148.55600;148.65900
2025-07-17 16:00:00;148.55299;148.70399;148.47099;148.625
2025-07-17 15:00:00;148.48100;148.61099;148.45100;148.55200
2025-07-17 14:00:00;148.58501;148.65800;148.37700;148.48100
2025-07-17 13:00:00;148.71300;148.75301;148.45000;148.57401
2025-07-17 12:00:00;148.76199;149.087006;148.59399;148.71400
2025-07-17 11:00:00;148.63699;148.80099;148.59900;148.76700
2025-07-17 10:00:00;148.74899;148.83400;148.61000;148.63901
2025-07-17 09:00:00;148.58600;148.77299;148.51801;148.74800
2025-07-17 08:00:00;148.71600;148.78500;148.58000;148.58299
2025-07-17 07:00:00;148.62700;148.76700;148.58600;148.72099
2025-07-17 06:00:00;148.47800;148.80499;148.44701;148.62801
2025-07-17 05:00:00;148.41901;148.49500;148.36400;148.48199
2025-07-17 04:00:00;148.54800;148.61301;148.40500;148.41600
2025-07-17 03:00:00;148.45100;148.66100;148.43600;148.54500
2025-07-17 02:00:00;148.34399;148.50101;148.33900;148.45000
2025-07-17 01:00:00;148.37801;148.49300;148.27400;148.33900
2025-07-17 00:00:00;147.99100;148.42599;147.98000;148.37801
2025-07-16 23:00:00;147.87601;148.070007;147.76199;147.98801
2025-07-16 22:00:00;147.79800;147.92999;147.71700;147.88200
2025-07-16 21:00:00;147.83200;147.87199;147.75301;147.80499
2025-07-16 20:00:00;147.84599;147.91400;147.81000;147.82401
2025-07-16 19:00:00;147.94501;148.022995;147.81900;147.84200
2025-07-16 18:00:00;147.67900;147.95300;147.64000;147.94299
2025-07-16 17:00:00;148.044006;148.059006;147.48300;147.68100
2025-07-16 16:00:00;148.10600;148.37801;147.81300;148.044006
2025-07-16 15:00:00;148.46899;148.51199;146.90401;148.10100
2025-07-16 14:00:00;148.80701;148.85201;148.30400;148.47000
2025-07-16 13:00:00;148.70500;148.92900;148.60001;148.80701
2025-07-16 12:00:00;148.76500;148.83501;148.46400;148.70200
2025-07-16 11:00:00;148.71400;148.78500;148.62199;148.76500
2025-07-16 10:00:00;148.71800;148.73700;148.64400;148.71001
2025-07-16 09:00:00;148.83299;148.88901;148.64900;148.71800
2025-07-16 08:00:00;148.88200;148.89999;148.72000;148.83701
2025-07-16 07:00:00;148.64700;148.92799;148.61400;148.88600
2025-07-16 06:00:00;148.81000;148.87199;148.61600;148.64900
2025-07-16 05:00:00;148.93100;148.94901;148.78200;148.81500
2025-07-16 04:00:00;149.033005;149.18600;148.90800;148.92599
2025-07-16 03:00:00;148.90500;149.089005;148.85899;149.035004
2025-07-16 02:00:00;148.82100;148.97200;148.82001;148.90401
2025-07-16 01:00:00;148.97501;149.035995;148.73399;148.82300
2025-07-16 00:00:00;148.78101;149.037994;148.70100;148.97800
2025-07-15 23:00:00;148.87801;148.94200;148.71800;148.77400
2025-07-15 22:00:00;148.84200;148.92700;148.82100;148.88499
2025-07-15 21:00:00;148.85899;148.90100;148.80499;148.82899
2025-07-15 20:00:00;148.84500;148.88800;148.82300;148.87801
2025-07-15 19:00:00;148.85100;148.92200;148.80299;148.84399
2025-07-15 18:00:00;148.93800;148.96201;148.82001;148.85201
2025-07-15 17:00:00;148.89400;148.99600;148.87300;148.93600
2025-07-15 16:00:00;148.75301;148.98100;148.70799;148.89500
2025-07-15 15:00:00;148.81599;149.022995;148.75200;148.75800
2025-07-15 14:00:00;148.57600;148.89900;148.56599;148.81500
2025-07-15 13:00:00;147.88699;148.65700;147.88400;148.58099
2025-07-15 12:00:00;147.91400;148.14799;147.64700;147.89400
2025-07-15 11:00:00;147.73199;147.95000;147.71201;147.90900
2025-07-15 10:00:00;147.70700;147.77499;147.65401;147.73000
2025-07-15 09:00:00;147.67101;147.74600;147.60600;147.70599
2025-07-15 08:00:00;147.73100;147.76700;147.64700;147.67599
2025-07-15 07:00:00;147.69800;147.78799;147.63600;147.73399
2025-07-15 06:00:00;147.56900;147.74800;147.56900;147.69800
2025-07-15 05:00:00;147.66100;147.67101;147.54800;147.56700
2025-07-15 04:00:00;147.67200;147.71300;147.61000;147.66299
2025-07-15 03:00:00;147.61000;147.68500;147.54800;147.66701
2025-07-15 02:00:00;147.77600;147.82300;147.59599;147.61099
2025-07-15 01:00:00;147.58501;147.80000;147.58000;147.77100
2025-07-15 00:00:00;147.78000;147.79401;147.55701;147.58200
2025-07-14 23:00:00;147.75999;147.88699;147.75900;147.78300
2025-07-14 22:00:00;147.70900;147.78900;147.65800;147.76700
2025-07-14 21:00:00;147.67500;147.74001;147.67000;147.69299
2025-07-14 20:00:00;147.72099;147.78000;147.68100;147.68401
2025-07-14 19:00:00;147.76100;147.76601;147.70200;147.72301
2025-07-14 18:00:00;147.71600;147.76500;147.70399;147.76199
2025-07-14 17:00:00;147.71001;147.76199;147.66800;147.71500
2025-07-14 16:00:00;147.69099;147.75900;147.65601;147.70900
2025-07-14 15:00:00;147.46201;147.70200;147.43300;147.69000
2025-07-14 14:00:00;147.35001;147.52200;147.31599;147.45900
2025-07-14 13:00:00;147.39000;147.48700;147.30701;147.35400
2025-07-14 12:00:00;147.40800;147.44400;147.21600;147.38901
2025-07-14 11:00:00;147.20000;147.46400;147.20000;147.40700
2025-07-14 10:00:00;147.28101;147.28799;147.14700;147.20200
2025-07-14 09:00:00;147.31799;147.34599;147.15100;147.27901
2025-07-14 08:00:00;147.37199;147.38400;147.16800;147.31799
2025-07-14 07:00:00;147.26100;147.37100;147.23599;147.36600
2025-07-14 06:00:00;147.36000;147.42500;147.22200;147.25600
2025-07-14 05:00:00;147.37000;147.48399;147.27901;147.36200
2025-07-14 04:00:00;147.30200;147.44400;147.19400;147.375
2025-07-14 03:00:00;147.27499;147.38600;147.10201;147.30200
2025-07-14 02:00:00;147.12601;147.30800;147.085007;147.27499
2025-07-14 01:00:00;146.94701;147.15300;146.84700;147.13100
2025-07-14 00:00:00;147.28999;147.30901;146.91400;146.95100
2025-07-13 23:00:00;147.49699;147.56799;147.23000;147.29601
2025-07-11 20:00:00;147.375;147.47000;147.33900;147.38200
2025-07-11 19:00:00;147.44600;147.47900;147.36800;147.37399
2025-07-11 18:00:00;147.38699;147.44901;147.34100;147.44400
2025-07-11 17:00:00;147.36301;147.41901;147.31300;147.39000
2025-07-11 16:00:00;147.29100;147.40601;147.25;147.36301
2025-07-11 15:00:00;147.33400;147.43100;147.25700;147.29201
2025-07-11 14:00:00;147.28500;147.52299;147.26801;147.33800
2025-07-11 13:00:00;146.97200;147.28400;146.90199;147.28400
2025-07-11 12:00:00;147.018005;147.093994;146.78600;146.97099
2025-07-11 11:00:00;146.81300;147.033997;146.76401;147.024002
2025-07-11 10:00:00;147.0090027;147.022995;146.76100;146.81599
2025-07-11 09:00:00;146.98500;147.084000;146.91299;147.0090027
2025-07-11 08:00:00;146.85300;147.0019989;146.74800;146.98399
2025-07-11 07:00:00;146.92200;146.92200;146.71600;146.85100
2025-07-11 06:00:00;146.86501;146.94200;146.73000;146.92000
2025-07-11 05:00:00;147.074005;147.11000;146.82401;146.86800
2025-07-11 04:00:00;146.95000;147.18401;146.91200;147.076004
2025-07-11 03:00:00;147.014008;147.033005;146.85400;146.94501
2025-07-11 02:00:00;146.76401;147.039993;146.73599;147.018005
2025-07-11 01:00:00;146.54800;146.83800;146.51100;146.76199
2025-07-11 00:00:00;146.27299;146.64101;146.23900;146.55499
2025-07-10 23:00:00;146.20700;146.29700;146.12601;146.27100
2025-07-10 22:00:00;146.22099;146.26700;146.16400;146.20700
2025-07-10 21:00:00;146.24001;146.25500;146.16400;146.21899
2025-07-10 20:00:00;146.23900;146.25500;146.17599;146.23900
2025-07-10 19:00:00;146.24100;146.28799;146.16400;146.23801
2025-07-10 18:00:00;146.32500;146.33299;146.19600;146.24300
2025-07-10 17:00:00;146.46300;146.47900;146.30701;146.32500
2025-07-10 16:00:00;146.45700;146.50999;146.38600;146.46201
2025-07-10 15:00:00;146.50999;146.56599;146.37801;146.46100
2025-07-10 14:00:00;146.58000;146.78700;146.47501;146.50900
2025-07-10 13:00:00;146.43800;146.61301;146.34399;146.57899
2025-07-10 12:00:00;146.25;146.54401;146.20200;146.43401
2025-07-10 11:00:00;146.12100;146.39301;146.080994;146.25
2025-07-10 10:00:00;146.17400;146.25301;146.080002;146.11800
2025-07-10 09:00:00;146.35300;146.37399;146.16800;146.17999
2025-07-10 08:00:00;146.28101;146.41000;146.25999;146.35500
2025-07-10 07:00:00;146.14700;146.46400;146.061996;146.27800
2025-07-10 06:00:00;146.25500;146.36000;146.12199;146.14900
2025-07-10 05:00:00;146.21500;146.34399;146.16800;146.25500
2025-07-10 04:00:00;146.25101;146.41100;146.20200;146.21800
2025-07-10 03:00:00;146.078003;146.25800;146.065002;146.25101
2025-07-10 02:00:00;145.88901;146.095001;145.85001;146.082993
2025-07-10 01:00:00;145.81200;145.95399;145.75800;145.88600
2025-07-10 00:00:00;146.10500;146.11800;145.75;145.81400
2025-07-09 23:00:00;146.23801;146.30299;146.067993;146.10500
2025-07-09 22:00:00;146.30099;146.32100;146.20799;146.23000
2025-07-09 21:00:00;146.32300;146.39101;146.23300;146.29401
2025-07-09 20:00:00;146.31599;146.48599;146.29100;146.29500
2025-07-09 19:00:00;146.33099;146.37100;146.24899;146.31400
2025-07-09 18:00:00;146.33099;146.39101;146.24600;146.32800
2025-07-09 17:00:00;146.41299;146.43401;146.27600;146.33200
2025-07-09 16:00:00;146.53101;146.53101;146.32800;146.40900
2025-07-09 15:00:00;146.46201;146.56599;146.44501;146.53200
2025-07-09 14:00:00;146.46001;146.50301;146.26700;146.46201
2025-07-09 13:00:00;146.48500;146.54401;146.35500;146.46001
2025-07-09 12:00:00;146.76300;146.76601;146.46300;146.48100
2025-07-09 11:00:00;146.65700;146.78000;146.60400;146.76500
2025-07-09 10:00:00;146.625;146.68900;146.53600;146.65401
2025-07-09 09:00:00;146.67700;146.69400;146.53600;146.62700
2025-07-09 08:00:00;146.84100;146.87000;146.59000;146.67700
2025-07-09 07:00:00;146.80000;146.87900;146.67799;146.84100
2025-07-09 06:00:00;146.98199;147.033997;146.79500;146.80600
2025-07-09 05:00:00;147.035004;147.067993;146.89600;146.98599
2025-07-09 04:00:00;147.10300;147.14700;147.022995;147.039001
2025-07-09 03:00:00;147.057999;147.18201;147.052994;147.098999
2025-07-09 02:00:00;146.86400;147.093002;146.78799;147.056000
2025-07-09 01:00:00;146.79100;147.029999;146.74800;146.86301
2025-07-09 00:00:00;146.86800;146.91000;146.73000;146.78900
2025-07-08 23:00:00;146.58501;146.87601;146.57899;146.86900
2025-07-08 22:00:00;146.52100;146.61400;146.52100;146.58099
2025-07-08 21:00:00;146.59599;146.61900;146.49699;146.51900
2025-07-08 20:00:00;146.62199;146.64200;146.50800;146.59500
2025-07-08 19:00:00;146.65800;146.69400;146.61099;146.62199
2025-07-08 18:00:00;146.71100;146.76300;146.64900;146.66200
2025-07-08 17:00:00;146.74400;146.80701;146.65199;146.71600
2025-07-08 16:00:00;146.81300;146.86400;146.70200;146.74400
2025-07-08 15:00:00;146.91299;146.97600;146.76199;146.81400
2025-07-08 14:00:00;146.77000;146.96001;146.74800;146.91800
2025-07-08 13:00:00;146.64799;146.89900;146.62601;146.77200
2025-07-08 12:00:00;146.58701;146.68900;146.45200;146.64900
2025-07-08 11:00:00;146.40199;146.65100;146.35001;146.58701
2025-07-08 10:00:00;146.22501;146.40900;146.21899;146.40199
2025-07-08 09:00:00;146.19099;146.26700;146.052994;146.23100
2025-07-08 08:00:00;146.033005;146.24200;146.029999;146.18800
2025-07-08 07:00:00;146.24500;146.28000;145.99200;146.037994
2025-07-08 06:00:00;146.093002;146.24899;146.059006;146.24500
2025-07-08 05:00:00;145.99300;146.10800;145.94299;146.093002
2025-07-08 04:00:00;146.070999;146.10400;145.87700;145.99200
2025-07-08 03:00:00;146.091003;146.16800;146.037003;146.072006
2025-07-08 02:00:00;146.24300;146.28500;146.037994;146.091995
2025-07-08 01:00:00;146.15401;146.44299;146.039001;146.24600
2025-07-08 00:00:00;145.87900;146.21201;145.82800;146.16000
2025-07-07 23:00:00;145.86000;146.069000;145.85201;145.88000
2025-07-07 22:00:00;145.99300;146.033005;145.83400;145.84100
2025-07-07 21:00:00;146.011993;146.070007;145.99200;145.99899
2025-07-07 20:00:00;146.052994;146.15900;146.0079956;146.0079956
2025-07-07 19:00:00;146.16901;146.18700;145.99699;146.050003
2025-07-07 18:00:00;146.059006;146.24100;146.050003;146.17200
2025-07-07 17:00:00;146.11501;146.23500;146.011002;146.061005
2025-07-07 16:00:00;145.86501;146.14600;145.73399;146.11800
2025-07-07 15:00:00;145.79601;145.89301;145.77600;145.86501
2025-07-07 14:00:00;145.73500;145.81500;145.66299;145.79401
2025-07-07 13:00:00;145.58600;145.78300;145.56799;145.73399
2025-07-07 12:00:00;145.49300;145.64600;145.47600;145.59000
2025-07-07 11:00:00;145.43401;145.51300;145.36900;145.49200
2025-07-07 10:00:00;145.43500;145.53300;145.39101;145.42900
2025-07-07 09:00:00;145.33299;145.48801;145.27000;145.42999
2025-07-07 08:00:00;145.19800;145.34500;145.10800;145.33200
2025-07-07 07:00:00;145.018005;145.20200;144.97501;145.19200
2025-07-07 06:00:00;144.98100;145.15800;144.94501;145.018997
2025-07-07 05:00:00;144.97900;145.078003;144.93300;144.98300
2025-07-07 04:00:00;144.82899;145.0010071;144.77499;144.98399
2025-07-07 03:00:00;144.81000;144.85001;144.70399;144.83200
2025-07-07 02:00:00;144.53500;144.83900;144.49200;144.81599
2025-07-07 01:00:00;144.35001;144.57899;144.22000;144.53200
2025-07-07 00:00:00;144.48700;144.50600;144.29201;144.35201
2025-07-06 23:00:00;144.48300;144.58299;144.45700;144.48700
2025-07-04 20:00:00;144.56300;144.58200;144.42599;144.44299
2025-07-04 19:00:00;144.47400;144.58200;144.43500;144.56599
2025-07-04 18:00:00;144.47200;144.51500;144.46300;144.47000
2025-07-04 17:00:00;144.49500;144.52499;144.46201;144.46800
2025-07-04 16:00:00;144.53101;144.54800;144.47200;144.49800
2025-07-04 15:00:00;144.52200;144.55400;144.5;144.52901
2025-07-04 14:00:00;144.45799;144.56799;144.40401;144.51801
2025-07-04 13:00:00;144.42000;144.50900;144.38300;144.45599
2025-07-04 12:00:00;144.39400;144.44600;144.35201;144.42300
2025-07-04 11:00:00;144.34300;144.40100;144.29800;144.39101
2025-07-04 10:00:00;144.31200;144.38400;144.27800;144.34000
2025-07-04 09:00:00;144.33800;144.37300;144.27100;144.31000
2025-07-04 08:00:00;144.40500;144.41600;144.28000;144.34100
2025-07-04 07:00:00;144.24500;144.42799;144.23199;144.40800
2025-07-04 06:00:00;144.33501;144.42900;144.17999;144.24600
2025-07-04 05:00:00;144.375;144.39900;144.30099;144.33600
2025-07-04 04:00:00;144.51900;144.52600;144.32401;144.37300
2025-07-04 03:00:00;144.64500;144.66800;144.45700;144.51801
2025-07-04 02:00:00;144.75600;144.79100;144.59399;144.64799
2025-07-04 01:00:00;144.59801;144.78300;144.57899;144.75700
2025-07-04 00:00:00;144.70399;144.78300;144.56900;144.59900
2025-07-03 23:00:00;144.86800;144.92599;144.67999;144.70700
2025-07-03 22:00:00;144.93800;144.96700;144.87100;144.88400
2025-07-03 21:00:00;144.91499;144.97099;144.88400;144.91600
2025-07-03 20:00:00;145.039993;145.085007;144.90300;144.90500
2025-07-03 19:00:00;145.10001;145.11600;144.98000;145.037003
2025-07-03 18:00:00;145.070999;145.11600;145.0079956;145.10500
2025-07-03 17:00:00;145.052994;145.091995;144.99200;145.070007
2025-07-03 16:00:00;144.96700;145.21201;144.94400;145.048004
2025-07-03 15:00:00;145.095001;145.16499;144.81400;144.96500
2025-07-03 14:00:00;144.73801;145.13300;144.63400;145.089996
2025-07-03 13:00:00;145.0079956;145.072006;144.60300;144.74100
2025-07-03 12:00:00;143.86501;145.23399;143.72501;145.0099945
2025-07-03 11:00:00;143.84700;143.89600;143.81200;143.86501
2025-07-03 10:00:00;143.85201;143.86099;143.73000;143.84200
2025-07-03 09:00:00;143.87601;143.89400;143.82201;143.85001
2025-07-03 08:00:00;143.85500;143.89400;143.76801;143.87100
2025-07-03 07:00:00;143.76900;143.91701;143.66800;143.86000
2025-07-03 06:00:00;143.85699;143.93100;143.75301;143.77100
2025-07-03 05:00:00;143.83800;143.92700;143.76199;143.85600
2025-07-03 04:00:00;143.84900;143.85300;143.75800;143.83501
2025-07-03 03:00:00;143.68100;143.88000;143.66600;143.85001
2025-07-03 02:00:00;143.55099;143.76300;143.54300;143.67900
2025-07-03 01:00:00;143.58701;143.69000;143.48300;143.54900
2025-07-03 00:00:00;143.51900;143.61200;143.44200;143.58200
2025-07-02 23:00:00;143.61000;143.61600;143.47800;143.52000
2025-07-02 22:00:00;143.60600;143.65800;143.54900;143.60500
2025-07-02 21:00:00;143.65900;143.75;143.58701;143.61900
2025-07-02 20:00:00;143.61600;143.69099;143.60500;143.61000
2025-07-02 19:00:00;143.61900;143.66800;143.56700;143.61501
2025-07-02 18:00:00;143.69400;143.73199;143.57600;143.61800
2025-07-02 17:00:00;143.73599;143.74500;143.61400;143.69299
2025-07-02 16:00:00;143.75700;143.80800;143.65199;143.73300
2025-07-02 15:00:00;144.024002;144.039993;143.73100;143.75700
2025-07-02 14:00:00;143.99699;144.15300;143.89999;144.026001
2025-07-02 13:00:00;143.87199;144.13100;143.63000;144.0079956
2025-07-02 12:00:00;144.17700;144.21300;143.48199;143.87100
2025-07-02 11:00:00;143.91800;144.19800;143.88800;144.17799
2025-07-02 10:00:00;144.14600;144.15700;143.86000;143.92101
2025-07-02 09:00:00;143.96500;144.24400;143.92500;144.14700
2025-07-02 08:00:00;143.89799;143.97301;143.77400;143.96400
2025-07-02 07:00:00;143.80600;144.050003;143.80000;143.89900
2025-07-02 06:00:00;143.75200;143.88600;143.67000;143.80701
2025-07-02 05:00:00;143.55099;143.85400;143.53600;143.75700
2025-07-02 04:00:00;143.52901;143.60899;143.45599;143.55299
2025-07-02 03:00:00;143.54201;143.58900;143.47501;143.52800
2025-07-02 02:00:00;143.64999;143.74600;143.50600;143.54900
2025-07-02 01:00:00;143.47400;143.68600;143.43800;143.65401
2025-07-02 00:00:00;143.36700;143.65900;143.31700;143.47301
2025-07-01 23:00:00;143.40401;143.47301;143.33600;143.37100
2025-07-01 22:00:00;143.38100;143.44200;143.33299;143.40500
2025-07-01 21:00:00;143.42900;143.47301;143.35600;143.38000
2025-07-01 20:00:00;143.77100;143.77100;143.37199;143.38699
2025-07-01 19:00:00;143.72200;143.80200;143.57800;143.77100
2025-07-01 18:00:00;143.625;143.79201;143.61900;143.72000
2025-07-01 17:00:00;143.69099;143.75200;143.60001;143.62199
2025-07-01 16:00:00;143.57899;143.78000;143.57300;143.69299
2025-07-01 15:00:00;143.43500;143.66800;143.43500;143.57600
2025-07-01 14:00:00;143.057007;143.48000;143.033005;143.43900
2025-07-01 13:00:00;143.061996;143.28700;142.93201;143.065002
2025-07-01 12:00:00;142.73199;143.093994;142.67599;143.065994
2025-07-01 11:00:00;142.98500;142.99001;142.69901;142.73599
2025-07-01 10:00:00;142.94200;142.99400;142.81799;142.98300
2025-07-01 09:00:00;143.039001;143.16701;142.82001;142.94299
2025-07-01 08:00:00;143.065002;143.13600;142.88600;143.035995
2025-07-01 07:00:00;143.66901;143.73900;143.063004;143.069000
2025-07-01 06:00:00;143.57600;143.76199;143.54401;143.67101
2025-07-01 05:00:00;143.74600;143.75;143.56700;143.58200
2025-07-01 04:00:00;143.87700;143.93401;143.74600;143.75101
2025-07-01 03:00:00;143.72701;143.89101;143.62700;143.87900
2025-07-01 02:00:00;143.79700;143.83400;143.63699;143.72301
2025-07-01 01:00:00;143.56500;143.80701;143.43201;143.79201
2025-07-01 00:00:00;143.80400;143.81000;143.55000;143.56400
2025-06-30 23:00:00;143.91600;143.92999;143.77000;143.80200
2025-06-30 22:00:00;143.99800;144.029007;143.85100;143.91499
2025-06-30 21:00:00;143.99800;144.050995;143.96899;144.0099945
2025-06-30 20:00:00;144.037994;144.054001;143.94701;144.029007
2025-06-30 19:00:00;144.20300;144.24500;143.98801;144.035004
2025-06-30 18:00:00;144.25200;144.29601;144.12300;144.20000
2025-06-30 17:00:00;144.22400;144.32401;144.14700;144.25200
2025-06-30 16:00:00;144.16299;144.38800;144.13600;144.22400
2025-06-30 15:00:00;144.44701;144.49699;144.15199;144.16299
2025-06-30 14:00:00;144.36301;144.50101;144.20799;144.44501
2025-06-30 13:00:00;144.45599;144.51100;144.31400;144.36400
2025-06-30 12:00:00;144.32700;144.49400;144.28200;144.45900
2025-06-30 11:00:00;144.18201;144.34200;144.14900;144.32899
2025-06-30 10:00:00;144.26401;144.28900;144.17200;144.17900
2025-06-30 09:00:00;144.11301;144.26700;144.050003;144.26500
2025-06-30 08:00:00;144.12199;144.21500;144.011993;144.11000
2025-06-30 07:00:00;143.88100;144.16901;143.77800;144.12601
2025-06-30 06:00:00;143.90601;144.018005;143.84801;143.88200
2025-06-30 05:00:00;143.94400;143.94800;143.78999;143.90800
2025-06-30 04:00:00;144.21800;144.23399;143.90700;143.94400
2025-06-30 03:00:00;144.28799;144.31200;144.15500;144.21600
2025-06-30 02:00:00;144.32600;144.33099;144.085999;144.28300
2025-06-30 01:00:00;144.61600;144.65199;144.24100;144.32800
2025-06-30 00:00:00;144.49899;144.76199;144.46899;144.61600
2025-06-29 23:00:00;144.47400;144.53999;144.37801;144.49800
2025-06-27 21:00:00;144.61501;144.61501;144.61501;144.61501
2025-06-27 20:00:00;144.75101;144.76100;144.60400;144.61400
2025-06-27 19:00:00;144.69701;144.79401;144.65199;144.75
2025-06-27 18:00:00;144.73801;144.85001;144.63100;144.69901
2025-06-27 17:00:00;144.64500;144.90401;144.57800;144.73700
2025-06-27 16:00:00;144.73500;144.75400;144.53600;144.64500
2025-06-27 15:00:00;144.87801;144.91000;144.60600;144.73599
2025-06-27 14:00:00;144.71899;144.94501;144.56400;144.88000
2025-06-27 13:00:00;144.44099;144.80499;144.375;144.72099
2025-06-27 12:00:00;144.48801;144.62399;144.36000;144.44299
2025-06-27 11:00:00;144.53101;144.62900;144.48399;144.49200
2025-06-27 10:00:00;144.48199;144.68100;144.45900;144.53500
2025-06-27 09:00:00;144.42200;144.49100;144.34200;144.48599
2025-06-27 08:00:00;144.47900;144.51500;144.25400;144.41800
2025-06-27 07:00:00;144.23900;144.55299;144.17200;144.48199
2025-06-27 06:00:00;144.42500;144.50301;144.20000;144.24001
2025-06-27 05:00:00;144.54601;144.59100;144.35600;144.42300
2025-06-27 04:00:00;144.45399;144.58701;144.40700;144.54201
2025-06-27 03:00:00;144.32500;144.50200;144.24800;144.45700
2025-06-27 02:00:00;144.28101;144.39301;144.19099;144.32401
2025-06-27 01:00:00;144.64799;144.74100;144.27200;144.28000
2025-06-27 00:00:00;144.67599;144.80800;144.51801;144.64999
2025-06-26 23:00:00;144.57001;144.74300;144.38800;144.67900
2025-06-26 22:00:00;144.34399;144.66000;144.32001;144.59801
2025-06-26 21:00:00;144.36800;144.40800;144.25900;144.35699
2025-06-26 20:00:00;144.37100;144.47200;144.32600;144.35201
2025-06-26 19:00:00;144.20100;144.40401;144.19299;144.36900
2025-06-26 18:00:00;144.18800;144.26401;144.14799;144.19901
2025-06-26 17:00:00;144.24500;144.27400;144.12801;144.18600
2025-06-26 16:00:00;144.33900;144.41901;144.052002;144.24600
2025-06-26 15:00:00;144.41100;144.53700;144.31200;144.33800
2025-06-26 14:00:00;144.23000;144.47200;144.15199;144.40700
2025-06-26 13:00:00;144.27800;144.49600;144.16299;144.23100
2025-06-26 12:00:00;144.39101;144.49699;144.12199;144.30600
2025-06-26 11:00:00;144.20000;144.44400;144.19099;144.38300
2025-06-26 10:00:00;144.067993;144.21899;144;144.19800
2025-06-26 09:00:00;143.92400;144.12801;143.89400;144.072006
2025-06-26 08:00:00;144.061005;144.10300;143.74699;143.92599
2025-06-26 07:00:00;144.30400;144.31300;143.92999;144.061005
2025-06-26 06:00:00;144.64200;144.70300;144.27800;144.30800
2025-06-26 05:00:00;144.78300;144.92000;144.57899;144.64301
2025-06-26 04:00:00;144.78200;144.96500;144.72701;144.77901
2025-06-26 03:00:00;144.68800;144.81799;144.56700;144.78500
2025-06-26 02:00:00;144.71600;144.84100;144.65900;144.69200
2025-06-26 01:00:00;144.68800;144.92799;144.66901;144.72200
2025-06-26 00:00:00;144.91200;144.94400;144.67599;144.69000
2025-06-25 23:00:00;145.22200;145.22701;144.87100;144.91299
2025-06-25 22:00:00;145.16901;145.26199;145.14900;145.22600
2025-06-25 21:00:00;145.18600;145.26300;145.13000;145.16701
2025-06-25 20:00:00;145.24200;145.33501;145.18500;145.23900
2025-06-25 19:00:00;145.14799;145.24500;145.098999;145.23599
2025-06-25 18:00:00;145.38901;145.40500;145.14400;145.15199
2025-06-25 17:00:00;145.44701;145.50800;145.36200;145.39200
2025-06-25 16:00:00;145.59100;145.60300;145.39000;145.44701
2025-06-25 15:00:00;145.70100;145.73500;145.52299;145.59000
2025-06-25 14:00:00;145.85899;145.87601;145.56700;145.69701
2025-06-25 13:00:00;145.85600;145.95100;145.75200;145.86099
2025-06-25 12:00:00;145.75;145.92300;145.69701;145.86000
2025-06-25 11:00:00;145.73000;145.79900;145.66400;145.74899
2025-06-25 10:00:00;145.625;145.75101;145.54300;145.72900
2025-06-25 09:00:00;145.47600;145.67900;145.45200;145.62300
2025-06-25 08:00:00;145.30701;145.49699;145.23100;145.47301
2025-06-25 07:00:00;145.29900;145.37199;145.22800;145.31100
2025-06-25 06:00:00;145.033997;145.33400;145.0019989;145.29601
2025-06-25 05:00:00;144.94200;145.16299;144.93800;145.031006
2025-06-25 04:00:00;144.97000;144.98801;144.86000;144.93600
2025-06-25 03:00:00;144.80000;144.98100;144.78000;144.97200
2025-06-25 02:00:00;144.65401;144.83701;144.60400;144.79900
2025-06-25 01:00:00;144.88400;144.89400;144.62100;144.65401
2025-06-25 00:00:00;144.92999;145.044998;144.76601;144.88100
2025-06-24 23:00:00;144.92700;144.97301;144.78799;144.92799
2025-06-24 22:00:00;144.80299;144.96300;144.80299;144.93201
2025-06-24 21:00:00;144.88600;144.91200;144.75900;144.80099
2025-06-24 20:00:00;144.77299;144.91701;144.76801;144.88400
2025-06-24 19:00:00;144.67799;144.78900;144.65199;144.77299
2025-06-24 18:00:00;144.72800;144.76900;144.64799;144.68201
2025-06-24 17:00:00;144.70300;144.75200;144.55800;144.72800
2025-06-24 16:00:00;144.89799;144.96300;144.65800;144.70300
2025-06-24 15:00:00;144.73900;144.90601;144.60001;144.90199
2025-06-24 14:00:00;145.048996;145.050003;144.50900;144.73801
2025-06-24 13:00:00;144.98801;145.19600;144.85001;145.048004
2025-06-24 12:00:00;144.96300;145.18201;144.92000;144.98801
2025-06-24 11:00:00;145.095993;145.14799;144.89600;144.96201
2025-06-24 10:00:00;144.96500;145.12700;144.91000;145.093994
2025-06-24 09:00:00;145.089996;145.14999;144.84599;144.96700
2025-06-24 08:00:00;145.31400;145.33400;144.94099;145.091995
2025-06-24 07:00:00;145.19501;145.40900;144.99200;145.31100
2025-06-24 06:00:00;145.30299;145.31300;145.033005;145.19600
2025-06-24 05:00:00;145.41701;145.51300;145.28101;145.30600
2025-06-24 04:00:00;145.41400;145.51401;145.33000;145.41901
2025-06-24 03:00:00;145.50500;145.51100;145.28500;145.41200
2025-06-24 02:00:00;145.67799;145.70799;145.43201;145.50500
2025-06-24 01:00:00;145.60300;145.73300;145.47200;145.67700
2025-06-24 00:00:00;145.91901;145.93700;145.56000;145.59801
2025-06-23 23:00:00;145.92599;146.041000;145.69600;145.92000
2025-06-23 22:00:00;146.12801;146.17700;145.75200;145.95500
2025-06-23 21:00:00;146.10600;146.16299;146.029007;146.11200
2025-06-23 20:00:00;146.14600;146.16701;146.022003;146.15300
2025-06-23 19:00:00;146.16299;146.20300;146.078003;146.14400
2025-06-23 18:00:00;146.20900;146.24400;146.0050049;146.15500
2025-06-23 17:00:00;146.35600;146.52400;146.14700;146.20900
2025-06-23 16:00:00;146.46600;146.53999;146.22800;146.36200
2025-06-23 15:00:00;146.56100;146.62000;146.32899;146.46800
2025-06-23 14:00:00;147.31000;147.33200;146.49100;146.56300
2025-06-23 13:00:00;147.41600;147.50500;147.13600;147.31000
2025-06-23 12:00:00;147.59100;147.63400;147.34801;147.41200
2025-06-23 11:00:00;147.98000;148.029007;147.50800;147.59100
2025-06-23 10:00:00;147.87000;147.98700;147.76801;147.98199
2025-06-23 09:00:00;147.60600;147.95200;147.60600;147.86900
2025-06-23 08:00:00;147.33800;147.62900;147.33800;147.60400
2025-06-23 07:00:00;147.15700;147.34300;147.035995;147.34000
2025-06-23 06:00:00;147.10500;147.39600;147.061996;147.15900
2025-06-23 05:00:00;146.98300;147.29500;146.94299;147.10001
2025-06-23 04:00:00;146.69800;147.031006;146.69099;146.98199
2025-06-23 03:00:00;146.56300;146.73199;146.51199;146.69400
2025-06-23 02:00:00;146.66800;146.70100;146.36800;146.56300
2025-06-23 01:00:00;146.44800;146.76401;146.42300;146.66600
2025-06-23 00:00:00;146.20799;146.52100;146.13800;146.45100
2025-06-22 23:00:00;146.36200;146.42400;146.20100;146.21201
2025-06-20 20:00:00;146.18201;146.21600;146.052994;146.054001
2025-06-20 19:00:00;145.97200;146.19400;145.96400;146.17400
2025-06-20 18:00:00;145.89900;145.99400;145.85001;145.97099
2025-06-20 17:00:00;145.83600;145.90900;145.77400;145.89700
2025-06-20 16:00:00;145.92599;145.94600;145.78400;145.83900
2025-06-20 15:00:00;145.91400;145.95799;145.78300;145.92500
2025-06-20 14:00:00;145.74400;145.94600;145.73000;145.91100
2025-06-20 13:00:00;145.58800;145.82201;145.55499;145.73900
2025-06-20 12:00:00;145.59300;145.71600;145.44200;145.59200
2025-06-20 11:00:00;145.43600;145.61400;145.41000;145.58701
2025-06-20 10:00:00;145.33800;145.44701;145.28900;145.43600
2025-06-20 09:00:00;145.32401;145.35500;145.24800;145.33800
2025-06-20 08:00:00;145.41200;145.41400;145.26199;145.32700
2025-06-20 07:00:00;145.38200;145.43800;145.28700;145.41200
2025-06-20 06:00:00;145.43900;145.47701;145.28000;145.38100
2025-06-20 05:00:00;145.34700;145.48500;145.30200;145.43900
2025-06-20 04:00:00;145.27200;145.39600;145.23801;145.34500
2025-06-20 03:00:00;145.24600;145.31400;145.18600;145.27400
2025-06-20 02:00:00;145.33299;145.36400;145.22600;145.24699
2025-06-20 01:00:00;145.25200;145.35699;145.21400;145.33501
2025-06-20 00:00:00;145.23199;145.31300;145.11900;145.24699
2025-06-19 23:00:00;145.48700;145.50600;145.19099;145.22900
2025-06-19 22:00:00;145.44901;145.56400;145.38300;145.48700
2025-06-19 21:00:00;145.38100;145.53400;145.33099;145.43300
2025-06-19 20:00:00;145.43300;145.49400;145.37900;145.44400
2025-06-19 19:00:00;145.48700;145.48900;145.34000;145.43201
2025-06-19 18:00:00;145.50200;145.53500;145.41000;145.48599
2025-06-19 17:00:00;145.71300;145.73100;145.46500;145.50400
2025-06-19 16:00:00;145.63901;145.73300;145.62100;145.71100
2025-06-19 15:00:00;145.70500;145.74600;145.60300;145.63400
2025-06-19 14:00:00;145.41901;145.71600;145.39900;145.70599
2025-06-19 13:00:00;145.54201;145.57600;145.34100;145.42200
2025-06-19 12:00:00;145.67000;145.71201;145.49699;145.54300
2025-06-19 11:00:00;145.70000;145.77000;145.57899;145.66400
2025-06-19 10:00:00;145.43300;145.75700;145.40800;145.69501
2025-06-19 09:00:00;145.27901;145.47301;145.24400;145.43700
2025-06-19 08:00:00;145.38300;145.41000;145.24899;145.28300
2025-06-19 07:00:00;145.26100;145.40401;145.23599;145.38600
2025-06-19 06:00:00;145.11099;145.35699;145.11099;145.26199
2025-06-19 05:00:00;145.033997;145.26500;145.028000;145.11099
2025-06-19 04:00:00;145.070007;145.10899;145.016006;145.035995
2025-06-19 03:00:00;145.17599;145.22099;145.029007;145.070007
2025-06-19 02:00:00;145.14400;145.21500;145.061005;145.17700
2025-06-19 01:00:00;144.88400;145.15800;144.73199;145.14600
2025-06-19 00:00:00;144.95399;144.98199;144.83600;144.88400
2025-06-18 23:00:00;144.99400;145.080994;144.92300;144.95399
2025-06-18 22:00:00;145.050003;145.14600;144.88901;145.0090027
2025-06-18 21:00:00;145.11000;145.12100;145.0059967;145.056000
2025-06-18 20:00:00;145.12000;145.19000;145.059998;145.095001
2025-06-18 19:00:00;145.044998;145.22400;144.99400;145.11600
2025-06-18 18:00:00;144.75700;145.085999;144.32001;145.042999
2025-06-18 17:00:00;144.69600;144.82300;144.63600;144.75200
2025-06-18 16:00:00;144.57600;144.68900;144.52000;144.67599
2025-06-18 15:00:00;144.80200;144.81500;144.56400;144.57300
2025-06-18 14:00:00;144.86000;144.96700;144.67101;144.80099
2025-06-18 13:00:00;144.89101;144.92101;144.71100;144.86600
2025-06-18 12:00:00;144.84399;144.96500;144.73599;144.88901
2025-06-18 11:00:00;144.82201;144.92900;144.80800;144.84801
2025-06-18 10:00:00;144.92999;144.95599;144.79601;144.82300
2025-06-18 09:00:00;144.96500;145.024994;144.89500;144.92799
2025-06-18 08:00:00;144.95700;145.12801;144.92700;144.96500
2025-06-18 07:00:00;144.89600;145.048996;144.84801;144.95300
2025-06-18 06:00:00;145.011002;145.078995;144.85400;144.89999
2025-06-18 05:00:00;145.016998;145.057007;144.89700;145.016006
2025-06-18 04:00:00;145.067993;145.11099;144.92000;145.016006
2025-06-18 03:00:00;145.12199;145.13400;145.035995;145.067001
2025-06-18 02:00:00;145.16100;145.22301;145.10201;145.12300
2025-06-18 01:00:00;145.31500;145.34100;145.14799;145.16000
2025-06-18 00:00:00;145.38499;145.44000;145.18401;145.31599
2025-06-17 23:00:00;145.38000;145.43401;145.31400;145.38200
2025-06-17 22:00:00;145.20599;145.39101;145.18800;145.38000
2025-06-17 21:00:00;145.25200;145.28999;145.17999;145.21300
2025-06-17 20:00:00;145.21201;145.32700;145.19501;145.25301
2025-06-17 19:00:00;145.36600;145.38300;145.20000;145.21800
2025-06-17 18:00:00;145.24001;145.375;145.18600;145.36700
2025-06-17 17:00:00;145.21800;145.30000;145.12399;145.24400
2025-06-17 16:00:00;145.039001;145.25700;144.90199;145.22301
2025-06-17 15:00:00;145.18500;145.20700;145.0099945;145.039001
2025-06-17 14:00:00;144.88100;145.29300;144.85201;145.18401
2025-06-17 13:00:00;144.84801;144.94000;144.68500;144.88499
2025-06-17 12:00:00;144.61099;144.91499;144.36301;144.85600
2025-06-17 11:00:00;144.68700;144.70500;144.48300;144.61501
2025-06-17 10:00:00;144.82201;144.83299;144.66000;144.68900
2025-06-17 09:00:00;144.89999;144.94200;144.77200;144.81599
2025-06-17 08:00:00;144.52800;144.89999;144.46300;144.89900
2025-06-17 07:00:00;144.88699;145.024002;144.40199;144.52699
2025-06-17 06:00:00;144.66200;144.89200;144.55499;144.89000
2025-06-17 05:00:00;144.58800;144.72600;144.49600;144.66299
2025-06-17 04:00:00;144.65700;144.67101;144.39799;144.58800
2025-06-17 03:00:00;144.94099;144.96700;144.61501;144.66000
2025-06-17 02:00:00;144.86501;144.99800;144.81100;144.94600
2025-06-17 01:00:00;145.061996;145.063995;144.78799;144.86900
2025-06-17 00:00:00;144.68100;145.11200;144.67000;145.061005
2025-06-16 23:00:00;144.61700;144.79900;144.60201;144.68401
2025-06-16 22:00:00;144.70100;144.82401;144.57100;144.60201
2025-06-16 21:00:00;144.70500;144.73700;144.66400;144.70599
2025-06-16 20:00:00;144.86000;144.86600;144.69600;144.72501
2025-06-16 19:00:00;144.59900;144.87601;144.58800;144.85600
2025-06-16 18:00:00;144.37000;144.60500;144.36400;144.59900
2025-06-16 17:00:00;144.16600;144.41400;144.15199;144.36501
2025-06-16 16:00:00;144.13200;144.22501;144.084000;144.17101
2025-06-16 15:00:00;144.046005;144.20799;143.98599;144.13400
2025-06-16 14:00:00;143.80701;144.12000;143.64900;144.052002
2025-06-16 13:00:00;144.098007;144.11200;143.76801;143.80800
2025-06-16 12:00:00;144.11099;144.28200;144.076004;144.093994
2025-06-16 11:00:00;144.044006;144.15800;143.97200;144.11501
2025-06-16 10:00:00;144.11200;144.17700;144.0070038;144.042007
2025-06-16 09:00:00;144.25999;144.33900;144.095001;144.11200
2025-06-16 08:00:00;144.18100;144.35100;144.091003;144.25999
2025-06-16 07:00:00;144.23399;144.39101;144.13200;144.17599
2025-06-16 06:00:00;144.065994;144.24300;143.99100;144.22900
2025-06-16 05:00:00;144.29800;144.31599;143.96800;144.067001
2025-06-16 04:00:00;144.48100;144.48199;144.28400;144.30400
2025-06-16 03:00:00;144.41299;144.48801;144.33299;144.47701
2025-06-16 02:00:00;144.34000;144.46400;144.28799;144.41100
2025-06-16 01:00:00;144.36900;144.38499;144.15700;144.34500
2025-06-16 00:00:00;144.56900;144.60500;144.34700;144.36501
2025-06-15 23:00:00;144.47099;144.74899;144.42000;144.57001
2025-06-13 20:00:00;143.93500;144.14900;143.92300;144.067001
2025-06-13 19:00:00;143.95799;143.99600;143.85201;143.93500
2025-06-13 18:00:00;144.091995;144.098007;143.84900;143.95200
2025-06-13 17:00:00;144.031006;144.19600;144.011002;144.091003
2025-06-13 16:00:00;144.042007;144.070999;143.96100;144.033005
2025-06-13 15:00:00;144.12100;144.18600;143.95200;144.046997
2025-06-13 14:00:00;144.098007;144.20700;144.014008;144.12100
2025-06-13 13:00:00;144.28999;144.48399;144.050003;144.10001
2025-06-13 12:00:00;144.12900;144.31799;144.082993;144.28900
2025-06-13 11:00:00;144.35100;144.44501;144.098007;144.12399
2025-06-13 10:00:00;144.10899;144.39900;143.96800;144.35201
2025-06-13 09:00:00;143.79100;144.16299;143.74600;144.11099
2025-06-13 08:00:00;143.79401;143.89500;143.66200;143.79100
2025-06-13 07:00:00;143.64500;143.79601;143.52800;143.79500
2025-06-13 06:00:00;143.53700;143.74100;143.37601;143.64700
2025-06-13 05:00:00;143.64900;143.87300;143.50500;143.53799
2025-06-13 04:00:00;143.49500;143.76801;143.42700;143.65199
2025-06-13 03:00:00;143.074997;143.74400;143.072006;143.49400
2025-06-13 02:00:00;143.17101;143.23801;142.94800;143.074005
2025-06-13 01:00:00;143.039993;143.29201;142.91499;143.17200
2025-06-13 00:00:00;143.089996;143.19200;142.78999;143.037003
2025-06-12 23:00:00;143.45000;143.46300;143.070999;143.091995
2025-06-12 22:00:00;143.50500;143.54100;143.38000;143.46700
2025-06-12 21:00:00;143.43201;143.62700;143.40199;143.53400
2025-06-12 20:00:00;143.57600;143.59500;143.44501;143.44501
2025-06-12 19:00:00;143.52200;143.59900;143.48100;143.57300
2025-06-12 18:00:00;143.54800;143.59500;143.46800;143.52400
2025-06-12 17:00:00;143.60699;143.73399;143.52200;143.54201
2025-06-12 16:00:00;143.64400;143.73801;143.54201;143.61099
2025-06-12 15:00:00;143.73199;143.90401;143.58800;143.64700
2025-06-12 14:00:00;143.46300;143.75301;143.42300;143.73500
2025-06-12 13:00:00;143.28600;143.52299;143.19501;143.46500
2025-06-12 12:00:00;143.61700;143.74200;143.17999;143.28799
2025-06-12 11:00:00;143.54700;143.78700;143.39999;143.61900
2025-06-12 10:00:00;143.69800;143.75500;143.44400;143.54800
2025-06-12 09:00:00;143.78999;143.87300;143.56100;143.69800
2025-06-12 08:00:00;143.87801;143.94200;143.74800;143.79500
2025-06-12 07:00:00;143.73399;144.13901;143.73399;143.87399
2025-06-12 06:00:00;143.73199;143.92400;143.63100;143.73399
2025-06-12 05:00:00;143.94200;143.98399;143.67000;143.73199
2025-06-12 04:00:00;143.89400;144.046005;143.88499;143.94299
2025-06-12 03:00:00;143.95300;144.046997;143.83400;143.89301
2025-06-12 02:00:00;143.98199;144.11700;143.90300;143.95000
2025-06-12 01:00:00;144.037994;144.10201;143.72099;143.98199
2025-06-12 00:00:00;144.17700;144.34500;143.95000;144.042007
2025-06-11 23:00:00;144.25301;144.31799;144.11000;144.17999
2025-06-11 22:00:00;144.53200;144.53200;144.19200;144.22800
2025-06-11 21:00:00;144.52499;144.55200;144.45799;144.53000
2025-06-11 20:00:00;144.63000;144.69299;144.51801;144.54100
2025-06-11 19:00:00;144.50900;144.64799;144.49400;144.63000
2025-06-11 18:00:00;144.52499;144.54201;144.32100;144.50500
2025-06-11 17:00:00;144.61400;144.65199;144.50999;144.52499
2025-06-11 16:00:00;144.49001;144.62801;144.43500;144.61600
2025-06-11 15:00:00;144.80099;144.84500;144.46201;144.48700
2025-06-11 14:00:00;145.050003;145.087997;144.73100;144.79100
2025-06-11 13:00:00;144.72800;145.18401;144.60800;145.046005
2025-06-11 12:00:00;145.28200;145.46600;144.32100;144.73100
2025-06-11 11:00:00;145.14101;145.33600;145.10899;145.28101
2025-06-11 10:00:00;145.078995;145.16600;145.041000;145.125
2025-06-11 09:00:00;145.065994;145.095993;144.91701;145.082001
2025-06-11 08:00:00;145.11700;145.14799;144.99800;145.065994
2025-06-11 07:00:00;145.125;145.24200;145.078995;145.11600
2025-06-11 06:00:00;144.98100;145.24600;144.96400;145.12700
2025-06-11 05:00:00;145.031998;145.14200;144.97301;144.98000
2025-06-11 04:00:00;145.0030060;145.072998;144.88600;145.029999
2025-06-11 03:00:00;144.94600;145.061996;144.91901;145.0070038
2025-06-11 02:00:00;145.0059967;145.14999;144.84801;144.94701
2025-06-11 01:00:00;144.92400;145.037003;144.83800;145.0050049
2025-06-11 00:00:00;144.84200;144.96600;144.67799;144.91901
2025-06-10 23:00:00;144.95799;145.16299;144.79300;144.84300
2025-06-10 22:00:00;144.84599;144.96600;144.81300;144.94200
2025-06-10 21:00:00;144.82899;144.87601;144.80299;144.85899
2025-06-10 20:00:00;144.90199;144.93201;144.82300;144.85001
2025-06-10 19:00:00;144.95900;145.033005;144.77800;144.90601
2025-06-10 18:00:00;144.93201;145.020996;144.89301;144.95500
2025-06-10 17:00:00;144.96700;145.024002;144.91000;144.93500
2025-06-10 16:00:00;144.91400;145.044006;144.87199;144.96899
2025-06-10 15:00:00;144.80800;144.94800;144.78999;144.91400
2025-06-10 14:00:00;144.52901;144.83400;144.51199;144.79800
2025-06-10 13:00:00;144.64101;144.67799;144.43800;144.52901
2025-06-10 12:00:00;144.58299;144.64799;144.45300;144.63499
2025-06-10 11:00:00;144.60600;144.62000;144.47800;144.58299
2025-06-10 10:00:00;144.67999;144.73801;144.58701;144.60100
2025-06-10 09:00:00;144.64700;144.77299;144.61800;144.68300
2025-06-10 08:00:00;144.74100;144.74500;144.56100;144.64600
2025-06-10 07:00:00;144.58501;144.83099;144.53700;144.74001
2025-06-10 06:00:00;144.55299;144.65900;144.42101;144.59000
2025-06-10 05:00:00;144.93600;144.94200;144.44400;144.55499
2025-06-10 04:00:00;144.82500;144.94901;144.80099;144.93300
2025-06-10 03:00:00;144.93100;144.98599;144.78000;144.82401
2025-06-10 02:00:00;145.0090027;145.28999;144.89200;144.93100
2025-06-10 01:00:00;144.51700;145.059998;144.42400;145.0099945
2025-06-10 00:00:00;144.56300;144.65700;144.39400;144.52100
2025-06-09 23:00:00;144.59300;144.65300;144.49600;144.56100
2025-06-09 22:00:00;144.52400;144.65100;144.49300;144.59801
2025-06-09 21:00:00;144.51801;144.55099;144.48700;144.52499
2025-06-09 20:00:00;144.56200;144.63499;144.52200;144.53999
2025-06-09 19:00:00;144.55299;144.59900;144.49600;144.56000
2025-06-09 18:00:00;144.46300;144.56700;144.38499;144.55701
2025-06-09 17:00:00;144.39700;144.47400;144.38499;144.45900
2025-06-09 16:00:00;144.36700;144.46001;144.36000;144.39700
2025-06-09 15:00:00;144.61200;144.62199;144.34399;144.37100
2025-06-09 14:00:00;144.66600;144.75101;144.52800;144.61200
2025-06-09 13:00:00;144.63300;144.77200;144.59200;144.66299
2025-06-09 12:00:00;144.49200;144.69200;144.42799;144.62801
2025-06-09 11:00:00;144.17000;144.52901;144.15401;144.48500
2025-06-09 10:00:00;144.10300;144.18900;144.029007;144.17200
2025-06-09 09:00:00;144.15300;144.16600;143.97000;144.10300
2025-06-09 08:00:00;144.14301;144.17599;144.031998;144.15500
2025-06-09 07:00:00;144.20799;144.31799;144.098007;144.14301
2025-06-09 06:00:00;144.41200;144.46400;144.19501;144.20900
2025-06-09 05:00:00;144.37900;144.49600;144.34700;144.41299
2025-06-09 04:00:00;144.48900;144.49500;144.34599;144.37700
2025-06-09 03:00:00;144.49400;144.50999;144.34900;144.49200
2025-06-09 02:00:00;144.54100;144.57100;144.34500;144.49600
2025-06-09 01:00:00;144.93800;144.93900;144.47000;144.54201
2025-06-09 00:00:00;144.69000;144.94800;144.57401;144.93201
2025-06-08 23:00:00;144.69099;144.74699;144.59399;144.69299
2025-06-06 21:00:00;144.78799;144.78799;144.78799;144.78799
2025-06-06 20:00:00;144.78200;144.89101;144.77600;144.81599
2025-06-06 19:00:00;144.84801;144.84801;144.77000;144.78200
2025-06-06 18:00:00;144.86200;144.90700;144.80701;144.84399
2025-06-06 17:00:00;144.96700;144.96800;144.82401;144.86700
2025-06-06 16:00:00;144.87900;144.98199;144.80901;144.96400
2025-06-06 15:00:00;144.89600;145.089005;144.75999;144.87601
2025-06-06 14:00:00;144.90500;145.029007;144.61301;144.89799
2025-06-06 13:00:00;144.62300;144.97200;144.55000;144.90401
2025-06-06 12:00:00;144.15199;144.74300;144.076004;144.61800
2025-06-06 11:00:00;144.080994;144.18600;144.052002;144.15601
2025-06-06 10:00:00;144.15601;144.16000;144.014999;144.087997
2025-06-06 09:00:00;144.052994;144.19099;143.99500;144.15900
2025-06-06 08:00:00;143.90700;144.067993;143.87601;144.052002
2025-06-06 07:00:00;144.022003;144.13699;143.79800;143.90601
2025-06-06 06:00:00;143.86501;144.13200;143.80600;144.022995
2025-06-06 05:00:00;143.83299;143.97800;143.81000;143.86400
2025-06-06 04:00:00;143.75800;143.88100;143.73000;143.83701
2025-06-06 03:00:00;143.84100;143.85001;143.71201;143.75900
2025-06-06 02:00:00;143.66600;143.89999;143.64200;143.83900
2025-06-06 01:00:00;143.72701;143.78999;143.62000;143.66499
2025-06-06 00:00:00;143.55200;143.74899;143.52600;143.71800
2025-06-05 23:00:00;143.51801;143.59700;143.45399;143.55400
2025-06-05 22:00:00;143.51900;143.55800;143.44299;143.51401
2025-06-05 21:00:00;143.52699;143.64400;143.34500;143.5
2025-06-05 20:00:00;143.68500;143.78101;143.47900;143.49400
2025-06-05 19:00:00;143.63100;143.76401;143.46800;143.68600
2025-06-05 18:00:00;143.68100;143.75999;143.56799;143.62900
2025-06-05 17:00:00;143.53000;143.85400;143.51401;143.67799
2025-06-05 16:00:00;143.86099;143.97701;143.51801;143.53200
2025-06-05 15:00:00;143.45500;143.97200;143.45000;143.86501
2025-06-05 14:00:00;143.020996;143.54401;143.020996;143.45500
2025-06-05 13:00:00;143.36600;143.53200;142.89301;143.026001
2025-06-05 12:00:00;143.26801;143.68700;142.77100;143.36501
2025-06-05 11:00:00;143.12801;143.32300;143.057999;143.26801
2025-06-05 10:00:00;143.22000;143.22501;143.026001;143.13300
2025-06-05 09:00:00;143.27699;143.30099;143.11000;143.21500
2025-06-05 08:00:00;143.34200;143.40401;143.24800;143.28101
2025-06-05 07:00:00;143.23000;143.39400;143.070007;143.34599
2025-06-05 06:00:00;143.15199;143.24200;143.026993;143.22701
2025-06-05 05:00:00;143.029007;143.17500;143;143.15199
2025-06-05 04:00:00;142.99300;143.076004;142.89900;143.026993
2025-06-05 03:00:00;142.88800;143.024994;142.70000;142.99400
2025-06-05 02:00:00;142.92000;142.97301;142.81200;142.88901
2025-06-05 01:00:00;142.66499;142.97200;142.56799;142.92000
2025-06-05 00:00:00;142.72099;142.85001;142.60500;142.66100
2025-06-04 23:00:00;142.76401;142.83099;142.52000;142.72600
2025-06-04 22:00:00;142.73399;142.82899;142.71600;142.75999
2025-06-04 21:00:00;142.71899;142.80901;142.68201;142.73399
2025-06-04 20:00:00;142.87801;142.89700;142.69000;142.72099
2025-06-04 19:00:00;142.80701;142.92599;142.78200;142.88200
2025-06-04 18:00:00;142.77499;142.83501;142.70799;142.81000
2025-06-04 17:00:00;142.64000;142.78400;142.62199;142.77299
2025-06-04 16:00:00;142.91701;142.92000;142.60001;142.63499
2025-06-04 15:00:00;143.13200;143.23000;142.91100;142.91701
2025-06-04 14:00:00;143.69099;143.69099;142.99001;143.13200
2025-06-04 13:00:00;143.55400;143.83099;143.50900;143.69099
2025-06-04 12:00:00;144.27000;144.27200;143.50200;143.55400
2025-06-04 11:00:00;144.24600;144.31400;144.13600;144.27000
2025-06-04 10:00:00;144.089005;144.31100;144.048004;144.25
2025-06-04 09:00:00;143.89101;144.10600;143.84300;144.091003
2025-06-04 08:00:00;144.093002;144.18100;143.84200;143.89101
2025-06-04 07:00:00;143.97501;144.095993;143.78799;144.087006
2025-06-04 06:00:00;144.20900;144.31599;143.88100;143.97099
2025-06-04 05:00:00;144.25101;144.39500;144.13200;144.21100
2025-06-04 04:00:00;144.059006;144.28200;143.97900;144.25301
2025-06-04 03:00:00;143.92101;144.10600;143.83299;144.057007
2025-06-04 02:00:00;143.75500;143.97701;143.70000;143.91901
2025-06-04 01:00:00;143.99001;144.29800;143.66200;143.75500
2025-06-04 00:00:00;143.81599;144.026993;143.77100;143.99300
2025-06-03 23:00:00;143.95900;144.033005;143.79500;143.81799
2025-06-03 22:00:00;143.94299;144.042999;143.89301;143.95599
2025-06-03 21:00:00;143.95799;144.052002;143.67999;143.94099
2025-06-03 20:00:00;144.072998;144.076996;143.92400;143.96001
2025-06-03 19:00:00;143.90500;144.10699;143.89400;144.072998
2025-06-03 18:00:00;143.84700;143.94299;143.83501;143.90700
2025-06-03 17:00:00;143.98000;144.029007;143.83600;143.84300
2025-06-03 16:00:00;143.93900;144.10899;143.87300;143.97701
2025-06-03 15:00:00;143.77200;143.99100;143.71800;143.94200
2025-06-03 14:00:00;143.53200;143.93900;143.53200;143.77400
2025-06-03 13:00:00;143.41701;143.61501;143.32600;143.53600
2025-06-03 12:00:00;143.078003;143.44701;143.044998;143.42101
2025-06-03 11:00:00;143.057007;143.16100;143.042007;143.078995
2025-06-03 10:00:00;142.85201;143.078995;142.83400;143.056000
2025-06-03 09:00:00;142.79601;142.93201;142.76700;142.85600
2025-06-03 08:00:00;142.82700;142.90401;142.67000;142.79800
2025-06-03 07:00:00;142.88901;142.97600;142.60600;142.82500
2025-06-03 06:00:00;142.94901;143.098007;142.85001;142.88499
2025-06-03 05:00:00;142.94501;143.125;142.86400;142.95200
2025-06-03 04:00:00;143.15900;143.21700;142.89799;142.94299
2025-06-03 03:00:00;143.095993;143.26100;143.018997;143.15500
2025-06-03 02:00:00;143.12300;143.25200;143.0050049;143.10001
2025-06-03 01:00:00;142.70799;143.22701;142.70200;143.12900
2025-06-03 00:00:00;142.42599;142.78700;142.41800;142.70700
2025-06-02 23:00:00;142.52699;142.59100;142.37199;142.42400
2025-06-02 22:00:00;142.66200;142.70100;142.51601;142.51900
2025-06-02 21:00:00;142.67200;142.70000;142.61800;142.67101
2025-06-02 20:00:00;142.70700;142.74300;142.66200;142.68300
2025-06-02 19:00:00;142.81500;142.85899;142.66299;142.70799
2025-06-02 18:00:00;142.96001;143.0010071;142.80499;142.81400
2025-06-02 17:00:00;142.93100;142.99699;142.87000;142.96100
2025-06-02 16:00:00;142.77000;142.99400;142.75800;142.92999
2025-06-02 15:00:00;142.66901;142.84399;142.625;142.77299
2025-06-02 14:00:00;142.89700;142.89999;142.53500;142.66901
2025-06-02 13:00:00;142.83000;143.072006;142.82300;142.89999
2025-06-02 12:00:00;142.75600;142.89600;142.68300;142.82700
2025-06-02 11:00:00;142.80901;142.85400;142.61800;142.75500
2025-06-02 10:00:00;142.93600;142.97400;142.74800;142.80600
2025-06-02 09:00:00;142.93100;142.93700;142.77800;142.93600
2025-06-02 08:00:00;142.89999;142.95200;142.78900;142.92999
2025-06-02 07:00:00;143.22000;143.28200;142.82201;142.90401
2025-06-02 06:00:00;143.35201;143.37700;143.12700;143.22400
2025-06-02 05:00:00;143.53999;143.55800;143.30000;143.35100
2025-06-02 04:00:00;143.52299;143.61301;143.50500;143.53400
2025-06-02 03:00:00;143.52200;143.64301;143.50400;143.52200
2025-06-02 02:00:00;143.46001;143.59700;143.41000;143.52800
2025-06-02 01:00:00;143.53900;143.59500;143.32100;143.46201
2025-06-02 00:00:00;143.79800;143.79900;143.52400;143.53500
2025-06-01 23:00:00;143.83701;143.86501;143.71899;143.78999
2025-05-30 20:00:00;143.875;144.087997;143.86700;144.020996
2025-05-30 19:00:00;143.88699;144.0039978;143.86700;143.87601
2025-05-30 18:00:00;143.87000;143.94000;143.82800;143.89101
2025-05-30 17:00:00;143.89400;143.95200;143.78799;143.87100
2025-05-30 16:00:00;144.18100;144.18900;143.88200;143.89500
2025-05-30 15:00:00;144.26401;144.33200;144.070007;144.18401
2025-05-30 14:00:00;143.99600;144.44299;143.80400;144.26801
2025-05-30 13:00:00;143.72000;144.13800;143.70599;143.99500
2025-05-30 12:00:00;143.84599;143.86301;143.46600;143.72501
2025-05-30 11:00:00;143.93201;144.031998;143.81100;143.84500
2025-05-30 10:00:00;144.042999;144.054001;143.78400;143.92799
2025-05-30 09:00:00;144.048996;144.22501;143.99699;144.041000
2025-05-30 08:00:00;144.022995;144.12000;143.89000;144.048996
2025-05-30 07:00:00;143.85400;144.15800;143.82899;144.026993
2025-05-30 06:00:00;143.82600;144.14000;143.75500;143.85201
2025-05-30 05:00:00;143.77400;143.96800;143.70700;143.82401
2025-05-30 04:00:00;143.85800;143.86200;143.69000;143.77200
2025-05-30 03:00:00;143.92799;143.98500;143.82700;143.85600
2025-05-30 02:00:00;143.90199;143.99400;143.81900;143.92599
2025-05-30 01:00:00;143.76900;143.94099;143.42999;143.90300
2025-05-30 00:00:00;143.75500;144.037003;143.58200;143.77000
2025-05-29 23:00:00;144.011993;144.089005;143.73700;143.75600
2025-05-29 22:00:00;144.125;144.15700;143.89799;144.018997
2025-05-29 21:00:00;144.22800;144.22800;144.098999;144.12000
2025-05-29 20:00:00;144.13400;144.24500;144.10001;144.23100
2025-05-29 19:00:00;144.0010071;144.14200;143.97400;144.13901
2025-05-29 18:00:00;144.048004;144.074997;143.95599;143.99800
2025-05-29 17:00:00;144.14200;144.25600;143.97501;144.044006
2025-05-29 16:00:00;144.093002;144.17500;144.042999;144.14600
2025-05-29 15:00:00;144.39999;144.41701;144.052002;144.095993
2025-05-29 14:00:00;144.36099;144.46400;144.14999;144.40300
2025-05-29 13:00:00;144.42999;144.53900;144.26300;144.35899
2025-05-29 12:00:00;145.082001;145.082001;144.40401;144.43300
2025-05-29 11:00:00;145.011002;145.11501;144.87601;145.084000
2025-05-29 10:00:00;145.22099;145.23500;144.92400;145.014999
2025-05-29 09:00:00;145.26401;145.28999;145.022995;145.21800
2025-05-29 08:00:00;145.25800;145.36000;145.13400;145.26801
2025-05-29 07:00:00;145.57700;145.60800;145.19901;145.25600
2025-05-29 06:00:00;145.93401;146.018005;145.47000;145.57800
2025-05-29 05:00:00;145.74300;146.093002;145.69701;145.93300
2025-05-29 04:00:00;145.73801;145.84900;145.65900;145.74200
2025-05-29 03:00:00;145.78500;145.81400;145.61600;145.73900
2025-05-29 02:00:00;145.77200;145.90500;145.59399;145.78799
2025-05-29 01:00:00;146.095993;146.27600;145.73300;145.77600
2025-05-29 00:00:00;145.71600;146.10201;145.60100;146.091995
2025-05-28 23:00:00;144.89600;146.026001;144.88100;145.72000
2025-05-28 22:00:00;144.81599;144.93600;144.77000;144.90601
2025-05-28 21:00:00;144.82500;144.82500;144.72400;144.77499
2025-05-28 20:00:00;144.90300;144.91000;144.80800;144.82500
2025-05-28 19:00:00;144.83501;144.92500;144.81300;144.90500
2025-05-28 18:00:00;144.88499;145.0079956;144.75;144.83701
2025-05-28 17:00:00;144.91499;144.94099;144.82201;144.88800
2025-05-28 16:00:00;145.039993;145.050995;144.90601;144.91200
2025-05-28 15:00:00;144.84200;145.076996;144.82201;145.044006
2025-05-28 14:00:00;144.88800;144.91901;144.51100;144.84700
2025-05-28 13:00:00;144.51300;144.97301;144.50900;144.89301
2025-05-28 12:00:00;144.42101;144.53600;144.30400;144.51401
2025-05-28 11:00:00;144.27200;144.42999;144.18900;144.42400
2025-05-28 10:00:00;144.22501;144.30701;144.078003;144.27499
2025-05-28 09:00:00;144.037994;144.25700;143.99699;144.22301
2025-05-28 08:00:00;144.14999;144.20399;143.99100;144.037994
2025-05-28 07:00:00;144.52600;144.54100;144.067001;144.14400
2025-05-28 06:00:00;144.27699;144.52699;144.21700;144.52499
2025-05-28 05:00:00;144.42200;144.77200;144.24800;144.27499
2025-05-28 04:00:00;144.35899;144.50500;144.26500;144.42400
2025-05-28 03:00:00;144.59900;144.76601;144.29401;144.36099
2025-05-28 02:00:00;144.33900;144.64301;144.20700;144.60100
2025-05-28 01:00:00;144.12300;144.76700;144.076996;144.33900
2025-05-28 00:00:00;144.13200;144.13800;143.84700;144.12100
2025-05-27 23:00:00;144.17799;144.30901;144.12801;144.13300
2025-05-27 22:00:00;144.26300;144.29900;144.16000;144.18900
2025-05-27 21:00:00;144.32100;144.36600;144.25;144.26300
2025-05-27 20:00:00;144.32100;144.41299;144.29100;144.31300
2025-05-27 19:00:00;144.25900;144.33400;144.23000;144.32201
2025-05-27 18:00:00;144.31500;144.34100;144.23900;144.25800
2025-05-27 17:00:00;144.37100;144.375;144.27400;144.31799
2025-05-27 16:00:00;144.38000;144.43800;144.28600;144.375
2025-05-27 15:00:00;144.38901;144.41400;144.22000;144.37700
2025-05-27 14:00:00;144.17101;144.46001;144.16701;144.39101
2025-05-27 13:00:00;144.020996;144.18300;143.87100;144.17400
2025-05-27 12:00:00;144.091995;144.18800;144.0050049;144.024002
2025-05-27 11:00:00;144.14200;144.14900;144.0039978;144.097000
2025-05-27 10:00:00;143.91200;144.17799;143.89301;144.14200
2025-05-27 09:00:00;143.86600;144.044006;143.80299;143.91400
2025-05-27 08:00:00;143.74001;143.88699;143.61501;143.86900
2025-05-27 07:00:00;143.46300;143.86400;143.32500;143.74200
2025-05-27 06:00:00;143.25800;143.49001;142.97200;143.46300
2025-05-27 05:00:00;142.85100;143.43800;142.85100;143.25600
2025-05-27 04:00:00;142.44099;142.86099;142.38000;142.85500
2025-05-27 03:00:00;142.38300;142.45900;142.34599;142.44501
2025-05-27 02:00:00;142.28000;142.40800;142.15800;142.38499
2025-05-27 01:00:00;142.27499;142.38499;142.11000;142.28300
2025-05-27 00:00:00;142.63000;142.63000;142.24400;142.27699
2025-05-26 23:00:00;142.67999;142.74800;142.61200;142.62900
2025-05-26 22:00:00;142.74001;142.76801;142.63499;142.68500
2025-05-26 21:00:00;142.83099;142.97000;142.70599;142.74001
2025-05-26 20:00:00;142.77100;142.84399;142.75400;142.82800
2025-05-26 19:00:00;142.75600;142.77901;142.73599;142.77400
2025-05-26 18:00:00;142.76601;142.77200;142.74500;142.75800
2025-05-26 17:00:00;142.72200;142.78900;142.70200;142.76801
2025-05-26 16:00:00;142.84200;142.87300;142.72000;142.72501
2025-05-26 15:00:00;142.77901;142.85899;142.75900;142.84500
2025-05-26 14:00:00;142.83299;142.86099;142.74400;142.78000
2025-05-26 13:00:00;142.97099;142.98801;142.82201;142.83501
2025-05-26 12:00:00;142.93201;143.033997;142.86200;142.97501
2025-05-26 11:00:00;142.85600;142.97000;142.81400;142.92799
2025-05-26 10:00:00;142.87100;142.95300;142.82401;142.85899
2025-05-26 09:00:00;142.89400;142.98900;142.85800;142.87300
2025-05-26 08:00:00;142.89301;142.92101;142.75;142.89101
2025-05-26 07:00:00;142.75301;142.91701;142.70200;142.89600
2025-05-26 06:00:00;142.51500;142.80299;142.49800;142.75101
2025-05-26 05:00:00;142.56599;142.75200;142.47099;142.51300
2025-05-26 04:00:00;142.45300;142.66901;142.45300;142.56500
2025-05-26 03:00:00;142.34100;142.56700;142.33200;142.45700
2025-05-26 02:00:00;142.36400;142.39500;142.22200;142.34200
2025-05-26 01:00:00;142.56599;142.68300;142.29201;142.36900
2025-05-26 00:00:00;142.82100;142.88300;142.53200;142.56400
2025-05-25 23:00:00;142.78500;142.93500;142.74800;142.82700
2025-05-23 21:00:00;142.55000;142.55000;142.55000;142.55000
2025-05-23 20:00:00;142.50101;142.58701;142.48000;142.53799
2025-05-23 19:00:00;142.51700;142.55499;142.45399;142.50200
2025-05-23 18:00:00;142.59399;142.62100;142.41800;142.52100
2025-05-23 17:00:00;142.64400;142.73300;142.52200;142.59000
2025-05-23 16:00:00;142.61000;142.78600;142.61000;142.64200
2025-05-23 15:00:00;142.66200;142.83600;142.54100;142.61200
2025-05-23 14:00:00;142.79800;142.88699;142.51700;142.66000
2025-05-23 13:00:00;142.60699;142.89500;142.52499;142.80000
2025-05-23 12:00:00;142.62601;142.82700;142.45000;142.60201
2025-05-23 11:00:00;143.36700;143.43100;142.50600;142.62300
2025-05-23 10:00:00;143.30901;143.39101;143.26801;143.37000
2025-05-23 09:00:00;143.31100;143.33600;143.14101;143.30600
2025-05-23 08:00:00;143.30600;143.42101;143.27600;143.31100
2025-05-23 07:00:00;143.42999;143.47000;143.22900;143.30800
2025-05-23 06:00:00;143.42400;143.56400;143.33000;143.42799
2025-05-23 05:00:00;143.46500;143.58200;143.40401;143.42500
2025-05-23 04:00:00;143.43201;143.48599;143.35600;143.46201
2025-05-23 03:00:00;143.54601;143.55099;143.41000;143.43401
2025-05-23 02:00:00;143.59900;143.65401;143.53600;143.54900
2025-05-23 01:00:00;143.86200;143.96800;143.58200;143.59801
2025-05-23 00:00:00;143.85400;144.014008;143.74800;143.86301
2025-05-22 23:00:00;143.81100;143.92200;143.75800;143.85400
2025-05-22 22:00:00;144.067993;144.070007;143.80099;143.81599
2025-05-22 21:00:00;143.97600;144.11000;143.96500;144.029007
2025-05-22 20:00:00;143.99600;144.024002;143.89500;144.0030060
2025-05-22 19:00:00;144.14600;144.15100;143.92200;143.99600
2025-05-22 18:00:00;144.21899;144.27699;144.087997;144.14700
2025-05-22 17:00:00;144.018005;144.33099;143.99800;144.21600
2025-05-22 16:00:00;143.89400;144.11700;143.85800;144.018997
2025-05-22 15:00:00;143.75999;144.048004;143.75200;143.89400
2025-05-22 14:00:00;143.87801;143.96500;143.67599;143.75900
2025-05-22 13:00:00;143.55099;143.90100;143.42900;143.87900
2025-05-22 12:00:00;143.36000;143.69600;143.26700;143.55200
2025-05-22 11:00:00;143.65601;143.78000;143.33299;143.36099
2025-05-22 10:00:00;143.47900;143.69400;143.40401;143.65500
2025-05-22 09:00:00;143.27200;143.55299;143.25500;143.47501
2025-05-22 08:00:00;143.052002;143.38800;142.79800;143.27600
2025-05-22 07:00:00;143.32899;143.39200;143;143.048996
2025-05-22 06:00:00;143.36800;143.39101;143.097000;143.33000
2025-05-22 05:00:00;143.29300;143.43600;143.23399;143.36700
2025-05-22 04:00:00;143.31500;143.39301;143.25;143.29900
2025-05-22 03:00:00;143.18900;143.35899;143.17500;143.31300
2025-05-22 02:00:00;143.35001;143.46800;143.14101;143.19099
2025-05-22 01:00:00;143.47000;143.64500;143.19600;143.34599
2025-05-22 00:00:00;143.69501;143.72800;143.28400;143.46800
2025-05-21 23:00:00;144.095993;144.15100;143.63901;143.68800
2025-05-21 22:00:00;143.63600;144.39799;143.63000;144.085999
2025-05-21 21:00:00;143.66100;143.69501;143.53101;143.64799
2025-05-21 20:00:00;143.68600;143.76500;143.62700;143.66200
2025-05-21 19:00:00;143.63600;143.69400;143.54700;143.68700
2025-05-21 18:00:00;143.48199;143.67000;143.45000;143.63400
2025-05-21 17:00:00;143.64799;143.68700;143.27800;143.48900
2025-05-21 16:00:00;143.68401;143.77100;143.62000;143.64799
2025-05-21 15:00:00;143.67000;143.77901;143.59500;143.68300
2025-05-21 14:00:00;143.71400;143.89400;143.55400;143.67300
2025-05-21 13:00:00;143.68700;143.89000;143.59000;143.71500
2025-05-21 12:00:00;143.75101;143.85899;143.62000;143.68900
2025-05-21 11:00:00;143.66100;143.85201;143.55099;143.75101
2025-05-21 10:00:00;143.98100;144.022003;143.46100;143.66400
2025-05-21 09:00:00;144.11400;144.18100;143.97800;143.98399
2025-05-21 08:00:00;143.90199;144.19200;143.82899;144.11800
2025-05-21 07:00:00;143.70100;143.96201;143.67700;143.90100
2025-05-21 06:00:00;143.56900;143.79401;143.45599;143.70700
2025-05-21 05:00:00;143.74200;143.77600;143.52600;143.56900
2025-05-21 04:00:00;143.78700;143.87300;143.63800;143.74100
2025-05-21 03:00:00;143.86000;143.97200;143.71800;143.78700
2025-05-21 02:00:00;144.20300;144.23599;143.84300;143.86301
2025-05-21 01:00:00;144.17000;144.35100;144.035004;144.20900
2025-05-21 00:00:00;144.31300;144.34801;144.10899;144.17101
2025-05-20 23:00:00;144.42101;144.43900;144.29201;144.31400
2025-05-20 22:00:00;144.47200;144.49001;144.15601;144.42900
2025-05-20 21:00:00;144.46800;144.58299;144.42300;144.47400
2025-05-20 20:00:00;144.53999;144.57100;144.44600;144.49300
2025-05-20 19:00:00;144.54500;144.55200;144.42700;144.54201
2025-05-20 18:00:00;144.64101;144.69400;144.49699;144.54401
2025-05-20 17:00:00;144.80800;144.88499;144.62801;144.63699
2025-05-20 16:00:00;144.72099;144.88400;144.61501;144.81100
2025-05-20 15:00:00;144.55600;144.77100;144.54700;144.71400
2025-05-20 14:00:00;144.84801;144.86099;144.50900;144.56100
2025-05-20 13:00:00;144.80901;144.97701;144.80099;144.84900
2025-05-20 12:00:00;144.59300;144.83701;144.54800;144.81000
2025-05-20 11:00:00;144.59200;144.67101;144.45300;144.59399
2025-05-20 10:00:00;144.48399;144.62399;144.45100;144.59100
2025-05-20 09:00:00;144.48500;144.61600;144.36700;144.47600
2025-05-20 08:00:00;144.12399;144.48801;144.12100;144.48199
2025-05-20 07:00:00;144.49600;144.51100;144.087997;144.12399
2025-05-20 06:00:00;144.37801;144.53000;144.29700;144.49899
2025-05-20 05:00:00;144.75999;144.76500;144.31599;144.375
2025-05-20 04:00:00;144.80701;144.85201;144.70799;144.75900
2025-05-20 03:00:00;145.11600;145.18100;144.76900;144.80800
2025-05-20 02:00:00;144.89600;145.29601;144.74200;145.12100
2025-05-20 01:00:00;145.26700;145.27100;144.72301;144.89700
2025-05-20 00:00:00;144.97400;145.51401;144.97200;145.27100
2025-05-19 23:00:00;144.94099;145.013000;144.83800;144.97900
2025-05-19 22:00:00;144.85400;144.97301;144.82401;144.93500
2025-05-19 21:00:00;144.83900;144.88901;144.78900;144.85400
2025-05-19 20:00:00;144.84801;144.89101;144.76801;144.85001
2025-05-19 19:00:00;144.96899;144.98599;144.79300;144.84801
2025-05-19 18:00:00;145.039001;145.089996;144.94800;144.97099
2025-05-19 17:00:00;144.98000;145.11200;144.92300;145.037994
2025-05-19 16:00:00;144.98801;145.089005;144.95200;144.98599
2025-05-19 15:00:00;144.89200;145.016998;144.78000;144.99001
2025-05-19 14:00:00;144.98000;145.21600;144.82600;144.89500
2025-05-19 13:00:00;145.016998;145.13400;144.86400;144.99200
2025-05-19 12:00:00;144.89700;145.022995;144.85800;145.018005
2025-05-19 11:00:00;144.80099;145.042999;144.77400;144.89700
2025-05-19 10:00:00;144.82500;144.88100;144.70000;144.79900
2025-05-19 09:00:00;144.87801;144.97600;144.74800;144.83400
2025-05-19 08:00:00;144.84900;145.026993;144.82401;144.88300
2025-05-19 07:00:00;144.98900;145.093994;144.65601;144.85001
2025-05-19 06:00:00;145.16400;145.21400;144.97900;144.99300
2025-05-19 05:00:00;145.31200;145.31599;145.14799;145.16701
2025-05-19 04:00:00;145.23801;145.34500;145.21600;145.31300
2025-05-19 03:00:00;145.22800;145.29201;145.11099;145.24100
2025-05-19 02:00:00;145.13000;145.30400;145.039001;145.22099
2025-05-19 01:00:00;144.90199;145.18500;144.80400;145.13000
2025-05-19 00:00:00;145.23399;145.33400;144.83501;144.90500
2025-05-18 23:00:00;145.15601;145.44600;145.12199;145.23199
2025-05-16 20:00:00;145.95799;145.96300;145.51601;145.58099
2025-05-16 19:00:00;145.89799;145.98399;145.82300;145.95900
2025-05-16 18:00:00;145.91400;145.93201;145.82300;145.88901
2025-05-16 17:00:00;145.93401;146.031998;145.88600;145.91600
2025-05-16 16:00:00;146.018997;146.10300;145.86000;145.93800
2025-05-16 15:00:00;145.94800;146.054001;145.91400;146.026001
2025-05-16 14:00:00;145.5;146.078003;145.39600;145.95900
2025-05-16 13:00:00;145.50900;145.60001;145.42200;145.49899
2025-05-16 12:00:00;145.64400;145.69299;145.48000;145.51100
2025-05-16 11:00:00;145.53101;145.67799;145.43600;145.64200
2025-05-16 10:00:00;145.56100;145.60001;145.43800;145.53900
2025-05-16 09:00:00;145.29900;145.59500;145.25999;145.55800
2025-05-16 08:00:00;145.23700;145.41901;145.22200;145.29700
2025-05-16 07:00:00;145.061996;145.26100;144.91600;145.23500
2025-05-16 06:00:00;145.22400;145.36800;144.98399;145.052002
2025-05-16 05:00:00;145.30299;145.37300;145.16701;145.22400
2025-05-16 04:00:00;145.25900;145.38400;145.18800;145.30499
2025-05-16 03:00:00;145.40800;145.46400;145.22600;145.25900
2025-05-16 02:00:00;145.18100;145.42500;145.12000;145.41200
2025-05-16 01:00:00;145.089005;145.25600;144.96001;145.18201
2025-05-16 00:00:00;145.57300;145.62300;144.99699;145.087006
2025-05-15 23:00:00;145.46100;145.67999;145.42101;145.57401
2025-05-15 22:00:00;145.56700;145.66901;145.43700;145.44000
2025-05-15 21:00:00;145.65900;145.69501;145.55400;145.59200
2025-05-15 20:00:00;145.62000;145.69701;145.56599;145.65300
2025-05-15 19:00:00;145.68300;145.72600;145.53799;145.61900
2025-05-15 18:00:00;145.75301;145.75400;145.60899;145.68600
2025-05-15 17:00:00;145.61400;145.76700;145.55400;145.75200
2025-05-15 16:00:00;145.61301;145.71500;145.53101;145.61600
2025-05-15 15:00:00;145.85800;145.91800;145.60699;145.61600
2025-05-15 14:00:00;145.79601;146.041000;145.40900;145.85899
2025-05-15 13:00:00;145.79700;145.92700;145.57300;145.79500
2025-05-15 12:00:00;146.080994;146.25400;145.62801;145.80000
2025-05-15 11:00:00;145.97400;146.10001;145.89999;146.082001
2025-05-15 10:00:00;145.93500;145.98000;145.82500;145.97200
2025-05-15 09:00:00;145.74899;145.94800;145.72501;145.93401
2025-05-15 08:00:00;145.88200;145.99300;145.63901;145.74600
2025-05-15 07:00:00;145.53400;145.94099;145.52400;145.88400
2025-05-15 06:00:00;145.97900;146.091003;145.47800;145.53400
2025-05-15 05:00:00;146.087997;146.14101;145.92999;145.98000
2025-05-15 04:00:00;146.089996;146.17101;145.97400;146.089996
2025-05-15 03:00:00;146.22501;146.28600;145.94800;146.087997
2025-05-15 02:00:00;146.28300;146.37801;146.19200;146.22501
2025-05-15 01:00:00;146.20700;146.33000;146.065994;146.28200
2025-05-15 00:00:00;146.63300;146.75200;146.15601;146.21201
2025-05-14 23:00:00;146.61301;146.66100;146.42200;146.63499
2025-05-14 22:00:00;146.62399;146.68800;146.55099;146.61000
2025-05-14 21:00:00;146.73900;146.73900;146.59801;146.63000
2025-05-14 20:00:00;146.81900;146.89301;146.72501;146.74100
2025-05-14 19:00:00;146.71800;146.89999;146.71400;146.82001
2025-05-14 18:00:00;146.57300;146.79800;146.54601;146.72301
2025-05-14 17:00:00;146.69501;146.73100;146.43300;146.57401
2025-05-14 16:00:00;146.54601;147.12100;146.45900;146.69600
2025-05-14 15:00:00;146.30901;146.65100;146.25200;146.55000
2025-05-14 14:00:00;146;146.34900;145.98801;146.31000
2025-05-14 13:00:00;146.19000;146.39200;145.75700;146.0010071
2025-05-14 12:00:00;146.17500;146.39400;145.99899;146.19099
2025-05-14 11:00:00;145.92400;146.20300;145.91701;146.17500
2025-05-14 10:00:00;145.88000;146.072998;145.78400;145.92300
2025-05-14 09:00:00;146.25;146.35100;145.60100;145.88200
2025-05-14 08:00:00;146.97501;146.98500;146.12300;146.24899
2025-05-14 07:00:00;147.15401;147.21201;146.92200;146.97800
2025-05-14 06:00:00;147.063995;147.21500;146.95599;147.15601
2025-05-14 05:00:00;146.94400;147.070007;146.83400;147.061996
2025-05-14 04:00:00;147.082001;147.16200;146.875;146.94501
2025-05-14 03:00:00;147.19501;147.24001;147.035995;147.084000
2025-05-14 02:00:00;147.20100;147.30299;147.11200;147.19501
2025-05-14 01:00:00;147.36200;147.41200;147;147.20300
2025-05-14 00:00:00;147.52100;147.67000;147.27499;147.36200
2025-05-13 23:00:00;147.34801;147.54601;147.33701;147.52000
2025-05-13 22:00:00;147.47200;147.49001;147.29900;147.35201
2025-05-13 21:00:00;147.46500;147.50999;147.39000;147.45300
2025-05-13 20:00:00;147.42599;147.49001;147.37199;147.46899
2025-05-13 19:00:00;147.50700;147.56100;147.36900;147.42400
2025-05-13 18:00:00;147.60899;147.66499;147.45599;147.49800
2025-05-13 17:00:00;147.60699;147.77200;147.56000;147.60899
2025-05-13 16:00:00;147.75200;147.80099;147.45000;147.60699
2025-05-13 15:00:00;147.84100;147.91100;147.69400;147.75200
2025-05-13 14:00:00;147.88100;148.063004;147.80800;147.84100
2025-05-13 13:00:00;147.99001;148.016006;147.65401;147.87801
2025-05-13 12:00:00;148.11600;148.27499;147.84000;147.98900
2025-05-13 11:00:00;148.057007;148.13699;148.020004;148.12100
2025-05-13 10:00:00;147.97900;148.13499;147.94000;148.052002
2025-05-13 09:00:00;147.91701;148.026993;147.85899;147.97600
2025-05-13 08:00:00;147.84801;148.061005;147.73000;147.91499
2025-05-13 07:00:00;147.93900;148.056000;147.75700;147.85699
2025-05-13 06:00:00;147.81700;147.98700;147.77901;147.93800
2025-05-13 05:00:00;147.69400;147.90800;147.64000;147.81799
2025-05-13 04:00:00;147.75;147.91701;147.68700;147.70100
2025-05-13 03:00:00;147.96201;147.99001;147.72400;147.75200
2025-05-13 02:00:00;147.83200;147.99100;147.75400;147.95700
2025-05-13 01:00:00;147.81000;148.029999;147.75500;147.82700
2025-05-13 00:00:00;148.25500;148.25900;147.78799;147.81400
2025-05-12 23:00:00;148.36400;148.45599;148.18700;148.25600
2025-05-12 22:00:00;148.32001;148.43700;148.30600;148.36501
2025-05-12 21:00:00;148.44901;148.45599;148.28500;148.35001
2025-05-12 20:00:00;148.37801;148.47900;148.35300;148.44400
2025-05-12 19:00:00;148.33701;148.43600;148.25700;148.38200
2025-05-12 18:00:00;148.49600;148.65100;148.27400;148.33800
2025-05-12 17:00:00;148.51199;148.63600;148.46899;148.49600
2025-05-12 16:00:00;148.095993;148.55701;148.042007;148.51100
2025-05-12 15:00:00;148.19600;148.21899;148.024002;148.093002
2025-05-12 14:00:00;148.085999;148.32800;147.96600;148.19501
2025-05-12 13:00:00;148.048996;148.14600;147.80800;148.085007
2025-05-12 12:00:00;147.87199;148.24300;147.87199;148.046997
2025-05-12 11:00:00;148.40199;148.41499;147.86200;147.87801
2025-05-12 10:00:00;148.067993;148.59100;148.041000;148.40199
2025-05-12 09:00:00;147.75200;148.14799;147.66200;148.065994
2025-05-12 08:00:00;147.91499;148.22800;147.62100;147.75500
2025-05-12 07:00:00;146.11900;147.99400;146.097000;147.91499
2025-05-12 06:00:00;146.0079956;146.16701;145.87000;146.12000
2025-05-12 05:00:00;145.92101;146.12801;145.88499;146.0090027
2025-05-12 04:00:00;145.72400;145.93900;145.71201;145.92599
2025-05-12 03:00:00;145.84801;145.91499;145.71899;145.72701
2025-05-12 02:00:00;146.087997;146.10500;145.71400;145.84900
2025-05-12 01:00:00;145.90300;146.28500;145.84100;146.089996
2025-05-12 00:00:00;145.83299;146.080994;145.72701;145.90601
2025-05-11 23:00:00;145.83800;145.92000;145.69400;145.83800
2025-05-09 20:00:00;145.29800;145.38100;145.28700;145.32300
2025-05-09 19:00:00;145.25999;145.37000;145.24500;145.29700
2025-05-09 18:00:00;145.23300;145.30901;145.14200;145.26300
2025-05-09 17:00:00;145.27499;145.35300;145.19701;145.23199
2025-05-09 16:00:00;145.14999;145.30000;145.052002;145.27901
2025-05-09 15:00:00;144.99800;145.20300;144.99400;145.14999
2025-05-09 14:00:00;145.15401;145.27000;144.82001;145.0010071
2025-05-09 13:00:00;145.24600;145.29900;145.016998;145.15500
2025-05-09 12:00:00;145.12601;145.35001;145.093994;145.24800
2025-05-09 11:00:00;145.28900;145.33000;144.92700;145.12601
2025-05-09 10:00:00;145.31300;145.40401;145.21500;145.28799
2025-05-09 09:00:00;145.18401;145.32500;145.091995;145.31200
2025-05-09 08:00:00;145.16901;145.32700;145.070999;145.18300
2025-05-09 07:00:00;145.28999;145.41200;145.12900;145.17200
2025-05-09 06:00:00;145.42599;145.46001;145.23399;145.28999
2025-05-09 05:00:00;145.5;145.63000;145.39700;145.42200
2025-05-09 04:00:00;145.65300;145.65700;145.44400;145.50101
2025-05-09 03:00:00;145.66400;145.71001;145.45900;145.65401
2025-05-09 02:00:00;145.75;145.97000;145.63901;145.66499
2025-05-09 01:00:00;145.69501;145.83200;145.61800;145.74800
2025-05-09 00:00:00;145.95000;146.18700;145.67000;145.69501
2025-05-08 23:00:00;145.82201;146.067993;145.79601;145.94400
2025-05-08 22:00:00;145.91701;145.93900;145.75700;145.82100
2025-05-08 21:00:00;145.89101;145.96201;145.75900;145.91000
2025-05-08 20:00:00;145.91400;145.97200;145.80200;145.90900
2025-05-08 19:00:00;145.88200;146.17700;145.81300;145.91499
2025-05-08 18:00:00;145.71300;145.92799;145.67200;145.87900
2025-05-08 17:00:00;145.72301;145.94901;145.61501;145.71400
2025-05-08 16:00:00;145.46201;145.78600;145.44800;145.72099
2025-05-08 15:00:00;145.0090027;145.59200;144.89799;145.46201
2025-05-08 14:00:00;144.53999;145.11800;144.43201;145.011002
2025-05-08 13:00:00;144.68500;144.68500;144.42900;144.53700
2025-05-08 12:00:00;144.64400;144.86000;144.50800;144.68500
2025-05-08 11:00:00;144.77800;144.81200;144.59399;144.64000
2025-05-08 10:00:00;144.79800;145.0050049;144.65500;144.77901
2025-05-08 09:00:00;144.80701;144.95000;144.73500;144.79500
2025-05-08 08:00:00;144.32201;144.84801;144.25700;144.80800
2025-05-08 07:00:00;144.40900;144.51801;144.30800;144.32201
2025-05-08 06:00:00;143.92300;144.43300;143.83900;144.40401
2025-05-08 05:00:00;143.77901;144.070999;143.76300;143.92500
2025-05-08 04:00:00;143.60201;143.78500;143.54401;143.77400
2025-05-08 03:00:00;143.67101;143.67599;143.52499;143.59900
2025-05-08 02:00:00;143.50700;143.67799;143.46201;143.66701
2025-05-08 01:00:00;143.85201;143.89700;143.44000;143.50400
2025-05-08 00:00:00;143.86400;143.95500;143.56200;143.85201
2025-05-07 23:00:00;143.88200;143.88800;143.72701;143.85899
2025-05-07 22:00:00;143.76199;143.91499;143.73199;143.89500
2025-05-07 21:00:00;143.78799;143.81900;143.65100;143.76300
2025-05-07 20:00:00;143.80901;143.99899;143.76401;143.81100
2025-05-07 19:00:00;143.51801;143.97600;143.46500;143.81300
2025-05-07 18:00:00;143.34200;143.78300;142.90199;143.52000
2025-05-07 17:00:00;143.41200;143.54300;143.25800;143.35500
2025-05-07 16:00:00;143.47301;143.58701;143.39500;143.41100
2025-05-07 15:00:00;143.30499;143.47400;143.20500;143.47200
2025-05-07 14:00:00;143.20799;143.39400;143.13600;143.30400
2025-05-07 13:00:00;143.35201;143.36000;143.11200;143.20900
2025-05-07 12:00:00;143.39200;143.44901;143.27000;143.35300
2025-05-07 11:00:00;143.24899;143.41499;143.18700;143.39101
2025-05-07 10:00:00;143.31799;143.32300;143.15401;143.25101
2025-05-07 09:00:00;143.31700;143.45399;143.25500;143.31799
2025-05-07 08:00:00;143.17500;143.44099;143.16901;143.31200
2025-05-07 07:00:00;142.85899;143.27800;142.85899;143.16901
2025-05-07 06:00:00;143.056000;143.095001;142.82401;142.86200
2025-05-07 05:00:00;143.27800;143.30400;142.99600;143.054993
2025-05-07 04:00:00;143.10500;143.32500;143.039993;143.28000
2025-05-07 03:00:00;143.12100;143.21400;143.052002;143.10699
2025-05-07 02:00:00;142.95200;143.19600;142.95200;143.12601
2025-05-07 01:00:00;142.94501;143.17300;142.74001;142.95399
2025-05-07 00:00:00;143.089005;143.30299;142.83400;142.95000
2025-05-06 23:00:00;143.23900;143.31000;142.99899;143.087997
2025-05-06 22:00:00;142.42000;143.28200;142.38901;143.22000
2025-05-06 21:00:00;142.43401;142.54201;142.38699;142.41600
2025-05-06 20:00:00;142.39600;142.50400;142.37300;142.41400
2025-05-06 19:00:00;142.44400;142.47600;142.34700;142.39301
2025-05-06 18:00:00;142.50999;142.64799;142.42900;142.44000
2025-05-06 17:00:00;142.72400;142.73700;142.50200;142.51100
2025-05-06 16:00:00;142.77100;143.033997;142.65700;142.72501
2025-05-06 15:00:00;142.85201;142.94200;142.74699;142.77100
2025-05-06 14:00:00;142.46001;142.89101;142.40601;142.85400
2025-05-06 13:00:00;142.51100;142.75200;142.34900;142.46300
2025-05-06 12:00:00;142.77499;142.96201;142.48599;142.51100
2025-05-06 11:00:00;143.059998;143.125;142.74200;142.77499
2025-05-06 10:00:00;143.30099;143.32401;143.044998;143.059006
2025-05-06 09:00:00;143.12900;143.35201;143.063004;143.30200
2025-05-06 08:00:00;143.32899;143.35500;142.89999;143.12900
2025-05-06 07:00:00;143.69000;143.72701;143.19600;143.32700
2025-05-06 06:00:00;143.79100;143.92799;143.64000;143.69000
2025-05-06 05:00:00;143.71100;143.83200;143.69099;143.79601
2025-05-06 04:00:00;143.78700;143.80299;143.61800;143.70900
2025-05-06 03:00:00;143.81500;143.86099;143.72701;143.78500
2025-05-06 02:00:00;144.044998;144.059998;143.64799;143.81799
2025-05-06 01:00:00;143.99699;144.27499;143.94200;144.046997
2025-05-06 00:00:00;143.70200;144.020996;143.68201;143.99899
2025-05-05 23:00:00;143.74600;143.80499;143.54201;143.70200
2025-05-05 22:00:00;143.69501;143.75400;143.61700;143.74200
2025-05-05 21:00:00;143.68300;143.75800;143.625;143.70000
2025-05-05 20:00:00;143.76199;143.79201;143.64999;143.68900
2025-05-05 19:00:00;143.91800;143.92599;143.69000;143.76401
2025-05-05 18:00:00;144.095001;144.13699;143.88300;143.91701
2025-05-05 17:00:00;144.16600;144.17400;144.031006;144.095993
2025-05-05 16:00:00;143.97600;144.23399;143.94701;144.16701
2025-05-05 15:00:00;143.77100;144.0050049;143.58600;143.97800
2025-05-05 14:00:00;143.64101;144.028000;143.63000;143.77499
2025-05-05 13:00:00;143.63200;143.73399;143.53500;143.64600
2025-05-05 12:00:00;143.84900;143.89500;143.56799;143.63600
2025-05-05 11:00:00;143.95300;143.97301;143.74200;143.84700
2025-05-05 10:00:00;143.86099;144;143.79401;143.95399
2025-05-05 09:00:00;144.048996;144.070999;143.81300;143.86301
2025-05-05 08:00:00;144.35800;144.36900;143.89101;144.052994
2025-05-05 07:00:00;144.32100;144.42300;144.19200;144.36000
2025-05-05 06:00:00;144.17700;144.41901;144.16499;144.32300
2025-05-05 05:00:00;144.14999;144.23399;143.96001;144.17500
2025-05-05 04:00:00;144.28999;144.29401;144.089996;144.14400
2025-05-05 03:00:00;144.16901;144.34900;144.14999;144.29201
2025-05-05 02:00:00;144.23100;144.31500;144.059998;144.16600
2025-05-05 01:00:00;144.63800;144.64101;144.10100;144.23199
2025-05-05 00:00:00;144.64900;144.79800;144.60800;144.64000
2025-05-04 23:00:00;144.75200;144.86099;144.50600;144.65100
2025-05-02 21:00:00;144.91800;144.91800;144.91800;144.91800
2025-05-02 20:00:00;144.98199;145.061996;144.83400;144.89999
2025-05-02 19:00:00;145.028000;145.076004;144.88000;144.98100
2025-05-02 18:00:00;144.72301;145.084000;144.67300;145.024002
2025-05-02 17:00:00;144.67200;144.77901;144.57500;144.72099
2025-05-02 16:00:00;144.52499;144.79401;144.48399;144.67200
2025-05-02 15:00:00;144.0090027;144.63499;144.0050049;144.52200
2025-05-02 14:00:00;143.86501;144.15800;143.72501;144.0079956
2025-05-02 13:00:00;144.64101;144.64400;143.72701;143.84900
2025-05-02 12:00:00;144.55701;144.96201;144.33099;144.64000
2025-05-02 11:00:00;144.66499;144.71400;144.36000;144.55600
2025-05-02 10:00:00;144.56799;144.81400;144.53999;144.66600
2025-05-02 09:00:00;144.82500;144.90199;144.43600;144.57001
2025-05-02 08:00:00;145.12601;145.20700;144.81400;144.83099
2025-05-02 07:00:00;145.20200;145.27100;145.031006;145.13100
2025-05-02 06:00:00;145.25;145.30099;145.039993;145.20100
2025-05-02 05:00:00;145.38800;145.41400;145.17400;145.25101
2025-05-02 04:00:00;145.22000;145.42200;145.21300;145.39000
2025-05-02 03:00:00;145.45799;145.47400;145.14600;145.22301
2025-05-02 02:00:00;145.43600;145.50800;145.29201;145.46300
2025-05-02 01:00:00;145.87000;145.875;145.42700;145.43500
2025-05-02 00:00:00;145.40601;145.92400;145.31700;145.86700
2025-05-01 23:00:00;145.33200;145.61099;145.32800;145.40800
2025-05-01 22:00:00;145.28300;145.39799;145.24800;145.36000
2025-05-01 21:00:00;145.42000;145.49200;145.26401;145.28101
2025-05-01 20:00:00;145.53700;145.56000;145.32300;145.34399
2025-05-01 19:00:00;145.67700;145.70700;145.5;145.53200
2025-05-01 18:00:00;145.53600;145.74100;145.51700;145.68100
2025-05-01 17:00:00;145.39799;145.58200;145.35500;145.52901
2025-05-01 16:00:00;145.47200;145.53900;145.34900;145.39000
2025-05-01 15:00:00;145.34700;145.66000;145.22800;145.47600
2025-05-01 14:00:00;144.53999;145.50500;144.53500;145.34900
2025-05-01 13:00:00;144.70799;144.80099;144.53500;144.53500
2025-05-01 12:00:00;144.48300;144.76601;144.14600;144.70100
2025-05-01 11:00:00;144.27499;144.55499;144.15401;144.48100
2025-05-01 10:00:00;144.38800;144.42400;144.24300;144.27499
2025-05-01 09:00:00;144.21700;144.43201;144.12000;144.39200
2025-05-01 08:00:00;144.36200;144.39101;144.14999;144.21700
2025-05-01 07:00:00;144.58000;144.74300;144.30400;144.36700
2025-05-01 06:00:00;144.044998;144.59399;144.0019989;144.58600
2025-05-01 05:00:00;143.87801;144.25400;143.86600;144.048004
2025-05-01 04:00:00;143.68500;143.89799;143.68500;143.87399
2025-05-01 03:00:00;143.082993;143.75200;142.91600;143.68800
2025-05-01 02:00:00;143.19800;143.21100;143.052994;143.080002
2025-05-01 01:00:00;143;143.24300;142.98801;143.19600
2025-05-01 00:00:00;143.022995;143.037994;142.875;143.0039978
2025-04-30 23:00:00;143.0099945;143.078003;142.95100;143.022995
2025-04-30 22:00:00;142.95100;143.072998;142.93500;142.97701
2025-04-30 21:00:00;143.035004;143.044006;142.90500;142.95000
2025-04-30 20:00:00;142.91100;143.19000;142.89999;143.063004
2025-04-30 19:00:00;142.77400;142.98000;142.71201;142.91400
2025-04-30 18:00:00;142.83600;143.0070038;142.75500;142.77400
2025-04-30 17:00:00;142.67300;142.84599;142.59801;142.83501
2025-04-30 16:00:00;142.62601;142.76100;142.58900;142.67599
2025-04-30 15:00:00;142.63200;142.94000;142.49100;142.62900
2025-04-30 14:00:00;142.66299;143.042007;142.58099;142.63499
2025-04-30 13:00:00;142.81599;142.90900;142.63901;142.66499
2025-04-30 12:00:00;143.011993;143.048996;142.68401;142.81700
2025-04-30 11:00:00;143.067001;143.13600;142.89600;143.014999
2025-04-30 10:00:00;143.10699;143.11000;142.99600;143.063995
2025-04-30 09:00:00;142.90199;143.15401;142.86900;143.11000
2025-04-30 08:00:00;142.80299;142.94600;142.71800;142.90601
2025-04-30 07:00:00;142.58400;142.88800;142.57401;142.79800
2025-04-30 06:00:00;142.50200;142.71899;142.48900;142.58400
2025-04-30 05:00:00;142.51500;142.54700;142.44800;142.49100
2025-04-30 04:00:00;142.51199;142.55499;142.41299;142.51500
2025-04-30 03:00:00;142.46100;142.53000;142.32201;142.51300
2025-04-30 02:00:00;142.44299;142.54800;142.35699;142.45799
2025-04-30 01:00:00;142.42700;142.45900;142.22301;142.44501
2025-04-30 00:00:00;142.25800;142.50999;142.16901;142.42900
2025-04-29 23:00:00;142.26300;142.32300;142.15401;142.25500
2025-04-29 22:00:00;142.26801;142.36600;142.18700;142.26801
2025-04-29 21:00:00;142.26500;142.30499;142.14799;142.26401
2025-04-29 20:00:00;142.31400;142.44701;142.25400;142.26300
2025-04-29 19:00:00;142.28300;142.38100;142.20000;142.31300
2025-04-29 18:00:00;142.28700;142.37900;142.24600;142.28200
2025-04-29 17:00:00;142.042999;142.30200;142.0070038;142.28799
2025-04-29 16:00:00;142.29401;142.30400;141.96800;142.042999
2025-04-29 15:00:00;142.36800;142.375;142.12601;142.29500
2025-04-29 14:00:00;142.20000;142.39400;142.0050049;142.36900
2025-04-29 13:00:00;142.30701;142.36400;142.042007;142.20000
2025-04-29 12:00:00;142.74001;142.75600;142.25;142.30400
2025-04-29 11:00:00;142.65800;142.75700;142.58400;142.73599
2025-04-29 10:00:00;142.73700;142.75500;142.63800;142.64600
2025-04-29 09:00:00;142.58800;142.75600;142.52800;142.73900
2025-04-29 08:00:00;142.38600;142.61000;142.32300;142.58800
2025-04-29 07:00:00;142.47200;142.53000;142.34300;142.38699
2025-04-29 06:00:00;142.44600;142.55600;142.29900;142.47200
2025-04-29 05:00:00;142.52400;142.55000;142.38200;142.44501
2025-04-29 04:00:00;142.42799;142.57700;142.40300;142.52499
2025-04-29 03:00:00;142.38200;142.49001;142.31000;142.42799
2025-04-29 02:00:00;142.41200;142.42500;142.11200;142.38100
2025-04-29 01:00:00;142.24001;142.43600;142.15800;142.40900
2025-04-29 00:00:00;142.18300;142.28000;142.063004;142.24300
2025-04-28 23:00:00;142.21500;142.31500;142.078003;142.17900
2025-04-28 22:00:00;142.069000;142.22400;141.99600;142.21500
2025-04-28 21:00:00;141.96800;142.085999;141.95700;142.065002
2025-04-28 20:00:00;142.063995;142.098007;141.95399;141.95599
2025-04-28 19:00:00;142.12399;142.15700;142.029007;142.061005
2025-04-28 18:00:00;142.35899;142.38499;142.10400;142.12199
2025-04-28 17:00:00;142.33400;142.37000;142.11600;142.35699
2025-04-28 16:00:00;142.70300;142.71100;142.26801;142.33600
2025-04-28 15:00:00;142.84900;142.88600;142.63901;142.70399
2025-04-28 14:00:00;143.080994;143.12700;142.59599;142.84801
2025-04-28 13:00:00;143.34200;143.43700;143.061996;143.084000
2025-04-28 12:00:00;143.37100;143.37700;143.14101;143.34200
2025-04-28 11:00:00;143.46201;143.54700;143.34100;143.37300
2025-04-28 10:00:00;143.44800;143.50301;143.38000;143.46001
2025-04-28 09:00:00;143.55099;143.57800;143.32700;143.44800
2025-04-28 08:00:00;143.63100;143.70599;143.53300;143.54900
2025-04-28 07:00:00;143.83299;143.89400;143.61800;143.63200
2025-04-28 06:00:00;143.49100;143.85600;143.48900;143.82800
2025-04-28 05:00:00;143.32100;143.53700;143.28400;143.49001
2025-04-28 04:00:00;143.58099;143.64101;143.31300;143.32100
2025-04-28 03:00:00;143.69200;143.70200;143.50800;143.58200
2025-04-28 02:00:00;143.71201;143.85899;143.64500;143.69200
2025-04-28 01:00:00;143.48801;143.71800;143.34200;143.71100
2025-04-28 00:00:00;143.84900;143.85100;143.47600;143.48399
2025-04-27 23:00:00;143.76700;143.87700;143.70900;143.84599
2025-04-25 20:00:00;143.64600;143.84900;143.61600;143.62300
2025-04-25 19:00:00;143.55800;143.65199;143.48700;143.65100
2025-04-25 18:00:00;143.52299;143.63200;143.45399;143.55600
2025-04-25 17:00:00;143.81100;143.84700;143.43700;143.52200
2025-04-25 16:00:00;143.75;143.81700;143.67300;143.81200
2025-04-25 15:00:00;143.98100;144.029999;143.72200;143.74899
2025-04-25 14:00:00;143.75301;143.98900;143.61700;143.98500
2025-04-25 13:00:00;143.41299;143.87100;143.40700;143.75200
2025-04-25 12:00:00;143.375;143.42400;143.30000;143.41499
2025-04-25 11:00:00;143.30000;143.38901;143.22200;143.37300
2025-04-25 10:00:00;143.61200;143.73300;143.25101;143.30099
2025-04-25 09:00:00;143.41600;143.63499;143.23100;143.61099
2025-04-25 08:00:00;143.39500;143.52100;143.24699;143.41600
2025-04-25 07:00:00;143.53999;143.68500;143.22000;143.39799
2025-04-25 06:00:00;143.61800;143.85001;143.43800;143.55099
2025-04-25 05:00:00;143.61200;143.79900;143.50600;143.62100
2025-04-25 04:00:00;143.64000;143.80099;143.56799;143.61501
2025-04-25 03:00:00;142.96201;143.66600;142.89101;143.64500
2025-04-25 02:00:00;142.96100;142.98399;142.82300;142.96400
2025-04-25 01:00:00;143.063995;143.10899;142.90700;142.96300
2025-04-25 00:00:00;142.85100;143.11600;142.81700;143.063004
2025-04-24 23:00:00;142.71400;142.92799;142.68800;142.85201
2025-04-24 22:00:00;142.68201;142.78999;142.63200;142.70100
2025-04-24 21:00:00;142.60001;142.70900;142.53200;142.67599
2025-04-24 20:00:00;142.69299;142.74400;142.51100;142.64301
2025-04-24 19:00:00;142.73100;142.73399;142.48399;142.69400
2025-04-24 18:00:00;142.78200;142.83400;142.70900;142.73000
2025-04-24 17:00:00;142.64600;142.83000;142.61600;142.78400
2025-04-24 16:00:00;142.65601;142.79201;142.56599;142.64600
2025-04-24 15:00:00;142.47200;142.77600;142.44501;142.65500
2025-04-24 14:00:00;142.49699;142.60600;142.27400;142.47200
2025-04-24 13:00:00;142.39799;142.58600;142.31599;142.49899
2025-04-24 12:00:00;142.59200;142.63499;142.28600;142.40300
2025-04-24 11:00:00;142.48900;142.63400;142.34900;142.59500
2025-04-24 10:00:00;142.44901;142.51300;142.30299;142.49100
2025-04-24 09:00:00;142.64400;142.69800;142.42000;142.45100
2025-04-24 08:00:00;142.58099;142.73700;142.48399;142.63400
2025-04-24 07:00:00;142.69000;142.74699;142.54601;142.57899
2025-04-24 06:00:00;142.78300;142.88499;142.66299;142.68900
2025-04-24 05:00:00;142.75;142.95900;142.72800;142.78600
2025-04-24 04:00:00;142.86301;142.91600;142.71899;142.75200
2025-04-24 03:00:00;142.78101;142.89700;142.73801;142.86600
2025-04-24 02:00:00;142.75999;142.81100;142.59700;142.78300
2025-04-24 01:00:00;142.94600;143.078995;142.70399;142.75999
2025-04-24 00:00:00;143.19400;143.33800;142.85699;142.94299
2025-04-23 23:00:00;143.11400;143.27901;143.046997;143.19501
2025-04-23 22:00:00;143.14999;143.18700;142.87000;143.095001
2025-04-23 21:00:00;143.43900;143.44600;143.014999;143.12399
2025-04-23 20:00:00;143.39200;143.57401;143.38200;143.48801
2025-04-23 19:00:00;143.42999;143.48700;143.23801;143.39301
2025-04-23 18:00:00;143.23599;143.49600;143.23399;143.43600
2025-04-23 17:00:00;143.018997;143.29100;142.92799;143.23700
2025-04-23 16:00:00;142.64600;143.074005;142.56400;143.018997
2025-04-23 15:00:00;142.63300;142.72501;142.17700;142.63800
2025-04-23 14:00:00;142.68700;142.79800;142.24001;142.63200
2025-04-23 13:00:00;141.84000;142.69400;141.75;142.69000
2025-04-23 12:00:00;141.64799;141.88400;141.57201;141.84000
2025-04-23 11:00:00;141.99500;142.18800;141.64301;141.64999
2025-04-23 10:00:00;141.88200;142.031998;141.79500;141.98900
2025-04-23 09:00:00;141.73700;141.94200;141.57401;141.88100
2025-04-23 08:00:00;141.86501;141.95000;141.70200;141.73801
2025-04-23 07:00:00;141.71001;141.94400;141.52400;141.86400
2025-04-23 06:00:00;142.072006;142.14700;141.59700;141.71700
2025-04-23 05:00:00;141.95599;142.14700;141.72900;142.074005
2025-04-23 04:00:00;142.18800;142.24600;141.91299;141.95599
2025-04-23 03:00:00;141.89900;142.19600;141.79900;142.19099
2025-04-23 02:00:00;141.75800;142.0030060;141.74500;141.89999
2025-04-23 01:00:00;142.082993;142.25400;141.66200;141.75999
2025-04-23 00:00:00;142.69701;142.71899;142.057007;142.082001
2025-04-22 23:00:00;143.0099945;143.10201;142.55299;142.70000
2025-04-22 22:00:00;142.54300;143.21800;142.53300;142.99200
2025-04-22 21:00:00;141.56400;142.55800;141.44000;142.55099
2025-04-22 20:00:00;141.61000;141.67000;141.49800;141.50900
2025-04-22 19:00:00;141.49100;141.63499;141.43600;141.61000
2025-04-22 18:00:00;141.11099;141.50999;141.10300;141.49001
2025-04-22 17:00:00;141.30099;141.39101;141.035995;141.10899
2025-04-22 16:00:00;140.87300;141.36200;140.78600;141.30299
2025-04-22 15:00:00;140.71400;140.92300;140.65500;140.87100
2025-04-22 14:00:00;140.76300;140.92000;140.625;140.71700
2025-04-22 13:00:00;140.53000;140.79700;140.50800;140.76199
2025-04-22 12:00:00;140.25301;140.56599;140.20599;140.52901
2025-04-22 11:00:00;140.32800;140.38699;140.16600;140.24600
2025-04-22 10:00:00;140.45300;140.47501;140.20599;140.32800
2025-04-22 09:00:00;140.51500;140.57500;140.32300;140.45500
2025-04-22 08:00:00;140.28200;140.63100;140.18800;140.51401
2025-04-22 07:00:00;140.39400;140.51199;140.20399;140.27901
2025-04-22 06:00:00;139.91600;140.50900;139.88200;140.39500
2025-04-22 05:00:00;140.19400;140.34599;139.88800;139.92101
2025-04-22 04:00:00;140.20300;140.21100;140.082001;140.19200
2025-04-22 03:00:00;140.54800;140.55000;140.085007;140.20200
2025-04-22 02:00:00;140.86200;140.86400;140.53900;140.54700
2025-04-22 01:00:00;140.85500;140.99200;140.75101;140.86400
2025-04-22 00:00:00;140.87399;141.17200;140.84599;140.85100
2025-04-21 23:00:00;140.73500;140.91400;140.64700;140.86900
2025-04-21 22:00:00;140.80000;140.86099;140.70399;140.72900
2025-04-21 21:00:00;140.82401;140.90601;140.72099;140.80800
2025-04-21 20:00:00;140.85699;140.98000;140.78999;140.82500
2025-04-21 19:00:00;140.57800;140.88901;140.54700;140.85899
2025-04-21 18:00:00;140.64500;140.69299;140.55701;140.57800
2025-04-21 17:00:00;140.83200;140.92400;140.63400;140.64301
2025-04-21 16:00:00;140.81400;140.97400;140.76601;140.83400
2025-04-21 15:00:00;140.90100;141.014008;140.78999;140.81400
2025-04-21 14:00:00;140.74001;140.91901;140.56400;140.90199
2025-04-21 13:00:00;140.78200;141.041000;140.69901;140.73900
2025-04-21 12:00:00;140.79100;141.018997;140.63800;140.78300
2025-04-21 11:00:00;140.98599;141.076004;140.74500;140.78999
2025-04-21 10:00:00;140.65300;140.99400;140.63100;140.98300
2025-04-21 09:00:00;140.57201;140.69099;140.46700;140.65300
2025-04-21 08:00:00;140.54900;140.72701;140.53799;140.57001
2025-04-21 07:00:00;140.75800;140.82100;140.54201;140.55499
2025-04-21 06:00:00;140.64500;140.90601;140.61600;140.75600
2025-04-21 05:00:00;140.76500;140.78400;140.61301;140.64600
2025-04-21 04:00:00;140.75700;140.97701;140.75600;140.76500
2025-04-21 03:00:00;140.78799;140.83501;140.65199;140.75800
2025-04-21 02:00:00;140.97701;141.084000;140.61099;140.78799
2025-04-21 01:00:00;141.18900;141.20300;140.96300;140.98000
2025-04-21 00:00:00;141.58800;141.59399;141.13699;141.18800
2025-04-20 23:00:00;141.73399;141.76601;141.49300;141.59000
2025-04-18 20:00:00;142.16800;142.19800;142.098007;142.14999
2025-04-18 19:00:00;142.17900;142.19600;142.10699;142.17101
2025-04-18 18:00:00;142.17999;142.19600;142.14500;142.17900
2025-04-18 17:00:00;142.20200;142.29401;142.14101;142.18700
2025-04-18 16:00:00;142.23801;142.25101;142.10500;142.20399
2025-04-18 15:00:00;142.28900;142.30600;142.19501;142.24600
2025-04-18 14:00:00;142.34399;142.35600;142.22701;142.28999
2025-04-18 13:00:00;142.32500;142.35699;142.28300;142.34700
2025-04-18 12:00:00;142.32500;142.36501;142.25900;142.32001
2025-04-18 11:00:00;142.36400;142.37601;142.27400;142.32700
2025-04-18 10:00:00;142.37199;142.38600;142.29601;142.36700
2025-04-18 09:00:00;142.37900;142.39600;142.31300;142.38200
2025-04-18 08:00:00;142.38800;142.39700;142.30400;142.37801
2025-04-18 07:00:00;142.36900;142.39200;142.28600;142.38901
2025-04-18 06:00:00;142.35201;142.38901;142.27699;142.36600
2025-04-18 05:00:00;142.33200;142.41499;142.28200;142.35300
2025-04-18 04:00:00;142.32201;142.35699;142.28500;142.33400
2025-04-18 03:00:00;142.31200;142.35500;142.27100;142.32300
2025-04-18 02:00:00;142.35899;142.36900;142.25200;142.31100
2025-04-18 01:00:00;142.39400;142.44299;142.31700;142.35699
2025-04-18 00:00:00;142.34801;142.42101;142.15500;142.39301
2025-04-17 23:00:00;142.36501;142.47000;142.30099;142.33299
2025-04-17 22:00:00;142.43700;142.45900;142.28300;142.37100
2025-04-17 21:00:00;142.37700;142.46700;142.24200;142.42999
2025-04-17 20:00:00;142.39600;142.51601;142.35300;142.38800
2025-04-17 19:00:00;142.44400;142.46001;142.34700;142.39500
2025-04-17 18:00:00;142.55901;142.71800;142.35800;142.44501
2025-04-17 17:00:00;142.46100;142.56500;142.39000;142.55901
2025-04-17 16:00:00;142.33299;142.63200;142.18600;142.46100
2025-04-17 15:00:00;142.21201;142.37000;142.14101;142.33299
2025-04-17 14:00:00;142.14301;142.27800;141.89500;142.21300
2025-04-17 13:00:00;142.31599;142.35899;142.13600;142.14200
2025-04-17 12:00:00;142.59300;142.69701;142.28600;142.31799
2025-04-17 11:00:00;142.58099;142.62000;142.45200;142.59599
2025-04-17 10:00:00;142.76601;142.81700;142.49699;142.58200
2025-04-17 09:00:00;142.67700;142.84399;142.64301;142.76801
2025-04-17 08:00:00;142.89101;143.087006;142.64200;142.67700
2025-04-17 07:00:00;142.73700;142.91299;142.60300;142.89200
2025-04-17 06:00:00;142.73900;142.88200;142.64400;142.73801
2025-04-17 05:00:00;142.67000;142.86600;142.48500;142.73300
2025-04-17 04:00:00;142.60500;142.69299;142.57700;142.67200
2025-04-17 03:00:00;142.55800;142.64200;142.42799;142.61000
2025-04-17 02:00:00;142.71400;142.73100;142.38200;142.55800
2025-04-17 01:00:00;142.58299;142.86301;142.50800;142.71800
2025-04-17 00:00:00;141.92500;142.60500;141.84500;142.58200
2025-04-16 23:00:00;141.83800;141.97000;141.60899;141.92799
2025-04-16 22:00:00;141.74400;141.95700;141.70399;141.85899
2025-04-16 21:00:00;141.81599;141.91299;141.66901;141.71700
2025-04-16 20:00:00;142.10899;142.20000;141.79201;141.83701
2025-04-16 19:00:00;142.098999;142.12900;141.63800;142.10899
2025-04-16 18:00:00;142.35201;142.44299;142.063995;142.10001
2025-04-16 17:00:00;142.54900;142.69600;142.30701;142.35100
2025-04-16 16:00:00;142.57100;142.64400;142.48801;142.55000
2025-04-16 15:00:00;142.50800;142.86000;142.48900;142.57700
2025-04-16 14:00:00;142.43600;142.71001;142.31500;142.50500
2025-04-16 13:00:00;142.64600;142.69000;142.39900;142.43600
2025-04-16 12:00:00;142.65601;142.78600;142.43100;142.64000
2025-04-16 11:00:00;142.79500;142.81400;142.62000;142.65700
2025-04-16 10:00:00;142.84200;142.91600;142.60699;142.79601
2025-04-16 09:00:00;142.61900;142.88000;142.48700;142.83000
2025-04-16 08:00:00;142.097000;142.95500;142.063995;142.62000
2025-04-16 07:00:00;142.41200;142.45900;142.039993;142.095001
2025-04-16 06:00:00;142.14000;142.51100;142.098999;142.41100
2025-04-16 05:00:00;142.62601;142.67500;142.098007;142.14000
2025-04-16 04:00:00;142.52299;142.67300;142.46500;142.63000
2025-04-16 03:00:00;142.71600;142.73399;142.49001;142.52299
2025-04-16 02:00:00;142.81100;142.82001;142.64999;142.71800
2025-04-16 01:00:00;142.89000;142.99400;142.70000;142.81400
2025-04-16 00:00:00;143.15700;143.17300;142.75999;142.88699
2025-04-15 23:00:00;143.052994;143.28200;143.042007;143.15900
2025-04-15 22:00:00;143.17999;143.19099;142.89999;143.070999
2025-04-15 21:00:00;143.18600;143.24500;143.069000;143.16901
2025-04-15 20:00:00;143.19000;143.27901;143.13000;143.24600
2025-04-15 19:00:00;143.15800;143.22600;143.13400;143.18800
2025-04-15 18:00:00;143.11900;143.22400;143.11000;143.15800
2025-04-15 17:00:00;143.089005;143.24800;143.037994;143.11700
2025-04-15 16:00:00;143.097000;143.25101;143.048004;143.091003
2025-04-15 15:00:00;142.72200;143.19299;142.68401;143.10001
2025-04-15 14:00:00;143.048996;143.26601;142.66800;142.72301
2025-04-15 13:00:00;142.87399;143.13800;142.76801;143.044998
2025-04-15 12:00:00;142.89799;142.92599;142.59300;142.87000
2025-04-15 11:00:00;142.84100;143.18401;142.81799;142.89999
2025-04-15 10:00:00;142.93100;142.99100;142.83400;142.84200
2025-04-15 09:00:00;142.90500;142.93600;142.67999;142.92799
2025-04-15 08:00:00;143.29900;143.30600;142.83701;142.90601
2025-04-15 07:00:00;143.32001;143.50900;143.26700;143.30099
2025-04-15 06:00:00;143.067993;143.38200;142.84100;143.32001
2025-04-15 05:00:00;143.037994;143.21700;142.98801;143.070999
2025-04-15 04:00:00;143.12199;143.22000;142.90100;143.037003
2025-04-15 03:00:00;143.12700;143.18300;143.044998;143.12399
2025-04-15 02:00:00;143.38400;143.38800;143.091995;143.12300
2025-04-15 01:00:00;143.50800;143.59399;143.26801;143.38499
2025-04-15 00:00:00;143.21100;143.59100;143.17101;143.50800
2025-04-14 23:00:00;143.10600;143.33299;143.0010071;143.21300
2025-04-14 22:00:00;142.96201;143.17999;142.90300;143.11600
2025-04-14 21:00:00;143.0059967;143.050003;142.94000;142.96300
2025-04-14 20:00:00;143.022003;143.18600;142.97000;142.99001
2025-04-14 19:00:00;142.89101;143.074997;142.85600;143.024002
2025-04-14 18:00:00;143.065994;143.17400;142.86099;142.88901
2025-04-14 17:00:00;143.21899;143.35300;142.875;143.069000
2025-04-14 16:00:00;142.97099;143.23900;142.77901;143.21600
2025-04-14 15:00:00;143.28200;143.34100;142.88699;142.97099
2025-04-14 14:00:00;143.63800;143.82401;143.26199;143.28200
2025-04-14 13:00:00;143.67000;144.080002;143.51199;143.63000
2025-04-14 12:00:00;143.24100;143.70100;143.14700;143.67101
2025-04-14 11:00:00;143.097000;143.35699;143.0039978;143.23599
2025-04-14 10:00:00;143.070007;143.29800;143.048004;143.098007
2025-04-14 09:00:00;142.91200;143.095993;142.75600;143.070999
2025-04-14 08:00:00;143.080002;143.16499;142.82001;142.91200
2025-04-14 07:00:00;142.42500;143.089005;142.22600;143.076004
2025-04-14 06:00:00;142.76199;142.90900;142.34000;142.42200
2025-04-14 05:00:00;143.035004;143.27600;142.66200;142.76401
2025-04-14 04:00:00;143.018005;143.20200;142.63499;143.035004
2025-04-14 03:00:00;142.95900;143.19099;142.71001;143.016998
2025-04-14 02:00:00;142.67400;143;142.56900;142.96600
2025-04-14 01:00:00;142.90300;142.97099;142.24699;142.67101
2025-04-14 00:00:00;143.69099;143.74500;142.88600;142.90401
2025-04-13 23:00:00;143.64999;143.89799;143.56400;143.68800
2025-04-11 20:00:00;143.60001;143.64999;143.44200;143.49001
2025-04-11 19:00:00;143.81000;143.85001;143.52000;143.60001
2025-04-11 18:00:00;144.14000;144.17000;143.73000;143.80000
2025-04-11 17:00:00;143.78999;144.20000;143.69000;144.14000
2025-04-11 16:00:00;143.58000;143.98000;143.57001;143.78000
2025-04-11 15:00:00;143.53000;143.72000;143.31000;143.58000
2025-04-11 14:00:00;143.10001;143.61000;142.84000;143.53000
2025-04-11 13:00:00;142.53000;143.57001;142.22000;143.12000
2025-04-11 12:00:00;142.62000;142.96001;142.41000;142.52000
2025-04-11 11:00:00;142.99001;143.050003;142.50999;142.61000
2025-04-11 10:00:00;142.53000;143.22000;142.52000;142.99001
2025-04-11 09:00:00;142.42000;142.71001;142.070007;142.52000
2025-04-11 08:00:00;142.86000;143.089996;142.070007;142.41000
2025-04-11 07:00:00;143.89000;143.95000;142.80000;142.83000
2025-04-11 06:00:00;143.60001;144.14999;143.56000;143.89999
2025-04-11 05:00:00;142.92999;143.78000;142.92000;143.61000
2025-04-11 04:00:00;143.19000;143.33000;142.89000;142.92000
2025-04-11 03:00:00;143.59000;143.61000;143.13000;143.21001
2025-04-11 02:00:00;143.53000;143.74001;143.28000;143.58000
2025-04-11 01:00:00;143.33000;143.78000;143.24001;143.53000
2025-04-11 00:00:00;143.75999;143.75999;142.88000;143.36000
2025-04-10 23:00:00;144.080002;144.23000;143.72000;143.75999
2025-04-10 22:00:00;144.55000;144.55000;143.98000;144.080002
2025-04-10 21:00:00;144.44000;144.64999;144.44000;144.53000
2025-04-10 20:00:00;144.66000;144.84000;144.42999;144.44000
2025-04-10 19:00:00;144.60001;145.13000;144.58000;144.67000
2025-04-10 18:00:00;144.75;144.83000;144.48000;144.58000
2025-04-10 17:00:00;144.53000;144.87000;144.45000;144.75999
2025-04-10 16:00:00;144.35001;144.53999;144.070007;144.53999
2025-04-10 15:00:00;144.67000;144.75;144.020004;144.36000
2025-04-10 14:00:00;144.81000;145.059998;144.56000;144.67000
2025-04-10 13:00:00;145.45000;145.53999;144.78000;144.82001
2025-04-10 12:00:00;145.53999;145.60001;144.88000;145.45000
2025-04-10 11:00:00;145.56000;145.64999;145.34000;145.53000
2025-04-10 10:00:00;146.020004;146.039993;145.56000;145.56000
2025-04-10 09:00:00;146.30000;146.34000;146;146.020004
2025-04-10 08:00:00;146.27000;146.42999;146.14999;146.31000
2025-04-10 07:00:00;147.050003;147.059998;146.25;146.27000
2025-04-10 06:00:00;146.62000;147.14999;146.62000;147.050003
2025-04-10 05:00:00;146.62000;146.74001;146.45000;146.61000
2025-04-10 04:00:00;146.83000;146.89000;146.5;146.62000
2025-04-10 03:00:00;146.75;146.86000;146.61000;146.81000
2025-04-10 02:00:00;146.94000;146.99001;146.66000;146.75
2025-04-10 01:00:00;146.70000;147.039993;146.66000;146.95000
2025-04-10 00:00:00;147.37000;147.46001;146.67999;146.73000
2025-04-09 23:00:00;147.42999;147.71001;147.37000;147.41000
2025-04-09 22:00:00;147.39000;147.53999;147.30000;147.41000
2025-04-09 21:00:00;147.72000;147.82001;147.36000;147.39999
2025-04-09 20:00:00;147.92000;148.020004;147.67000;147.75
2025-04-09 19:00:00;147.45000;148.14999;147.30000;147.96001
2025-04-09 18:00:00;147.089996;148.28000;147.089996;147.44000
2025-04-09 17:00:00;144.92000;147.25999;144.60001;147.089996
2025-04-09 16:00:00;145.10001;145.21001;144.89000;144.92999
2025-04-09 15:00:00;144.75;145.10001;144.73000;145.10001
2025-04-09 14:00:00;144.92000;145.089996;144.53999;144.73000
2025-04-09 13:00:00;144.32001;145.089996;144.22000;144.92999
2025-04-09 12:00:00;144.64999;144.66000;144;144.31000
2025-04-09 11:00:00;145.22000;145.22000;144.64999;144.66000
2025-04-09 10:00:00;145.37000;145.45000;144.94000;145.25
2025-04-09 09:00:00;145.30000;145.49001;145.16000;145.37000
2025-04-09 08:00:00;145.53000;145.78000;145.17999;145.30000
2025-04-09 07:00:00;144.82001;145.63000;144.80000;145.53000
2025-04-09 06:00:00;145.11000;145.55000;144.71001;144.82001
2025-04-09 05:00:00;144.95000;145.46001;144.86000;145.11000
2025-04-09 04:00:00;145.32001;145.41000;144.58000;144.94000
2025-04-09 03:00:00;145.64000;145.77000;145.25999;145.32001
2025-04-09 02:00:00;145.58000;145.94000;145.42999;145.64000
2025-04-09 01:00:00;145.39999;145.72000;145.30000;145.57001
2025-04-09 00:00:00;145.85001;145.89999;145.14000;145.41000
2025-04-08 23:00:00;145.99001;146;145.61000;145.85001
2025-04-08 22:00:00;146.35001;146.35001;145.91000;145.99001
2025-04-08 21:00:00;146.25999;146.39000;146.10001;146.33000
2025-04-08 20:00:00;146.28000;146.48000;146.25;146.25
2025-04-08 19:00:00;146.39999;146.44000;145.96001;146.28999
2025-04-08 18:00:00;146.64999;146.74001;146.25999;146.39000
2025-04-08 17:00:00;146.53000;146.67000;146.25;146.64999
2025-04-08 16:00:00;147.020004;147.10001;146.5;146.52000
2025-04-08 15:00:00;147.34000;147.39000;146.80000;147.020004
2025-04-08 14:00:00;147.36000;147.67000;147.22000;147.34000
2025-04-08 13:00:00;146.82001;147.39999;146.67000;147.36000
2025-04-08 12:00:00;146.89999;146.97000;146.67999;146.83000
2025-04-08 11:00:00;146.89000;147.17000;146.77000;146.91000
2025-04-08 10:00:00;147.19000;147.27000;146.86000;146.87000
2025-04-08 09:00:00;147.42999;147.52000;147.11000;147.19000
2025-04-08 08:00:00;147.41000;147.49001;147.029999;147.42000
2025-04-08 07:00:00;147.22000;147.41000;146.98000;147.39000
2025-04-08 06:00:00;147.60001;147.61000;147.24001;147.25
2025-04-08 05:00:00;147.75999;147.80000;147.58000;147.60001
2025-04-08 04:00:00;147.60001;147.77000;147.45000;147.75999
2025-04-08 03:00:00;147.32001;147.60001;147.27000;147.60001
2025-04-08 02:00:00;147.53999;147.55000;147.25;147.32001
2025-04-08 01:00:00;147.60001;147.70000;147.41000;147.55000
2025-04-08 00:00:00;147.77000;147.96001;147.50999;147.62000
2025-04-07 23:00:00;147.89000;148.12000;147.73000;147.80000
2025-04-07 22:00:00;147.73000;148.12000;147.73000;147.89999
2025-04-07 21:00:00;147.82001;147.95000;147.72000;147.73000
2025-04-07 20:00:00;147.92999;148.14999;147.77000;147.82001
2025-04-07 19:00:00;147.86000;148.020004;147.53999;147.94000
2025-04-07 18:00:00;147.94000;148.13000;147.75;147.86000
2025-04-07 17:00:00;147.96001;148.14999;147.69000;147.94000
2025-04-07 16:00:00;147.97000;148.11000;147.81000;147.94000
2025-04-07 15:00:00;147.58000;147.97000;147.14999;147.97000
2025-04-07 14:00:00;147.059998;147.98000;146.92999;147.57001
2025-04-07 13:00:00;146.98000;147.089996;146.50999;147.050003
2025-04-07 12:00:00;146.39000;147.050003;146.39000;146.99001
2025-04-07 11:00:00;146.23000;146.49001;146.14000;146.38000
2025-04-07 10:00:00;146.020004;146.62000;146.020004;146.23000
2025-04-07 09:00:00;146.21001;146.34000;145.83000;146.020004
2025-04-07 08:00:00;145.80000;146.37000;145.71001;146.22000
2025-04-07 07:00:00;145.39000;145.81000;145.080002;145.78999
2025-04-07 06:00:00;145.73000;145.94000;145.12000;145.39000
2025-04-07 05:00:00;145.88000;146.25;145.69000;145.74001
2025-04-07 04:00:00;146.28999;146.47000;145.81000;145.88000
2025-04-07 03:00:00;146.62000;146.63000;146.20000;146.28999
2025-04-07 02:00:00;146.19000;146.85001;146.11000;146.62000
2025-04-07 01:00:00;145.82001;146.34000;145.78000;146.19000
2025-04-07 00:00:00;145.42000;145.84000;145.19000;145.82001
2025-04-06 23:00:00;145.17000;145.44000;144.82001;145.44000
2025-04-04 20:00:00;146.85001;147.10001;146.77000;147.050003
2025-04-04 19:00:00;146.92000;147.28999;146.67999;146.85001
2025-04-04 18:00:00;147.28000;147.44000;146.64999;146.89000
2025-04-04 17:00:00;146.72000;147.36000;146.53000;147.25
2025-04-04 16:00:00;145.92999;146.78000;145.86000;146.72000
2025-04-04 15:00:00;145.50999;146.22000;145.5;145.92999
2025-04-04 14:00:00;145.73000;145.87000;145.050003;145.52000
2025-04-04 13:00:00;145.62000;145.78000;145.17999;145.71001
2025-04-04 12:00:00;145.35001;145.64999;145.020004;145.61000
2025-04-04 11:00:00;145.12000;145.46001;144.56000;145.39999
2025-04-04 10:00:00;146.34000;146.37000;145.039993;145.11000
2025-04-04 09:00:00;146.44000;146.55000;146.28000;146.33000
2025-04-04 08:00:00;146.27000;146.49001;146.14999;146.41000
2025-04-04 07:00:00;146.039993;146.30000;145.80000;146.28000
2025-04-04 06:00:00;145.85001;146.16000;145.78000;146.039993
2025-04-04 05:00:00;145.42999;145.89000;145.30000;145.86000
2025-04-04 04:00:00;145.67000;145.80000;145.37000;145.42999
2025-04-04 03:00:00;146.13000;146.17999;145.62000;145.70000
2025-04-04 02:00:00;146.070007;146.28999;145.99001;146.13000
2025-04-04 01:00:00;145.97000;146.39999;145.89000;146.070007
2025-04-04 00:00:00;146.25999;146.41000;145.82001;145.97000
2025-04-03 23:00:00;145.63000;146.27000;145.63000;146.25999
2025-04-03 22:00:00;145.95000;146.0099945;145.53999;145.64000
2025-04-03 21:00:00;146.059998;146.089996;145.92000;145.94000
2025-04-03 20:00:00;146.25;146.31000;146.050003;146.070007
2025-04-03 19:00:00;146.42000;146.52000;146.22000;146.25
2025-04-03 18:00:00;146.089996;146.48000;145.97000;146.41000
2025-04-03 17:00:00;146.16000;146.28000;146.0099945;146.089996
2025-04-03 16:00:00;146.039993;146.42999;146.020004;146.16000
2025-04-03 15:00:00;145.42999;146.25;145.36000;146.050003
2025-04-03 14:00:00;145.45000;145.92000;145.19000;145.44000
2025-04-03 13:00:00;145.88000;146.070007;145.53000;145.66000
2025-04-03 12:00:00;146.020004;146.36000;145.75999;145.88000
2025-04-03 11:00:00;146.71001;146.77000;146.029999;146.039993
2025-04-03 10:00:00;146.56000;146.75;146.25999;146.71001
2025-04-03 09:00:00;146.81000;146.85001;146.31000;146.56000
2025-04-03 08:00:00;147.27000;147.36000;146.69000;146.82001
2025-04-03 07:00:00;146.85001;147.47000;146.81000;147.27000
2025-04-03 06:00:00;147.020004;147.39000;146.83000;146.84000
2025-04-03 05:00:00;147.57001;147.64000;146.97000;147.0099945
2025-04-03 04:00:00;147.27000;147.56000;147.21001;147.56000
2025-04-03 03:00:00;147.78999;147.78999;147.12000;147.24001
2025-04-03 02:00:00;147.75999;147.89000;147.53000;147.78999
2025-04-03 01:00:00;147.89000;148.11000;147.55000;147.75999
2025-04-03 00:00:00;147.89000;148.34000;147.69000;147.89000
2025-04-02 23:00:00;148.41000;148.41000;147.69000;147.88000
2025-04-02 22:00:00;148.71001;148.71001;148.17000;148.42000
2025-04-02 21:00:00;149.28000;149.31000;148.69000;148.71001
2025-04-02 20:00:00;150.020004;150.49001;149.25;149.28000
2025-04-02 19:00:00;149.92999;150.089996;149.92000;150.029999
2025-04-02 18:00:00;150.14000;150.17000;149.92999;149.92999
2025-04-02 17:00:00;150.19000;150.21001;150.070007;150.14000
2025-04-02 16:00:00;149.99001;150.25;149.96001;150.19000
2025-04-02 15:00:00;149.69000;150.089996;149.64000;149.99001
2025-04-02 14:00:00;149.5;149.78999;149.5;149.70000
2025-04-02 13:00:00;149.17999;149.56000;149.16000;149.50999
2025-04-02 12:00:00;149.22000;149.39999;149.10001;149.17999
2025-04-02 11:00:00;149.41000;149.42999;149.19000;149.22000
2025-04-02 10:00:00;149.45000;149.48000;149.32001;149.41000
2025-04-02 09:00:00;149.66000;149.72000;149.42999;149.45000
2025-04-02 08:00:00;149.67000;149.67999;149.52000;149.66000
2025-04-02 07:00:00;149.75999;149.82001;149.64000;149.67000
2025-04-02 06:00:00;149.88000;150;149.73000;149.77000
2025-04-02 05:00:00;149.91000;149.95000;149.83000;149.89000
2025-04-02 04:00:00;149.75;149.92000;149.73000;149.89999
2025-04-02 03:00:00;149.78999;149.80000;149.71001;149.75999
2025-04-02 02:00:00;149.87000;149.89000;149.75999;149.78999
2025-04-02 01:00:00;149.78999;149.95000;149.78000;149.86000
2025-04-02 00:00:00;149.75;149.92000;149.69000;149.80000
2025-04-01 23:00:00;149.82001;149.87000;149.75;149.75
2025-04-01 22:00:00;149.64999;149.89000;149.63000;149.83000
2025-04-01 21:00:00;149.60001;149.66000;149.56000;149.64999
2025-04-01 20:00:00;149.62000;149.64000;149.53000;149.59000
2025-04-01 19:00:00;149.39999;149.64999;149.39000;149.62000
2025-04-01 18:00:00;149.47000;149.47000;149.24001;149.39999
2025-04-01 17:00:00;149.52000;149.56000;149.39000;149.46001
2025-04-01 16:00:00;149.41000;149.74001;149.38000;149.52000
2025-04-01 15:00:00;149.28999;149.50999;149.23000;149.41000
2025-04-01 14:00:00;149.5;149.5;148.98000;149.28000
2025-04-01 13:00:00;149.39999;149.55000;149.39000;149.5
2025-04-01 12:00:00;149.19000;149.39999;149.13000;149.38000
2025-04-01 11:00:00;149.41000;149.42999;149.12000;149.20000
2025-04-01 10:00:00;149.62000;149.64999;149.36000;149.39999
2025-04-01 09:00:00;149.67000;149.72000;149.53999;149.62000
2025-04-01 08:00:00;149.62000;149.69000;149.50999;149.67000
2025-04-01 07:00:00;149.92999;149.95000;149.59000;149.62000
2025-04-01 06:00:00;149.82001;149.99001;149.75;149.95000
2025-04-01 05:00:00;149.56000;149.92000;149.55000;149.83000
2025-04-01 04:00:00;149.66000;149.67000;149.53000;149.56000
2025-04-01 03:00:00;149.85001;149.92000;149.67000;149.67000
2025-04-01 02:00:00;149.82001;149.85001;149.70000;149.85001
2025-04-01 01:00:00;149.73000;149.91000;149.64000;149.83000
2025-04-01 00:00:00;149.94000;149.98000;149.67999;149.74001
2025-03-31 23:00:00;149.88000;150.14000;149.88000;149.95000
2025-03-31 22:00:00;149.89000;149.99001;149.83000;149.89000
2025-03-31 21:00:00;150.0099945;150.0099945;149.88000;149.91000
2025-03-31 20:00:00;149.96001;150.0099945;149.89000;149.96001
2025-03-31 19:00:00;150.12000;150.14999;149.88000;149.96001
2025-03-31 18:00:00;150.020004;150.27000;150.020004;150.12000
2025-03-31 17:00:00;149.89000;150.10001;149.87000;150.020004
2025-03-31 16:00:00;149.91000;149.98000;149.80000;149.89999
2025-03-31 15:00:00;149.53000;149.96001;149.46001;149.91000
2025-03-31 14:00:00;149.66000;149.89000;149.52000;149.52000
2025-03-31 13:00:00;149.60001;149.80000;149.41000;149.67000
2025-03-31 12:00:00;149.38000;149.64000;149.35001;149.60001
2025-03-31 11:00:00;149.34000;149.41000;149.16000;149.38000
2025-03-31 10:00:00;149.20000;149.42999;149.17000;149.32001
2025-03-31 09:00:00;149.039993;149.25;148.97000;149.20000
2025-03-31 08:00:00;149.14000;149.28999;148.96001;149.059998
2025-03-31 07:00:00;149;149.17000;148.71001;149.14000
2025-03-31 06:00:00;149.039993;149.10001;148.81000;149
2025-03-31 05:00:00;149.080002;149.25;148.95000;149.050003
2025-03-31 04:00:00;148.92000;149.14999;148.84000;149.080002
2025-03-31 03:00:00;148.89000;148.95000;148.73000;148.91000
2025-03-31 02:00:00;149.16000;149.20000;148.73000;148.89000
2025-03-31 01:00:00;149.30000;149.38000;149.029999;149.16000
2025-03-31 00:00:00;149.62000;149.64000;149.070007;149.30000
2025-03-30 23:00:00;149.48000;149.63000;149.30000;149.62000
2025-03-30 22:00:00;149.64999;149.75;149.39999;149.49001
2025-03-28 20:00:00;149.75;149.89000;149.69000;149.81000
2025-03-28 19:00:00;149.96001;150;149.75;149.75
2025-03-28 18:00:00;149.98000;150.14000;149.91000;149.97000
2025-03-28 17:00:00;150.089996;150.11000;149.86000;149.99001
2025-03-28 16:00:00;150.25999;150.28999;150.029999;150.089996
2025-03-28 15:00:00;150.10001;150.33000;150;150.25999
2025-03-28 14:00:00;150.44000;150.44000;149.91000;150.089996
2025-03-28 13:00:00;150.64000;150.78000;150.39000;150.44000
2025-03-28 12:00:00;150.80000;150.92000;150.57001;150.64000
2025-03-28 11:00:00;150.72000;150.86000;150.67999;150.81000
2025-03-28 10:00:00;150.58000;150.73000;150.57001;150.72000
2025-03-28 09:00:00;150.53999;150.66000;150.5;150.58000
2025-03-28 08:00:00;150.39000;150.55000;150.36000;150.53000
2025-03-28 07:00:00;150.62000;150.64999;150.39000;150.39999
2025-03-28 06:00:00;150.78000;150.85001;150.61000;150.61000
2025-03-28 05:00:00;150.87000;150.94000;150.74001;150.77000
2025-03-28 04:00:00;150.81000;150.94000;150.75999;150.87000
2025-03-28 03:00:00;150.83000;150.87000;150.71001;150.83000
2025-03-28 02:00:00;150.75999;150.86000;150.74001;150.83000
2025-03-28 01:00:00;150.96001;150.98000;150.71001;150.75
2025-03-28 00:00:00;150.87000;151.21001;150.83000;150.97000
2025-03-27 23:00:00;151.050003;151.070007;150.77000;150.85001
2025-03-27 22:00:00;151.050003;151.12000;151.020004;151.050003
2025-03-27 21:00:00;151.039993;151.070007;151.020004;151.050003
2025-03-27 20:00:00;151.039993;151.059998;151.029999;151.050003
2025-03-27 19:00:00;151.11000;151.14999;151.020004;151.039993
2025-03-27 18:00:00;151.080002;151.14999;151.039993;151.12000
2025-03-27 17:00:00;151.0099945;151.14999;150.96001;151.080002
2025-03-27 16:00:00;150.97000;151.14999;150.92000;151.0099945
2025-03-27 15:00:00;151.0099945;151.039993;150.66000;150.97000
2025-03-27 14:00:00;150.87000;151.059998;150.77000;151.020004
2025-03-27 13:00:00;150.73000;150.89999;150.58000;150.88000
2025-03-27 12:00:00;151.020004;151.089996;150.67000;150.73000
2025-03-27 11:00:00;150.92999;151.020004;150.82001;151.020004
2025-03-27 10:00:00;150.92999;150.98000;150.88000;150.92999
2025-03-27 09:00:00;150.63000;150.92999;150.60001;150.92999
2025-03-27 08:00:00;150.53999;150.63000;150.49001;150.63000
2025-03-27 07:00:00;150.39000;150.55000;150.28000;150.53999
2025-03-27 06:00:00;150.24001;150.45000;150.16000;150.39000
2025-03-27 05:00:00;150.20000;150.28999;150.14000;150.24001
2025-03-27 04:00:00;150.14999;150.22000;150.059998;150.20000
2025-03-27 03:00:00;150.17999;150.25999;150.11000;150.16000
2025-03-27 02:00:00;150.12000;150.28000;150.12000;150.17999
2025-03-27 01:00:00;150.48000;150.48000;150.089996;150.12000
2025-03-27 00:00:00;150.46001;150.62000;150.39999;150.48000
2025-03-26 23:00:00;150.31000;150.49001;150.28999;150.48000
2025-03-26 22:00:00;150.52000;150.60001;150.31000;150.31000
2025-03-26 21:00:00;150.58000;150.58000;150.50999;150.53000
2025-03-26 20:00:00;150.57001;150.61000;150.50999;150.56000
2025-03-26 19:00:00;150.46001;150.60001;150.45000;150.58000
2025-03-26 18:00:00;150.42999;150.60001;150.39000;150.46001
2025-03-26 17:00:00;150.57001;150.72000;150.32001;150.42000
2025-03-26 16:00:00;150.67000;150.67000;150.41000;150.58000
2025-03-26 15:00:00;150.56000;150.75;150.55000;150.67999
2025-03-26 14:00:00;150.38000;150.59000;150.38000;150.56000
2025-03-26 13:00:00;150.39000;150.55000;150.31000;150.39999
2025-03-26 12:00:00;150.21001;150.44000;150.12000;150.39000
2025-03-26 11:00:00;150.19000;150.27000;150.14000;150.21001
2025-03-26 10:00:00;150.11000;150.23000;150.020004;150.19000
2025-03-26 09:00:00;150.13000;150.20000;150.050003;150.11000
2025-03-26 08:00:00;150.39999;150.41000;150.089996;150.12000
2025-03-26 07:00:00;150.44000;150.59000;150.37000;150.39999
2025-03-26 06:00:00;150.47000;150.61000;150.44000;150.45000
2025-03-26 05:00:00;150.53999;150.62000;150.45000;150.47000
2025-03-26 04:00:00;150.42999;150.55000;150.42999;150.53999
2025-03-26 03:00:00;150.25999;150.47000;150.24001;150.46001
2025-03-26 02:00:00;150.080002;150.28000;150.050003;150.25999
2025-03-26 01:00:00;150.16000;150.28000;150.050003;150.080002
2025-03-26 00:00:00;149.94000;150.20000;149.84000;150.17999
2025-03-25 23:00:00;149.96001;150.0099945;149.92000;149.94000
2025-03-25 22:00:00;149.89999;149.98000;149.89999;149.96001
2025-03-25 21:00:00;149.89000;149.92999;149.87000;149.89999
2025-03-25 20:00:00;149.86000;149.94000;149.86000;149.91000
2025-03-25 19:00:00;149.85001;149.94000;149.85001;149.86000
2025-03-25 18:00:00;149.74001;149.86000;149.71001;149.85001
2025-03-25 17:00:00;149.78000;149.85001;149.73000;149.75
2025-03-25 16:00:00;149.77000;149.83000;149.71001;149.78000
2025-03-25 15:00:00;149.73000;149.81000;149.55000;149.77000
2025-03-25 14:00:00;149.78999;149.87000;149.67000;149.72000
2025-03-25 13:00:00;149.97000;149.98000;149.72000;149.80000
2025-03-25 12:00:00;150.17999;150.17999;149.86000;149.97000
2025-03-25 11:00:00;150.21001;150.25999;150.059998;150.17999
2025-03-25 10:00:00;150.49001;150.5;150.17999;150.21001
2025-03-25 09:00:00;150.63000;150.67000;150.41000;150.49001
2025-03-25 08:00:00;150.73000;150.77000;150.55000;150.63000
2025-03-25 07:00:00;150.55000;150.74001;150.53999;150.72000
2025-03-25 06:00:00;150.44000;150.58000;150.42000;150.55000
2025-03-25 05:00:00;150.56000;150.57001;150.42999;150.42999
2025-03-25 04:00:00;150.62000;150.66000;150.50999;150.56000
2025-03-25 03:00:00;150.77000;150.78999;150.60001;150.61000
2025-03-25 02:00:00;150.67000;150.78999;150.59000;150.77000
2025-03-25 01:00:00;150.94000;150.94000;150.60001;150.67000
2025-03-25 00:00:00;150.80000;150.94000;150.78000;150.94000
2025-03-24 23:00:00;150.73000;150.86000;150.66000;150.78000
2025-03-24 22:00:00;150.67999;150.75999;150.67000;150.73000
2025-03-24 21:00:00;150.66000;150.70000;150.64000;150.67999
2025-03-24 20:00:00;150.64000;150.72000;150.64000;150.70000
2025-03-24 19:00:00;150.55000;150.66000;150.50999;150.64999
2025-03-24 18:00:00;150.61000;150.63000;150.5;150.55000
2025-03-24 17:00:00;150.58000;150.64000;150.49001;150.61000
2025-03-24 16:00:00;150.73000;150.75999;150.53000;150.57001
2025-03-24 15:00:00;150.46001;150.75999;150.45000;150.74001
2025-03-24 14:00:00;150.24001;150.53999;150.13000;150.47000
2025-03-24 13:00:00;149.83000;150.25;149.75;150.24001
2025-03-24 12:00:00;149.75999;149.87000;149.71001;149.83000
2025-03-24 11:00:00;149.61000;149.80000;149.61000;149.75
2025-03-24 10:00:00;149.57001;149.62000;149.49001;149.61000
2025-03-24 09:00:00;149.62000;149.72000;149.52000;149.57001
2025-03-24 08:00:00;149.64000;149.75;149.53000;149.62000
2025-03-24 07:00:00;149.67000;149.85001;149.62000;149.64999
2025-03-24 06:00:00;149.69000;149.78000;149.53999;149.66000
2025-03-24 05:00:00;149.77000;149.87000;149.66000;149.69000
2025-03-24 04:00:00;149.81000;149.83000;149.71001;149.77000
2025-03-24 03:00:00;149.84000;149.91000;149.74001;149.77000
2025-03-24 02:00:00;149.82001;149.85001;149.74001;149.84000
2025-03-24 01:00:00;149.75;149.96001;149.67999;149.82001
2025-03-24 00:00:00;149.66000;149.78000;149.46001;149.74001
2025-03-23 23:00:00;149.57001;149.69000;149.5;149.67000
2025-03-23 22:00:00;149.39000;149.64000;149.38000;149.58000
2025-03-21 20:00:00;149.34000;149.37000;149.28999;149.30000
2025-03-21 19:00:00;149.22000;149.35001;149.16000;149.34000
2025-03-21 18:00:00;149.23000;149.32001;149.17999;149.22000
2025-03-21 17:00:00;149.24001;149.31000;149.16000;149.23000
2025-03-21 16:00:00;148.99001;149.25999;148.92999;149.24001
2025-03-21 15:00:00;148.88000;148.99001;148.71001;148.98000
2025-03-21 14:00:00;148.87000;149;148.77000;148.87000
2025-03-21 13:00:00;148.67000;148.91000;148.61000;148.87000
2025-03-21 12:00:00;148.89000;148.94000;148.64000;148.67000
2025-03-21 11:00:00;149.20000;149.22000;148.86000;148.89000
2025-03-21 10:00:00;149.39000;149.44000;149.20000;149.20000
2025-03-21 09:00:00;149.48000;149.48000;149.28000;149.39000
2025-03-21 08:00:00;149.32001;149.53999;149.25999;149.48000
2025-03-21 07:00:00;149.58000;149.66000;149.25;149.31000
2025-03-21 06:00:00;149.56000;149.61000;149.45000;149.57001
2025-03-21 05:00:00;149.42000;149.63000;149.42000;149.56000
2025-03-21 04:00:00;149.21001;149.48000;149.21001;149.42000
2025-03-21 03:00:00;149.070007;149.25;148.98000;149.21001
2025-03-21 02:00:00;149.089996;149.10001;148.92999;149.070007
2025-03-21 01:00:00;148.99001;149.20000;148.95000;149.089996
2025-03-21 00:00:00;148.62000;149.029999;148.59000;149
2025-03-20 23:00:00;148.72000;148.77000;148.59000;148.62000
2025-03-20 22:00:00;148.78999;148.80000;148.71001;148.72000
2025-03-20 21:00:00;148.80000;148.80000;148.70000;148.78999
2025-03-20 20:00:00;148.78999;148.82001;148.75;148.78000
2025-03-20 19:00:00;148.80000;148.86000;148.75;148.78999
2025-03-20 18:00:00;148.77000;148.88000;148.72000;148.81000
2025-03-20 17:00:00;148.75;148.92999;148.75;148.77000
2025-03-20 16:00:00;148.85001;148.96001;148.72000;148.75
2025-03-20 15:00:00;148.70000;148.96001;148.69000;148.85001
2025-03-20 14:00:00;148.83000;148.92000;148.69000;148.71001
2025-03-20 13:00:00;148.56000;148.83000;148.45000;148.78999
2025-03-20 12:00:00;148.46001;148.70000;148.39999;148.56000
2025-03-20 11:00:00;148.60001;148.64000;148.39999;148.46001
2025-03-20 10:00:00;148.75;148.75;148.44000;148.60001
2025-03-20 09:00:00;148.55000;148.78000;148.53999;148.75
2025-03-20 08:00:00;148.59000;148.69000;148.39999;148.55000
2025-03-20 07:00:00;148.28999;148.64999;148.25999;148.59000
2025-03-20 06:00:00;148.36000;148.36000;148.17999;148.28000
2025-03-20 05:00:00;148.39999;148.46001;148.35001;148.37000
2025-03-20 04:00:00;148.37000;148.42000;148.30000;148.39999
2025-03-20 03:00:00;148.42999;148.45000;148.34000;148.37000
2025-03-20 02:00:00;148.31000;148.42999;148.17999;148.42999
2025-03-20 01:00:00;148.30000;148.42000;148.20000;148.31000
2025-03-20 00:00:00;148.46001;148.52000;148.28000;148.30000
2025-03-19 23:00:00;148.60001;148.71001;148.46001;148.46001
2025-03-19 22:00:00;148.83000;148.88000;148.55000;148.60001
2025-03-19 21:00:00;148.73000;148.84000;148.71001;148.82001
2025-03-19 20:00:00;148.85001;148.89999;148.61000;148.69000
2025-03-19 19:00:00;148.84000;149.14000;148.77000;148.85001
2025-03-19 18:00:00;149.92999;149.92999;148.67000;148.83000
2025-03-19 17:00:00;149.94000;150;149.88000;149.92999
2025-03-19 16:00:00;150.020004;150.029999;149.85001;149.94000
2025-03-19 15:00:00;149.88000;150.050003;149.81000;150.029999
2025-03-19 14:00:00;150.080002;150.14999;149.80000;149.88000
2025-03-19 13:00:00;149.80000;150.11000;149.74001;150.080002
2025-03-19 12:00:00;149.83000;149.85001;149.60001;149.80000
2025-03-19 11:00:00;149.78000;149.89000;149.75999;149.83000
2025-03-19 10:00:00;149.75999;149.81000;149.67999;149.78000
2025-03-19 09:00:00;149.63000;149.78999;149.57001;149.75999
2025-03-19 08:00:00;149.28999;149.69000;149.28999;149.63000
2025-03-19 07:00:00;149.67000;149.67999;149.14999;149.28000
2025-03-19 06:00:00;149.78000;150.020004;149.58000;149.66000
2025-03-19 05:00:00;149.53999;149.78000;149.53000;149.77000
2025-03-19 04:00:00;149.33000;149.57001;149.31000;149.53999
2025-03-19 03:00:00;149.42000;149.52000;149.30000;149.32001
2025-03-19 02:00:00;149.46001;149.55000;149.21001;149.42000
2025-03-19 01:00:00;149.61000;149.64000;149.44000;149.46001
2025-03-19 00:00:00;149.44000;149.64000;149.30000;149.61000
2025-03-18 23:00:00;149.41000;149.47000;149.28999;149.44000
2025-03-18 22:00:00;149.25;149.39999;149.19000;149.39000
2025-03-18 21:00:00;149.34000;149.35001;149.24001;149.25
2025-03-18 20:00:00;149.28000;149.39000;149.27000;149.27000
2025-03-18 19:00:00;149.24001;149.28999;149.14999;149.28000
2025-03-18 18:00:00;149.25;149.25;149.10001;149.24001
2025-03-18 17:00:00;149.41000;149.42000;149.22000;149.25
2025-03-18 16:00:00;149.49001;149.64999;149.28999;149.42000
2025-03-18 15:00:00;149.67000;149.70000;149.42000;149.49001
2025-03-18 14:00:00;149.58000;149.75;149.45000;149.67000
2025-03-18 13:00:00;149.84000;149.89999;149.59000;149.60001
2025-03-18 12:00:00;149.74001;149.92999;149.64000;149.84000
2025-03-18 11:00:00;149.66000;149.77000;149.57001;149.75
2025-03-18 10:00:00;149.78999;149.82001;149.60001;149.64999
2025-03-18 09:00:00;149.75;149.85001;149.70000;149.78999
2025-03-18 08:00:00;149.85001;149.89999;149.64999;149.75
2025-03-18 07:00:00;149.74001;149.86000;149.71001;149.83000
2025-03-18 06:00:00;149.74001;149.88000;149.73000;149.74001
2025-03-18 05:00:00;149.56000;149.74001;149.52000;149.74001
2025-03-18 04:00:00;149.69000;149.73000;149.55000;149.56000
2025-03-18 03:00:00;149.67000;149.73000;149.64999;149.69000
2025-03-18 02:00:00;149.42999;149.72000;149.39999;149.67000
2025-03-18 01:00:00;149.46001;149.53000;149.36000;149.42999
2025-03-18 00:00:00;149.39000;149.49001;149.25999;149.46001
2025-03-17 23:00:00;149.33000;149.39999;149.31000;149.39999
2025-03-17 22:00:00;149.14999;149.33000;149.14999;149.33000
2025-03-17 21:00:00;149.23000;149.23000;149.13000;149.14999
2025-03-17 20:00:00;149.16000;149.23000;149.050003;149.21001
2025-03-17 19:00:00;149.17999;149.28000;149.14000;149.16000
2025-03-17 18:00:00;148.99001;149.24001;148.95000;149.17999
2025-03-17 17:00:00;148.73000;149.029999;148.70000;148.99001
2025-03-17 16:00:00;148.56000;148.73000;148.52000;148.73000
2025-03-17 15:00:00;148.60001;148.66000;148.44000;148.56000
2025-03-17 14:00:00;148.81000;148.85001;148.57001;148.60001
2025-03-17 13:00:00;148.82001;149.089996;148.73000;148.83000
2025-03-17 12:00:00;148.46001;148.95000;148.31000;148.82001
2025-03-17 11:00:00;148.5;148.56000;148.42000;148.46001
2025-03-17 10:00:00;148.67000;148.67999;148.48000;148.5
2025-03-17 09:00:00;148.92999;148.94000;148.60001;148.67000
2025-03-17 08:00:00;148.84000;148.98000;148.67999;148.92999
2025-03-17 07:00:00;148.98000;149;148.82001;148.84000
2025-03-17 06:00:00;148.98000;149.10001;148.80000;148.97000
2025-03-17 05:00:00;149.039993;149.070007;148.89000;148.99001
2025-03-17 04:00:00;148.73000;149.039993;148.72000;149.039993
2025-03-17 03:00:00;148.64999;148.81000;148.57001;148.73000
2025-03-17 02:00:00;148.62000;148.71001;148.53999;148.64000
2025-03-17 01:00:00;148.78999;148.89999;148.56000;148.62000
2025-03-17 00:00:00;148.60001;148.89000;148.48000;148.80000
2025-03-16 23:00:00;148.58000;148.70000;148.46001;148.61000
2025-03-16 22:00:00;148.75999;148.80000;148.57001;148.57001
2025-03-14 20:00:00;148.64999;148.67000;148.57001;148.64000
2025-03-14 19:00:00;148.53000;148.66000;148.5;148.64999
2025-03-14 18:00:00;148.44000;148.59000;148.44000;148.53999
2025-03-14 17:00:00;148.35001;148.5;148.32001;148.44000
2025-03-14 16:00:00;148.52000;148.53000;148.25999;148.36000
2025-03-14 15:00:00;148.47000;148.57001;148.37000;148.52000
2025-03-14 14:00:00;148.63000;148.89000;148.35001;148.47000
2025-03-14 13:00:00;148.66000;148.78999;148.52000;148.69000
2025-03-14 12:00:00;148.73000;148.80000;148.59000;148.66000
2025-03-14 11:00:00;148.80000;148.82001;148.64000;148.73000
2025-03-14 10:00:00;148.97000;148.98000;148.61000;148.80000
2025-03-14 09:00:00;148.89000;149;148.85001;148.97000
2025-03-14 08:00:00;148.73000;148.92000;148.64999;148.87000
2025-03-14 07:00:00;148.71001;149.020004;148.56000;148.75
2025-03-14 06:00:00;148.47000;148.75999;148.42999;148.71001
2025-03-14 05:00:00;148.50999;148.64999;148.44000;148.47000
2025-03-14 04:00:00;148.33000;148.56000;148.33000;148.5
2025-03-14 03:00:00;148.25;148.39000;148.25;148.36000
2025-03-14 02:00:00;148.17000;148.31000;148.16000;148.25
2025-03-14 01:00:00;148.30000;148.42999;148.16000;148.17999
2025-03-14 00:00:00;147.94000;148.33000;147.85001;148.30000
2025-03-13 23:00:00;147.92999;147.97000;147.87000;147.92999
2025-03-13 22:00:00;147.80000;147.98000;147.75;147.94000
2025-03-13 21:00:00;147.81000;147.81000;147.75;147.75
2025-03-13 20:00:00;147.70000;147.83000;147.70000;147.81000
2025-03-13 19:00:00;147.74001;147.78000;147.63000;147.70000
2025-03-13 18:00:00;147.63000;147.78999;147.57001;147.75
2025-03-13 17:00:00;147.59000;147.71001;147.42000;147.63000
2025-03-13 16:00:00;147.72000;147.83000;147.53999;147.59000
2025-03-13 15:00:00;147.88000;147.98000;147.64999;147.71001
2025-03-13 14:00:00;148.10001;148.17999;147.84000;147.88000
2025-03-13 13:00:00;148.21001;148.35001;148.029999;148.11000
2025-03-13 12:00:00;147.99001;148.25;147.82001;148.21001
2025-03-13 11:00:00;148.16000;148.17999;147.91000;148
2025-03-13 10:00:00;148.14999;148.24001;148.080002;148.16000
2025-03-13 09:00:00;147.92000;148.20000;147.82001;148.14999
2025-03-13 08:00:00;147.81000;147.92000;147.69000;147.92000
2025-03-13 07:00:00;147.78999;147.94000;147.71001;147.78999
2025-03-13 06:00:00;147.72000;147.81000;147.58000;147.78999
2025-03-13 05:00:00;147.85001;147.92999;147.70000;147.71001
2025-03-13 04:00:00;148.039993;148.12000;147.82001;147.85001
2025-03-13 03:00:00;148.17999;148.25;148.020004;148.039993
2025-03-13 02:00:00;148.12000;148.24001;148.10001;148.17999
2025-03-13 01:00:00;148.10001;148.33000;148.080002;148.12000
2025-03-13 00:00:00;148.30000;148.37000;148.11000;148.11000
2025-03-12 23:00:00;148.23000;148.31000;148.10001;148.28999
2025-03-12 22:00:00;148.21001;148.30000;148.10001;148.22000
2025-03-12 21:00:00;148.25;148.25;148.21001;148.22000
2025-03-12 20:00:00;148.34000;148.37000;148.24001;148.24001
2025-03-12 19:00:00;148.35001;148.38000;148.27000;148.35001
2025-03-12 18:00:00;148.13000;148.42000;148.11000;148.35001
2025-03-12 17:00:00;148.28999;148.36000;148.12000;148.13000
2025-03-12 16:00:00;148.32001;148.42999;148.20000;148.28000
2025-03-12 15:00:00;148.32001;148.44000;148.21001;148.32001
2025-03-12 14:00:00;148.70000;148.71001;148.28999;148.32001
2025-03-12 13:00:00;149.12000;149.14999;148.62000;148.70000
2025-03-12 12:00:00;148.73000;149.19000;148.17000;149.13000
2025-03-12 11:00:00;148.69000;148.75;148.60001;148.74001
2025-03-12 10:00:00;148.61000;148.77000;148.53000;148.67999
2025-03-12 09:00:00;148.34000;148.67000;148.31000;148.60001
2025-03-12 08:00:00;148.59000;148.64999;148.25999;148.34000
2025-03-12 07:00:00;148.36000;148.60001;148.28000;148.59000
2025-03-12 06:00:00;148.059998;148.39999;147.97000;148.36000
2025-03-12 05:00:00;148.16000;148.28999;148.029999;148.059998
2025-03-12 04:00:00;148.080002;148.27000;148.059998;148.14999
2025-03-12 03:00:00;148.039993;148.10001;147.92999;148.089996
2025-03-12 02:00:00;148.029999;148.070007;147.87000;148.039993
2025-03-12 01:00:00;148.13000;148.14999;147.85001;148.039993
2025-03-12 00:00:00;148.050003;148.14999;147.95000;148.14000
2025-03-11 23:00:00;147.92000;148.070007;147.81000;148.039993
2025-03-11 22:00:00;147.74001;147.94000;147.73000;147.89999
2025-03-11 21:00:00;147.78000;147.83000;147.67999;147.73000
2025-03-11 20:00:00;147.75999;147.87000;147.74001;147.78000
2025-03-11 19:00:00;147.83000;147.86000;147.62000;147.75999
2025-03-11 18:00:00;147.17000;147.92000;147.16000;147.83000
2025-03-11 17:00:00;147.30000;147.30000;147.020004;147.19000
2025-03-11 16:00:00;147.48000;147.52000;147.25;147.30000
2025-03-11 15:00:00;147.33000;147.74001;147.28999;147.5
2025-03-11 14:00:00;147.77000;148.12000;147.27000;147.36000
2025-03-11 13:00:00;147.78999;148.11000;147.64000;147.78999
2025-03-11 12:00:00;147.60001;147.94000;147.33000;147.75999
2025-03-11 11:00:00;147.56000;147.72000;147.48000;147.61000
2025-03-11 10:00:00;147.37000;147.64000;147.37000;147.56000
2025-03-11 09:00:00;147.28999;147.52000;147.22000;147.38000
2025-03-11 08:00:00;146.92999;147.30000;146.88000;147.28999
2025-03-11 07:00:00;147.24001;147.28999;146.75999;146.94000
2025-03-11 06:00:00;147.23000;147.39999;147.19000;147.24001
2025-03-11 05:00:00;146.97000;147.28999;146.92000;147.23000
2025-03-11 04:00:00;147.12000;147.22000;146.92999;146.97000
2025-03-11 03:00:00;146.92000;147.14999;146.92000;147.13000
2025-03-11 02:00:00;146.81000;147.19000;146.75999;146.92000
2025-03-11 01:00:00;146.75;146.92999;146.60001;146.81000
2025-03-11 00:00:00;147.080002;147.10001;146.53999;146.75
2025-03-10 23:00:00;146.99001;147.089996;146.78000;147.080002
2025-03-10 22:00:00;147.17000;147.17999;146.96001;146.99001
2025-03-10 21:00:00;147.28000;147.28999;147.14999;147.16000
2025-03-10 20:00:00;147.30000;147.37000;147.23000;147.27000
2025-03-10 19:00:00;147.23000;147.47000;147.089996;147.28999
2025-03-10 18:00:00;147.19000;147.39000;147.17000;147.24001
2025-03-10 17:00:00;147.25999;147.32001;147.039993;147.19000
2025-03-10 16:00:00;147.14999;147.31000;147.050003;147.27000
2025-03-10 15:00:00;146.78000;147.30000;146.75;147.16000
2025-03-10 14:00:00;147.050003;147.050003;146.63000;146.77000
2025-03-10 13:00:00;147.020004;147.17999;146.77000;147.070007
2025-03-10 12:00:00;147.13000;147.14999;146.72000;147.020004
2025-03-10 11:00:00;146.92000;147.14000;146.87000;147.13000
2025-03-10 10:00:00;147.24001;147.28000;146.92000;146.92000
2025-03-10 09:00:00;147.19000;147.36000;147.14999;147.23000
2025-03-10 08:00:00;147.57001;147.63000;147.14000;147.19000
2025-03-10 07:00:00;147.70000;147.78999;147.5;147.57001
2025-03-10 06:00:00;147.52000;147.75999;147.50999;147.70000
2025-03-10 05:00:00;147.64000;147.78999;147.52000;147.52000
2025-03-10 04:00:00;147.64000;147.67000;147.53999;147.64000
2025-03-10 03:00:00;147.60001;147.75999;147.55000;147.66000
2025-03-10 02:00:00;147.41000;147.63000;147.33000;147.61000
2025-03-10 01:00:00;147.28999;147.44000;147.089996;147.42000
2025-03-10 00:00:00;147.58000;147.64000;147.23000;147.28999
2025-03-09 23:00:00;147.49001;147.64000;147.39000;147.59000
2025-03-09 22:00:00;147.64999;147.87000;147.48000;147.49001
2025-03-07 21:00:00;147.96001;148.059998;147.84000;148.039993
2025-03-07 20:00:00;148.039993;148.12000;147.89000;147.97000
2025-03-07 19:00:00;147.98000;148.20000;147.86000;148.020004
2025-03-07 18:00:00;147.49001;148.029999;147.48000;147.98000
2025-03-07 17:00:00;147.14999;147.71001;146.96001;147.49001
2025-03-07 16:00:00;147.52000;147.60001;147.029999;147.14000
2025-03-07 15:00:00;147.52000;147.73000;147.20000;147.52000
2025-03-07 14:00:00;147.24001;147.67999;146.95000;147.50999
2025-03-07 13:00:00;147.73000;147.97000;147.12000;147.23000
2025-03-07 12:00:00;147.69000;147.85001;147.63000;147.75
2025-03-07 11:00:00;147.57001;147.75;147.5;147.70000
2025-03-07 10:00:00;147.44000;147.56000;147.38000;147.56000
2025-03-07 09:00:00;147.34000;147.58000;147.28999;147.44000
2025-03-07 08:00:00;147.67000;147.75;147.21001;147.33000
2025-03-07 07:00:00;147.5;147.75;147.49001;147.64999
2025-03-07 06:00:00;147.46001;147.64999;147.39000;147.5
2025-03-07 05:00:00;147.67999;147.75;147.45000;147.46001
2025-03-07 04:00:00;147.61000;147.71001;147.49001;147.70000
2025-03-07 03:00:00;147.60001;147.66000;147.45000;147.61000
2025-03-07 02:00:00;147.89999;148.039993;147.56000;147.59000
2025-03-07 01:00:00;147.97000;148.12000;147.82001;147.89999
2025-03-07 00:00:00;148.14999;148.17000;147.66000;147.96001
2025-03-06 23:00:00;147.95000;148.14999;147.88000;148.14999
2025-03-06 22:00:00;148.039993;148.050003;147.85001;147.96001
2025-03-06 21:00:00;147.81000;148.059998;147.81000;147.99001
2025-03-06 20:00:00;147.69000;147.88000;147.67000;147.82001
2025-03-06 19:00:00;147.80000;147.86000;147.57001;147.69000
2025-03-06 18:00:00;147.92000;147.96001;147.74001;147.80000
2025-03-06 17:00:00;147.89999;148.029999;147.64999;147.91000
2025-03-06 16:00:00;148.25;148.39000;147.91000;147.91000
2025-03-06 15:00:00;147.57001;148.32001;147.49001;148.24001
2025-03-06 14:00:00;147.42000;147.85001;147.32001;147.57001
2025-03-06 13:00:00;147.60001;147.67999;147.35001;147.42000
2025-03-06 12:00:00;147.83000;147.88000;147.57001;147.61000
2025-03-06 11:00:00;147.87000;147.99001;147.75999;147.83000
2025-03-06 10:00:00;147.89000;148.080002;147.70000;147.87000
2025-03-06 09:00:00;148.14999;148.14999;147.78999;147.89000
2025-03-06 08:00:00;148.37000;148.42000;148.070007;148.16000
2025-03-06 07:00:00;148.78000;148.78000;148.27000;148.37000
2025-03-06 06:00:00;148.92999;148.96001;148.75;148.78000
2025-03-06 05:00:00;149.19000;149.22000;148.92999;148.94000
2025-03-06 04:00:00;149.24001;149.31000;149.16000;149.17000
2025-03-06 03:00:00;149.20000;149.28999;149.12000;149.24001
2025-03-06 02:00:00;148.99001;149.22000;148.95000;149.20000
2025-03-06 01:00:00;149.14999;149.33000;148.97000;149
2025-03-06 00:00:00;148.88000;149.31000;148.86000;149.16000
2025-03-05 23:00:00;148.83000;148.95000;148.73000;148.89000
2025-03-05 22:00:00;148.95000;148.95000;148.78000;148.84000
2025-03-05 21:00:00;148.88000;149;148.83000;148.88000
2025-03-05 20:00:00;148.78000;148.89999;148.74001;148.88000
2025-03-05 19:00:00;148.95000;149.14000;148.78000;148.78999
2025-03-05 18:00:00;148.87000;149.020004;148.77000;148.96001
2025-03-05 17:00:00;148.83000;148.92999;148.64000;148.87000
2025-03-05 16:00:00;148.91000;148.97000;148.48000;148.84000
2025-03-05 15:00:00;148.63000;149.11000;148.42999;148.92000
2025-03-05 14:00:00;149.020004;149.029999;148.39999;148.42999
2025-03-05 13:00:00;149.52000;149.74001;148.94000;149.0099945
2025-03-05 12:00:00;149.41000;149.50999;149.16000;149.50999
2025-03-05 11:00:00;149.34000;149.53999;149.28999;149.39999
2025-03-05 10:00:00;149.39999;149.57001;149.32001;149.34000
2025-03-05 09:00:00;149.23000;149.45000;149.10001;149.37000
2025-03-05 08:00:00;149.45000;149.64000;149.20000;149.23000
2025-03-05 07:00:00;149.67999;149.81000;149.42000;149.45000
2025-03-05 06:00:00;149.71001;149.75;149.57001;149.69000
2025-03-05 05:00:00;149.83000;149.89000;149.70000;149.72000
2025-03-05 04:00:00;149.97000;149.97000;149.71001;149.83000
2025-03-05 03:00:00;149.82001;150.10001;149.71001;149.97000
2025-03-05 02:00:00;149.97000;150;149.75;149.83000
2025-03-05 01:00:00;149.91000;150.17999;149.78999;149.98000
2025-03-05 00:00:00;149.83000;149.92000;149.58000;149.92000
2025-03-04 23:00:00;149.75999;149.97000;149.64999;149.84000
2025-03-04 22:00:00;149.75;149.80000;149.69000;149.75999
2025-03-04 21:00:00;149.10001;149.88000;149.050003;149.71001
2025-03-04 20:00:00;149.31000;149.50999;149.0099945;149.10001
2025-03-04 19:00:00;149.089996;149.37000;149.050003;149.32001
2025-03-04 18:00:00;148.75;149.14000;148.71001;149.10001
2025-03-04 17:00:00;148.82001;148.92000;148.69000;148.75
2025-03-04 16:00:00;148.33000;148.86000;148.30000;148.81000
2025-03-04 15:00:00;148.42999;148.61000;148.20000;148.35001
2025-03-04 14:00:00;148.21001;148.71001;148.20000;148.42999
2025-03-04 13:00:00;148.21001;148.56000;148.20000;148.21001
2025-03-04 12:00:00;148.35001;148.35001;148.10001;148.23000
2025-03-04 11:00:00;148.80000;148.84000;148.30000;148.36000
2025-03-04 10:00:00;149.039993;149.039993;148.75999;148.80000
2025-03-04 09:00:00;149.080002;149.14999;148.80000;149.050003
2025-03-04 08:00:00;149.35001;149.45000;149;149.089996
2025-03-04 07:00:00;149.53000;149.57001;149.059998;149.35001
2025-03-04 06:00:00;149.38000;149.56000;149.28000;149.53000
2025-03-04 05:00:00;149.17000;149.46001;149.10001;149.38000
2025-03-04 04:00:00;149.17000;149.17999;148.92999;149.14999
2025-03-04 03:00:00;149.30000;149.34000;149.029999;149.17000
2025-03-04 02:00:00;148.92999;149.42000;148.85001;149.30000
2025-03-04 01:00:00;149.16000;149.25999;148.60001;148.94000
2025-03-04 00:00:00;149.31000;149.53999;149;149.16000
2025-03-03 23:00:00;149.58000;149.63000;149.14999;149.31000
2025-03-03 22:00:00;149.5;149.64999;149.5;149.58000
2025-03-03 21:00:00;149.42000;149.63000;149.42000;149.50999
2025-03-03 20:00:00;150.25;150.25;149.10001;149.42000
2025-03-03 19:00:00;150.17000;150.30000;150.14000;150.25999
2025-03-03 18:00:00;150.17999;150.24001;150.070007;150.17999
2025-03-03 17:00:00;150.17000;150.34000;150.13000;150.17999
2025-03-03 16:00:00;150.24001;150.37000;150.050003;150.17000
2025-03-03 15:00:00;150.69000;150.69000;150.080002;150.23000
2025-03-03 14:00:00;150.97000;150.98000;150.59000;150.62000
2025-03-03 13:00:00;151.24001;151.30000;150.94000;150.97000
2025-03-03 12:00:00;151.20000;151.30000;151.11000;151.24001
2025-03-03 11:00:00;150.84000;151.23000;150.78999;151.20000
2025-03-03 10:00:00;150.35001;150.89000;150.35001;150.84000
2025-03-03 09:00:00;150.10001;150.37000;149.95000;150.35001
2025-03-03 08:00:00;150.17999;150.24001;150.029999;150.12000
2025-03-03 07:00:00;150.46001;150.53000;150.14999;150.17000
2025-03-03 06:00:00;150.42000;150.53000;150.28000;150.46001
2025-03-03 05:00:00;150.35001;150.52000;150.35001;150.41000
2025-03-03 04:00:00;150.45000;150.52000;150.33000;150.33000
2025-03-03 03:00:00;150.39999;150.49001;150.25;150.45000
2025-03-03 02:00:00;150.41000;150.48000;150.27000;150.41000
2025-03-03 01:00:00;150.55000;150.72000;150.32001;150.41000
2025-03-03 00:00:00;150.82001;150.95000;150.49001;150.53999
2025-03-02 23:00:00;150.71001;151.020004;150.71001;150.81000
2025-03-02 22:00:00;150.72000;150.74001;150.67000;150.71001
2025-02-28 21:00:00;150.50999;150.62000;150.49001;150.62000
2025-02-28 20:00:00;150.55000;150.62000;150.44000;150.5
2025-02-28 19:00:00;150.31000;150.60001;150.31000;150.53999
2025-02-28 18:00:00;150.36000;150.55000;150.24001;150.33000
2025-02-28 17:00:00;150.64000;150.67999;150.34000;150.37000
2025-02-28 16:00:00;150.67999;150.78999;150.24001;150.64000
2025-02-28 15:00:00;150.67999;150.87000;150.50999;150.67000
2025-02-28 14:00:00;150.64999;150.81000;150.28000;150.69000
2025-02-28 13:00:00;150.66000;150.99001;150.60001;150.64999
2025-02-28 12:00:00;150.39000;150.72000;150.38000;150.66000
2025-02-28 11:00:00;150.38000;150.49001;150.28999;150.39000
2025-02-28 10:00:00;150.25;150.39999;150.24001;150.38000
2025-02-28 09:00:00;150.57001;150.63000;150.19000;150.24001
2025-02-28 08:00:00;150.44000;150.69000;150.32001;150.56000
2025-02-28 07:00:00;150.039993;150.57001;149.94000;150.42999
2025-02-28 06:00:00;149.83000;150.10001;149.78999;150.039993
2025-02-28 05:00:00;149.61000;149.88000;149.58000;149.83000
2025-02-28 04:00:00;149.61000;149.70000;149.52000;149.60001
2025-02-28 03:00:00;149.53000;149.62000;149.46001;149.61000
2025-02-28 02:00:00;149.30000;149.57001;149.10001;149.53000
2025-02-28 01:00:00;149.39000;149.53000;149.27000;149.30000
2025-02-28 00:00:00;150.10001;150.14999;149.36000;149.37000
2025-02-27 23:00:00;149.78000;150.11000;149.53999;150.089996
2025-02-27 22:00:00;149.89000;149.89000;149.72000;149.77000
2025-02-27 21:00:00;149.70000;149.83000;149.67999;149.81000
2025-02-27 20:00:00;149.86000;149.87000;149.63000;149.70000
2025-02-27 19:00:00;150.12000;150.12000;149.78999;149.86000
2025-02-27 18:00:00;149.97000;150.16000;149.92000;150.11000
2025-02-27 17:00:00;149.81000;150.0099945;149.78000;149.97000
2025-02-27 16:00:00;149.94000;150.16000;149.77000;149.81000
2025-02-27 15:00:00;149.70000;150.10001;149.53999;149.94000
2025-02-27 14:00:00;149.71001;150.14000;149.64999;149.73000
2025-02-27 13:00:00;149.66000;149.88000;149.36000;149.73000
2025-02-27 12:00:00;149.80000;149.80000;149.56000;149.66000
2025-02-27 11:00:00;149.85001;149.89999;149.67999;149.80000
2025-02-27 10:00:00;149.85001;149.97000;149.80000;149.85001
2025-02-27 09:00:00;149.72000;149.97000;149.63000;149.84000
2025-02-27 08:00:00;149.27000;149.73000;149.16000;149.72000
2025-02-27 07:00:00;149.27000;149.33000;149.19000;149.27000
2025-02-27 06:00:00;149.34000;149.42000;149.20000;149.25999
2025-02-27 05:00:00;149.10001;149.37000;149.10001;149.35001
2025-02-27 04:00:00;149.22000;149.27000;149.080002;149.089996
2025-02-27 03:00:00;149.25999;149.36000;149.19000;149.22000
2025-02-27 02:00:00;149.37000;149.38000;149.17000;149.25999
2025-02-27 01:00:00;149.14000;149.39999;149.070007;149.36000
2025-02-27 00:00:00;148.88000;149.17999;148.78999;149.14000
2025-02-26 23:00:00;148.99001;149.020004;148.75;148.88000
2025-02-26 22:00:00;149;149.089996;148.98000;148.99001
2025-02-26 21:00:00;149.029999;149.23000;148.99001;149.089996
2025-02-26 20:00:00;148.85001;149.050003;148.83000;149.029999
2025-02-26 19:00:00;148.92999;148.97000;148.82001;148.84000
2025-02-26 18:00:00;149.14999;149.16000;148.83000;148.92999
2025-02-26 17:00:00;149.13000;149.24001;149.020004;149.14999
2025-02-26 16:00:00;149.49001;149.53000;149.12000;149.14000
2025-02-26 15:00:00;149.67000;149.89000;149.39999;149.49001
2025-02-26 14:00:00;149.53999;149.73000;149.30000;149.67000
2025-02-26 13:00:00;149.62000;149.67999;149.31000;149.53999
2025-02-26 12:00:00;149.55000;149.64999;149.45000;149.61000
2025-02-26 11:00:00;149.52000;149.59000;149.48000;149.55000
2025-02-26 10:00:00;149.36000;149.53000;149.23000;149.52000
2025-02-26 09:00:00;149.28999;149.44000;149.25999;149.36000
2025-02-26 08:00:00;149.53000;149.55000;149.25;149.28999
2025-02-26 07:00:00;149.57001;149.61000;149.33000;149.53999
2025-02-26 06:00:00;149.42999;149.63000;149.42999;149.58000
2025-02-26 05:00:00;149.44000;149.63000;149.41000;149.44000
2025-02-26 04:00:00;149.39999;149.55000;149.28999;149.44000
2025-02-26 03:00:00;149.45000;149.52000;149.31000;149.39999
2025-02-26 02:00:00;149.23000;149.47000;149.17999;149.46001
2025-02-26 01:00:00;148.91000;149.24001;148.72000;149.23000
2025-02-26 00:00:00;149.050003;149.089996;148.62000;148.89999
2025-02-25 23:00:00;149.14000;149.19000;148.86000;149.059998
2025-02-25 22:00:00;149.029999;149.14000;149.0099945;149.14000
2025-02-25 21:00:00;148.95000;149.039993;148.94000;149.029999
2025-02-25 20:00:00;149.080002;149.10001;148.91000;148.95000
2025-02-25 19:00:00;149.17000;149.17999;149;149.080002
2025-02-25 18:00:00;149.080002;149.25;149.050003;149.17000
2025-02-25 17:00:00;149.10001;149.25999;149.0099945;149.080002
2025-02-25 16:00:00;149.070007;149.14000;148.78000;149.10001
2025-02-25 15:00:00;149.17999;149.17999;148.57001;149.070007
2025-02-25 14:00:00;149.44000;149.53999;149.11000;149.17999
2025-02-25 13:00:00;149.67999;149.82001;149.34000;149.44000
2025-02-25 12:00:00;149.81000;149.81000;149.49001;149.69000
2025-02-25 11:00:00;149.77000;149.95000;149.66000;149.81000
2025-02-25 10:00:00;149.60001;149.83000;149.60001;149.77000
2025-02-25 09:00:00;149.46001;149.75999;149.44000;149.60001
2025-02-25 08:00:00;149.28000;149.60001;149.22000;149.46001
2025-02-25 07:00:00;149.75999;149.78999;149.20000;149.28000
2025-02-25 06:00:00;149.72000;149.87000;149.63000;149.75999
2025-02-25 05:00:00;149.57001;149.77000;149.50999;149.72000
2025-02-25 04:00:00;149.67000;149.71001;149.46001;149.57001
2025-02-25 03:00:00;149.83000;149.91000;149.61000;149.67000
2025-02-25 02:00:00;150.050003;150.089996;149.81000;149.83000
2025-02-25 01:00:00;150.14999;150.30000;150.050003;150.050003
2025-02-25 00:00:00;149.91000;150.19000;149.91000;150.14999
2025-02-24 23:00:00;149.72000;149.92000;149.72000;149.91000
2025-02-24 22:00:00;149.67999;149.77000;149.66000;149.73000
2025-02-24 21:00:00;149.73000;149.78999;149.70000;149.74001
2025-02-24 20:00:00;149.67999;149.78999;149.61000;149.72000
2025-02-24 19:00:00;149.59000;149.80000;149.59000;149.67999
2025-02-24 18:00:00;149.58000;149.62000;149.39000;149.59000
2025-02-24 17:00:00;149.57001;149.71001;149.52000;149.58000
2025-02-24 16:00:00;149.30000;149.75999;149.30000;149.57001
2025-02-24 15:00:00;149.32001;149.42999;149.19000;149.30000
2025-02-24 14:00:00;149.78000;149.82001;149.30000;149.33000
2025-02-24 13:00:00;149.77000;149.88000;149.61000;149.77000
2025-02-24 12:00:00;149.73000;149.83000;149.62000;149.77000
2025-02-24 11:00:00;149.63000;149.78999;149.61000;149.73000
2025-02-24 10:00:00;149.56000;149.67000;149.55000;149.63000
2025-02-24 09:00:00;149.42999;149.60001;149.38000;149.57001
2025-02-24 08:00:00;149.45000;149.57001;149.23000;149.42000
2025-02-24 07:00:00;149.46001;149.53999;149.32001;149.46001
2025-02-24 06:00:00;149.41000;149.55000;149.34000;149.47000
2025-02-24 05:00:00;149.21001;149.47000;149.19000;149.41000
2025-02-24 04:00:00;149.17000;149.31000;149.13000;149.20000
2025-02-24 03:00:00;149.23000;149.35001;149.12000;149.16000
2025-02-24 02:00:00;149.25;149.5;149.23000;149.23000
2025-02-24 01:00:00;148.92999;149.25999;148.92000;149.24001
2025-02-24 00:00:00;149.39999;149.39999;148.84000;148.92999
2025-02-23 23:00:00;149.22000;149.41000;149.089996;149.39999
2025-02-23 22:00:00;149.24001;149.27000;149.20000;149.21001
2025-02-21 21:00:00;149.13000;149.35001;149.12000;149.30000
2025-02-21 20:00:00;149.070007;149.17000;149;149.13000
2025-02-21 19:00:00;149.13000;149.14000;148.92999;149.070007
2025-02-21 18:00:00;149.22000;149.22000;148.98000;149.12000
2025-02-21 17:00:00;149.5;149.53000;149.20000;149.22000
2025-02-21 16:00:00;149.55000;149.62000;149.39999;149.5
2025-02-21 15:00:00;149.82001;149.84000;149.50999;149.55000
2025-02-21 14:00:00;150.42999;150.44000;149.75;149.80000
2025-02-21 13:00:00;150.48000;150.50999;150.33000;150.42999
2025-02-21 12:00:00;150.27000;150.49001;150.25;150.48000
2025-02-21 11:00:00;150.38000;150.42999;150.19000;150.28000
2025-02-21 10:00:00;150.47000;150.53999;150.35001;150.37000
2025-02-21 09:00:00;150.45000;150.5;150.25999;150.47000
2025-02-21 08:00:00;150.56000;150.62000;150.34000;150.42999
2025-02-21 07:00:00;150.53000;150.64999;150.36000;150.55000
2025-02-21 06:00:00;150.36000;150.53999;150.30000;150.52000
2025-02-21 05:00:00;150.33000;150.49001;150.32001;150.36000
2025-02-21 04:00:00;150.32001;150.34000;150.12000;150.33000
2025-02-21 03:00:00;150.48000;150.53000;150.23000;150.31000
2025-02-21 02:00:00;150.35001;150.74001;150.16000;150.48000
2025-02-21 01:00:00;149.83000;150.45000;149.78999;150.35001
2025-02-21 00:00:00;149.47000;149.91000;149.47000;149.84000
2025-02-20 23:00:00;149.56000;149.64000;149.28999;149.48000
2025-02-20 22:00:00;149.66000;149.72000;149.53000;149.56000
2025-02-20 21:00:00;149.64999;149.67999;149.60001;149.66000
2025-02-20 20:00:00;149.78000;149.82001;149.64999;149.64999
2025-02-20 19:00:00;149.63000;149.82001;149.63000;149.78000
2025-02-20 18:00:00;149.47000;149.64000;149.46001;149.63000
2025-02-20 17:00:00;149.63000;149.70000;149.39999;149.47000
2025-02-20 16:00:00;149.52000;149.74001;149.5;149.63000
2025-02-20 15:00:00;149.81000;149.86000;149.47000;149.50999
2025-02-20 14:00:00;150.080002;150.22000;149.80000;149.82001
2025-02-20 13:00:00;150.10001;150.14000;149.71001;150.089996
2025-02-20 12:00:00;150.22000;150.23000;149.94000;150.089996
2025-02-20 11:00:00;150.080002;150.25999;149.99001;150.22000
2025-02-20 10:00:00;150.31000;150.32001;150.059998;150.080002
2025-02-20 09:00:00;150.34000;150.44000;150.20000;150.31000
2025-02-20 08:00:00;150.17000;150.39000;150.16000;150.34000
2025-02-20 07:00:00;150.050003;150.22000;149.95000;150.17999
2025-02-20 06:00:00;150.41000;150.41000;150;150.050003
2025-02-20 05:00:00;150.25;150.41000;150.19000;150.39999
2025-02-20 04:00:00;150.42000;150.48000;150.25;150.28000
2025-02-20 03:00:00;150.71001;150.75;150.39000;150.42999
2025-02-20 02:00:00;150.64000;150.75999;150.46001;150.71001
2025-02-20 01:00:00;150.99001;151;150.58000;150.64000
2025-02-20 00:00:00;151.22000;151.24001;150.84000;150.99001
2025-02-19 23:00:00;151.39999;151.42999;151.12000;151.22000
2025-02-19 22:00:00;151.41000;151.44000;151.39000;151.39000
2025-02-19 21:00:00;151.47000;151.52000;151.47000;151.47000
2025-02-19 20:00:00;151.53000;151.57001;151.45000;151.48000
2025-02-19 19:00:00;151.67000;151.67000;151.39000;151.53000
2025-02-19 18:00:00;151.71001;151.83000;151.62000;151.64000
2025-02-19 17:00:00;151.67999;151.75999;151.63000;151.71001
2025-02-19 16:00:00;151.42000;151.70000;151.42000;151.67000
2025-02-19 15:00:00;151.34000;151.50999;151.25;151.42000
2025-02-19 14:00:00;151.70000;151.72000;151.33000;151.33000
2025-02-19 13:00:00;151.91000;151.92000;151.69000;151.69000
2025-02-19 12:00:00;151.84000;151.92999;151.75999;151.91000
2025-02-19 11:00:00;151.73000;151.95000;151.73000;151.85001
2025-02-19 10:00:00;151.66000;151.83000;151.66000;151.74001
2025-02-19 09:00:00;151.72000;151.75;151.55000;151.66000
2025-02-19 08:00:00;151.66000;151.86000;151.62000;151.72000
2025-02-19 07:00:00;151.64999;151.78000;151.59000;151.66000
2025-02-19 06:00:00;151.75999;151.78000;151.59000;151.64000
2025-02-19 05:00:00;151.77000;151.88000;151.71001;151.75999
2025-02-19 04:00:00;151.89000;151.94000;151.74001;151.75999
2025-02-19 03:00:00;152.029999;152.089996;151.86000;151.89999
2025-02-19 02:00:00;152.14000;152.32001;151.97000;152.029999
2025-02-19 01:00:00;152.070007;152.16000;151.75;152.14000
2025-02-19 00:00:00;151.92999;152.11000;151.83000;152.080002
2025-02-18 23:00:00;152.070007;152.10001;151.92000;151.92000
2025-02-18 22:00:00;152;152.089996;151.98000;152.070007
2025-02-18 21:00:00;152.020004;152.13000;152.0099945;152.059998
2025-02-18 20:00:00;151.92999;152.059998;151.92999;152.020004
2025-02-18 19:00:00;151.98000;151.99001;151.87000;151.92999
2025-02-18 18:00:00;151.92999;152.039993;151.91000;151.98000
2025-02-18 17:00:00;151.78999;151.96001;151.78000;151.92999
2025-02-18 16:00:00;151.66000;151.87000;151.64999;151.78999
2025-02-18 15:00:00;151.80000;151.80000;151.53000;151.66000
2025-02-18 14:00:00;151.70000;151.86000;151.64999;151.81000
2025-02-18 13:00:00;151.73000;151.75999;151.63000;151.70000
2025-02-18 12:00:00;151.78000;151.88000;151.72000;151.73000
2025-02-18 11:00:00;151.77000;151.81000;151.67999;151.78000
2025-02-18 10:00:00;151.84000;151.84000;151.71001;151.77000
2025-02-18 09:00:00;151.95000;151.97000;151.80000;151.84000
2025-02-18 08:00:00;152.059998;152.10001;151.82001;151.95000
2025-02-18 07:00:00;151.94000;152.070007;151.80000;152.059998
2025-02-18 06:00:00;152.0099945;152.080002;151.89000;151.94000
2025-02-18 05:00:00;152.14999;152.22000;151.99001;152
2025-02-18 04:00:00;152.10001;152.20000;152.039993;152.14999
2025-02-18 03:00:00;151.84000;152.089996;151.80000;152.089996
2025-02-18 02:00:00;151.73000;151.85001;151.70000;151.84000
2025-02-18 01:00:00;151.69000;151.80000;151.60001;151.73000
2025-02-18 00:00:00;151.44000;151.72000;151.42000;151.69000
2025-02-17 23:00:00;151.52000;151.62000;151.24001;151.44000
2025-02-17 22:00:00;151.48000;151.52000;151.45000;151.52000
2025-02-17 21:00:00;151.39999;151.53000;151.39999;151.50999
2025-02-17 20:00:00;151.39999;151.42999;151.38000;151.41000
2025-02-17 19:00:00;151.37000;151.39999;151.37000;151.39999
2025-02-17 18:00:00;151.38000;151.42000;151.37000;151.38000
2025-02-17 17:00:00;151.44000;151.45000;151.37000;151.39000
2025-02-17 16:00:00;151.37000;151.45000;151.35001;151.44000
2025-02-17 15:00:00;151.47000;151.48000;151.34000;151.37000
2025-02-17 14:00:00;151.47000;151.5;151.42000;151.47000
2025-02-17 13:00:00;151.50999;151.53000;151.44000;151.48000
2025-02-17 12:00:00;151.50999;151.53999;151.39999;151.50999
2025-02-17 11:00:00;151.62000;151.72000;151.5;151.50999
2025-02-17 10:00:00;151.81000;151.84000;151.60001;151.61000
2025-02-17 09:00:00;151.75999;151.85001;151.72000;151.81000
2025-02-17 08:00:00;151.87000;151.94000;151.75;151.75999
2025-02-17 07:00:00;151.71001;151.89000;151.60001;151.87000
2025-02-17 06:00:00;151.53000;151.78999;151.49001;151.71001
2025-02-17 05:00:00;151.69000;151.71001;151.48000;151.53000
2025-02-17 04:00:00;151.62000;151.78000;151.61000;151.70000
2025-02-17 03:00:00;151.55000;151.66000;151.53999;151.62000
2025-02-17 02:00:00;151.89999;151.94000;151.50999;151.55000
2025-02-17 01:00:00;151.87000;151.91000;151.74001;151.89999
2025-02-17 00:00:00;152.0099945;152.12000;151.78999;151.88000
2025-02-16 23:00:00;152.28999;152.38000;151.97000;152.0099945
2025-02-16 22:00:00;152.25999;152.28999;152.17999;152.28000
2025-02-14 21:00:00;152.32001;152.35001;152.25;152.31000
2025-02-14 20:00:00;152.22000;152.35001;152.22000;152.33000
2025-02-14 19:00:00;152.31000;152.34000;152.17999;152.21001
2025-02-14 18:00:00;152.28999;152.39000;152.28000;152.31000
2025-02-14 17:00:00;152.25;152.35001;152.22000;152.30000
2025-02-14 16:00:00;152.14000;152.25999;152.029999;152.25
2025-02-14 15:00:00;152.25;152.38000;152.10001;152.14000
2025-02-14 14:00:00;152.17000;152.31000;152.070007;152.24001
2025-02-14 13:00:00;152.74001;152.83000;152.11000;152.17999
2025-02-14 12:00:00;152.70000;152.74001;152.60001;152.74001
2025-02-14 11:00:00;152.52000;152.74001;152.49001;152.71001
2025-02-14 10:00:00;152.52000;152.59000;152.47000;152.52000
2025-02-14 09:00:00;152.75;152.84000;152.5;152.50999
2025-02-14 08:00:00;152.73000;152.78999;152.49001;152.75
2025-02-14 07:00:00;152.49001;152.74001;152.39000;152.73000
2025-02-14 06:00:00;152.61000;152.67999;152.44000;152.5
2025-02-14 05:00:00;152.64000;152.73000;152.56000;152.62000
2025-02-14 04:00:00;152.84000;152.89000;152.63000;152.64000
2025-02-14 03:00:00;152.83000;153.0099945;152.81000;152.83000
2025-02-14 02:00:00;152.59000;152.88000;152.53000;152.83000
2025-02-14 01:00:00;152.64000;152.64000;152.45000;152.57001
2025-02-14 00:00:00;153.0099945;153.10001;152.58000;152.64000
2025-02-13 23:00:00;152.85001;153.14999;152.82001;152.99001
2025-02-13 22:00:00;152.82001;152.89000;152.78000;152.85001
2025-02-13 21:00:00;152.74001;152.85001;152.73000;152.80000
2025-02-13 20:00:00;152.94000;152.99001;152.70000;152.75
2025-02-13 19:00:00;153.27000;153.28000;152.77000;152.92999
2025-02-13 18:00:00;153.17000;153.35001;153.14000;153.27000
2025-02-13 17:00:00;153.17999;153.20000;153.050003;153.17000
2025-02-13 16:00:00;153.14000;153.17000;152.92999;153.17000
2025-02-13 15:00:00;153.52000;153.72000;153.080002;153.13000
2025-02-13 14:00:00;153.52000;153.61000;153.35001;153.52000
2025-02-13 13:00:00;153.85001;154.020004;153.42999;153.52000
2025-02-13 12:00:00;153.85001;153.89999;153.74001;153.86000
2025-02-13 11:00:00;153.78999;153.88000;153.74001;153.85001
2025-02-13 10:00:00;153.98000;154.020004;153.77000;153.78999
2025-02-13 09:00:00;154.020004;154.089996;153.89999;153.98000
2025-02-13 08:00:00;154.28000;154.34000;154.020004;154.020004
2025-02-13 07:00:00;154.059998;154.32001;153.96001;154.28000
2025-02-13 06:00:00;154.17999;154.24001;153.96001;154.050003
2025-02-13 05:00:00;154.36000;154.41000;154.14000;154.17000
2025-02-13 04:00:00;154.24001;154.49001;154.22000;154.36000
2025-02-13 03:00:00;154.23000;154.28999;154.17999;154.24001
2025-02-13 02:00:00;154.25999;154.35001;154.16000;154.23000
2025-02-13 01:00:00;154.53999;154.66000;154.22000;154.25999
2025-02-13 00:00:00;154.23000;154.56000;154.12000;154.53999
2025-02-12 23:00:00;154.37000;154.47000;154.19000;154.24001
2025-02-12 22:00:00;154.39000;154.39000;154.32001;154.38000
2025-02-12 21:00:00;154.42999;154.49001;154.38000;154.41000
2025-02-12 20:00:00;154.42999;154.46001;154.33000;154.44000
2025-02-12 19:00:00;154.37000;154.48000;154.32001;154.42999
2025-02-12 18:00:00;154.35001;154.49001;154.28999;154.37000
2025-02-12 17:00:00;154.63000;154.63000;154.32001;154.36000
2025-02-12 16:00:00;154.44000;154.80000;154.39999;154.63000
2025-02-12 15:00:00;154.42000;154.62000;154.32001;154.44000
2025-02-12 14:00:00;154.42000;154.48000;154.14000;154.42999
2025-02-12 13:00:00;153.56000;154.45000;153.46001;154.41000
2025-02-12 12:00:00;153.56000;153.64000;153.41000;153.57001
2025-02-12 11:00:00;153.58000;153.63000;153.46001;153.56000
2025-02-12 10:00:00;153.52000;153.69000;153.49001;153.58000
2025-02-12 09:00:00;153.56000;153.59000;153.42000;153.52000
2025-02-12 08:00:00;153.69000;153.89000;153.50999;153.56000
2025-02-12 07:00:00;153.59000;153.69000;153.42000;153.67999
2025-02-12 06:00:00;153.53999;153.70000;153.50999;153.59000
2025-02-12 05:00:00;153.69000;153.71001;153.53000;153.53999
2025-02-12 04:00:00;153.63000;153.73000;153.58000;153.67999
2025-02-12 03:00:00;153.47000;153.67999;153.46001;153.63000
2025-02-12 02:00:00;153.47000;153.53000;153.36000;153.46001
2025-02-12 01:00:00;153.19000;153.49001;153.070007;153.47000
2025-02-12 00:00:00;152.75;153.23000;152.73000;153.19000
2025-02-11 23:00:00;152.45000;152.77000;152.45000;152.77000
2025-02-11 22:00:00;152.46001;152.49001;152.39000;152.45000
2025-02-11 21:00:00;152.56000;152.56000;152.42999;152.49001
2025-02-11 20:00:00;152.49001;152.61000;152.45000;152.56000
2025-02-11 19:00:00;152.44000;152.56000;152.30000;152.49001
2025-02-11 18:00:00;152.37000;152.48000;152.28999;152.44000
2025-02-11 17:00:00;152.37000;152.41000;152.28999;152.37000
2025-02-11 16:00:00;152.49001;152.53999;152.25;152.37000
2025-02-11 15:00:00;152.31000;152.60001;152.24001;152.5
2025-02-11 14:00:00;152.31000;152.46001;152.23000;152.30000
2025-02-11 13:00:00;152.38000;152.50999;152.30000;152.30000
2025-02-11 12:00:00;152.35001;152.41000;152.22000;152.38000
2025-02-11 11:00:00;152.13000;152.38000;152.12000;152.34000
2025-02-11 10:00:00;151.94000;152.14999;151.94000;152.13000
2025-02-11 09:00:00;151.87000;152;151.83000;151.95000
2025-02-11 08:00:00;151.95000;152.089996;151.64999;151.87000
2025-02-11 07:00:00;151.92000;152.050003;151.87000;151.95000
2025-02-11 06:00:00;151.96001;151.99001;151.84000;151.92000
2025-02-11 05:00:00;151.99001;152;151.94000;151.96001
2025-02-11 04:00:00;151.98000;152.039993;151.98000;151.99001
2025-02-11 03:00:00;151.97000;152.050003;151.92000;151.98000
2025-02-11 02:00:00;152.020004;152.039993;151.92000;151.97000
2025-02-11 01:00:00;151.81000;152.059998;151.80000;152.020004
2025-02-11 00:00:00;151.78999;151.89000;151.69000;151.81000
2025-02-10 23:00:00;151.89999;151.96001;151.75;151.78999
2025-02-10 22:00:00;152.020004;152.020004;151.89000;151.89000
2025-02-10 21:00:00;151.95000;152.0099945;151.92000;152
2025-02-10 20:00:00;151.98000;152.029999;151.95000;151.95000
2025-02-10 19:00:00;152.029999;152.059998;151.95000;151.98000
2025-02-10 18:00:00;151.87000;152.070007;151.86000;152.039993
2025-02-10 17:00:00;151.72000;151.92000;151.71001;151.87000
2025-02-10 16:00:00;151.61000;151.78999;151.57001;151.72000
2025-02-10 15:00:00;151.64000;151.69000;151.57001;151.61000
2025-02-10 14:00:00;151.86000;151.86000;151.59000;151.64000
