datetime;open;high;low;close
2025-12-02 16:00:00;4168.91173;4188.79098;4167.82739;4187.24921
2025-12-02 15:00:00;4220.18225;4220.26827;4167.30243;4168.91072
2025-12-02 14:00:00;4211.52989;4229.44871;4211.52989;4220.24923
2025-12-02 13:00:00;4208.95294;4215.66511;4200.88384;4211.54929
2025-12-02 12:00:00;4205.33946;4209.46581;4201.34211;4209.01192
2025-12-02 11:00:00;4185.16922;4205.97134;4185.16922;4205.37041
2025-12-02 10:00:00;4193.38604;4193.45536;4182.01864;4185.29486
2025-12-02 09:00:00;4210.75151;4211.70758;4186.25382;4193.44506
2025-12-02 08:00:00;4211.54782;4216.94098;4206.96989;4210.78897
2025-12-02 07:00:00;4212.62776;4218.48393;4209.2181;4211.28754
2025-12-02 06:00:00;4224.77939;4226.73559;4203.27774;4212.59991
2025-12-02 05:00:00;4218.42439;4225.14432;4215.63315;4224.71708
2025-12-02 04:00:00;4217.86758;4220.39767;4215.09411;4218.41439
2025-12-02 03:00:00;4221.58053;4225.80393;4216.7467;4218.04688
2025-12-02 02:00:00;4220.03459;4224.47515;4215.74979;4221.60334
2025-12-02 01:00:00;4229.35848;4229.35848;4202.07267;4220.19256
2025-12-02 00:00:00;4227.73383;4229.26433;4221.81176;4229.26433
2025-12-01 23:00:00;4232.13605;4236.36359;4225.35109;4227.76394
2025-12-01 22:00:00;4232.09772;4232.71828;4231.4433;4232.2289
2025-12-01 21:00:00;4235.87791;4240.73091;4230.2269;4232.13555
2025-12-01 20:00:00;4234.45988;4242.3133;4234.38714;4236.25067
2025-12-01 19:00:00;4240.39434;4243.61695;4231.41326;4234.38252
2025-12-01 18:00:00;4232.66922;4244.12235;4232.53236;4240.44848
2025-12-01 17:00:00;4229.30277;4238.76966;4224.68087;4232.55453
2025-12-01 16:00:00;4232.34125;4242.14613;4227.39427;4229.59325
2025-12-01 15:00:00;4239.15992;4243.41702;4216.45846;4232.13326
2025-12-01 14:00:00;4253.08131;4253.44765;4222.82592;4239.0584
2025-12-01 13:00:00;4246.91801;4265.37936;4246.90933;4253.46031
2025-12-01 12:00:00;4254.77773;4256.85611;4244.08749;4246.98159
2025-12-01 11:00:00;4256.80327;4258.5033;4248.61436;4254.86767
2025-12-01 10:00:00;4249.44809;4261.55839;4248.96395;4256.90044
2025-12-01 09:00:00;4243.20811;4251.31386;4242.93134;4249.31011
2025-12-01 08:00:00;4245.54673;4253.03675;4239.17041;4242.98837
2025-12-01 07:00:00;4238.32376;4246.325;4232.18946;4245.59615
2025-12-01 06:00:00;4229.39056;4239.91043;4227.30339;4238.5356
2025-12-01 05:00:00;4246.14638;4246.29885;4217.32557;4229.42311
2025-12-01 04:00:00;4237.56091;4246.72157;4236.94118;4246.20333
2025-12-01 03:00:00;4241.60546;4243.62977;4233.27065;4237.94898
2025-12-01 02:00:00;4252.85823;4254.90569;4234.90078;4241.36426
2025-12-01 01:00:00;4230.84495;4253.8348;4222.37581;4252.77046
2025-12-01 00:00:00;4223.6895;4233.2932;4219.42204;4230.94105
2025-11-30 23:00:00;4216.35465;4230.28565;4202.4477;4223.73185
2025-11-30 22:00:00;4216.3419;4216.55382;4215.558;4216.32552
2025-11-30 21:00:00;4216.34294;4216.86073;4216.08054;4216.31935
2025-11-30 20:00:00;4216.34255;4216.76691;4216.27636;4216.32999
2025-11-30 19:00:00;4216.34576;4216.8431;4216.2683;4216.34338
2025-11-30 18:00:00;4216.34576;4216.53541;4216.28252;4216.36253
2025-11-30 17:00:00;4216.34576;4216.5354;4216.28295;4216.37916
2025-11-30 16:00:00;4216.34576;4216.53534;4216.28252;4216.39566
2025-11-30 15:00:00;4216.34576;4216.5354;4216.28252;4216.41089
2025-11-30 14:00:00;4216.34576;4216.5354;4216.28252;4216.42378
2025-11-30 13:00:00;4216.34576;4216.5354;4216.28252;4216.43342
2025-11-29 12:00:00;4216.35571;4216.54603;4216.2848;4216.44184
2025-11-29 11:00:00;4216.35175;4216.53539;4216.27588;4216.44896
2025-11-29 10:00:00;4216.34604;4216.5413;4216.28252;4216.44106
2025-11-29 09:00:00;4216.33509;4216.53422;4216.27896;4216.42742
2025-11-29 08:00:00;4216.34043;4216.53538;4216.27364;4216.40531
2025-11-29 07:00:00;4216.34398;4216.53894;4216.27353;4216.39586
2025-11-29 06:00:00;4216.34393;4216.53008;4216.27431;4216.383
2025-11-29 05:00:00;4216.3474;4216.53187;4216.27897;4216.36639
2025-11-29 04:00:00;4216.34043;4216.53788;4216.2743;4216.35366
2025-11-29 03:00:00;4216.35052;4216.54068;4216.27758;4216.33254
2025-11-29 02:00:00;4216.34498;4216.53892;4216.27576;4216.33138
2025-11-29 01:00:00;4211.47781;4216.53364;4211.47781;4216.31634
2025-11-29 00:00:00;4207.77842;4218.29016;4172.85807;4211.89558
2025-11-28 23:00:00;4216.35465;4216.54125;4171.98663;4207.8426
2025-11-28 22:00:00;4216.34522;4216.54605;4216.28067;4216.32916
2025-11-28 21:00:00;4216.35507;4216.7422;4216.22203;4216.32888
2025-11-28 20:00:00;4212.63224;4231.26834;4211.01697;4216.34726
2025-11-28 19:00:00;4220.63046;4221.84604;4207.20054;4212.73023
2025-11-28 18:00:00;4215.22932;4225.13635;4211.4429;4220.65224
2025-11-28 17:00:00;4207.14685;4215.52709;4204.84981;4215.2006
2025-11-28 16:00:00;4203.08714;4210.67936;4199.15361;4207.1274
2025-11-28 15:00:00;4198.2127;4203.14372;4184.20405;4203.14372
2025-11-28 14:00:00;4182.03843;4207.96853;4181.95025;4198.27716
2025-11-28 13:00:00;4176.79614;4181.98158;4168.28617;4181.98158
2025-11-28 12:00:00;4174.28495;4180.15003;4169.85556;4176.81148
2025-11-28 11:00:00;4163.3649;4180.07468;4163.08925;4174.18627
2025-11-28 10:00:00;4167.84311;4174.79229;4158.86553;4163.38657
2025-11-28 09:00:00;4166.6807;4169.56262;4160.67953;4167.87308
2025-11-28 08:00:00;4174.59294;4175.34626;4161.2792;4166.71272
2025-11-28 07:00:00;4187.59548;4187.59975;4174.29477;4174.5627
2025-11-28 06:00:00;4183.60641;4188.49295;4181.96966;4187.60485
2025-11-28 05:00:00;4188.39271;4188.57975;4180.99749;4183.60616
2025-11-28 04:00:00;4184.19679;4188.842;4180.55052;4188.47624
2025-11-28 03:00:00;4189.24178;4191.51332;4183.20337;4184.22566
2025-11-28 02:00:00;4190.89427;4191.41888;4186.0967;4189.34336
2025-11-28 01:00:00;4181.68186;4192.66364;4180.48148;4190.8193
2025-11-28 00:00:00;4163.25243;4186.03453;4163.25243;4181.66936
2025-11-27 23:00:00;4158.95041;4163.72376;4158.33;4163.35358
2025-11-27 22:00:00;4157.93331;4158.95292;4157.71222;4158.95292
2025-11-27 21:00:00;4158.0668;4158.19245;4157.72411;4157.95363
2025-11-27 20:00:00;4158.00496;4158.14355;4157.6383;4158.05978
2025-11-27 19:00:00;4159.23413;4160.48526;4157.47127;4157.99178
2025-11-27 18:00:00;4157.63391;4159.66981;4155.9182;4159.23217
2025-11-27 17:00:00;4156.96428;4159.04687;4154.84272;4157.54979
2025-11-27 16:00:00;4157.76773;4158.30122;4152.4123;4156.99308
2025-11-27 15:00:00;4155.93385;4162.1062;4153.95434;4157.69685
2025-11-27 14:00:00;4154.37999;4160.90809;4153.92726;4155.91303
2025-11-27 13:00:00;4156.28873;4157.45652;4149.6406;4154.45962
2025-11-27 12:00:00;4158.08804;4159.18349;4154.64271;4156.3556
2025-11-27 11:00:00;4156.2319;4162.51123;4156.03551;4158.12536
2025-11-27 10:00:00;4160.41336;4160.60035;4153.35867;4156.12441
2025-11-27 09:00:00;4166.14561;4166.25942;4149.61006;4160.41053
2025-11-27 08:00:00;4159.73135;4167.05449;4159.65984;4166.19138
2025-11-27 07:00:00;4157.0787;4162.12954;4155.48778;4159.78009
2025-11-27 06:00:00;4146.91316;4159.15372;4146.70767;4157.12301
2025-11-27 05:00:00;4150.99722;4154.1712;4144.06331;4146.72548
2025-11-27 04:00:00;4149.26588;4154.40264;4143.6376;4151.1013
2025-11-27 03:00:00;4145.8071;4150.30011;4145.08596;4149.30215
2025-11-27 02:00:00;4152.89955;4155.55011;4145.31102;4145.83083
2025-11-27 01:00:00;4163.91574;4164.75309;4149.09234;4152.71624
2025-11-27 00:00:00;4166.15261;4167.0693;4162.1582;4163.9112
2025-11-26 23:00:00;4163.88554;4168.69798;4163.08452;4166.21019
2025-11-26 22:00:00;4163.78922;4164.12224;4163.35227;4163.91841
2025-11-26 21:00:00;4163.73492;4167.16389;4162.30619;4163.81582
2025-11-26 20:00:00;4163.49718;4167.71409;4161.75816;4163.57573
2025-11-26 19:00:00;4164.94583;4169.41851;4162.30771;4163.51163
2025-11-26 18:00:00;4166.95514;4171.14884;4158.41091;4164.91512
2025-11-26 17:00:00;4166.78522;4169.35194;4165.18709;4166.97956
2025-11-26 16:00:00;4164.02072;4168.50597;4161.71314;4166.85107
2025-11-26 15:00:00;4145.0124;4164.13932;4138.97886;4164.11843
2025-11-26 14:00:00;4151.08021;4156.82244;4141.02039;4145.12236
2025-11-26 13:00:00;4154.46103;4165.60519;4149.73858;4151.17342
2025-11-26 12:00:00;4172.15184;4172.95421;4151.6998;4154.52482
2025-11-26 11:00:00;4158.68801;4174.01012;4157.90541;4172.27843
2025-11-26 10:00:00;4161.18977;4164.759;4155.97971;4158.92067
2025-11-26 09:00:00;4160.53148;4165.0734;4157.36645;4160.97156
2025-11-26 08:00:00;4158.09291;4167.79563;4156.27487;4160.15354
2025-11-26 07:00:00;4149.31316;4160.66957;4149.2614;4158.19675
2025-11-26 06:00:00;4162.57448;4162.86937;4147.94977;4149.26785
2025-11-26 05:00:00;4162.1678;4167.95279;4160.75808;4162.62979
2025-11-26 04:00:00;4165.34866;4166.32337;4156.68787;4162.19164
2025-11-26 03:00:00;4162.89607;4169.83823;4160.96101;4165.30879
2025-11-26 02:00:00;4149.04637;4166.44848;4147.75778;4162.91056
2025-11-26 01:00:00;4143.32025;4152.63791;4139.52154;4149.07601
2025-11-26 00:00:00;4133.21124;4144.65488;4133.12441;4143.5066
2025-11-25 23:00:00;4130.76044;4136.24279;4129.44797;4133.1399
2025-11-25 22:00:00;4130.82486;4132.70559;4129.96876;4130.77087
2025-11-25 21:00:00;4132.48965;4132.83043;4127.49532;4130.87344
2025-11-25 20:00:00;4133.36559;4137.99681;4131.45881;4132.44745
2025-11-25 19:00:00;4137.25592;4141.11795;4129.01149;4133.2823
2025-11-25 18:00:00;4146.3239;4150.37617;4136.43741;4137.14184
2025-11-25 17:00:00;4136.25277;4159.14589;4136.25277;4146.33328
2025-11-25 16:00:00;4122.79116;4140.47874;4122.51253;4136.34041
2025-11-25 15:00:00;4124.37024;4133.48626;4119.37994;4122.51693
2025-11-25 14:00:00;4145.31373;4148.28804;4110.85419;4124.13426
2025-11-25 13:00:00;4126.89503;4150.50914;4126.89503;4145.66589
2025-11-25 12:00:00;4133.15417;4138.20226;4118.67864;4126.95016
2025-11-25 11:00:00;4129.66695;4136.16427;4127.99218;4133.18874
2025-11-25 10:00:00;4129.06097;4138.30501;4126.98624;4129.38364
2025-11-25 09:00:00;4116.34911;4131.13332;4115.72917;4129.09342
2025-11-25 08:00:00;4133.54092;4139.06053;4110.34558;4116.22806
2025-11-25 07:00:00;4141.9902;4146.20195;4131.29988;4133.60003
2025-11-25 06:00:00;4151.0531;4152.09721;4139.23851;4141.98743
2025-11-25 05:00:00;4141.21061;4152.27156;4140.6825;4151.09445
2025-11-25 04:00:00;4143.659;4147.91956;4140.7986;4141.25759
2025-11-25 03:00:00;4150.85487;4151.06176;4141.40727;4143.70973
2025-11-25 02:00:00;4134.23138;4154.791;4133.8331;4150.97234
2025-11-25 01:00:00;4130.36179;4138.9564;4123.54479;4134.09845
2025-11-25 00:00:00;4142.22458;4144.08258;4130.42409;4130.42409
2025-11-24 23:00:00;4136.8777;4145.20307;4127.77405;4142.52981
2025-11-24 22:00:00;4134.19015;4137.541;4134.12526;4136.9699
2025-11-24 21:00:00;4131.38085;4140.32626;4130.55786;4134.13329
2025-11-24 20:00:00;4119.40396;4133.22792;4118.72734;4131.01676
2025-11-24 19:00:00;4119.79131;4123.66329;4114.72555;4119.43498
2025-11-24 18:00:00;4093.44255;4127.83474;4087.73982;4119.69103
2025-11-24 17:00:00;4098.12502;4100.4941;4089.9942;4093.46294
2025-11-24 16:00:00;4091.1825;4100.52773;4090.71012;4098.08764
2025-11-24 15:00:00;4083.39093;4093.33594;4082.20885;4091.3445
2025-11-24 14:00:00;4076.76892;4086.24466;4069.83081;4083.58957
2025-11-24 13:00:00;4078.55666;4086.39302;4074.75232;4077.09477
2025-11-24 12:00:00;4070.44092;4085.04462;4066.75779;4078.62944
2025-11-24 11:00:00;4066.0109;4071.65295;4063.9255;4070.51673
2025-11-24 10:00:00;4070.19703;4076.52346;4064.64646;4065.9213
2025-11-24 09:00:00;4063.12301;4074.67778;4063.12301;4070.43266
2025-11-24 08:00:00;4060.05632;4066.63791;4059.62415;4063.29239
2025-11-24 07:00:00;4053.329;4066.70007;4052.65152;4060.08362
2025-11-24 06:00:00;4046.61832;4058.08186;4045.9025;4053.35101
2025-11-24 05:00:00;4043.35621;4048.779;4041.3507;4046.64946
2025-11-24 04:00:00;4050.20039;4060.61733;4043.17306;4043.48534
2025-11-24 03:00:00;4041.80725;4057.2799;4041.80725;4050.21502
2025-11-24 02:00:00;4044.58054;4051.06929;4040.59968;4042.13629
2025-11-24 01:00:00;4067.45489;4070.3343;4043.9228;4044.6381
2025-11-24 00:00:00;4074.8008;4075.30213;4058.91888;4067.51436
2025-11-23 23:00:00;4065.89019;4076.79046;4065.79324;4074.9096
2025-11-23 22:00:00;4065.97362;4066.12578;4065.79039;4065.89756
2025-11-23 21:00:00;4065.88854;4066.3439;4065.79854;4065.99958
2025-11-23 20:00:00;4065.88586;4066.06954;4065.81929;4065.92753
2025-11-23 19:00:00;4065.8935;4066.14254;4065.81953;4065.93911
2025-11-23 18:00:00;4065.8935;4066.07646;4065.83269;4065.96211
2025-11-23 17:00:00;4065.8935;4066.0761;4065.83258;4065.97325
2025-11-23 16:00:00;4065.8935;4066.07646;4065.83257;4065.98096
2025-11-23 15:00:00;4065.8935;4066.07646;4065.83257;4065.98467
2025-11-23 14:00:00;4065.8935;4066.07645;4065.83257;4065.98415
2025-11-23 13:00:00;4065.8935;4066.07645;4065.83257;4065.97942
2025-11-22 12:00:00;4065.88506;4066.07742;4065.82591;4065.96908
2025-11-22 11:00:00;4065.8834;4066.07572;4065.82261;4065.94685
2025-11-22 10:00:00;4065.88688;4066.07501;4065.81827;4065.93037
2025-11-22 09:00:00;4065.88688;4066.07453;4065.82456;4065.9176
2025-11-22 08:00:00;4065.88374;4066.07643;4065.81659;4065.9017
2025-11-22 07:00:00;4065.89184;4066.07478;4065.8199;4065.88359
2025-11-22 06:00:00;4065.88552;4066.07643;4065.82456;4065.87879
2025-11-22 05:00:00;4065.88555;4066.0698;4065.81812;4065.86266
2025-11-22 04:00:00;4065.89317;4066.07643;4065.82094;4065.85663
2025-11-22 03:00:00;4065.88555;4066.06964;4065.8181;4065.86301
2025-11-22 02:00:00;4065.88523;4066.0746;4065.82585;4065.85712
2025-11-22 01:00:00;4065.87765;4066.07622;4065.81636;4065.86353
2025-11-22 00:00:00;4065.88539;4066.07478;4065.81808;4065.86521
2025-11-21 23:00:00;4065.88854;4066.07621;4065.82293;4065.88675
2025-11-21 22:00:00;4065.83848;4066.12971;4065.82101;4065.90523
2025-11-21 21:00:00;4062.23271;4067.07003;4054.98727;4065.89854
2025-11-21 20:00:00;4087.46663;4088.56214;4056.37575;4063.0753
2025-11-21 19:00:00;4082.69155;4091.12947;4082.58953;4087.44933
2025-11-21 18:00:00;4085.06385;4086.94524;4075.70455;4082.68097
2025-11-21 17:00:00;4097.89654;4098.74008;4078.05847;4085.19094
2025-11-21 16:00:00;4069.82403;4099.55818;4065.30487;4098.00635
2025-11-21 15:00:00;4072.405;4074.45946;4057.04613;4069.80219
2025-11-21 14:00:00;4079.82121;4083.35939;4060.62194;4072.4955
2025-11-21 13:00:00;4062.487;4080.99978;4058.65049;4079.7797
2025-11-21 12:00:00;4036.93396;4070.51443;4035.53548;4062.87504
2025-11-21 11:00:00;4036.91158;4045.42105;4029.73266;4036.89051
2025-11-21 10:00:00;4050.73812;4052.09194;4033.38513;4036.87067
2025-11-21 09:00:00;4042.44935;4062.10726;4039.84576;4050.85604
2025-11-21 08:00:00;4030.85766;4048.1241;4025.7184;4042.64376
2025-11-21 07:00:00;4034.73862;4039.84423;4025.66492;4031.02888
2025-11-21 06:00:00;4050.99356;4060.92367;4032.9116;4034.75216
2025-11-21 05:00:00;4051.0931;4059.87942;4040.94002;4052.03654
2025-11-21 04:00:00;4056.88254;4062.28046;4047.47989;4051.17452
2025-11-21 03:00:00;4057.8632;4059.81609;4050.01261;4056.89782
2025-11-21 02:00:00;4069.3764;4079.74091;4057.50346;4057.65101
2025-11-21 01:00:00;4074.19694;4074.27242;4060.61815;4069.44166
2025-11-21 00:00:00;4078.1924;4081.61011;4071.27003;4074.19935
2025-11-20 23:00:00;4076.83862;4088.128;4074.12608;4078.25686
2025-11-20 22:00:00;4077.16301;4078.29701;4076.80729;4076.80918
2025-11-20 21:00:00;4074.41632;4080.79123;4074.13765;4077.11663
2025-11-20 20:00:00;4084.50767;4084.94022;4073.49847;4074.15355
2025-11-20 19:00:00;4059.42844;4087.12585;4059.36406;4084.63177
2025-11-20 18:00:00;4066.30455;4072.79009;4056.48373;4059.34515
2025-11-20 17:00:00;4051.75904;4069.31266;4045.62352;4066.45896
2025-11-20 16:00:00;4078.39709;4081.31173;4050.60626;4051.67221
2025-11-20 15:00:00;4095.28382;4097.15969;4076.71554;4078.35935
2025-11-20 14:00:00;4074.20578;4110.93765;4073.85582;4095.43492
2025-11-20 13:00:00;4079.49751;4094.36191;4071.7467;4074.67978
2025-11-20 12:00:00;4059.35385;4080.18933;4059.25578;4079.26721
2025-11-20 11:00:00;4060.93952;4067.2487;4051.73749;4059.25229
2025-11-20 10:00:00;4065.49701;4068.04587;4059.45811;4060.90786
2025-11-20 09:00:00;4067.94864;4071.73787;4055.16588;4065.43943
2025-11-20 08:00:00;4059.6745;4068.04864;4040.886;4068.04864
2025-11-20 07:00:00;4067.95067;4075.39577;4055.31641;4059.57591
2025-11-20 06:00:00;4070.26039;4079.91913;4058.01334;4067.99945
2025-11-20 05:00:00;4077.01455;4077.09171;4064.45136;4070.13039
2025-11-20 04:00:00;4070.98994;4081.01135;4069.2287;4077.0383
2025-11-20 03:00:00;4067.89872;4086.00155;4065.9223;4070.70419
2025-11-20 02:00:00;4083.79322;4083.88579;4044.95331;4067.95316
2025-11-20 01:00:00;4102.38189;4108.14532;4081.85961;4083.87937
2025-11-20 00:00:00;4104.86871;4110.6399;4100.70043;4102.21339
2025-11-19 23:00:00;4077.86604;4108.00028;4077.83056;4104.88141
2025-11-19 22:00:00;4077.76376;4078.42179;4077.76376;4077.85937
2025-11-19 21:00:00;4075.82524;4086.10105;4067.10951;4077.76528
2025-11-19 20:00:00;4074.14058;4081.51387;4072.14078;4075.75249
2025-11-19 19:00:00;4088.01589;4088.09316;4069.94109;4074.0584
2025-11-19 18:00:00;4077.97456;4090.69869;4076.80739;4088.0808
2025-11-19 17:00:00;4073.92573;4080.41278;4054.87269;4078.19055
2025-11-19 16:00:00;4093.70947;4096.4372;4069.3175;4073.92032
2025-11-19 15:00:00;4123.62941;4132.42981;4087.39954;4093.64089
2025-11-19 14:00:00;4108.68218;4123.76782;4103.98199;4123.58401
2025-11-19 13:00:00;4114.96176;4117.10527;4101.06731;4108.75111
2025-11-19 12:00:00;4113.31221;4119.789;4112.91243;4114.96844
2025-11-19 11:00:00;4108.9421;4116.58562;4105.97555;4113.35067
2025-11-19 10:00:00;4114.39014;4117.97765;4108.88774;4108.88774
2025-11-19 09:00:00;4084.27631;4117.04896;4082.23297;4114.40415
2025-11-19 08:00:00;4089.09625;4089.09925;4079.3566;4084.30719
2025-11-19 07:00:00;4090.96742;4096.22376;4085.81118;4089.05023
2025-11-19 06:00:00;4094.77559;4099.1475;4089.22528;4091.02315
2025-11-19 05:00:00;4075.80602;4097.69059;4075.01055;4094.82275
2025-11-19 04:00:00;4067.6914;4076.5869;4064.56981;4075.87303
2025-11-19 03:00:00;4076.31536;4078.0283;4067.78334;4067.78334
2025-11-19 02:00:00;4057.79948;4080.66983;4057.0592;4076.34462
2025-11-19 01:00:00;4069.28939;4070.95931;4057.68805;4057.70458
2025-11-19 00:00:00;4076.9693;4077.69956;4068.8328;4069.32188
2025-11-18 23:00:00;4068.34329;4076.94194;4067.22664;4076.94194
2025-11-18 22:00:00;4067.40578;4068.54256;4066.06822;4068.41177
2025-11-18 21:00:00;4069.62644;4071.95467;4064.86061;4067.49807
2025-11-18 20:00:00;4081.01883;4081.72149;4068.11347;4069.63756
2025-11-18 19:00:00;4073.5385;4081.09747;4071.50127;4081.01142
2025-11-18 18:00:00;4072.38576;4074.01466;4062.79841;4073.45333
2025-11-18 17:00:00;4068.18791;4076.11095;4061.35646;4072.46221
2025-11-18 16:00:00;4055.05063;4068.26559;4043.54376;4068.14594
2025-11-18 15:00:00;4068.95923;4069.17312;4052.5327;4055.07359
2025-11-18 14:00:00;4069.21893;4079.86217;4063.81808;4069.02819
2025-11-18 13:00:00;4030.38146;4070.10354;4030.32801;4069.48068
2025-11-18 12:00:00;4038.95466;4046.7621;4029.365;4030.31715
2025-11-18 11:00:00;4043.24088;4050.12769;4038.95743;4038.95743
2025-11-18 10:00:00;4040.39901;4048.69445;4038.10567;4043.23507
2025-11-18 09:00:00;4038.16387;4048.83997;4031.24637;4040.37536
2025-11-18 08:00:00;4013.28709;4041.97854;4010.886;4038.16448
2025-11-18 07:00:00;4010.55004;4017.0194;3999.63117;4013.44568
2025-11-18 06:00:00;4017.24742;4020.75161;4008.38657;4010.6931
2025-11-18 05:00:00;4010.52987;4024.88253;4006.91502;4017.33458
2025-11-18 04:00:00;4013.35081;4017.68639;4005.40017;4010.75848
2025-11-18 03:00:00;4016.10993;4024.30733;4009.59427;4013.29263
2025-11-18 02:00:00;4025.80881;4035.52922;4015.48947;4016.49842
2025-11-18 01:00:00;4036.51287;4044.04579;4023.61805;4025.84181
2025-11-18 00:00:00;4033.88867;4039.67785;4026.50741;4035.75658
2025-11-17 23:00:00;4045.79025;4054.2544;4030.59151;4034.38751
2025-11-17 22:00:00;4045.79517;4046.01074;4045.02505;4045.76515
2025-11-17 21:00:00;4041.96991;4046.44128;4039.99312;4045.80593
2025-11-17 20:00:00;4012.09619;4043.00358;4008.68296;4041.98021
2025-11-17 19:00:00;4063.60049;4065.62936;4011.04777;4012.12221
2025-11-17 18:00:00;4073.23827;4076.92006;4062.91103;4063.66074
2025-11-17 17:00:00;4070.22369;4080.7252;4070.22369;4073.31062
2025-11-17 16:00:00;4065.10424;4072.0697;4052.67111;4070.25207
2025-11-17 15:00:00;4074.73601;4076.30016;4063.57138;4065.21229
2025-11-17 14:00:00;4065.96066;4080.19878;4061.59877;4074.72766
2025-11-17 13:00:00;4079.08843;4090.2478;4062.03112;4065.85824
2025-11-17 12:00:00;4078.85594;4084.57555;4073.82851;4078.99972
2025-11-17 11:00:00;4070.57633;4084.74687;4059.35446;4078.88485
2025-11-17 10:00:00;4083.65572;4089.51492;4069.46892;4070.59624
2025-11-17 09:00:00;4077.93402;4087.53789;4073.35278;4083.58779
2025-11-17 08:00:00;4087.22415;4094.57156;4072.61744;4077.73491
2025-11-17 07:00:00;4066.46928;4089.11265;4066.04047;4087.51858
2025-11-17 06:00:00;4058.16347;4071.3171;4055.07305;4066.52324
2025-11-17 05:00:00;4078.90485;4078.94205;4050.88346;4058.18346
2025-11-17 04:00:00;4083.09261;4087.41633;4076.21008;4078.97125
2025-11-17 03:00:00;4083.6096;4085.01109;4071.85619;4082.93813
2025-11-17 02:00:00;4091.39037;4092.7694;4082.92796;4083.67831
2025-11-17 01:00:00;4084.267;4101.33775;4082.83359;4091.41607
2025-11-17 00:00:00;4097.41051;4097.4802;4082.52619;4084.51218
2025-11-16 23:00:00;4079.53128;4106.23731;4078.10184;4097.48381
2025-11-16 22:00:00;4080.4456;4080.65145;4079.35409;4079.62002
2025-11-16 21:00:00;4080.43669;4080.6335;4080.38044;4080.51575
2025-11-16 20:00:00;4080.45515;4080.63843;4080.3677;4080.49406
2025-11-16 19:00:00;4080.45349;4080.63477;4080.36819;4080.496
2025-11-16 18:00:00;4080.45349;4080.63709;4080.39233;4080.47827
2025-11-16 17:00:00;4080.45349;4080.63709;4080.3925;4080.4625
2025-11-16 16:00:00;4080.45349;4080.63679;4080.39233;4080.44824
2025-11-16 15:00:00;4080.45349;4080.63709;4080.39233;4080.43649
2025-11-16 14:00:00;4080.45349;4080.63709;4080.39233;4080.42807
2025-11-16 13:00:00;4080.45349;4080.63709;4080.39232;4080.42357
2025-11-15 12:00:00;4080.45682;4080.64181;4080.39587;4080.42743
2025-11-15 11:00:00;4080.45848;4080.64307;4080.39706;4080.43272
2025-11-15 10:00:00;4080.45682;4080.64207;4080.39374;4080.44356
2025-11-15 09:00:00;4080.46015;4080.64017;4080.39132;4080.45412
2025-11-15 08:00:00;4080.44849;4080.64182;4080.38598;4080.47227
2025-11-15 07:00:00;4080.44849;4080.63874;4080.38623;4080.47584
2025-11-15 06:00:00;4080.45864;4080.63899;4080.38563;4080.49197
2025-11-15 05:00:00;4080.45848;4080.64136;4080.39564;4080.51765
2025-11-15 04:00:00;4080.45848;4080.64374;4080.38764;4080.53091
2025-11-15 03:00:00;4080.44548;4080.64064;4080.38229;4080.54116
2025-11-15 02:00:00;4080.45082;4080.6337;4080.38625;4080.53418
2025-11-15 01:00:00;4080.44618;4080.63421;4080.38229;4080.54193
2025-11-15 00:00:00;4080.45074;4080.62916;4080.38115;4080.53697
2025-11-14 23:00:00;4080.45016;4080.63203;4080.38229;4080.53459
2025-11-14 22:00:00;4080.97355;4081.05545;4080.38063;4080.52494
2025-11-14 21:00:00;4086.23435;4087.06898;4077.49352;4081.00425
2025-11-14 20:00:00;4089.52774;4092.08163;4075.2912;4086.25796
2025-11-14 19:00:00;4099.06902;4099.14884;4088.67736;4089.59042
2025-11-14 18:00:00;4099.98586;4102.69632;4083.06101;4099.09914
2025-11-14 17:00:00;4103.60082;4111.72468;4095.56025;4099.86737
2025-11-14 16:00:00;4090.91996;4109.44688;4083.39822;4103.69067
2025-11-14 15:00:00;4076.43053;4095.39565;4068.93451;4090.98202
2025-11-14 14:00:00;4055.32703;4077.03398;4034.28982;4075.80207
2025-11-14 13:00:00;4114.04142;4117.82145;4043.72726;4055.21494
2025-11-14 12:00:00;4133.43454;4139.79919;4109.35235;4114.19426
2025-11-14 11:00:00;4168.85967;4169.05276;4133.50977;4133.50977
2025-11-14 10:00:00;4170.41132;4170.68391;4160.93468;4169.08265
2025-11-14 09:00:00;4171.54188;4180.31774;4166.25261;4170.42169
2025-11-14 08:00:00;4180.21106;4185.43736;4171.13706;4171.13706
2025-11-14 07:00:00;4173.34065;4181.22629;4160.69763;4180.23152
2025-11-14 06:00:00;4189.35555;4193.89085;4171.28877;4173.41374
2025-11-14 05:00:00;4202.9407;4204.0171;4184.30028;4189.40335
2025-11-14 04:00:00;4204.6565;4205.67115;4197.03659;4202.80172
2025-11-14 03:00:00;4209.01649;4210.97208;4202.44151;4204.68691
2025-11-14 02:00:00;4190.36409;4209.35984;4189.51188;4209.08313
2025-11-14 01:00:00;4183.99718;4193.79831;4174.14902;4190.48212
2025-11-14 00:00:00;4184.96651;4190.21436;4179.27519;4183.907
2025-11-13 23:00:00;4171.36815;4186.21061;4171.03414;4185.02345
2025-11-13 22:00:00;4171.54413;4171.96701;4171.30567;4171.3499
2025-11-13 21:00:00;4163.27713;4186.31118;4161.61167;4171.54613
2025-11-13 20:00:00;4164.48871;4169.8995;4160.68375;4163.2721
2025-11-13 19:00:00;4156.56548;4169.75097;4148.15058;4164.62689
2025-11-13 18:00:00;4201.78667;4202.64549;4141.94031;4156.36104
2025-11-13 17:00:00;4205.74673;4207.43291;4195.22928;4201.7803
2025-11-13 16:00:00;4199.83186;4210.14914;4197.40228;4205.7538
2025-11-13 15:00:00;4198.93753;4204.63299;4187.5334;4199.6916
2025-11-13 14:00:00;4230.96499;4231.39014;4183.51826;4198.81262
2025-11-13 13:00:00;4242.69049;4244.30211;4220.91359;4230.88851
2025-11-13 12:00:00;4230.82943;4242.4896;4229.72293;4242.4896
2025-11-13 11:00:00;4224.94811;4232.10481;4220.80653;4230.82612
2025-11-13 10:00:00;4233.05114;4239.97504;4222.89345;4225.0973
2025-11-13 09:00:00;4234.44575;4239.10376;4225.90289;4233.17541
2025-11-13 08:00:00;4218.37277;4238.30547;4218.37277;4234.42545
2025-11-13 07:00:00;4211.23047;4218.90955;4208.80688;4218.50049
2025-11-13 06:00:00;4212.2808;4212.84118;4202.70945;4211.30022
2025-11-13 05:00:00;4208.38198;4217.99092;4207.78074;4212.37907
2025-11-13 04:00:00;4211.11508;4218.86881;4204.00268;4207.9403
2025-11-13 03:00:00;4190.14643;4211.56857;4189.92101;4211.25284
2025-11-13 02:00:00;4192.76017;4195.41844;4183.86118;4189.94896
2025-11-13 01:00:00;4205.59063;4207.3335;4180.87648;4192.92642
2025-11-13 00:00:00;4191.30252;4208.66089;4186.84182;4205.63756
2025-11-12 23:00:00;4197.29468;4206.8785;4188.04708;4191.33832
2025-11-12 22:00:00;4194.87838;4197.41618;4194.71464;4197.32373
2025-11-12 21:00:00;4195.53052;4202.69233;4191.65744;4194.7449
2025-11-12 20:00:00;4196.38921;4198.85905;4192.66727;4195.54147
2025-11-12 19:00:00;4207.81064;4209.62408;4192.96966;4196.46651
2025-11-12 18:00:00;4201.13209;4213.30684;4189.02733;4207.94202
2025-11-12 17:00:00;4195.09313;4205.49833;4192.80761;4201.28868
2025-11-12 16:00:00;4180.89564;4195.44521;4180.33473;4195.44521
2025-11-12 15:00:00;4136.80407;4183.81018;4135.80197;4180.94645
2025-11-12 14:00:00;4125.4128;4139.34225;4125.4128;4136.80946
2025-11-12 13:00:00;4130.52057;4131.33965;4124.3506;4125.6765
2025-11-12 12:00:00;4125.05689;4139.10669;4125.05689;4130.45919
2025-11-12 11:00:00;4128.83035;4130.59805;4123.48892;4125.32428
2025-11-12 10:00:00;4123.59114;4128.83335;4118.83094;4128.83335
2025-11-12 09:00:00;4130.28646;4133.11075;4120.11516;4123.55391
2025-11-12 08:00:00;4117.30144;4132.74522;4112.57532;4130.36086
2025-11-12 07:00:00;4117.49439;4125.50428;4113.90325;4117.28588
2025-11-12 06:00:00;4104.10617;4118.45232;4104.08352;4117.69203
2025-11-12 05:00:00;4110.98308;4111.08273;4100.37736;4104.09496
2025-11-12 04:00:00;4113.31689;4113.41553;4104.99137;4111.02151
2025-11-12 03:00:00;4122.56399;4124.97501;4111.32287;4113.33747
2025-11-12 02:00:00;4131.29936;4135.42176;4119.38849;4122.6391
2025-11-12 01:00:00;4134.72965;4136.85506;4125.90563;4131.38339
2025-11-12 00:00:00;4143.00401;4145.13951;4135.02732;4135.09087
2025-11-11 23:00:00;4126.78984;4144.23116;4126.73102;4142.98891
2025-11-11 22:00:00;4126.83948;4127.04971;4126.61658;4126.76043
2025-11-11 21:00:00;4130.71386;4131.20096;4125.48807;4126.80856
2025-11-11 20:00:00;4123.20807;4131.60349;4121.95514;4130.65728
2025-11-11 19:00:00;4114.46947;4125.75355;4112.94721;4123.19184
2025-11-11 18:00:00;4114.5938;4116.06546;4106.55542;4114.49514
2025-11-11 17:00:00;4113.90476;4117.44094;4110.28629;4114.63024
2025-11-11 16:00:00;4107.51205;4115.3809;4105.6365;4113.96515
2025-11-11 15:00:00;4127.55703;4127.64046;4096.85211;4107.56619
2025-11-11 14:00:00;4144.16503;4144.2114;4121.44478;4127.55837
2025-11-11 13:00:00;4136.14642;4146.07515;4134.65443;4144.22799
2025-11-11 12:00:00;4134.83;4142.07027;4128.96;4136.22557
2025-11-11 11:00:00;4132.5;4137.02;4131.19;4134.6
2025-11-11 10:00:00;4133.11;4134.82;4124;4132.49
2025-11-11 09:00:00;4128.36;4137.46;4127.97;4133.17
2025-11-11 08:00:00;4119.23;4130;4118.63;4128.35
2025-11-11 07:00:00;4117.97;4122.08;4111.28;4119.23
2025-11-11 06:00:00;4114.62;4123.34;4112.6;4118.08
2025-11-11 05:00:00;4134.5;4134.5;4112.24;4114.95
2025-11-11 04:00:00;4132.3;4135.99;4131.03;4134.5
2025-11-11 03:00:00;4129.13;4139.34;4128.85;4132.45
2025-11-11 02:00:00;4128.43;4132.63;4122.95;4129.13
2025-11-11 01:00:00;4124.52;4134.91;4121.56;4128.41
2025-11-11 00:00:00;4114.68;4126.3;4111.58;4124.51
2025-11-10 23:00:00;4099.85;4122.64014;4099.21;4114.67
2025-11-10 22:00:00;4106.71;4107.27;4098.11;4099.85
2025-11-10 21:00:00;4104.09;4107.06;4102.7;4106.71
2025-11-10 20:00:00;4105.78;4106.65;4097.93;4104.1
2025-11-10 19:00:00;4104.45;4106.38;4097.98;4105.78
2025-11-10 18:00:00;4099.17;4110;4093.43;4104.45
2025-11-10 17:00:00;4090;4099.17;4089.17;4099.17
2025-11-10 16:00:00;4077.27;4092.77;4075.91;4090
2025-11-10 15:00:00;4078.26;4087.27;4073.09;4077.27
2025-11-10 14:00:00;4089.87;4091.04;4072.81;4078.25
2025-11-10 13:00:00;4095.25;4104.86;4085.81;4090.21
2025-11-10 12:00:00;4082.6;4097.83;4081.94;4095.25
2025-11-10 11:00:00;4076;4082.35;4072.36;4082.35
2025-11-10 10:00:00;4071.68;4078.17;4071.68;4076
2025-11-10 09:00:00;4078.91;4079.9;4066.68;4071.68
2025-11-10 08:00:00;4073.31;4080;4071.76;4078.91
2025-11-10 07:00:00;4072.7;4074.8;4068.34;4073.3
2025-11-10 06:00:00;4066;4075;4063.45;4072.35
2025-11-10 05:00:00;4051.9;4066.01;4045.65;4066.01
2025-11-10 04:00:00;4044.9;4053.49;4044.89;4051.9
2025-11-10 03:00:00;4040.24;4046.24;4037.23;4044.88
2025-11-10 02:00:00;4034.5;4044.67;4029.72;4040.24
2025-11-10 01:00:00;4015.47;4052.70996;4012.21;4034.5
2025-11-10 00:00:00;4004.79;4017.1;4004.65;4015.46
2025-11-09 23:00:00;3996.56;4012.06;3995.45;4004.69
2025-11-09 22:00:00;3997.16;3997.17;3994.22;3996.5
2025-11-08 12:00:00;3990.91;3992.72;3987.9;3992.44
2025-11-08 11:00:00;3991.08;3993.65;3988.96;3990.91
2025-11-08 10:00:00;3988.15;3991.08;3986.93;3991.08
2025-11-08 09:00:00;3991.3;3991.84;3987.86;3988.14
2025-11-08 08:00:00;3988.16;3991.36;3988.01;3991.3
2025-11-08 07:00:00;3992.43;3992.43;3986.75;3988.16
2025-11-08 06:00:00;3991.14;3994.14;3987.32;3992.44
2025-11-08 05:00:00;3993.09;3994.57;3987.85;3991.05
2025-11-08 04:00:00;3996.64;3998.21;3993.09;3993.09
2025-11-08 03:00:00;3995.52;3999.44;3995;3996.64
2025-11-08 02:00:00;3999.61;3999.61;3995.51;3995.52
2025-11-08 01:00:00;3991.9;4000;3991.6;3999.6
2025-11-08 00:00:00;3992.02;3997.58;3991.9;3991.9
2025-11-07 23:00:00;3996.83;3997.27;3990.5;3992.01
2025-11-07 22:00:00;3997.94;3998.41;3994.56;3996.83
2025-11-07 21:00:00;4001.71;4002.9;3995.95;3997.95
2025-11-07 20:00:00;4003.1;4003.1;3992.68;4001.72
2025-11-07 19:00:00;4002.4;4008.02;3999.84;4003.11
2025-11-07 18:00:00;3999.73;4004;3996.1;4002.41
2025-11-07 17:00:00;3997.98;4000.45;3986.2;3999.74
2025-11-07 16:00:00;3982.06;4014.99;3981.47;3997.99
2025-11-07 15:00:00;3984.47;3989.45;3977.01;3982.24
2025-11-07 14:00:00;3993.25;4001.74;3978.48;3984.48
2025-11-07 13:00:00;3991.83;3996.83;3988.13;3993.25
2025-11-07 12:00:00;3997.62;4002.71;3988.23;3991.83
2025-11-07 11:00:00;4001.52;4004.77;3989.11;3997.4
2025-11-07 10:00:00;4003.47;4004.86;3998.54;4001.35
2025-11-07 09:00:00;4004.45;4007.13;3997.56;4003.46
2025-11-07 08:00:00;4002.7;4004.49;3998.91;4004.46
2025-11-07 07:00:00;4000.23;4003.85;3998.08;4002.7
2025-11-07 06:00:00;3989.25;4001.63;3987.19;4000.23
2025-11-07 05:00:00;3994.34;3995.74;3987.95;3989.25
2025-11-07 04:00:00;3986.7;3994.33;3981.63;3994.33
2025-11-07 03:00:00;3991.83;3993.4;3985.29;3986.7
2025-11-07 02:00:00;3998;3999;3988.83;3991.84
2025-11-07 01:00:00;3985.59;3998.67;3984.15;3998
2025-11-07 00:00:00;3986.26;3989.7;3980.71;3985.59
2025-11-06 23:00:00;3976.22;3986.26;3972.1;3986.26
2025-11-06 22:00:00;3974.8;3980.04;3973.25;3976.22
2025-11-06 21:00:00;3976.54;3979.25;3972.9;3974.79
2025-11-06 20:00:00;3981.31;3981.99;3975.22;3976.54
2025-11-06 19:00:00;3985.94;3992.4;3979.47;3981.31
2025-11-06 18:00:00;3984.11;3988.79;3978.6;3985.93
2025-11-06 17:00:00;3977.86;3985.42;3962.18;3984.1
2025-11-06 16:00:00;3975.31;3980.6;3972.49;3977.75
2025-11-06 15:00:00;3985.43;3985.43;3967.1;3975.32
2025-11-06 14:00:00;4010.04;4010.92;3985.43;3985.43
2025-11-06 13:00:00;4003.59;4014.67;4002.78;4010.09
2025-11-06 12:00:00;4015.74;4020;4002.52;4003.6
2025-11-06 11:00:00;4005.77;4015.75;4005;4015.75
2025-11-06 10:00:00;4008.81;4011.41;4001;4005.77
2025-11-06 09:00:00;4011.63;4013.68;4008.03;4009.1
2025-11-06 08:00:00;4002.41;4013.59;4001.92;4011.25
2025-11-06 07:00:00;3984.04;4007;3984.04;4002.18
2025-11-06 06:00:00;3981.85;3984.97;3975.21;3984.04
2025-11-06 05:00:00;3984.34;3985.21;3979.1;3981.86
2025-11-06 04:00:00;3982;3984.81;3979.92;3984.34
2025-11-06 03:00:00;3976.37;3984.59;3974.23;3981.99
2025-11-06 02:00:00;3970.68;3977.92;3967.73;3976.36
2025-11-06 01:00:00;3971.45;3972.18;3958.68;3970.69
2025-11-06 00:00:00;3971.75;3972.41;3966.28;3971.26
2025-11-05 23:00:00;3979.29;3980.62;3962.92;3971.74
2025-11-05 22:00:00;3979.62;3980.57;3976.54;3979.3
2025-11-05 21:00:00;3983.02;3984.91;3978.01;3979.61
2025-11-05 20:00:00;3984.64;3988.23;3980.91;3983.02
2025-11-05 19:00:00;3980.45;3985.32;3977;3984.63
2025-11-05 18:00:00;3981.85;3984.74;3975.16;3980.45
2025-11-05 17:00:00;3982.83;3984.68;3975.59;3981.92
2025-11-05 16:00:00;3974.86;3983.34;3971.5;3982.83
2025-11-05 15:00:00;3969.65;3980.79;3961.01;3974.86
2025-11-05 14:00:00;3970.89;3980;3966.26;3969.65
2025-11-05 13:00:00;3965.84;3974.45;3960.25;3970.57
2025-11-05 12:00:00;3961.53;3966.34;3957.36;3965.7
2025-11-05 11:00:00;3957.58;3962.54;3952.72;3961.52
2025-11-05 10:00:00;3966.08;3966.08;3952.18;3957.36
2025-11-05 09:00:00;3971.86;3972.98;3958.12;3966.07
2025-11-05 08:00:00;3965.97;3977.86;3965.97;3971.87
2025-11-05 07:00:00;3961.02;3966.91;3957.19;3965.97
2025-11-05 06:00:00;3954.44;3963.97;3952.12;3961.03
2025-11-05 05:00:00;3960.5;3968.69;3952.95;3954.44
2025-11-05 04:00:00;3957;3965.44;3955.28;3960.5
2025-11-05 03:00:00;3942.73;3960.23;3942.46;3957.01
2025-11-05 02:00:00;3926.67;3944.8;3926.67;3942.73
2025-11-05 01:00:00;3931.81;3939;3920;3926.67
2025-11-05 00:00:00;3929.45;3936.15;3921.83;3931.81
2025-11-04 23:00:00;3928.09;3934.29;3925.35;3929.18
2025-11-04 22:00:00;3926.01;3935;3924.81;3928.09
2025-11-04 21:00:00;3931.35;3932.34;3920;3926.01
2025-11-04 20:00:00;3930.56;3936.24;3922.18;3931.35
2025-11-04 19:00:00;3930.5;3939.76;3926.54;3930.56
2025-11-04 18:00:00;3945.99;3946.91;3918;3930.5
2025-11-04 17:00:00;3961.07;3963.6;3942.8;3946.42
2025-11-04 16:00:00;3951.97;3968.35;3951.97;3961.06
2025-11-04 15:00:00;3954.25;3964.16;3940.4;3951.97
2025-11-04 14:00:00;3969.79;3972.57;3927.23;3954.25
2025-11-04 13:00:00;3979.4;3988.57;3967.29;3969.8
2025-11-04 12:00:00;3991.51;3992.25;3978.84;3979.88
2025-11-04 11:00:00;3988.19;3995;3987.86;3991.52
2025-11-04 10:00:00;3985.59;3992.42;3980.27;3988.18
2025-11-04 09:00:00;3988.88;3991.99;3984.23;3985.59
2025-11-04 08:00:00;3988.3;3992.96;3983.46;3988.88
2025-11-04 07:00:00;3978.71;4009;3975.09;3988.3
2025-11-04 06:00:00;3967.52;3980.85;3960.38;3978.72
2025-11-04 05:00:00;3981.67;3984.25;3967.51;3967.51
2025-11-04 04:00:00;3991.09;3991.09;3980.78;3981.66
2025-11-04 03:00:00;3980;3996.92;3976.01;3990.87
2025-11-04 02:00:00;3984.2;3984.2;3967.12;3979.99
2025-11-04 01:00:00;3981.76;3990.01;3972.97;3984.19
2025-11-04 00:00:00;3992.02;3993.37;3975;3981.76
2025-11-03 23:00:00;3997.91;3997.97;3980.07;3992.01
2025-11-03 22:00:00;3998.01;4001.27;3994.12;3997.91
2025-11-03 21:00:00;4004.55;4005;3995.22;3998.01
2025-11-03 20:00:00;3999.67;4009.04;3999.67;4004.56
2025-11-03 19:00:00;4001.51;4002.7;3990.5;3999.2
2025-11-03 18:00:00;4002.23;4003.83;3995;4001.76
2025-11-03 17:00:00;4001.79;4006.2;3999;4002.22
2025-11-03 16:00:00;4003.78;4008.28;3990;4001.69
2025-11-03 15:00:00;4019.28;4024.93;4000;4003.73
2025-11-03 14:00:00;4013.48;4021.03;4001.2;4019.28
2025-11-03 13:00:00;4009.88;4016.09;4008.3;4013.48
2025-11-03 12:00:00;4003.3;4009.75;3999.59;4009.47
2025-11-03 11:00:00;3996.53;4004.8;3993.77;4003.3
2025-11-03 10:00:00;3998.22;4001.87;3980;3996.52
2025-11-03 09:00:00;4016.37;4021.75;3989.41;3998.32
2025-11-03 08:00:00;4020.35;4023.18;4008.67;4016.76
2025-11-03 07:00:00;4014.16;4020.78;4010.98;4020.34
2025-11-03 06:00:00;4011.06;4016;4008.03;4014.15
2025-11-03 05:00:00;4001;4013.12;3995.74;4011.07
2025-11-03 04:00:00;4005.89;4009.64;3999.08;4001.01
2025-11-03 03:00:00;4001.97;4010.05;3996.2;4005.89
2025-11-03 02:00:00;3997.63;4006.34;3993.32;4002.01
2025-11-03 01:00:00;3971.41;4002.21;3966.57;3997.68
2025-11-03 00:00:00;3979.05;3986.22;3962.2;3971.28
2025-11-02 23:00:00;3996.89;3997.12;3976.88;3979.05
2025-11-02 22:00:00;3997.44;3998.31;3996.89;3996.89
2025-11-01 12:00:00;4008.71;4008.71;4001.4;4001.4
2025-11-01 11:00:00;4008.45;4009.63;4007.46;4008.72
2025-11-01 10:00:00;4004.09;4009.88;4003.7;4008.45
2025-11-01 09:00:00;4003.75;4004.15;4002.18;4004.09
2025-11-01 08:00:00;4002.96;4005.62;4001.84;4003.75
2025-11-01 07:00:00;4003.53;4006.58;4002.43;4002.96
2025-11-01 06:00:00;4003.18;4006.57;4002.5;4003.53
2025-11-01 05:00:00;4005.75;4005.85;4003.18;4003.19
2025-11-01 04:00:00;4004.43;4007.15;4003.62;4005.75
2025-11-01 03:00:00;4001.95;4005.95;4001.33;4004.43
2025-11-01 02:00:00;4002.23;4003.49;3999.71;4001.95
2025-11-01 01:00:00;4002.06;4005.42;4000.84;4002.23
2025-11-01 00:00:00;4000.16;4005.63;3995.51;4002.05
2025-10-31 23:00:00;4000.09;4003.52;4000.08;4000.16
2025-10-31 22:00:00;4000.71;4003;3998.34;4000.05
2025-10-31 21:00:00;3995.93;4004.21;3995.92;4000.7
2025-10-31 20:00:00;3995.65;4001.2;3991.21;3996.23
2025-10-31 19:00:00;3995.01;4001.87;3987.22;3995.65
2025-10-31 18:00:00;3992.49;4003.21;3989.52;3995.22
2025-10-31 17:00:00;3976.39;3997.4;3973.87;3992.5
2025-10-31 16:00:00;4012.04;4013.84;3971.81;3976.39
2025-10-31 15:00:00;4020.75;4020.75;4010.43;4011.79
2025-10-31 14:00:00;4015.69;4025.92;4010.45;4020.81
2025-10-31 13:00:00;4020.81;4032.43;4011.18;4015.69
2025-10-31 12:00:00;4007.61;4032.56;4007.19;4020.82
2025-10-31 11:00:00;4002.78;4011.29;3998.71;4007.61
2025-10-31 10:00:00;4007.45;4015.7;4000.2;4002.78
2025-10-31 09:00:00;4013.09;4016.23;3999.66;4007.45
2025-10-31 08:00:00;4023.86;4031.8;4009.27;4013.09
2025-10-31 07:00:00;4013.1;4026.25;4008.33;4023.86
2025-10-31 06:00:00;4005.07;4014.51;4003.13;4013.36
2025-10-31 05:00:00;4005.24;4009.99;3994.66;4005.08
2025-10-31 04:00:00;3994.43;4007.99;3988.57;4005.24
2025-10-31 03:00:00;4009.52;4012.52;3990;3994.43
2025-10-31 02:00:00;4016.1;4016.5;4000.07;4009.23
2025-10-31 01:00:00;4024.51;4035;4011.57;4015.88
2025-10-31 00:00:00;4034.26;4034.56;4023.24;4024.51
2025-10-30 23:00:00;4033.38;4040;4015.56;4034.25
2025-10-30 22:00:00;4020.47;4038.22;4012.42;4033.38
2025-10-30 21:00:00;4023.99;4024.99;4015.06;4020.46
2025-10-30 20:00:00;4020.71;4024.43;4013.47;4023.99
2025-10-30 19:00:00;4011.15;4023;4011.15;4020.42
2025-10-30 18:00:00;4002.04;4013.98;3996.75;4011.15
2025-10-30 17:00:00;4002.24;4015.01;3993.94;4002.04
2025-10-30 16:00:00;3999.16;4002.25;3989.42;4002.25
2025-10-30 15:00:00;3995.73;4005.01;3987.95;3999.16
2025-10-30 14:00:00;3994.06;4009.8;3985.37;3995.73
2025-10-30 13:00:00;3962.07;3994.43;3960.79;3994.05
2025-10-30 12:00:00;3976.01;3986.89;3962.04;3962.5
2025-10-30 11:00:00;3984.34;3984.76;3966.12;3976.02
2025-10-30 10:00:00;3997.49;3998.49;3974.55;3984.38
2025-10-30 09:00:00;3977.22;4008.04;3954.46;3997.49
2025-10-30 08:00:00;3961.38;3977.2;3960.36;3977.2
2025-10-30 07:00:00;3975.57;3975.75;3956.85;3961.39
2025-10-30 06:00:00;3963.32;3976.04;3957.55;3975.76
2025-10-30 05:00:00;3972.62;3976.76;3947.79;3963.31
2025-10-30 04:00:00;3941.16;3985.01;3938.48;3972.8
2025-10-30 03:00:00;3929.23;3943.29;3923.15;3941.1
2025-10-30 02:00:00;3954.68;3954.68;3929.24;3929.24
2025-10-30 01:00:00;3955.33;3969.71;3951.96;3954.68
2025-10-30 00:00:00;3955.76;3967.71;3943.07;3955.32
2025-10-29 23:00:00;3945.26;3956.26;3943.35;3956.23
2025-10-29 22:00:00;3934.31;3950.84;3921.71;3945.27
2025-10-29 21:00:00;3936.16;3942.91;3934.14;3934.31
2025-10-29 20:00:00;3949.55;3960.06;3931;3936.37
2025-10-29 19:00:00;3974.77;3983.17;3933.18;3949.3
2025-10-29 18:00:00;3997.74;4008.95;3938.09;3974.78
2025-10-29 17:00:00;3995.13;3998.88;3988.94;3997.74
2025-10-29 16:00:00;3994.75;4000.91;3990;3995.13
2025-10-29 15:00:00;4011.04;4014.79;3989;3995.02
2025-10-29 14:00:00;4011.24;4021.4;4010.29;4011.04
2025-10-29 13:00:00;4025.42;4025.42;4000.95;4011.25
2025-10-29 12:00:00;4018.17;4030.63;4015.22;4025.43
2025-10-29 11:00:00;4026.17;4030.86;4013.9;4018.16
2025-10-29 10:00:00;4025.89;4031.43;4018.82;4026.17
2025-10-29 09:00:00;4017.95;4029.63;4013.6;4025.88
2025-10-29 08:00:00;4001.53;4020;3999.86;4017.94
2025-10-29 07:00:00;3981.08;4001.52;3979.1;4001.52
2025-10-29 06:00:00;3965.19;3986.29;3962.59;3981.09
2025-10-29 05:00:00;3955;3968.24;3953.08;3965.2
2025-10-29 04:00:00;3964.2;3966.24;3953.58;3955.12
2025-10-29 03:00:00;3963.53;3972.79;3960.21;3964.2
2025-10-29 02:00:00;3975.85;3975.9;3950.01;3963.74
2025-10-29 01:00:00;3981.1;3985.31;3956.66;3975.86
2025-10-29 00:00:00;3968.42;3987.5;3965.93;3981.01
2025-10-28 23:00:00;3938.73;3970.91;3938.73;3968.36
2025-10-28 22:00:00;3958.23;3964.08;3930.08;3939.28
2025-10-28 21:00:00;3955.84;3961.8;3951.11;3958.23
2025-10-28 20:00:00;3967.97;3967.97;3954.48;3955.84
2025-10-28 19:00:00;3962.1;3970.16;3957.49;3967.98
2025-10-28 18:00:00;3969.25;3970.18;3953.36;3962.09
2025-10-28 17:00:00;3964.01;3976.22;3962.54;3969.28
2025-10-28 16:00:00;3970.73;3973.7;3960.27;3964
2025-10-28 15:00:00;3953.29;3975.21;3952.33;3970.74
2025-10-28 14:00:00;3945.18;4000;3941.41;3953.29
2025-10-28 13:00:00;3921.06;3946.74;3921.06;3945.17
2025-10-28 12:00:00;3931.37;3938.37;3913.63;3921.24
2025-10-28 11:00:00;3934.38;3937.09;3919.07;3931.36
2025-10-28 10:00:00;3914.43;3939.8;3910.11;3934.37
2025-10-28 09:00:00;3907.08;3921.39;3900;3914.43
2025-10-28 08:00:00;3932.14;3934.9;3903.47;3907.07
2025-10-28 07:00:00;3940.81;3947.51;3921;3932.14
2025-10-28 06:00:00;3963.94;3965;3938;3941.32
2025-10-28 05:00:00;3972.71;3977.46;3958;3963.94
2025-10-28 04:00:00;3990.15;3991.69;3966;3973
2025-10-28 03:00:00;3980.39;3991.48;3980.39;3990.1
2025-10-28 02:00:00;4006.66;4008.2;3977.34;3980.38
2025-10-28 01:00:00;4000.07;4013.17;3998.48;4006.65
2025-10-28 00:00:00;3992.19;4002.33;3970.87;4000.17
2025-10-27 23:00:00;3981.8;3995.37;3976.47;3992.2
2025-10-27 22:00:00;3973.44;3987;3971.48;3981.8
2025-10-27 21:00:00;3973.34;3977.34;3970.08;3973.44
2025-10-27 20:00:00;3980.41;3987.09;3969.82;3973.34
2025-10-27 19:00:00;3989.37;3994.76;3977.21;3980.31
2025-10-27 18:00:00;3999.32;4002.18;3989.36;3989.36
2025-10-27 17:00:00;3993.46;4000.56;3985.12;3999.51
2025-10-27 16:00:00;3986.97;3993.94;3980;3993.46
2025-10-27 15:00:00;3987.39;3989.59;3951;3986.79
2025-10-27 14:00:00;4019.11;4020.35;3984.37;3987.39
2025-10-27 13:00:00;4040.22;4044;4009.66;4019.1
2025-10-27 12:00:00;4023.84;4048.48;4022.07;4040.21
2025-10-27 11:00:00;4035.72;4038.67;4015.88;4023.84
2025-10-27 10:00:00;4037.19;4044.28;4030;4035.72
2025-10-27 09:00:00;4043.19;4049.28;4030.22;4037.19
2025-10-27 08:00:00;4063.71;4064.24;4030;4043.33
2025-10-27 07:00:00;4075.76;4076.6;4058.68;4063.71
2025-10-27 06:00:00;4072.75;4081.07;4070.42;4075.75
2025-10-27 05:00:00;4064.89;4076.47;4059.18;4072.76
2025-10-27 04:00:00;4066.67;4066.67;4051.07;4064.89
2025-10-27 03:00:00;4067;4077.56;4059.45;4066.67
2025-10-27 02:00:00;4075.47;4075.47;4065.51;4067.01
2025-10-27 01:00:00;4079.87;4094.71;4072.07;4075.48
2025-10-27 00:00:00;4059.95;4081.86;4056.01;4079.99
2025-10-26 23:00:00;4074.16;4080.79;4056.26;4059.96
2025-10-26 22:00:00;4098.42;4099.51;4056.55;4074.58
2025-10-26 21:00:00;4098.77;4098.77;4098.42;4098.42
2025-10-25 12:00:00;4109.41;4111.65;4108.64;4111.21
2025-10-25 11:00:00;4109.62;4110.37;4107.01;4109.41
2025-10-25 10:00:00;4109.86;4116.12;4099.93;4109.62
2025-10-25 09:00:00;4110.54;4116.78;4107.84;4109.85
2025-10-25 08:00:00;4107.34;4111.09;4107.34;4110.54
2025-10-25 07:00:00;4111.02;4112.45;4105;4107.34
2025-10-25 06:00:00;4111.63;4112.92;4107.18;4111.02
2025-10-25 05:00:00;4113.64;4113.65;4109.16;4111.63
2025-10-25 04:00:00;4110.07;4117.43;4107.82;4113.65
2025-10-25 03:00:00;4116.55;4116.67;4101.77;4110.07
2025-10-25 02:00:00;4115.16;4116.74;4107.78;4116.54
2025-10-25 01:00:00;4120.6;4127.13;4112.44;4115.16
2025-10-25 00:00:00;4110.54;4125.48;4108.76;4120.6
2025-10-24 23:00:00;4109.76;4117.64;4103.4;4110.53
2025-10-24 22:00:00;4110.42;4116.72;4107.31;4109.76
2025-10-24 21:00:00;4106.31;4116.35;4106.01;4110.43
2025-10-24 20:00:00;4097.3;4108.5;4090.99;4106.3
2025-10-24 19:00:00;4102.68;4113.7;4095.74;4097.3
2025-10-24 18:00:00;4101.47;4105;4094.25;4102.68
2025-10-24 17:00:00;4121.15;4125.53;4100.01;4101.08
2025-10-24 16:00:00;4122.13;4139.62;4114.04;4121.15
2025-10-24 15:00:00;4110.85;4122.87;4107.51;4121.94
2025-10-24 14:00:00;4102.69;4126.98;4098.85;4110.6
2025-10-24 13:00:00;4080.28;4120.07;4078;4102.69
2025-10-24 12:00:00;4061.53;4089.62;4059.58;4080.2
2025-10-24 11:00:00;4053.75;4066.49;4045.25;4061.53
2025-10-24 10:00:00;4059.83;4068.95;4053.18;4053.76
2025-10-24 09:00:00;4065.39;4071.99;4055;4059.83
2025-10-24 08:00:00;4072;4074.77;4046.17;4065.39
2025-10-24 07:00:00;4091.07;4093.35;4067.75;4071.99
2025-10-24 06:00:00;4103.75;4104.12;4081.05;4091.07
2025-10-24 05:00:00;4108.74;4115.2;4102.99;4103.48
2025-10-24 04:00:00;4125;4125.01;4100;4108.73
2025-10-24 03:00:00;4111.69;4125.01;4109.74;4125
2025-10-24 02:00:00;4118.6;4118.6;4111.63;4111.7
2025-10-24 01:00:00;4129.26;4139.52;4113.05;4118.6
2025-10-24 00:00:00;4117.92;4130.67;4114.84;4129.25
2025-10-23 23:00:00;4111.73;4119.93;4103.64;4117.46
2025-10-23 22:00:00;4124.5;4126.64;4109.01;4111.73
2025-10-23 21:00:00;4120.21;4127.97;4118.15;4124.5
2025-10-23 20:00:00;4117.36;4122.49;4102;4120.2
2025-10-23 19:00:00;4135.07;4136.35;4116.07;4117
2025-10-23 18:00:00;4137.12;4144.81;4130.98;4135.06
2025-10-23 17:00:00;4131.42;4138.21;4125.42;4137.12
2025-10-23 16:00:00;4141.39;4149.06;4126.1;4131.43
2025-10-23 15:00:00;4150;4153.29;4137.14;4141.4
2025-10-23 14:00:00;4147;4157.46;4137.56;4149.95
2025-10-23 13:00:00;4130.79;4153.55;4128.99;4146.58
2025-10-23 12:00:00;4115.18;4132.32;4106.12;4130.79
2025-10-23 11:00:00;4110.22;4122.66;4109.58;4115.49
2025-10-23 10:00:00;4126.46;4126.69;4103.75;4110.21
2025-10-23 09:00:00;4118.15;4126.89;4112.56;4126.47
2025-10-23 08:00:00;4089.64;4118.16;4089.64;4118.15
2025-10-23 07:00:00;4109.95;4124.77;4057.14;4089.63
2025-10-23 06:00:00;4112.12;4134.91;4107.94;4109.94
2025-10-23 05:00:00;4096.86;4112.6;4088.2;4112.53
2025-10-23 04:00:00;4098.09;4099.67;4085.35;4096.85
2025-10-23 03:00:00;4091.01;4109.14;4086.27;4098.09
2025-10-23 02:00:00;4082.12;4092.92;4081.92;4090.83
2025-10-23 01:00:00;4084.6;4097.24;4068.9;4082.23
2025-10-23 00:00:00;4092.05;4101.56;4070;4084.6
2025-10-22 23:00:00;4107.05;4110.49;4085.08;4091.78
2025-10-22 22:00:00;4099.89;4113.95;4098.01;4107.05
2025-10-22 21:00:00;4101.26;4111.26;4094.18;4099.89
2025-10-22 20:00:00;4101.33;4106.18;4089.3;4101.14
2025-10-22 19:00:00;4080.39;4114.14;4080.21;4101.48
2025-10-22 18:00:00;4074.44;4083.31;4072;4080.4
2025-10-22 17:00:00;4066.29;4074.74;4050.61;4074.44
2025-10-22 16:00:00;4042.5;4071.77;4030.38;4066.3
2025-10-22 15:00:00;4028.33;4060;4028.32;4042.51
2025-10-22 14:00:00;4088.8;4089.43;4025.7;4027.82
2025-10-22 13:00:00;4050.01;4097;4050.01;4088.54
2025-10-22 12:00:00;4041.5;4067.57;4040.16;4050.16
2025-10-22 11:00:00;4049.91;4056.72;4023;4041.49
2025-10-22 10:00:00;4076.72;4097.65;4038;4049.52
2025-10-22 09:00:00;4078.51;4109.79;4068.78;4076.73
2025-10-22 08:00:00;4138.02;4140.71;4064.79;4078.5
2025-10-22 07:00:00;4164.15;4164.15;4138.01;4138.01
2025-10-22 06:00:00;4141.62;4167.79;4132.77;4164.15
2025-10-22 05:00:00;4133.05;4151.66;4132.7;4141.63
2025-10-22 04:00:00;4133.77;4141.01;4116.14;4133.05
2025-10-22 03:00:00;4117.83;4147.04;4110.02;4133.33
2025-10-22 02:00:00;4089.62;4119.41;4089.62;4117.83
2025-10-22 01:00:00;4080.07;4122.48;4067.73;4089.62
2025-10-22 00:00:00;4098.82;4098.82;4020;4080.06
2025-10-21 23:00:00;4125;4133;4095.34;4098.31
2025-10-21 22:00:00;4138.42;4141.09;4122.75;4125
2025-10-21 21:00:00;4130.33;4138.42;4126.32;4138.42
2025-10-21 20:00:00;4114.09;4137.1;4112.33;4130.33
2025-10-21 19:00:00;4119.5;4128.42;4107.4;4114.57
2025-10-21 18:00:00;4113.04;4131.51;4110;4119.5
2025-10-21 17:00:00;4112.42;4122.77;4097.78;4113.05
2025-10-21 16:00:00;4139.4;4145.93;4094.72;4112.42
2025-10-21 15:00:00;4146.24;4158.03;4123.55;4139.2
2025-10-21 14:00:00;4179.78;4192.43;4101;4146.69
2025-10-21 13:00:00;4215.86;4230.77;4173.47;4179.79
2025-10-21 12:00:00;4257.8;4261.99;4210.18;4216.39
2025-10-21 11:00:00;4256.66;4274.27;4251.51;4257.24
2025-10-21 10:00:00;4265.6;4268.11;4250.37;4256.49
2025-10-21 09:00:00;4274.24;4278.29;4254.6;4265.59
2025-10-21 08:00:00;4299.66;4301.83;4252.77;4274.73
2025-10-21 07:00:00;4347.2;4348.06;4290.01;4299.65
2025-10-21 06:00:00;4326.15;4349.17;4320.76;4347.2
2025-10-21 05:00:00;4346.7;4350.6;4320.76;4326.34
2025-10-21 04:00:00;4357.86;4357.87;4340.29;4346.95
2025-10-21 03:00:00;4347.91;4362.94;4347.91;4357.86
2025-10-21 02:00:00;4356.38;4362.42;4344.01;4347.9
2025-10-21 01:00:00;4371.81;4375.49;4341.35;4356.34
2025-10-21 00:00:00;4363.81;4374.83;4361.34;4371.82
2025-10-20 23:00:00;4372.83;4379.04;4361.66;4364.09
2025-10-20 22:00:00;4369.69;4386.43;4363.29;4372.84
2025-10-20 21:00:00;4367.47;4375.46;4355.9;4370
2025-10-20 20:00:00;4388.43;4390.74;4355.9;4367.43
2025-10-20 19:00:00;4364.09;4401.66;4364.09;4388.43
2025-10-20 18:00:00;4346.4;4366.16;4344.4;4364.09
2025-10-20 17:00:00;4349.02;4352.88;4333.51;4346.41
2025-10-20 16:00:00;4348.16;4352.65;4339.59;4349.03
2025-10-20 15:00:00;4327.74;4355.55;4327.74;4348.17
2025-10-20 14:00:00;4296.91;4328.69;4281.5;4327.54
2025-10-20 13:00:00;4325.14;4327.97;4294;4296.8
2025-10-20 12:00:00;4269.18;4326.98;4265.84;4325.14
2025-10-20 11:00:00;4251.56;4269.42;4246.64;4269.17
2025-10-20 10:00:00;4249.6;4253.69;4237.29;4251.57
2025-10-20 09:00:00;4244.39;4252.3;4238.47;4249.59
2025-10-20 08:00:00;4245.66;4252.34;4237.31;4244.39
2025-10-20 07:00:00;4230.88;4253.29;4229.01;4245.67
2025-10-20 06:00:00;4237.29;4242.06;4220.16;4231.1
2025-10-20 05:00:00;4265.5;4265.5;4237.29;4237.29
2025-10-20 04:00:00;4260.77;4268.29;4250.53;4265.5
2025-10-20 03:00:00;4256.4;4266;4249.52;4260.78
2025-10-20 02:00:00;4259.99;4272.5;4255;4256.34
2025-10-20 01:00:00;4246.04;4263;4218.75;4260
2025-10-20 00:00:00;4242.34;4247.11;4214.16;4246.05
2025-10-19 23:00:00;4256.8;4260.18;4238.47;4242.46
2025-10-19 22:00:00;4231.95;4265;4231.95;4256.69
2025-10-19 21:00:00;4231;4232.32;4231;4231.96
2025-10-18 12:00:00;4238.43;4242.36;4234.78;4237.99
2025-10-18 11:00:00;4240.15;4244.23;4237.47;4238.43
2025-10-18 10:00:00;4244.6;4249.66;4240.03;4240.14
2025-10-18 09:00:00;4237.97;4250;4236;4244.6
2025-10-18 08:00:00;4235.41;4242;4235.4;4237.96
2025-10-18 07:00:00;4236.44;4236.6;4226;4235.41
2025-10-18 06:00:00;4241.39;4243.16;4234.8;4236.44
2025-10-18 05:00:00;4246.87;4250.11;4237.61;4242.3
2025-10-18 04:00:00;4246.44;4252.53;4240.1;4246.87
2025-10-18 03:00:00;4248.3;4251.23;4239;4246.44
2025-10-18 02:00:00;4240.51;4253.65;4238.46;4248.3
2025-10-18 01:00:00;4242.7;4246.76;4239.44;4240.5
2025-10-18 00:00:00;4238.93;4259.28;4238.64;4242.7
2025-10-17 23:00:00;4265.03;4273.28;4188;4238.93
2025-10-17 22:00:00;4265.22;4272.6;4254.87;4265.02
2025-10-17 21:00:00;4262.51;4272.15;4254.52;4265.22
2025-10-17 20:00:00;4236.81;4262.7;4231.4;4262.51
2025-10-17 19:00:00;4251.02;4252.3;4225.64;4236.8
2025-10-17 18:00:00;4226.5;4257.36;4225.18;4251.02
2025-10-17 17:00:00;4210.6;4243.18;4192.55;4226.5
2025-10-17 16:00:00;4253.11;4260.63;4208;4210.6
2025-10-17 15:00:00;4261.59;4279.94;4244.55;4253.1
2025-10-17 14:00:00;4294.03;4294.03;4225;4261.6
2025-10-17 13:00:00;4344.35;4344.36;4262.81;4294.03
2025-10-17 12:00:00;4307.8;4347.67;4289.06;4344.35
2025-10-17 11:00:00;4377.92;4386.66;4305.89;4307.81
2025-10-17 10:00:00;4391.11;4428;4363.87;4377.91
2025-10-17 09:00:00;4410;4414.55;4378.01;4391.1
2025-10-17 08:00:00;4382.35;4411.25;4368.16;4410
2025-10-17 07:00:00;4407.99;4419.35;4351;4382.34
2025-10-17 06:00:00;4423.07;4424.88;4389;4407.99
2025-10-17 05:00:00;4425.68;4429.39;4400;4423.08
2025-10-17 04:00:00;4401.27;4432.13;4401.26;4425.69
2025-10-17 03:00:00;4378.03;4401.48;4375.28;4401.2
2025-10-17 02:00:00;4343.15;4382.8;4341.36;4378.03
2025-10-17 01:00:00;4394.16;4394.91;4256;4343.14
2025-10-17 00:00:00;4436.74;4436.75;4390.1;4394.16
2025-10-16 23:00:00;4406.76;4530;4406.38;4436.75
2025-10-16 22:00:00;4373.66;4472.02;4364.97;4406.76
2025-10-16 21:00:00;4362.29;4379;4360.93;4373.66
2025-10-16 20:00:00;4333.07;4364.33;4333;4362.29
2025-10-16 19:00:00;4312.38;4336.65;4311.12;4333.33
2025-10-16 18:00:00;4318.65;4319.23;4300.03;4312.38
2025-10-16 17:00:00;4306.27;4324.29;4302.39;4318.66
2025-10-16 16:00:00;4292.65;4313.17;4286.51;4306.26
2025-10-16 15:00:00;4281.36;4297.89;4281;4292.64
2025-10-16 14:00:00;4267.1;4285.14;4265.93;4281.35
2025-10-16 13:00:00;4250.14;4273.67;4249.95;4267.11
2025-10-16 12:00:00;4258.47;4265.92;4246.18;4250.27
2025-10-16 11:00:00;4259.64;4266.13;4256;4258.48
2025-10-16 10:00:00;4254.26;4260.82;4249.9;4259.65
2025-10-16 09:00:00;4248.41;4256.65;4236.2;4254
2025-10-16 08:00:00;4246.91;4256.15;4246.8;4248.41
2025-10-16 07:00:00;4237.93;4250.55;4237.72;4246.92
2025-10-16 06:00:00;4226.57;4245.9;4226.56;4237.92
2025-10-16 05:00:00;4253.99;4255.25;4225.28;4226.56
2025-10-16 04:00:00;4261.65;4262.4;4250.12;4253.98
2025-10-16 03:00:00;4262.29;4265.41;4253;4261.56
2025-10-16 02:00:00;4258.94;4264.32;4252.94;4262.3
2025-10-16 01:00:00;4250.65;4267.35;4248.3;4258.94
2025-10-16 00:00:00;4238.42;4274;4235.66;4250.65
2025-10-15 23:00:00;4243.04;4245.18;4236.36;4238.42
2025-10-15 22:00:00;4235.62;4247.41;4219.82;4242.18
2025-10-15 21:00:00;4232.04;4238.62;4230.86;4235.98
2025-10-15 20:00:00;4230.95;4235.86;4229.55;4232.04
2025-10-15 19:00:00;4220.01;4231.81;4219.09;4230.95
2025-10-15 18:00:00;4218.6;4227.93;4209.47;4220
2025-10-15 17:00:00;4215.49;4218.6;4205.06;4218.6
2025-10-15 16:00:00;4211.71;4217.16;4206.16;4215.49
2025-10-15 15:00:00;4219.47;4222;4203.51;4211.71
2025-10-15 14:00:00;4211.12;4229.98;4210.56;4219.47
2025-10-15 13:00:00;4210.35;4215.42;4202.16;4211.13
2025-10-15 12:00:00;4223;4228.88;4200.76;4210.35
2025-10-15 11:00:00;4224.65;4227.14;4220;4223
2025-10-15 10:00:00;4210.01;4226;4208.68;4224.65
2025-10-15 09:00:00;4226.66;4227.7;4188;4210.01
2025-10-15 08:00:00;4224.94;4240.29;4224.94;4226.84
2025-10-15 07:00:00;4217.93;4227.36;4210.06;4224.66
2025-10-15 06:00:00;4198.75;4217.93;4198.75;4217.93
2025-10-15 05:00:00;4195.78;4204.81;4192.99;4198.72
2025-10-15 04:00:00;4205.24;4208.37;4191.24;4195.78
2025-10-15 03:00:00;4194.49;4207.13;4194.49;4205.24
2025-10-15 02:00:00;4198.98;4201.22;4188;4194.48
2025-10-15 01:00:00;4177.95;4204.01;4177.95;4198.98
2025-10-15 00:00:00;4176.7;4184.95;4170.81;4177.88
2025-10-14 23:00:00;4171.61;4184.13;4169;4176.71
2025-10-14 22:00:00;4155.54;4177.61;4153.35;4171.62
2025-10-14 21:00:00;4153.91;4157.98;4151.67;4155.55
2025-10-14 20:00:00;4155.53;4159.66;4153.26;4153.92
2025-10-14 19:00:00;4161.89;4165.96;4146.31;4155.65
2025-10-14 18:00:00;4162.75;4169.12;4158.18;4161.89
2025-10-14 17:00:00;4154.96;4173.99;4152.4;4162.76
2025-10-14 16:00:00;4148.94;4169.43;4140;4155.7
2025-10-14 15:00:00;4140.8;4154.22;4138.89;4148.88
2025-10-14 14:00:00;4136.3;4150;4133.08;4140.8
2025-10-14 13:00:00;4117.73;4143.31;4112;4136.3
2025-10-14 12:00:00;4139.59;4145.01;4116.1;4117.73
2025-10-14 11:00:00;4142.7;4150;4133.99;4139.6
2025-10-14 10:00:00;4141.57;4153;4130.48;4142.69
2025-10-14 09:00:00;4157.27;4161.26;4136;4141.57
2025-10-14 08:00:00;4142.41;4160.87;4142.41;4157.28
2025-10-14 07:00:00;4127.28;4143.27;4118.3;4142.41
2025-10-14 06:00:00;4132.28;4146.62;4103.38;4127.5
2025-10-14 05:00:00;4185.04;4200;4119.71;4132.44
2025-10-14 04:00:00;4179.11;4185.4;4170.31;4185.04
2025-10-14 03:00:00;4162.85;4183.67;4162.09;4179.1
2025-10-14 02:00:00;4153.51;4166;4153.51;4162.84
2025-10-14 01:00:00;4140;4166;4138.32;4153.59
2025-10-14 00:00:00;4141.69;4145.05;4133.47;4140.01
2025-10-13 23:00:00;4125.01;4142.3;4120.99;4141.69
2025-10-13 22:00:00;4122.78;4126.01;4115.26;4125.01
2025-10-13 21:00:00;4121.58;4123.7;4120.26;4122.78
2025-10-13 20:00:00;4124;4124.23;4116.6;4121.65
2025-10-13 19:00:00;4111.12;4124.06;4101.58;4124
2025-10-13 18:00:00;4112.29;4115.43;4108.61;4110.64
2025-10-13 17:00:00;4112.17;4123.28;4110.72;4112.28
2025-10-13 16:00:00;4110.75;4122;4110.75;4112.17
2025-10-13 15:00:00;4105.56;4119;4098.98;4110.75
2025-10-13 14:00:00;4101.78;4112.63;4088.56;4105.56
2025-10-13 13:00:00;4086.31;4101.97;4085.18;4101.78
2025-10-13 12:00:00;4082.64;4092.99;4078;4086.32
2025-10-13 11:00:00;4080.62;4090.65;4077.14;4082.64
2025-10-13 10:00:00;4077.25;4084.93;4071.15;4081.090088
2025-10-13 09:00:00;4077.61;4083.68;4071;4077.26
2025-10-13 08:00:00;4070.92;4079.17;4069.3;4077.7
2025-10-13 07:00:00;4075.09;4079.28;4069.5;4071.01
2025-10-13 06:00:00;4066.57;4078.56;4064.33;4075.05
2025-10-13 05:00:00;4058.01;4079;4058;4066.57
2025-10-13 04:00:00;4052.01;4060.85;4052.01;4058.01
2025-10-13 03:00:00;4048.93;4054.99;4045.33;4052.01
2025-10-13 02:00:00;4049.99;4050;4043.68;4048.93
2025-10-13 01:00:00;4045.04;4053.23;4036.32;4050
2025-10-13 00:00:00;4036.57;4056.28;4026.55;4045.15
2025-10-12 23:00:00;4044.57;4058.65;4034.22;4036.56
2025-10-12 22:00:00;4002.64;4047.04;4002.63;4044.48
2025-10-12 21:00:00;4002.99;4003;4002.64;4002.64
2025-10-11 12:00:00;3997.43;4000;3996.22;3997.52
2025-10-11 11:00:00;3996.77;4000.38;3994.1;3997.66
2025-10-11 10:00:00;3996.85;4000;3994.6;3996.76
2025-10-11 09:00:00;3994.34;4000.18;3990.1;3996.85
2025-10-11 08:00:00;3993.49;4000.88;3991.9;3994.35
2025-10-11 07:00:00;3988.61;4000.09;3982;3993.49
2025-10-11 06:00:00;3980.28;4000.8;3976.67;3988.52
2025-10-11 05:00:00;3974.22;3983.33;3972.17;3980.29
2025-10-11 04:00:00;3974.23;3983.26;3965.86;3974.22
2025-10-11 03:00:00;3985.02;3985.02;3964.31;3973.35
2025-10-11 02:00:00;3962.3;3987.26;3950;3985.01
2025-10-11 01:00:00;3973.65;3984.91;3958.83;3962.31
2025-10-11 00:00:00;3983;3987.3;3960.01;3973.65
2025-10-10 23:00:00;3992.11;4001.56;3968.98;3983.01
2025-10-10 22:00:00;3964.1;4008.19;3946.62;3992.57
2025-10-10 21:00:00;4021.85;4028.96;3600;3966.39
2025-10-10 20:00:00;4024.43;4030.95;4016.86;4021.85
2025-10-10 19:00:00;4011.74;4033;4008.76;4024.44
2025-10-10 18:00:00;4001.43;4019.23;3996.09;4011.74
2025-10-10 17:00:00;3995.38;4003.03;3987.32;4001.43
2025-10-10 16:00:00;4008.5;4008.51;3988.24;3995.37
2025-10-10 15:00:00;3999.25;4030;3998.53;4008.65
2025-10-10 14:00:00;3990.47;4002.43;3981.52;3999.25
2025-10-10 13:00:00;3993.45;4005.84;3986.15;3990.48
2025-10-10 12:00:00;3994.27;4001.9;3989.68;3993.46
2025-10-10 11:00:00;4002.51;4008.44;3992.14;3994.26
2025-10-10 10:00:00;4003.92;4008.48;3998.2;4002.5
2025-10-10 09:00:00;4000.37;4014.25;3999.39;4004.05
2025-10-10 08:00:00;3977.89;4001.49;3976;4000.37
2025-10-10 07:00:00;3975.38;3981.94;3963.38;3977.88
2025-10-10 06:00:00;3980.02;3982.79;3972;3975.51
2025-10-10 05:00:00;3975.36;3986.68;3973.35;3980.02
2025-10-10 04:00:00;3971.32;3975.36;3957.29;3975.35
2025-10-10 03:00:00;3988.61;3989.09;3971.39;3971.39
2025-10-10 02:00:00;3985.33;3997.03;3984.81;3988.79
2025-10-10 01:00:00;4005.88;4006.09;3984.04;3985.34
2025-10-10 00:00:00;4000.28;4007.09;3997.78;4005.88
2025-10-09 23:00:00;3987.94;4000.28;3987.88;4000.27
2025-10-09 22:00:00;3995.34;3995.34;3975.33;3987.94
2025-10-09 21:00:00;3992.9;3996.79;3989.2;3995.44
2025-10-09 20:00:00;3989.19;3997.25;3987.82;3993.19
2025-10-09 19:00:00;3973.07;3997.84;3972.58;3989.18
2025-10-09 18:00:00;3965.96;3985.9;3965.01;3973.05
2025-10-09 17:00:00;3982.84;3989.99;3961.94;3965.96
2025-10-09 16:00:00;4036.43;4041.4;3980;3982.84
2025-10-09 15:00:00;4044.32;4049.78;4024.96;4036.43
2025-10-09 14:00:00;4040;4051.6;4030;4044.32
2025-10-09 13:00:00;4067.43;4072;4040;4040
2025-10-09 12:00:00;4058.98;4068.07;4050.62;4066.98
2025-10-09 11:00:00;4059.29;4061.71;4051.01;4058.99
2025-10-09 10:00:00;4052.1;4061.75;4048.61;4059.3
2025-10-09 09:00:00;4055.22;4057.34;4049.68;4052.1
2025-10-09 08:00:00;4047.48;4057;4047.33;4055.21
2025-10-09 07:00:00;4046.2;4052.18;4044;4047.49
2025-10-09 06:00:00;4059.98;4061.46;4044.4;4046.19
2025-10-09 05:00:00;4061.04;4061.48;4050;4059.98
2025-10-09 04:00:00;4045.71;4062.41;4045.27;4061.04
2025-10-09 03:00:00;4037.41;4051.07;4035.44;4045.72
2025-10-09 02:00:00;4042.34;4042.35;4026.79;4036.96
2025-10-09 01:00:00;4044.83;4055.96;4029.9;4042.78
2025-10-09 00:00:00;4032.22;4049.07;4029.06;4044.83
2025-10-08 23:00:00;4038.53;4041.97;4021;4032.21
2025-10-08 22:00:00;4056.93;4057.44;4030;4038.52
2025-10-08 21:00:00;4055.34;4059.6;4055.34;4056.93
2025-10-08 20:00:00;4056.45;4057.54;4051.51;4055.35
2025-10-08 19:00:00;4060.3;4066.44;4045.63;4056.45
2025-10-08 18:00:00;4063.8;4066.47;4051.34;4060.3
2025-10-08 17:00:00;4070.36;4073.5;4059.13;4063.79
2025-10-08 16:00:00;4058.25;4079.48;4057.68;4070.35
2025-10-08 15:00:00;4064.9;4066;4055.83;4058.24
2025-10-08 14:00:00;4052.84;4064.9;4051.05;4064.89
2025-10-08 13:00:00;4053.3;4059.43;4041.58;4052.84
2025-10-08 12:00:00;4051.67;4059.43;4043.99;4053.3
2025-10-08 11:00:00;4049;4051.72;4040.31;4051.69
2025-10-08 10:00:00;4059.93;4059.99;4042.95;4049
2025-10-08 09:00:00;4048.45;4059.94;4043.01;4059.94
2025-10-08 08:00:00;4045.71;4052.93;4045.71;4048.45
2025-10-08 07:00:00;4040.16;4049;4037;4045.71
2025-10-08 06:00:00;4038.02;4042.83;4032.61;4040.15
2025-10-08 05:00:00;4039.27;4047.37;4033.99;4038.02
2025-10-08 04:00:00;4026.16;4039.45;4026.16;4039.27
2025-10-08 03:00:00;4019.81;4027.42;4015;4026.16
2025-10-08 02:00:00;4011.99;4019.81;4003;4019.8
2025-10-08 01:00:00;4007;4013.99;3996.75;4011.52
2025-10-08 00:00:00;4000.87;4010;4000.87;4007
2025-10-07 23:00:00;4001.26;4004.84;3996.62;4000.88
2025-10-07 22:00:00;3997.38;4001.25;3997.38;4001.25
2025-10-07 21:00:00;3996.39;3999.51;3996.39;3997.38
2025-10-07 20:00:00;3994.92;3998.69;3992.98;3996.39
2025-10-07 19:00:00;3995.98;3998.27;3992.96;3994.92
2025-10-07 18:00:00;3995.56;3999.02;3988.94;3995.98
2025-10-07 17:00:00;3992.12;4000;3992.09;3995.57
2025-10-07 16:00:00;3983.22;3995.34;3980;3992.11
2025-10-07 15:00:00;3995.99;4000;3981.72;3983.22
2025-10-07 14:00:00;3987.29;3998;3978.44;3995.98
2025-10-07 13:00:00;3988.74;3990;3978.37;3987.29
2025-10-07 12:00:00;3977.05;3989;3976.92;3988.73
2025-10-07 11:00:00;3972.47;3977.55;3968.9;3977.04
2025-10-07 10:00:00;3968.04;3975.46;3966.28;3972.48
2025-10-07 09:00:00;3965;3976.01;3965;3968.04
2025-10-07 08:00:00;3957.85;3967.17;3953.39;3965
2025-10-07 07:00:00;3965.31;3967.04;3955.39;3957.52
2025-10-07 06:00:00;3975.36;3975.36;3965;3965.3
2025-10-07 05:00:00;3985.98;3986.17;3965.61;3975.36
2025-10-07 04:00:00;3984.13;3986.05;3981.9;3985.98
2025-10-07 03:00:00;3975.61;3984.3;3971.66;3984.13
2025-10-07 02:00:00;3969.73;3979.02;3969.72;3975.62
2025-10-07 01:00:00;3977.6;3978.18;3966.67;3969.72
2025-10-07 00:00:00;3983.22;3990;3977;3977.61
2025-10-06 23:00:00;3977.15;3984.74;3976.1;3983.21
2025-10-06 22:00:00;3977.81;3989.89;3972.19;3977.15
2025-10-06 21:00:00;3971.76;3977.99;3971.76;3977.47
2025-10-06 20:00:00;3970.74;3972.76;3967.88;3971.76
2025-10-06 19:00:00;3970.44;3976.7;3970.44;3970.74
2025-10-06 18:00:00;3969.34;3972.71;3968.84;3970.43
2025-10-06 17:00:00;3966.22;3970.78;3958.64;3969.34
2025-10-06 16:00:00;3973.14;3979;3959.26;3966.21
2025-10-06 15:00:00;3964.34;3975.31;3959.16;3973.14
2025-10-06 14:00:00;3953.59;3968.02;3949.6;3964.34
2025-10-06 13:00:00;3942.55;3954.72;3937;3953.58
2025-10-06 12:00:00;3947.89;3949.47;3936.75;3942.54
2025-10-06 11:00:00;3951.5;3951.51;3942;3947.9
2025-10-06 10:00:00;3950.99;3955.52;3943.43;3951.44
2025-10-06 09:00:00;3952.13;3954.18;3947.15;3950.99
2025-10-06 08:00:00;3947.54;3956.36;3946;3952.17
2025-10-06 07:00:00;3939.83;3950;3937.15;3947.55
2025-10-06 06:00:00;3939.82;3940.07;3931;3940.05
2025-10-06 05:00:00;3945.88;3953.09;3934.39;3939.83
2025-10-06 04:00:00;3939.31;3947.08;3935;3945.88
2025-10-06 03:00:00;3926.27;3940;3926.27;3939.32
2025-10-06 02:00:00;3923.19;3930.79;3923.19;3926.28
2025-10-06 01:00:00;3908.66;3923.18;3908.51;3923.18
2025-10-06 00:00:00;3914.21;3914.21;3906.36;3908.66
2025-10-05 23:00:00;3904.79;3922.65;3902.78;3914.2
2025-10-05 22:00:00;3894.2;3904.6;3890.53;3904.6
2025-10-05 21:00:00;3891.88;3894.2;3891.88;3894.2
2025-10-04 13:00:00;3895.01;3896.09;3890.58;3893.47
2025-10-04 12:00:00;3890.18;3900.72;3888.83;3895
2025-10-04 11:00:00;3889.31;3890.27;3888.27;3890.18
2025-10-04 10:00:00;3889.84;3891.46;3888.34;3889.32
2025-10-04 09:00:00;3888.89;3890.19;3886.55;3889.84
2025-10-04 08:00:00;3886.01;3889.5;3886.01;3888.88
2025-10-04 07:00:00;3889.6;3889.86;3885.08;3886.01
2025-10-04 06:00:00;3889.65;3892.92;3887.11;3889.41
2025-10-04 05:00:00;3886.01;3890.15;3885;3889.65
2025-10-04 04:00:00;3890.48;3891.6;3885.48;3886.02
2025-10-04 03:00:00;3891.68;3892.03;3886.76;3890.49
2025-10-04 02:00:00;3885.01;3892.2;3885;3891.67
2025-10-04 01:00:00;3889.42;3895.28;3884.52;3885.01
2025-10-04 00:00:00;3883.57;3899;3883.21;3889.42
2025-10-03 23:00:00;3879.84;3886.56;3842.52;3883.56
2025-10-03 22:00:00;3882.43;3885.66;3879.83;3879.83
2025-10-03 21:00:00;3885.25;3885.25;3881.87;3882.43
2025-10-03 20:00:00;3883.68;3885.42;3881.18;3885.26
2025-10-03 19:00:00;3885.14;3887.01;3883.67;3883.68
2025-10-03 18:00:00;3884.22;3889.02;3883.09;3885.15
2025-10-03 17:00:00;3885.88;3889.63;3880.03;3884.21
2025-10-03 16:00:00;3888.4;3889.99;3881.07;3885.88
2025-10-03 15:00:00;3880.04;3889.44;3875.17;3888.41
2025-10-03 14:00:00;3882.21;3884.2;3867.04;3880.04
2025-10-03 13:00:00;3876.45;3888.68;3872.44;3882.21
2025-10-03 12:00:00;3867.08;3876.47;3865.44;3876.45
2025-10-03 11:00:00;3871.23;3871.73;3859.88;3867.07
2025-10-03 10:00:00;3871.12;3873.09;3868;3871.22
2025-10-03 09:00:00;3870.55;3871.13;3863.14;3871.12
2025-10-03 08:00:00;3870.75;3871.24;3866.41;3870.56
2025-10-03 07:00:00;3862.45;3870.94;3862.45;3870.76
2025-10-03 06:00:00;3860.59;3864.74;3856.64;3862.45
2025-10-03 05:00:00;3851.84;3863.28;3851.84;3860.58
2025-10-03 04:00:00;3848.85;3854.35;3848.48;3851.83
2025-10-03 03:00:00;3853.31;3855.8;3843.79;3848.85
2025-10-03 02:00:00;3861.62;3862.83;3853.21;3853.31
2025-10-03 01:00:00;3859.61;3865.01;3852.08;3861.62
2025-10-03 00:00:00;3865.38;3865.38;3859.23;3859.61
2025-10-02 23:00:00;3860.2;3866.46;3859.44;3865.37
2025-10-02 22:00:00;3850.76;3862.35;3850.76;3860.2
2025-10-02 21:00:00;3861.5;3861.5;3850.75;3850.75
2025-10-02 20:00:00;3864.1;3866.39;3858.2;3861.5
2025-10-02 19:00:00;3859.32;3867.35;3859.31;3863.9
2025-10-02 18:00:00;3855.8;3860.28;3855.44;3859.31
2025-10-02 17:00:00;3854.72;3860;3850.05;3855.8
2025-10-02 16:00:00;3839.01;3855.24;3838.03;3854.71
2025-10-02 15:00:00;3851.01;3855.51;3830.98;3839.02
2025-10-02 14:00:00;3882.96;3883.19;3823.79;3851.29
2025-10-02 13:00:00;3887.4;3899;3881.94;3882.96
2025-10-02 12:00:00;3889.98;3896.06;3881.55;3887.39
2025-10-02 11:00:00;3885.29;3892.01;3883.39;3889.98
2025-10-02 10:00:00;3882.44;3886.25;3879.54;3885.28
2025-10-02 09:00:00;3880.45;3882.67;3878.1;3882.45
2025-10-02 08:00:00;3875.1;3884.32;3873.25;3880.46
2025-10-02 07:00:00;3869;3878.27;3869;3875.09
2025-10-02 06:00:00;3872.86;3878.54;3868.2;3869
2025-10-02 05:00:00;3867.07;3877;3864.77;3872.87
2025-10-02 04:00:00;3871.85;3872.26;3864.01;3867.07
2025-10-02 03:00:00;3873.76;3878.07;3870.2;3871.84
2025-10-02 02:00:00;3867.93;3875.55;3866.92;3873.76
2025-10-02 01:00:00;3860.06;3871.38;3856.01;3867.93
2025-10-02 00:00:00;3870.49;3875.04;3857.9;3860.06
2025-10-01 23:00:00;3871.63;3874.06;3868.47;3870.01
2025-10-01 22:00:00;3877.45;3880.21;3868.83;3871.63
2025-10-01 21:00:00;3875.48;3878.19;3875.09;3877.44
2025-10-01 20:00:00;3873.53;3875.49;3868.08;3875.49
2025-10-01 19:00:00;3868.09;3876.63;3866.75;3873.53
2025-10-01 18:00:00;3869.98;3874.7;3865;3868.09
2025-10-01 17:00:00;3880.54;3880.55;3869.28;3869.99
2025-10-01 16:00:00;3878.32;3881.32;3871.01;3880.54
2025-10-01 15:00:00;3882.72;3886.16;3870.51;3878.33
2025-10-01 14:00:00;3882.3;3887.59;3868.64;3882.72
2025-10-01 13:00:00;3881.5;3887.69;3875.72;3881.4
2025-10-01 12:00:00;3894.3;3899.52;3876.98;3881.5
2025-10-01 11:00:00;3895.22;3896.8;3887.36;3893.85
2025-10-01 10:00:00;3899.52;3900.53;3893.88;3895.21
2025-10-01 09:00:00;3904.48;3904.58;3892.52;3899.52
2025-10-01 08:00:00;3889.74;3904.55;3889.74;3904.49
2025-10-01 07:00:00;3870.48;3889.71;3870.48;3889.66
2025-10-01 06:00:00;3872.2;3875.18;3863.63;3870.48
2025-10-01 05:00:00;3872.87;3877.78;3871.65;3872.2
2025-10-01 04:00:00;3870.77;3872.94;3865.67;3872.87
2025-10-01 03:00:00;3873.46;3875.17;3865.93;3870.78
2025-10-01 02:00:00;3879.22;3886.03;3866.66;3873.46
2025-10-01 01:00:00;3872.22;3880;3870.55;3879.22
2025-10-01 00:00:00;3875.75;3876.38;3867.9;3872.23
2025-09-30 23:00:00;3871.62;3875.76;3871.62;3875.76
2025-09-30 22:00:00;3870.17;3872.37;3866.05;3871.63
2025-09-30 21:00:00;3869.18;3870.18;3863.93;3870.18
2025-09-30 20:00:00;3869.97;3871.8;3859.31;3869.18
2025-09-30 19:00:00;3859.25;3869.99;3859.23;3869.97
2025-09-30 18:00:00;3844.38;3860.38;3839.9;3859.47
2025-09-30 17:00:00;3846.2;3849.27;3842.68;3844.03
2025-09-30 16:00:00;3849.3;3858.02;3844.14;3845.96
2025-09-30 15:00:00;3862.87;3862.87;3842;3849.3
2025-09-30 14:00:00;3836.48;3862.87;3834.91;3862.87
2025-09-30 13:00:00;3828.97;3841.03;3824.1;3836.49
2025-09-30 12:00:00;3827.95;3830.63;3820.97;3828.97
2025-09-30 11:00:00;3826.99;3834.02;3819.8;3827.95
2025-09-30 10:00:00;3814.7;3830.11;3814.61;3827
2025-09-30 09:00:00;3830.12;3837;3806.92;3814.7
2025-09-30 08:00:00;3854.01;3857.19;3821.31;3830.12
2025-09-30 07:00:00;3866.15;3869.54;3850.94;3854.03
2025-09-30 06:00:00;3878.57;3880.23;3865.46;3866.14
2025-09-30 05:00:00;3876.75;3878.84;3874;3878.58
2025-09-30 04:00:00;3876.1;3877.14;3872.94;3876.74
2025-09-30 03:00:00;3858.92;3880.69;3858.46;3876.09
2025-09-30 02:00:00;3860.39;3863.35;3854.85;3858.93
2025-09-30 01:00:00;3853.74;3863.21;3851.46;3860.48
2025-09-30 00:00:00;3847.63;3857.71;3846.66;3853.73
2025-09-29 23:00:00;3845.51;3848.79;3841.78;3847.63
2025-09-29 22:00:00;3847.85;3847.97;3839.29;3845.51
2025-09-29 21:00:00;3842.19;3859.48;3842.18;3847.84
2025-09-29 20:00:00;3840.33;3844.84;3832.9;3842.19
2025-09-29 19:00:00;3838.27;3843.42;3835.99;3840.33
2025-09-29 18:00:00;3840.84;3844.78;3837.52;3838.27
2025-09-29 17:00:00;3838.46;3841.98;3835.96;3840.84
2025-09-29 16:00:00;3838.55;3841.89;3835.56;3838.46
2025-09-29 15:00:00;3836.91;3840.87;3830.65;3838.56
2025-09-29 14:00:00;3834.04;3840.93;3828.09;3836.91
2025-09-29 13:00:00;3824.93;3840;3822.39;3834.05
2025-09-29 12:00:00;3841.66;3842.19;3819.48;3824.92
2025-09-29 11:00:00;3827.13;3844.34;3825.36;3841.66
2025-09-29 10:00:00;3820.63;3828.61;3819.44;3827.12
2025-09-29 09:00:00;3828;3828.24;3820;3820.62
2025-09-29 08:00:00;3816.7;3828.93;3816.7;3828.01
2025-09-29 07:00:00;3828.69;3829.99;3812.02;3816.47
2025-09-29 06:00:00;3824.44;3833;3821.41;3828.63
2025-09-29 05:00:00;3812.85;3824.4;3811.67;3824.4
2025-09-29 04:00:00;3804.66;3815.06;3800.9;3812.9
2025-09-29 03:00:00;3801.28;3809.74;3800.7;3804.66
2025-09-29 02:00:00;3785.92;3803.28;3784.34;3801.28
2025-09-29 01:00:00;3794.43;3795.84;3776.11;3786.01
2025-09-29 00:00:00;3775.99;3795.07;3773.21;3794.42
2025-09-28 23:00:00;3776.37;3779;3773.8;3775.98
2025-09-28 22:00:00;3769.8;3779;3768.57;3776.36
2025-09-28 21:00:00;3770;3770;3769.8;3769.8
2025-09-27 13:00:00;3783.72;3784.69;3777.54;3783.35
2025-09-27 12:00:00;3775.96;3783.79;3773.56;3783.71
2025-09-27 11:00:00;3778.13;3780.21;3774.32;3775.97
2025-09-27 10:00:00;3773.38;3779.03;3773.21;3778.14
2025-09-27 09:00:00;3778.57;3778.58;3773.37;3773.38
2025-09-27 08:00:00;3773.99;3780.24;3773.99;3778.58
2025-09-27 07:00:00;3774.61;3774.74;3772.56;3773.99
2025-09-27 06:00:00;3772.51;3774.61;3771.84;3774.6
2025-09-27 05:00:00;3773.52;3773.6;3770.81;3772.5
2025-09-27 04:00:00;3776.27;3779.22;3772.32;3773.51
2025-09-27 03:00:00;3776.34;3777.43;3774.33;3776.27
2025-09-27 02:00:00;3775.4;3777.27;3775.39;3776.34
2025-09-27 01:00:00;3773.6;3776.82;3772.31;3775.46
2025-09-27 00:00:00;3773;3773.7;3768.56;3773.6
2025-09-26 23:00:00;3780.13;3780.13;3764.5;3772.99
2025-09-26 22:00:00;3776.31;3780.14;3775.58;3780.14
2025-09-26 21:00:00;3771.51;3777.19;3771.5;3776.31
2025-09-26 20:00:00;3776.21;3779.24;3771.5;3771.5
2025-09-26 19:00:00;3785.84;3785.84;3775.11;3775.91
2025-09-26 18:00:00;3789.8;3799;3784.34;3785.84
2025-09-26 17:00:00;3780.13;3790.55;3780.13;3789.8
2025-09-26 16:00:00;3788.01;3788.14;3777.94;3780.12
2025-09-26 15:00:00;3788.54;3793.12;3783.23;3788
2025-09-26 14:00:00;3772.08;3790.03;3772.08;3788.54
2025-09-26 13:00:00;3760.48;3775.06;3760.28;3772.09
2025-09-26 12:00:00;3757.71;3763.96;3753.76;3760.48
2025-09-26 11:00:00;3751.06;3760.82;3746.07;3757.71
2025-09-26 10:00:00;3758.26;3761.98;3749.23;3750.97
2025-09-26 09:00:00;3759.11;3761.1;3754.55;3758.25
2025-09-26 08:00:00;3754.18;3760.06;3753.47;3759.11
2025-09-26 07:00:00;3748.48;3755.16;3745.69;3754.29
2025-09-26 06:00:00;3747.6;3759.48;3746.27;3748.48
2025-09-26 05:00:00;3753.19;3755.8;3747.14;3747.61
2025-09-26 04:00:00;3751.62;3754.01;3750.77;3753.19
2025-09-26 03:00:00;3745.45;3751.75;3742.04;3751.61
2025-09-26 02:00:00;3746.98;3749.41;3744.75;3745.46
2025-09-26 01:00:00;3756.66;3759.99;3746.25;3746.98
2025-09-26 00:00:00;3753.29;3757.48;3748.35;3756.65
2025-09-25 23:00:00;3757.74;3759.32;3748.28;3753.29
2025-09-25 22:00:00;3760.87;3760.88;3755.06;3757.75
2025-09-25 21:00:00;3757.68;3764.08;3757.41;3760.88
2025-09-25 20:00:00;3753.19;3760;3753.19;3757.69
2025-09-25 19:00:00;3762.27;3763.27;3751.03;3753.19
2025-09-25 18:00:00;3747.05;3765.05;3743.82;3762.27
2025-09-25 17:00:00;3739.48;3753.34;3738.68;3747.06
2025-09-25 16:00:00;3741.69;3747;3737.88;3739.48
2025-09-25 15:00:00;3739.2;3745.36;3735.91;3741.69
2025-09-25 14:00:00;3742.5;3744.6;3732.34;3739.21
2025-09-25 13:00:00;3747.71;3754.3;3730;3742.5
2025-09-25 12:00:00;3761.52;3765.07;3739.96;3747.7
2025-09-25 11:00:00;3761.89;3761.9;3747.52;3761.44
2025-09-25 10:00:00;3761.02;3765.48;3760.77;3761.89
2025-09-25 09:00:00;3763.56;3766.68;3756.83;3760.84
2025-09-25 08:00:00;3762.21;3773.55;3756;3763.67
2025-09-25 07:00:00;3752.04;3764.15;3750.9;3762.22
2025-09-25 06:00:00;3749.19;3755;3748.9;3752.05
2025-09-25 05:00:00;3746.17;3750.38;3743.35;3749.19
2025-09-25 04:00:00;3744.01;3748;3738.69;3746.57
2025-09-25 03:00:00;3744.52;3744.52;3739.09;3744
2025-09-25 02:00:00;3741.02;3748.7;3735;3744.52
2025-09-25 01:00:00;3759.2;3760.35;3739;3741.02
2025-09-25 00:00:00;3754.88;3761;3753.52;3759.19
2025-09-24 23:00:00;3750.49;3757.19;3748.32;3754.88
2025-09-24 22:00:00;3746.7;3755.35;3745.75;3750.49
2025-09-24 21:00:00;3747.29;3748.82;3745.72;3746.7
2025-09-24 20:00:00;3740.47;3754.36;3739.35;3747.29
2025-09-24 19:00:00;3731.15;3743;3720.78;3740.47
2025-09-24 18:00:00;3738.44;3738.44;3729.46;3731.16
2025-09-24 17:00:00;3740.23;3742.12;3737.79;3738.44
2025-09-24 16:00:00;3747.29;3751.9;3737.82;3740.33
2025-09-24 15:00:00;3760.14;3763.14;3746.9;3746.98
2025-09-24 14:00:00;3769.16;3771.45;3756.3;3760.12
2025-09-24 13:00:00;3777.83;3780;3766.14;3769.48
2025-09-24 12:00:00;3776.1;3779.24;3773.92;3777.84
2025-09-24 11:00:00;3769.83;3776.37;3768.24;3776.1
2025-09-24 10:00:00;3774.02;3774.19;3767.3;3769.82
2025-09-24 09:00:00;3778.88;3778.99;3770;3774.03
2025-09-24 08:00:00;3786.31;3786.72;3778;3778.87
2025-09-24 07:00:00;3783.59;3788.79;3783.23;3786.2
2025-09-24 06:00:00;3785.3;3786.36;3783.23;3783.59
2025-09-24 05:00:00;3778.72;3787.79;3775.31;3785.3
2025-09-24 04:00:00;3777.79;3779.79;3772.34;3778.72
2025-09-24 03:00:00;3765.84;3783.84;3761.04;3777.79
2025-09-24 02:00:00;3766.06;3768.05;3759;3765.83
2025-09-24 01:00:00;3773.37;3779.69;3764.35;3766.06
2025-09-24 00:00:00;3774.34;3776.31;3768.66;3773.37
2025-09-23 23:00:00;3774.77;3781.74;3772;3774.33
2025-09-23 22:00:00;3777.64;3777.82;3773.36;3774.78
2025-09-23 21:00:00;3777.11;3778.37;3774.19;3777.65
2025-09-23 20:00:00;3777.41;3778.86;3774.51;3777.03
2025-09-23 19:00:00;3767.81;3780.51;3763.57;3777.42
2025-09-23 18:00:00;3783.74;3788.86;3767.8;3767.8
2025-09-23 17:00:00;3785.29;3791.89;3782.07;3783.73
2025-09-23 16:00:00;3785.57;3788.34;3772.45;3785.28
2025-09-23 15:00:00;3779.91;3791.48;3779.81;3785.14
2025-09-23 14:00:00;3789.87;3790.3;3773;3779.9
2025-09-23 13:00:00;3793.07;3795.27;3780.36;3789.75
2025-09-23 12:00:00;3791.66;3795.13;3784.44;3793.07
2025-09-23 11:00:00;3792.33;3797.69;3790.09;3792.28
2025-09-23 10:00:00;3797.07;3800;3790.44;3792.56
2025-09-23 09:00:00;3783.74;3800;3783.74;3797.06
2025-09-23 08:00:00;3761.57;3787.92;3761.57;3783.75
2025-09-23 07:00:00;3763.82;3765;3759.09;3761.56
2025-09-23 06:00:00;3763.05;3767.22;3761.49;3763.82
2025-09-23 05:00:00;3753.04;3768.17;3753.04;3763.04
2025-09-23 04:00:00;3756.33;3758.13;3752.14;3753.05
2025-09-23 03:00:00;3751.02;3757.95;3749.22;3756.33
2025-09-23 02:00:00;3763.74;3764.63;3748.89;3751.02
2025-09-23 01:00:00;3759.22;3771;3757.26;3763.74
2025-09-23 00:00:00;3757.74;3760.92;3756.59;3759.23
2025-09-22 23:00:00;3750.71;3758.55;3750.55;3757.71
2025-09-22 22:00:00;3764.84;3764.84;3750.64;3750.7
2025-09-22 21:00:00;3760.42;3766.4;3760.05;3764.83
2025-09-22 20:00:00;3757.52;3762.62;3755.8;3760.41
2025-09-22 19:00:00;3757.7;3759.29;3751.74;3757.36
2025-09-22 18:00:00;3753.38;3758.83;3749.29;3757.7
2025-09-22 17:00:00;3743.16;3753.88;3743.15;3753.39
2025-09-22 16:00:00;3746.57;3746.93;3742.04;3743.15
2025-09-22 15:00:00;3733.41;3747.68;3732.46;3746.56
2025-09-22 14:00:00;3728.37;3734.52;3725.93;3733.42
2025-09-22 13:00:00;3728.96;3733;3722.34;3728.37
2025-09-22 12:00:00;3733.88;3735.2;3724.06;3728.95
2025-09-22 11:00:00;3738.71;3742.62;3730.7;3733.88
2025-09-22 10:00:00;3731.14;3738.99;3730.7;3738.7
2025-09-22 09:00:00;3725.79;3733.99;3725.3;3731.1
2025-09-22 08:00:00;3720.55;3727.89;3719.99;3725.79
2025-09-22 07:00:00;3719.74;3734;3714.01;3720.56
2025-09-22 06:00:00;3703.02;3723.4;3699.75;3719.72
2025-09-22 05:00:00;3695.29;3705;3693;3703.02
2025-09-22 04:00:00;3696.63;3696.88;3693.97;3695.29
2025-09-22 03:00:00;3690.01;3698.93;3690;3696.49
2025-09-22 02:00:00;3693.71;3697.79;3690.01;3690.12
2025-09-22 01:00:00;3695.18;3700;3692;3693.71
2025-09-22 00:00:00;3691.59;3696.72;3691.28;3695.18
2025-09-21 23:00:00;3691.8;3694.82;3689.93;3691.63
2025-09-21 22:00:00;3689.72;3695.34;3686.83;3691.81
2025-09-21 21:00:00;3689.63;3689.72;3689.63;3689.72
2025-09-20 13:00:00;3688.99;3691.96;3687.03;3691.44
2025-09-20 12:00:00;3688.71;3689;3686.14;3688.99
2025-09-20 11:00:00;3684.8;3689.15;3684.79;3688.72
2025-09-20 10:00:00;3687.44;3690.05;3684;3684.6
2025-09-20 09:00:00;3687.79;3690.88;3687.44;3687.44
2025-09-20 08:00:00;3685.9;3688.18;3684.39;3687.78
2025-09-20 07:00:00;3688.87;3688.88;3683.46;3685.89
2025-09-20 06:00:00;3685.29;3688.94;3685.29;3688.88
2025-09-20 05:00:00;3687.54;3688.27;3683.34;3685.28
2025-09-20 04:00:00;3689.94;3692.33;3687.03;3687.49
2025-09-20 03:00:00;3683.41;3690.66;3683.41;3689.93
2025-09-20 02:00:00;3687.28;3687.63;3683.4;3683.42
2025-09-20 01:00:00;3692.56;3693.04;3687.15;3687.28
2025-09-20 00:00:00;3690.16;3693;3690.16;3692.56
2025-09-19 23:00:00;3691.59;3692.88;3686.67;3690.16
2025-09-19 22:00:00;3689.95;3691.6;3686.81;3691.59
2025-09-19 21:00:00;3688.92;3691.07;3684.46;3689.7
2025-09-19 20:00:00;3685.51;3690.09;3681.17;3688.92
2025-09-19 19:00:00;3685;3687.51;3682.54;3685.8
2025-09-19 18:00:00;3681.83;3685;3681.82;3685
2025-09-19 17:00:00;3673.88;3682.54;3673.87;3681.83
2025-09-19 16:00:00;3675.3;3682.99;3672;3673.87
2025-09-19 15:00:00;3670;3677.29;3669.45;3675.29
2025-09-19 14:00:00;3665.28;3672.93;3657.96;3670
2025-09-19 13:00:00;3657.67;3665.28;3652.75;3665.27
2025-09-19 12:00:00;3655.05;3659.97;3653.63;3657.95
2025-09-19 11:00:00;3661.84;3662.11;3653.76;3655.05
2025-09-19 10:00:00;3665.38;3666.25;3661.47;3661.7
2025-09-19 09:00:00;3660.94;3665.37;3660.94;3665.37
2025-09-19 08:00:00;3658.93;3661.86;3655.78;3660.88
2025-09-19 07:00:00;3652.82;3661;3650.27;3659.06
2025-09-19 06:00:00;3658.34;3660.08;3650.72;3652.82
2025-09-19 05:00:00;3661.12;3689.99;3657.51;3658.35
2025-09-19 04:00:00;3657.52;3665.46;3657.52;3661.22
2025-09-19 03:00:00;3649.99;3658.94;3648.54;3657.46
2025-09-19 02:00:00;3644.77;3651.09;3644.37;3650
2025-09-19 01:00:00;3646.84;3653.86;3641.01;3644.73
2025-09-19 00:00:00;3645.24;3648.09;3643.56;3646.93
2025-09-18 23:00:00;3644.5;3646.65;3643.2;3645.24
2025-09-18 22:00:00;3648.88;3649.55;3644.5;3644.5
2025-09-18 21:00:00;3647.62;3648.89;3646;3648.88
2025-09-18 20:00:00;3650.23;3650.31;3645.69995;3647.61
2025-09-18 19:00:00;3647.1;3650.24;3645.66;3650.23
2025-09-18 18:00:00;3646.53;3647.76;3644.04;3647.1
2025-09-18 17:00:00;3650.35;3651.53;3645.65;3646.53
2025-09-18 16:00:00;3645.76;3651.71;3645.7;3650.35
2025-09-18 15:00:00;3644.99;3648.13;3640.58;3645.75
2025-09-18 14:00:00;3650.69;3654.35;3640.01;3645
2025-09-18 13:00:00;3665.95;3666.4;3638.08;3650.64
2025-09-18 12:00:00;3668.91;3674.14;3666.11;3666.11
2025-09-18 11:00:00;3666.53;3670.4;3664.15;3668.9
2025-09-18 10:00:00;3669.84;3670;3664.01;3666.61
2025-09-18 09:00:00;3664.89;3671.25;3663.71;3669.84
2025-09-18 08:00:00;3658.87;3664.9;3651.07;3664.9
2025-09-18 07:00:00;3641.01;3666.71;3639.64;3659.04
2025-09-18 06:00:00;3655.22;3655.23;3639.5;3641.01
2025-09-18 05:00:00;3659.3;3664.42;3655.03;3655.23
2025-09-18 04:00:00;3662.88;3663.71;3659.3;3659.3
2025-09-18 03:00:00;3667.82;3668.46;3661.83;3662.88
2025-09-18 02:00:00;3660.77;3669.23;3659.34;3667.83
2025-09-18 01:00:00;3668.88;3671.85;3657.72;3660.77
2025-09-18 00:00:00;3671.86;3671.87;3661.91;3668.89
2025-09-17 23:00:00;3665.74;3674.27;3665.34;3671.86
2025-09-17 22:00:00;3662.58;3668.56;3660.1;3665.75
2025-09-17 21:00:00;3664.38;3669.94;3661.8;3662.58
2025-09-17 20:00:00;3666.3;3666.37;3661.67;3664.37
2025-09-17 19:00:00;3663.25;3673.77;3659.84;3666.3
2025-09-17 18:00:00;3694.87;3708.49;3657.59;3663.02
2025-09-17 17:00:00;3693.55;3695.64;3687.2;3694.87
2025-09-17 16:00:00;3693.54;3698.17;3693.28;3693.55
2025-09-17 15:00:00;3694.66;3697.47;3691.65;3693.54
2025-09-17 14:00:00;3689.37;3695.9;3688.67;3694.66
2025-09-17 13:00:00;3690.68;3693.61;3686.16;3689.37
2025-09-17 12:00:00;3678.14;3690.69;3678.14;3690.69
2025-09-17 11:00:00;3674.46;3681.45;3671.58;3678.14
2025-09-17 10:00:00;3680;3681.35;3673.35;3674.36
2025-09-17 09:00:00;3675;3685.6;3674.28;3680.19
2025-09-17 08:00:00;3678.83;3678.83;3673.05;3675.1
2025-09-17 07:00:00;3686.47;3687.68;3677.71;3678.83
2025-09-17 06:00:00;3689.57;3690.09;3682.75;3685.84
2025-09-17 05:00:00;3688.44;3693.24;3686.21;3689.38
2025-09-17 04:00:00;3690.21;3691.23;3688.08;3688.44
2025-09-17 03:00:00;3692.25;3692.69;3689.2;3690.21
2025-09-17 02:00:00;3691.31;3693.73;3684.66;3692.26
2025-09-17 01:00:00;3700.71;3700.71;3688.91;3690.92
2025-09-17 00:00:00;3705.05;3705.31;3700.7;3700.7
2025-09-16 23:00:00;3700.19;3705.4;3700.18;3705.04
2025-09-16 22:00:00;3699.06;3703.06;3698.28;3700.33
2025-09-16 21:00:00;3696.78;3699.1;3695.54;3699.06
2025-09-16 20:00:00;3695;3700.16;3695;3696.78
2025-09-16 19:00:00;3698.31;3698.31;3695;3695.01
2025-09-16 18:00:00;3696.81;3698.32;3692.66;3698.31
2025-09-16 17:00:00;3700.24;3700.84;3695.88;3696.84
2025-09-16 16:00:00;3696.26;3700.25;3694.42;3700.24
2025-09-16 15:00:00;3698.53;3700.7;3688.62;3696.25
2025-09-16 14:00:00;3706.2;3712.69;3698.52;3698.53
2025-09-16 13:00:00;3701.69;3709.03;3697.4;3706.2
2025-09-16 12:00:00;3708.85;3708.85;3696.02;3701.68
2025-09-16 11:00:00;3705.35;3710.53;3703;3708.85
2025-09-16 10:00:00;3705.83;3706.82;3703.55;3705.35
2025-09-16 09:00:00;3704.76;3707.53;3702.81;3705.82
2025-09-16 08:00:00;3696.37;3705.79;3696.37;3704.75
2025-09-16 07:00:00;3702.98;3705.7;3695.78;3696.38
2025-09-16 06:00:00;3691.91;3704.42;3691.91;3703.07
2025-09-16 05:00:00;3692.05;3692.98;3688.3;3691.92
2025-09-16 04:00:00;3689.87;3693.37;3688.63;3692.06
2025-09-16 03:00:00;3686.3;3691.11;3686.09;3689.87
2025-09-16 02:00:00;3688.46;3690.18;3684.46;3686.29
2025-09-16 01:00:00;3693.64;3695.94;3686.24;3688.45
2025-09-16 00:00:00;3683.88;3694.42;3683.88;3693.64
2025-09-15 23:00:00;3684.17;3687.46;3683.88;3683.89
2025-09-15 22:00:00;3684.41;3684.41;3680.45;3684.21
2025-09-15 21:00:00;3683.47;3684.52;3677.61;3684.41
2025-09-15 20:00:00;3685.74;3689.53;3682.2;3683.47
2025-09-15 19:00:00;3683.86;3687.56;3682.82;3685.95
2025-09-15 18:00:00;3691.63;3692.27;3680.02;3683.85
2025-09-15 17:00:00;3688.36;3692.51;3688.06;3692.04
2025-09-15 16:00:00;3685.99;3692.79;3682;3688.36
2025-09-15 15:00:00;3671.24;3688.96;3671.23;3685.98
2025-09-15 14:00:00;3663.99;3672.1;3661.84;3671.23
2025-09-15 13:00:00;3658.47;3670.56;3656.77;3663.8
2025-09-15 12:00:00;3651.82;3659.5;3643.3;3658.38
2025-09-15 11:00:00;3647.61;3653.91;3647.09;3651.81
2025-09-15 10:00:00;3649.31;3653.66;3646.3;3647.6
2025-09-15 09:00:00;3651.47;3654.18;3644;3649.3
2025-09-15 08:00:00;3649.32;3651.82;3646.2;3651.47
2025-09-15 07:00:00;3641.01;3652;3638.89;3649.32
2025-09-15 06:00:00;3646.58;3646.58;3641.01;3641.01
2025-09-15 05:00:00;3651.01;3651.49;3641.23;3646.58
2025-09-15 04:00:00;3652.74;3653.61;3649.19;3650.92
2025-09-15 03:00:00;3647.98;3653.86;3647.68;3652.65
2025-09-15 02:00:00;3643.06;3653.78;3643.06;3647.98
2025-09-15 01:00:00;3640.95;3643.06;3635.07;3643.06
2025-09-15 00:00:00;3644.54;3650.25;3640;3641.14
2025-09-14 23:00:00;3646.64;3647.38;3642.31;3644.54
2025-09-14 22:00:00;3652.02;3652.02;3644.21;3646.64
2025-09-14 21:00:00;3652.38;3652.38;3652.02;3652.03
2025-09-13 13:00:00;3635.1;3635.1;3631.21;3632.77
2025-09-13 12:00:00;3631.95;3635.49;3631.02;3635.1
2025-09-13 11:00:00;3635.44;3638.37;3631.94;3631.95
2025-09-13 10:00:00;3635;3636.62;3632.64;3635.44
2025-09-13 09:00:00;3634.12;3635;3630.25;3635
2025-09-13 08:00:00;3637.43;3637.43;3628;3634.12
2025-09-13 07:00:00;3633.62;3637.37;3633.52;3637.37
2025-09-13 06:00:00;3630.78;3634.16;3629.36;3633.63
2025-09-13 05:00:00;3629.17;3634.86;3628.56;3630.78
2025-09-13 04:00:00;3631.13;3633.31;3625.47;3629.18
2025-09-13 03:00:00;3634.59;3635.49;3631.12;3631.15
2025-09-13 02:00:00;3630.87;3635.06;3630.86;3634.58
2025-09-13 01:00:00;3639.89;3639.89;3629.98;3630.86
2025-09-13 00:00:00;3641.99;3642.18;3637.52;3639.89
2025-09-12 23:00:00;3640.73;3643.23;3640;3641.99
2025-09-12 22:00:00;3643.78;3646.34;3633.4;3640.73
2025-09-12 21:00:00;3642.08;3643.92;3641.69;3643.78
2025-09-12 20:00:00;3641.54;3642.54;3640.37;3642.08
2025-09-12 19:00:00;3645.97;3645.97;3641.53;3641.54
2025-09-12 18:00:00;3648.87;3648.87;3644.94;3645.97
2025-09-12 17:00:00;3646.9;3648.84;3645.57;3648.77
2025-09-12 16:00:00;3643.47;3647.39;3641.34;3647.39
2025-09-12 15:00:00;3647.23;3647.23;3642.53;3643.47
2025-09-12 14:00:00;3648.48;3652.14;3645.87;3647.33
2025-09-12 13:00:00;3645.91;3650.65;3643.99;3648.47
2025-09-12 12:00:00;3647.76;3647.77;3640;3645.91
2025-09-12 11:00:00;3650.06;3650.08;3646.63;3647.76
2025-09-12 10:00:00;3647.46;3651.13;3644.98;3650.07
2025-09-12 09:00:00;3640.99;3647.46;3639.07;3647.46
2025-09-12 08:00:00;3647.78;3650.12;3640.45;3641
2025-09-12 07:00:00;3649.57;3653.21;3647.72;3647.78
2025-09-12 06:00:00;3651.21;3651.39;3646.67;3649.32
2025-09-12 05:00:00;3652.99;3655.89;3649.75;3651.46
2025-09-12 04:00:00;3648.52;3653.43;3648.28;3652.99
2025-09-12 03:00:00;3644.47;3648.52;3644;3648.52
2025-09-12 02:00:00;3642.06;3648.48;3639.91;3644.38
2025-09-12 01:00:00;3635.02;3642.99;3635.02;3642.15
2025-09-12 00:00:00;3632.1;3635.88;3630.53;3635.01
2025-09-11 23:00:00;3634.64;3634.98;3632.1;3632.1
2025-09-11 22:00:00;3639.03;3639.03;3632.79;3634.64
2025-09-11 21:00:00;3634.01;3639.19;3632.1;3639.03
2025-09-11 20:00:00;3636.16;3637.43;3633.86;3634.06
2025-09-11 19:00:00;3633.06;3639.29;3633.06;3636.46
2025-09-11 18:00:00;3634.88;3636.67;3630.7;3633.06
2025-09-11 17:00:00;3634.72;3636.68;3631.38;3634.87
2025-09-11 16:00:00;3632.44;3645.81;3632.27;3634.72
2025-09-11 15:00:00;3627.08;3635.46;3627.08;3632.43
2025-09-11 14:00:00;3628.7;3641.83;3624.83;3627.08
2025-09-11 13:00:00;3627.54;3634.93;3618.39;3628.79
2025-09-11 12:00:00;3615.73;3643.19;3615.73;3627.53
2025-09-11 11:00:00;3622.57;3622.96;3615.73;3615.73
2025-09-11 10:00:00;3621.5;3627.34;3620.12;3622.58
2025-09-11 09:00:00;3623.3;3624.95;3614.09;3621.5
2025-09-11 08:00:00;3626.34;3627.92;3622.31;3622.99
2025-09-11 07:00:00;3627.67;3628.16;3621.03;3626.33
2025-09-11 06:00:00;3621.93;3632.84;3621.13;3627.42
2025-09-11 05:00:00;3628.02;3629.9;3621.14;3621.93
2025-09-11 04:00:00;3632.73;3639.18;3627.12;3628.02
2025-09-11 03:00:00;3635.5;3636.72;3630.97;3632.73
2025-09-11 02:00:00;3637.02;3640.46;3634.03;3635.5
2025-09-11 01:00:00;3640.94;3644.72;3637.02;3637.02
2025-09-11 00:00:00;3642.26;3643.59;3639.77;3640.94
2025-09-10 23:00:00;3639.43;3646.92;3637.92;3642.26
2025-09-10 22:00:00;3639.32;3644.52;3638;3639.43
2025-09-10 21:00:00;3641.3;3641.94;3639.29;3639.31
2025-09-10 20:00:00;3643.31;3644.6;3639.27;3641.3
2025-09-10 19:00:00;3642.58;3643.32;3636.67;3643.31
2025-09-10 18:00:00;3645.08;3647.31;3639.99;3642.57
2025-09-10 17:00:00;3645.33;3646.89;3640.72;3645.07
2025-09-10 16:00:00;3645.19;3647.29;3643.12;3645.68
2025-09-10 15:00:00;3649.09;3649.09;3638.18;3645.19
2025-09-10 14:00:00;3650.68;3655.55;3645.54;3649.1
2025-09-10 13:00:00;3647.21;3653.83;3644.52;3650.67
2025-09-10 12:00:00;3652.5;3664;3644.73;3647.22
2025-09-10 11:00:00;3658.81;3660.81;3652;3652.55
2025-09-10 10:00:00;3659.95;3660.9;3655.82;3658.86
2025-09-10 09:00:00;3650.04;3660.8;3649.32;3659.95
2025-09-10 08:00:00;3648;3651.34;3646.73;3650.13
2025-09-10 07:00:00;3647.19;3651.29;3645.28;3648.02
2025-09-10 06:00:00;3646.48;3650.93;3644.82;3646.77
2025-09-10 05:00:00;3647.76;3649.78;3644.09;3646.47
2025-09-10 04:00:00;3641.29;3648.23;3641.29;3647.75
2025-09-10 03:00:00;3642.67;3642.68;3639.03;3641.29
2025-09-10 02:00:00;3638.18;3644.41;3637.8;3642.67
2025-09-10 01:00:00;3632.79;3639.83;3630.11;3638.05
2025-09-10 00:00:00;3643.12;3643.69;3630;3632.8
2025-09-09 23:00:00;3641.96;3648.36;3641.77;3643.12
2025-09-09 22:00:00;3632.85;3642.74;3632.79;3642.17
2025-09-09 21:00:00;3638.48;3642.88;3632.55;3632.85
2025-09-09 20:00:00;3641.69;3647.73;3638.7;3638.7
2025-09-09 19:00:00;3653.58;3654.27;3641.19;3641.68
2025-09-09 18:00:00;3655.51;3661.18;3653.43;3653.57
2025-09-09 17:00:00;3657.72;3661.1;3654.88;3655.5
2025-09-09 16:00:00;3655.99;3661.88;3654.54;3657.71
2025-09-09 15:00:00;3654.05;3656;3639.09;3656
2025-09-09 14:00:00;3673.84;3681.7;3648;3653.92
2025-09-09 13:00:00;3657.91;3678.45;3656.92;3673.38
2025-09-09 12:00:00;3657.1;3664.65;3653.65;3657.91
2025-09-09 11:00:00;3658.79;3662.46;3656.38;3656.92
2025-09-09 10:00:00;3660.63;3662.17;3657.17;3658.79
2025-09-09 09:00:00;3655.8;3664.72;3655.61;3660.64
2025-09-09 08:00:00;3651.27;3657.81;3650.66;3655.52
2025-09-09 07:00:00;3656.43;3658.75;3650;3651.59
2025-09-09 06:00:00;3666.51;3666.51;3646.34;3656.63
2025-09-09 05:00:00;3663.14;3668.24;3660.42;3666.52
2025-09-09 04:00:00;3655.46;3665.08;3655.12;3663.13
2025-09-09 03:00:00;3658.41;3663.33;3653.59;3655.47
2025-09-09 02:00:00;3655.93;3670;3653.88;3658.41
2025-09-09 01:00:00;3645.82;3660.03;3645.75;3656.03
2025-09-09 00:00:00;3640.8;3647.01;3640.06;3645.82
2025-09-08 23:00:00;3634.87;3641.49;3634.8;3640.8
2025-09-08 22:00:00;3638.49;3643.77;3633.36;3634.78
2025-09-08 21:00:00;3641.12;3641.82;3638.1;3638.49
2025-09-08 20:00:00;3641.46;3643.39;3639.47;3641.18
2025-09-08 19:00:00;3640.98;3643.54;3638.58;3641.46
2025-09-08 18:00:00;3638.61;3641.87;3638.13;3640.98
2025-09-08 17:00:00;3645.97;3646.06;3638.61;3638.61
2025-09-08 16:00:00;3642.43;3648.16;3638.99;3645.82
2025-09-08 15:00:00;3645;3649.32;3637.61;3642.43
2025-09-08 14:00:00;3638.24;3645.13;3635.96;3645.01
2025-09-08 13:00:00;3629.18;3641.24;3626.34;3638.68
2025-09-08 12:00:00;3627.25;3629.99;3622.17;3629.19
2025-09-08 11:00:00;3622.42;3628.11;3618.88;3627.17
2025-09-08 10:00:00;3620.7;3627.6;3617.09;3622.42
2025-09-08 09:00:00;3618.1;3622.62;3616.81;3620.75
2025-09-08 08:00:00;3618.91;3623.44;3615.96;3618.1
2025-09-08 07:00:00;3604.25;3622.15;3604;3618.78
2025-09-08 06:00:00;3597.96;3604.65;3594.19;3604.25
2025-09-08 05:00:00;3591.32;3598.41;3590.8;3597.97
2025-09-08 04:00:00;3590.19;3598.27;3588.12;3591.32
2025-09-08 03:00:00;3598;3598.36;3589.74;3590.19
2025-09-08 02:00:00;3597.98;3601.39;3596;3598
2025-09-08 01:00:00;3602.37;3604.9;3593.78;3597.98
2025-09-08 00:00:00;3602.37;3603.44;3595.04;3602.37
2025-09-07 23:00:00;3602.58;3604.97;3598.06;3602.37
2025-09-07 22:00:00;3609.52;3611.57;3602;3602.58
2025-09-07 21:00:00;3609.59;3611.29;3609.31;3609.53
2025-09-06 13:00:00;3609.86;3611.2;3603.19;3606.64
2025-09-06 12:00:00;3607.55;3610.03;3606.61;3609.86
2025-09-06 11:00:00;3604.21;3607.65;3600.91;3607.55
2025-09-06 10:00:00;3606.89;3609.99;3603.02;3604.21
2025-09-06 09:00:00;3607;3611.68;3605;3606.92
2025-09-06 08:00:00;3600.9;3609.73;3600.9;3607.01
2025-09-06 07:00:00;3599.47;3601.12;3599.47;3600.9
2025-09-06 06:00:00;3598.45;3599.9;3598.14;3599.44
2025-09-06 05:00:00;3598.7;3599.1;3595.7;3598.46
2025-09-06 04:00:00;3597.5;3598.99;3596.49;3598.7
2025-09-06 03:00:00;3595.72;3597.99;3592.95;3597.51
2025-09-06 02:00:00;3595.94;3596.58;3591.6;3595.72
2025-09-06 01:00:00;3591.66;3596.67;3591.58;3595.94
2025-09-06 00:00:00;3593.65;3593.65;3590.51;3591.59
2025-09-05 23:00:00;3598.13;3598.14;3591.44;3593.64
2025-09-05 22:00:00;3597.45;3598.81;3592.04;3598.14
2025-09-05 21:00:00;3590;3599;3590;3597.45
2025-09-05 20:00:00;3598.29;3598.29;3590;3590.01
2025-09-05 19:00:00;3597.98;3599;3595.26;3598.29
2025-09-05 18:00:00;3598.44;3599.1;3594.33;3597.72
2025-09-05 17:00:00;3595.41;3599.09;3590.03;3598.45
2025-09-05 16:00:00;3593.29;3599;3591.81;3595.29
2025-09-05 15:00:00;3590.38;3596.29;3583.87;3593.72
2025-09-05 14:00:00;3593.46;3598.53;3572;3590.33
2025-09-05 13:00:00;3581.94;3593.46;3572.8;3593.45
2025-09-05 12:00:00;3558.09;3587.36;3555.5;3581.93
2025-09-05 11:00:00;3558.56;3560.9;3555.36;3558.1
2025-09-05 10:00:00;3560.01;3560.01;3555.44;3558.82
2025-09-05 09:00:00;3550.55;3561.59;3550.55;3560
2025-09-05 08:00:00;3552.98;3554.74;3550;3550.56
2025-09-05 07:00:00;3561.42;3561.62;3551.77;3552.99
2025-09-05 06:00:00;3564.71;3566.78;3558;3561.41
2025-09-05 05:00:00;3564.66;3566.45;3561.41;3564.7
2025-09-05 04:00:00;3564.98;3565.6;3562.3;3564.88
2025-09-05 03:00:00;3558.74;3565.2;3557.79;3564.97
2025-09-05 02:00:00;3560.73;3563.7;3555.9;3558.31
2025-09-05 01:00:00;3558.96;3564.72;3558.46;3560.56
2025-09-05 00:00:00;3559.1;3562.37;3556.69;3558.96
2025-09-04 23:00:00;3549.56;3559.8;3549.13;3559.09
2025-09-04 22:00:00;3554.57;3554.58;3548.64;3549.55
2025-09-04 21:00:00;3553.16;3556.67;3550.92;3554.58
2025-09-04 20:00:00;3557.35;3557.98;3551.38;3553.16
2025-09-04 19:00:00;3552.88;3559.93;3552.35;3557.43
2025-09-04 18:00:00;3551.39;3555.22;3551.38;3552.88
2025-09-04 17:00:00;3560.31;3562.5;3551.27;3551.38
2025-09-04 16:00:00;3560;3563.97;3557.44;3560.3
2025-09-04 15:00:00;3554.64;3560.43;3545.57;3560.11
2025-09-04 14:00:00;3555.79;3555.79;3544.8;3554.62
2025-09-04 13:00:00;3553.23;3565.66;3549.37;3555.79
2025-09-04 12:00:00;3552.52;3558.03;3550.01;3553.23
2025-09-04 11:00:00;3548.77;3556.66;3546.6;3552.51
2025-09-04 10:00:00;3547.91;3556.16;3546.99;3548.77
2025-09-04 09:00:00;3551.41;3554.67;3547.9;3547.9
2025-09-04 08:00:00;3553.04;3560.97;3549.01;3551.41
2025-09-04 07:00:00;3547.04;3554.77;3543.49;3553.04
2025-09-04 06:00:00;3536;3551.9;3534.03;3547.03
2025-09-04 05:00:00;3544;3546.08;3535;3535.99
2025-09-04 04:00:00;3541.99;3548;3541.51;3543.99
2025-09-04 03:00:00;3544.22;3545.27;3527.55;3541.99
2025-09-04 02:00:00;3559.27;3562.58;3542.01;3544.22
2025-09-04 01:00:00;3575.64;3577.09;3556.8;3559.18
2025-09-04 00:00:00;3574.99;3576.55;3569.08;3575.14
2025-09-03 23:00:00;3576.14;3576.18;3569.57;3574.99
2025-09-03 22:00:00;3577.13;3578.25;3573.08;3576.13
2025-09-03 21:00:00;3573.33;3577.13;3570.01;3577.13
2025-09-03 20:00:00;3574.76;3578.04;3573.01;3573.33
2025-09-03 19:00:00;3580.86;3582.15;3574.33;3574.76
2025-09-03 18:00:00;3583.74;3587.5;3580;3581.29
2025-09-03 17:00:00;3583.3;3587.44;3581.19;3583.75
2025-09-03 16:00:00;3574.38;3583.3;3573.2;3583.3
2025-09-03 15:00:00;3571.71;3575.35;3568.92;3574.38
2025-09-03 14:00:00;3567.45;3577.26;3565.62;3571.71
2025-09-03 13:00:00;3566.31;3574.2;3563.24;3567.39
2025-09-03 12:00:00;3564.22;3567.43;3558.49;3566.41
2025-09-03 11:00:00;3555.52;3564.9;3555.52;3564.9
2025-09-03 10:00:00;3551.18;3556.33;3549;3555.52
2025-09-03 09:00:00;3555.29;3557.98;3550.89;3551.27
2025-09-03 08:00:00;3550.45;3558.79;3550.44;3555.2
2025-09-03 07:00:00;3551.64;3553.74;3547.64;3550.66
2025-09-03 06:00:00;3546.62;3552.97;3546.61;3551.33
2025-09-03 05:00:00;3550.72;3553.31;3546.04;3546.62
2025-09-03 04:00:00;3544.9;3551.68;3544.78;3550.71
2025-09-03 03:00:00;3546.98;3547.38;3542.4;3544.91
2025-09-03 02:00:00;3558.04;3562.3;3546.99;3546.99
2025-09-03 01:00:00;3558.15;3561.06;3550.7;3558.04
2025-09-03 00:00:00;3548.15;3560;3545.06;3558.15
2025-09-02 23:00:00;3545.44;3550.49;3543.21;3548.15
2025-09-02 22:00:00;3551.58;3552.14;3544.88;3545.43
2025-09-02 21:00:00;3550.4;3552.62;3550.4;3551.59
2025-09-02 20:00:00;3554.01;3555.41;3550.4;3550.4
2025-09-02 19:00:00;3542.91;3556.69;3542.91;3554
2025-09-02 18:00:00;3546.4;3549.87;3541.14;3542.91
2025-09-02 17:00:00;3545.01;3548;3543.11;3546
2025-09-02 16:00:00;3534.53;3545.62;3532;3545.02
2025-09-02 15:00:00;3523.78;3538.42;3521.99;3534.52
2025-09-02 14:00:00;3502.55;3525.75;3502.55;3523.78
2025-09-02 13:00:00;3497.64;3506.37;3493.84;3502.74
2025-09-02 12:00:00;3504;3508.99;3490.02;3497
2025-09-02 11:00:00;3501.23;3504;3496.36;3504
2025-09-02 10:00:00;3492.51;3503.8;3491.34;3501.23
2025-09-02 09:00:00;3491.86;3501.42;3490.5;3492.5
2025-09-02 08:00:00;3494.61;3496.56;3486.35;3491.52
2025-09-02 07:00:00;3500.29;3514.74;3490.6;3494.72
2025-09-02 06:00:00;3511.7;3513.72;3495.5;3500.3
2025-09-02 05:00:00;3517.96;3518.39;3511.27;3511.33
2025-09-02 04:00:00;3518.01;3521.79;3514.29;3518.36
2025-09-02 03:00:00;3520.95;3521.39;3512.61;3518.1
2025-09-02 02:00:00;3530.9;3532.27;3520;3520.96
2025-09-02 01:00:00;3507.61;3540;3507.43;3531.07
2025-09-02 00:00:00;3502.92;3538;3501.45;3507.62
2025-09-01 23:00:00;3493.43;3505.03;3493.42;3503.19
2025-09-01 22:00:00;3493.07;3495.01;3492.01;3493.43
2025-09-01 21:00:00;3490.82;3493.07;3489.37;3493.02
2025-09-01 20:00:00;3488.85;3492.66;3488.77;3490.83
2025-09-01 19:00:00;3490.5;3490.5;3488.71;3488.86
2025-09-01 18:00:00;3494.44;3494.44;3489.92;3490.51
2025-09-01 17:00:00;3492.17;3494.45;3491.27;3494.45
2025-09-01 16:00:00;3488.22;3493.4;3486.36;3492.17
2025-09-01 15:00:00;3486.23;3492.68;3485.76;3488.21
2025-09-01 14:00:00;3486.65;3491.84;3485;3486.23
2025-09-01 13:00:00;3480.74;3490;3480;3486.65
2025-09-01 12:00:00;3482.64;3484;3480.73;3480.74
2025-09-01 11:00:00;3482.72;3484.81;3481.53;3482.63
2025-09-01 10:00:00;3486.61;3489;3481;3482.72
2025-09-01 09:00:00;3491.46;3491.96;3483.19;3486.61
2025-09-01 08:00:00;3492.5;3495.96;3490.71;3491.46
2025-09-01 07:00:00;3499.99;3500;3486.84;3492.5
2025-09-01 06:00:00;3497;3502;3495;3501.04
2025-09-01 05:00:00;3490.8;3499;3489.89;3497
2025-09-01 04:00:00;3492;3494.37;3486.81;3490.8
2025-09-01 03:00:00;3494.85;3498.02;3486.81;3492
2025-09-01 02:00:00;3469.91;3495.72;3467.62;3494.86
2025-09-01 01:00:00;3456.94;3471.15;3451.13;3469.92
2025-09-01 00:00:00;3460.41;3461.19;3455;3456.95
2025-08-31 23:00:00;3461.56;3462;3457.73;3460.4
2025-08-31 22:00:00;3465.1;3465.1;3456.3;3461.57
2025-08-31 21:00:00;3467.33;3467.34;3464.37;3465.1
2025-08-30 13:00:00;3463.35;3463.81;3457.85;3463.81
2025-08-30 12:00:00;3457.16;3463.43;3457.16;3463.35
2025-08-30 11:00:00;3460.08;3460.08;3456.3;3457.16
2025-08-30 10:00:00;3465.61;3466.73;3460.01;3460.09
2025-08-30 09:00:00;3462.26;3465.65;3459.89;3465.61
2025-08-30 08:00:00;3461.05;3462.98;3459.05;3462.25
2025-08-30 07:00:00;3455.37;3462.4;3455.36;3461.04
2025-08-30 06:00:00;3458.01;3458.01;3454.83;3455.37
2025-08-30 05:00:00;3462.89;3463;3457.64;3458.01
2025-08-30 04:00:00;3463;3463;3462.88;3462.88
2025-08-30 03:00:00;3459.76;3463;3459.75;3463
2025-08-30 02:00:00;3457.43;3459.91;3452.66;3459.76
2025-08-30 01:00:00;3458.99;3458.99;3456.53;3457.43
2025-08-30 00:00:00;3461.83;3461.83;3457.84;3458.99
2025-08-29 23:00:00;3461.39;3463.32;3458.85;3461.84
2025-08-29 22:00:00;3458.2;3463.02;3457.52;3461.39
2025-08-29 21:00:00;3455.6;3459.54;3451.04;3458.2
2025-08-29 20:00:00;3460.82;3464.7;3448.23;3455.59
2025-08-29 19:00:00;3450.33;3463;3449.42;3460.81
2025-08-29 18:00:00;3451.94;3455;3445.98;3450.63
2025-08-29 17:00:00;3455.48;3457;3449.33;3451.82
2025-08-29 16:00:00;3451.07;3455.71;3449;3455.6
2025-08-29 15:00:00;3444.41;3453;3441.2;3451.08
2025-08-29 14:00:00;3431.68;3449.78;3430.4;3444.39
2025-08-29 13:00:00;3418.17;3431.86;3415.97;3431.69
2025-08-29 12:00:00;3412.99;3418.67;3410.56;3418.16
2025-08-29 11:00:00;3410;3413.73;3408.05;3413.4
2025-08-29 10:00:00;3409.28;3413;3407.8;3410
2025-08-29 09:00:00;3410.82;3412.26;3408.59;3409.28
2025-08-29 08:00:00;3411.4;3426.91;3410.52;3410.82
2025-08-29 07:00:00;3412.18;3414.31;3408.69;3411.36
2025-08-29 06:00:00;3412.09;3413.96;3411.04;3412.19
2025-08-29 05:00:00;3411.95;3414;3411;3412.1
2025-08-29 04:00:00;3414.01;3419.96;3411.05;3411.94
2025-08-29 03:00:00;3414.21;3415.16;3411.99;3414.07
2025-08-29 02:00:00;3411.79;3415.16;3411.29;3414.2
2025-08-29 01:00:00;3414.3;3414.3;3407.99;3411
2025-08-29 00:00:00;3415.81;3416.99;3409.52;3414.3
2025-08-28 23:00:00;3418.24;3420.08;3414.03;3415.8
2025-08-28 22:00:00;3420.58;3420.58;3418;3418.24
2025-08-28 21:00:00;3419.77;3420.61;3419.77;3420.58
2025-08-28 20:00:00;3421.22;3421.23;3416.26;3419.78
2025-08-28 19:00:00;3423.1;3423.11;3419.08;3421.23
2025-08-28 18:00:00;3419.03;3423.11;3417.83;3423.1
2025-08-28 17:00:00;3413.75;3423.25;3413.13;3419.02
2025-08-28 16:00:00;3407;3415.37;3406.56;3413.76
2025-08-28 15:00:00;3407.04;3408.37;3403;3406.99
2025-08-28 14:00:00;3402.06;3408.85;3400.58;3407.04
2025-08-28 13:00:00;3394.09;3403.3;3392.2;3402.07
2025-08-28 12:00:00;3397.88;3402.32;3393.01;3394.31
2025-08-28 11:00:00;3392.32;3399.76;3392.32;3397.87
2025-08-28 10:00:00;3395.74;3396.48;3390.96;3392.31
2025-08-28 09:00:00;3396.35;3397.82;3395.45;3395.77
2025-08-28 08:00:00;3390.62;3397.51;3388.6;3396.35
2025-08-28 07:00:00;3388.05;3390.83;3387.18;3390.62
2025-08-28 06:00:00;3382.67;3388.98;3382.32;3388.06
2025-08-28 05:00:00;3381.71;3383.09;3380.64;3382.67
2025-08-28 04:00:00;3383.67;3383.68;3378;3381.7
2025-08-28 03:00:00;3385.31;3385.79;3383.04;3383.67
2025-08-28 02:00:00;3381.6;3385.31;3380.34;3385.31
2025-08-28 01:00:00;3384.65;3389.97;3380.93;3381.59
2025-08-28 00:00:00;3387.82;3390;3384.65;3384.65
2025-08-27 23:00:00;3386.97;3390.77;3385.94;3387.82
2025-08-27 22:00:00;3384.84;3388.6;3384.84;3386.98
2025-08-27 21:00:00;3388.81;3390;3384.83;3384.83
2025-08-27 20:00:00;3387.58;3388.82;3385.91;3388.82
2025-08-27 19:00:00;3384.8;3388.12;3384.79;3387.58
2025-08-27 18:00:00;3384.57;3385.75;3381.9;3384.8
2025-08-27 17:00:00;3382.44;3384.68;3382.24;3384.56
2025-08-27 16:00:00;3377.07;3384.92;3376.92;3382.58
2025-08-27 15:00:00;3374.57;3378.23;3374.57;3376.84
2025-08-27 14:00:00;3367.95;3374.71;3366.93;3374.57
2025-08-27 13:00:00;3371.34;3372.62;3366.67;3367.95
2025-08-27 12:00:00;3369.79;3372;3367.92;3370.89
2025-08-27 11:00:00;3367.57;3370.22;3367.15;3369.79
2025-08-27 10:00:00;3369.76;3369.97;3367.47;3367.57
2025-08-27 09:00:00;3373.82;3374.9;3369.11;3369.77
2025-08-27 08:00:00;3371.83;3375.66;3371.83;3373.81
2025-08-27 07:00:00;3368.33;3371.83;3366.61;3371.83
2025-08-27 06:00:00;3369.19;3372.21;3368.19;3368.33
2025-08-27 05:00:00;3365.84;3369.72;3365.83;3368.81
2025-08-27 04:00:00;3373.52;3377.5;3365;3365.84
2025-08-27 03:00:00;3373.91;3382.75;3373.51;3373.52
2025-08-27 02:00:00;3375.99;3386.10010;3373.57;3373.92
2025-08-27 01:00:00;3379.24;3379.24;3374.4;3375.99
2025-08-27 00:00:00;3378;3380.84;3378;3379.23
2025-08-26 23:00:00;3377.97;3380.1;3377.69;3378
2025-08-26 22:00:00;3382;3382.93;3375.78;3377.97
2025-08-26 21:00:00;3379.9;3382.01;3379.75;3382.01
2025-08-26 20:00:00;3374.3;3379.98;3374.3;3379.95
2025-08-26 19:00:00;3372.62;3376.84;3372.62;3374.29
2025-08-26 18:00:00;3369.85;3372.81;3368.44;3372.63
2025-08-26 17:00:00;3372.13;3373.36;3368.71;3369.85
2025-08-26 16:00:00;3371.55;3373.69;3370.06;3372.13
2025-08-26 15:00:00;3365.7;3374.03;3365.7;3371.56
2025-08-26 14:00:00;3364.01;3365.89;3360;3365.69
2025-08-26 13:00:00;3361;3365.88;3358.17;3364.01
2025-08-26 12:00:00;3364.5;3366.63;3361;3361.34
2025-08-26 11:00:00;3362.69;3367.35;3362.15;3364.6
2025-08-26 10:00:00;3362.59;3363.98;3357.69;3362.69
2025-08-26 09:00:00;3366.07;3366.07;3359.28;3362.59
2025-08-26 08:00:00;3364.52;3366.59;3363.84;3366.07
2025-08-26 07:00:00;3363.82;3365.95;3358.48;3364.03
2025-08-26 06:00:00;3365.42;3369.06;3362.42;3364.08
2025-08-26 05:00:00;3364.47;3367.67;3360.66;3365.42
2025-08-26 04:00:00;3360.73;3366.72;3360.73;3364.44
2025-08-26 03:00:00;3362.08;3371.43994;3359;3360.73
2025-08-26 02:00:00;3362.77;3367.98;3360.6;3362.2
2025-08-26 01:00:00;3366.1;3366.1;3357.65;3362.77
2025-08-26 00:00:00;3343.04;3370.66;3339.64;3367.02
2025-08-25 23:00:00;3350.05;3350.06;3339.76;3343.11
2025-08-25 22:00:00;3345.6;3350.57;3345;3350.05
2025-08-25 21:00:00;3349.54;3349.54;3336;3345.78
2025-08-25 20:00:00;3353.97;3355;3349.12;3349.54
2025-08-25 19:00:00;3361.81;3362.58;3353.96;3353.96
2025-08-25 18:00:00;3361.95;3362.85;3359.64;3361.8
2025-08-25 17:00:00;3362.95;3363.3;3361.24;3361.95
2025-08-25 16:00:00;3361.22;3363.3;3359.99;3362.95
2025-08-25 15:00:00;3361.88;3363.18;3360.05;3361.37
2025-08-25 14:00:00;3359.95;3361.89;3359.86;3361.88
2025-08-25 13:00:00;3358.75;3360.3;3355.48;3359.95
2025-08-25 12:00:00;3361.24;3362.71;3358.75;3358.76
2025-08-25 11:00:00;3356.69;3361.5;3356.67;3361.24
2025-08-25 10:00:00;3356.09;3359.14;3355.16;3356.68
2025-08-25 09:00:00;3353.28;3356.09;3353.27;3356.08
2025-08-25 08:00:00;3356;3356.17;3351.99;3353.31
2025-08-25 07:00:00;3357.94;3358.56;3355.16;3356
2025-08-25 06:00:00;3356.23;3358.85;3356.1;3357.95
2025-08-25 05:00:00;3357.39;3357.4;3356.02;3356.23
2025-08-25 04:00:00;3358.88;3358.88;3356.77;3357.4
2025-08-25 03:00:00;3356.56;3366.68994;3356.56;3358.87
2025-08-25 02:00:00;3353.29;3356.78;3352.54;3356.56
2025-08-25 01:00:00;3355.76;3358.21;3353.14;3353.23
2025-08-25 00:00:00;3360.81;3360.81;3354.83;3355.54
2025-08-24 23:00:00;3357.54;3361.5;3357.06;3360.81
2025-08-24 22:00:00;3356.8;3358.25;3356.04;3357.49
2025-08-24 21:00:00;3358.02;3358.02;3355.32;3356.81
2025-08-23 13:00:00;3358.82;3360.69;3358.74;3359.72
2025-08-23 12:00:00;3360.68;3360.68;3357.02;3358.83
2025-08-23 11:00:00;3360.69;3360.69;3360.49;3360.67
2025-08-23 10:00:00;3360.43;3360.69;3360.42;3360.69
2025-08-23 09:00:00;3359.76;3360.69;3359.75;3360.42
2025-08-23 08:00:00;3358.3;3359.76;3357.87;3359.75
2025-08-23 07:00:00;3357.77;3358.31;3356.92;3358.31
2025-08-23 06:00:00;3357.6;3358.88;3357.37;3357.78
2025-08-23 05:00:00;3356.09;3357.6;3354.35;3357.6
2025-08-23 04:00:00;3360.11;3360.11;3345.51;3356.08
2025-08-23 03:00:00;3358.86;3360.56;3358.86;3360.17
2025-08-23 02:00:00;3358.79;3360.09;3358.59;3358.87
2025-08-23 01:00:00;3360.67;3360.73;3358.58;3358.79
2025-08-23 00:00:00;3364.74;3366.18;3360;3360.67
2025-08-22 23:00:00;3363.6;3365.06;3363.33;3364.74
2025-08-22 22:00:00;3364.64;3364.64;3360;3363.44
2025-08-22 21:00:00;3363.43;3365.5;3359.53;3364.66
2025-08-22 20:00:00;3361.36;3363.42;3361.13;3363.42
2025-08-22 19:00:00;3361.13;3362.49;3360.29;3361.37
2025-08-22 18:00:00;3360.44;3363.35;3360.09;3361.12
2025-08-22 17:00:00;3354.69;3361.44;3354.69;3360.43
2025-08-22 16:00:00;3352.19;3356.82;3352.01;3354.69
2025-08-22 15:00:00;3359.73;3363.43;3351;3351.95
2025-08-22 14:00:00;3327.29;3360.68;3327.29;3359.73
2025-08-22 13:00:00;3319.71;3328.75;3319.7;3327.29
2025-08-22 12:00:00;3324.32;3324.92;3318.28;3319.71
2025-08-22 11:00:00;3326.72;3326.72;3323.32;3324.32
2025-08-22 10:00:00;3326.92;3327.25;3326.16;3326.71
2025-08-22 09:00:00;3325.23;3328.02;3324.84;3326.92
2025-08-22 08:00:00;3324;3326.65;3323.06;3325.07
2025-08-22 07:00:00;3324.79;3332;3323.9;3323.99
2025-08-22 06:00:00;3325.61;3325.72;3323.28;3324.65
2025-08-22 05:00:00;3325;3327.47;3324.35;3325.61
2025-08-22 04:00:00;3328.55;3332.38;3324.74;3325
2025-08-22 03:00:00;3329.16;3330.62;3327.02;3328.54
2025-08-22 02:00:00;3329.34;3331.29;3329.15;3329.16
2025-08-22 01:00:00;3332.82;3333.16;3329.33;3329.35
2025-08-22 00:00:00;3331.5;3333;3330.76;3332.82
2025-08-21 23:00:00;3333.31;3333.32;3331.35;3331.5
2025-08-21 22:00:00;3335.27;3335.28;3331.97;3333.31
2025-08-21 21:00:00;3332.13;3335.22;3330.54;3335.22
2025-08-21 20:00:00;3332.08;3332.5;3331.11;3332.14
2025-08-21 19:00:00;3332.81;3334;3331;3332.07
2025-08-21 18:00:00;3331.75;3332.85;3331.44;3332.81
2025-08-21 17:00:00;3332;3334;3331.52;3331.74
2025-08-21 16:00:00;3335.84;3336.25;3331.99;3332
2025-08-21 15:00:00;3335.71;3337.84;3331;3335.84
2025-08-21 14:00:00;3331.62;3338.38;3331.62;3335.71
2025-08-21 13:00:00;3333.73;3338.1;3329.4;3331.62
2025-08-21 12:00:00;3327.66;3336.25;3327.65;3333.72
2025-08-21 11:00:00;3324.09;3328.22;3321.76;3327.65
2025-08-21 10:00:00;3336.32;3336.32;3318.25;3323.96
2025-08-21 09:00:00;3335.26;3336.28;3334.84;3336.07
2025-08-21 08:00:00;3334.36;3335.58;3334.35;3335.29
2025-08-21 07:00:00;3330.01;3334.78;3330;3334.36
2025-08-21 06:00:00;3333.08;3333.08;3330;3330.01
2025-08-21 05:00:00;3333.13;3334.45;3332;3333.08
2025-08-21 04:00:00;3334.32;3334.99;3333;3333.12
2025-08-21 03:00:00;3337.14;3337.15;3334.32;3334.33
2025-08-21 02:00:00;3336.87;3337.25;3335.31;3337.15
2025-08-21 01:00:00;3336.57;3339.15;3335.59;3336.87
2025-08-21 00:00:00;3339.92;3339.93;3336.56;3336.56
2025-08-20 23:00:00;3340.82;3340.82;3339.87;3339.92
2025-08-20 22:00:00;3341.85;3342.56;3340.8;3340.8
2025-08-20 21:00:00;3339.88;3341.85;3339.79;3341.84
2025-08-20 20:00:00;3338.63;3339.91;3337.79;3339.88
2025-08-20 19:00:00;3335.74;3338.62;3334;3338.62
2025-08-20 18:00:00;3335.97;3337.19;3334;3335.74
2025-08-20 17:00:00;3334.27;3336.98;3334.27;3335.97
2025-08-20 16:00:00;3331.01;3337.14;3331;3334.26
2025-08-20 15:00:00;3338.13;3338.19;3331;3331.01
2025-08-20 14:00:00;3334.19;3338.13;3330.84;3338.13
2025-08-20 13:00:00;3333.75;3336.17;3330.47;3334.43
2025-08-20 12:00:00;3324.18;3333.78;3324.02;3333.76
2025-08-20 11:00:00;3317.88;3324.23;3317.88;3324.18
2025-08-20 10:00:00;3317.9;3318;3317.08;3317.87
2025-08-20 09:00:00;3319.65;3320.69;3317.89;3317.89
2025-08-20 08:00:00;3318.05;3320.69;3314.41;3319.6
2025-08-20 07:00:00;3316.58;3319.11;3315.62;3318.06
2025-08-20 06:00:00;3315.38;3318.32;3315.09;3316.58
2025-08-20 05:00:00;3312.47;3315.38;3312;3315.38
2025-08-20 04:00:00;3307.36;3313.51;3307.32;3312.38
2025-08-20 03:00:00;3308.68;3310.19;3307.36;3307.44
2025-08-20 02:00:00;3312.75;3315.41;3301.77;3308.67
2025-08-20 01:00:00;3312.38;3316.2;3307.23;3312.75
2025-08-20 00:00:00;3312.71;3314.29;3311.78;3312.4
2025-08-19 23:00:00;3316.55;3316.7;3307.58;3312.7
2025-08-19 22:00:00;3315.33;3316.56;3314.65;3316.55
2025-08-19 21:00:00;3314.84;3315.52;3314.7;3315.33
2025-08-19 20:00:00;3314.35;3317.24;3313.67;3314.82
2025-08-19 19:00:00;3317.04;3317.24;3308.01;3314.35
2025-08-19 18:00:00;3317.46;3318.79;3316.23;3317.05
2025-08-19 17:00:00;3317;3317.65;3315.05;3317.47
2025-08-19 16:00:00;3319.33;3321.54;3317;3317
2025-08-19 15:00:00;3321.86;3323.39;3317;3319.32
2025-08-19 14:00:00;3331.37;3333.02;3320.34;3321.86
2025-08-19 13:00:00;3331.7;3342.06;3324.59;3331.35
2025-08-19 12:00:00;3334.71;3336.11;3331.73;3331.73
2025-08-19 11:00:00;3336.86;3337.85;3333.54;3334.81
2025-08-19 10:00:00;3334.12;3339.95;3334.12;3336.84
2025-08-19 09:00:00;3335.08;3337.58;3332.56;3333.77
2025-08-19 08:00:00;3336.17;3337.03;3332.4;3335.08
2025-08-19 07:00:00;3335.1;3337.75;3335.1;3336.16
2025-08-19 06:00:00;3335.22;3336.02;3335.1;3335.1
2025-08-19 05:00:00;3334.3;3337.96;3334.3;3335.3
2025-08-19 04:00:00;3335.35;3335.35;3331.51;3334.29
2025-08-19 03:00:00;3336.04;3337.98;3332.62;3335.35
2025-08-19 02:00:00;3331.95;3336.04;3329.25;3336.04
2025-08-19 01:00:00;3332.7;3334.14;3330.23;3331.72
2025-08-19 00:00:00;3330.96;3337.46;3326.51;3332.7
2025-08-18 23:00:00;3331.82;3333.07;3330.47;3330.97
2025-08-18 22:00:00;3335.4;3335.4;3331.87;3331.92
2025-08-18 21:00:00;3331.76;3336.57;3331.76;3335.55
2025-08-18 20:00:00;3331.55;3332.4;3331.35;3331.75
2025-08-18 19:00:00;3330.75;3331.6;3329.87;3331.6
2025-08-18 18:00:00;3330.71;3330.75;3328.76;3330.75
2025-08-18 17:00:00;3332.76;3333.14;3326.63;3330.76
2025-08-18 16:00:00;3333.27;3333.27;3328.25;3332.7
2025-08-18 15:00:00;3332.16;3334.17;3331.39;3333.28
2025-08-18 14:00:00;3334.05;3335.06;3331;3331.66
2025-08-18 13:00:00;3339.64;3339.64;3333.47;3334.04
2025-08-18 12:00:00;3342;3347.13;3339.57;3339.64
2025-08-18 11:00:00;3343.7;3344.57;3342;3342
2025-08-18 10:00:00;3344.88;3345.89;3342.77;3343.71
2025-08-18 09:00:00;3346.35;3353.2;3342.09;3344.87
2025-08-18 08:00:00;3344.26;3348.29;3340.39;3346.35
2025-08-18 07:00:00;3346.44;3350.94;3343.05;3344.16
2025-08-18 06:00:00;3345.24;3349.89;3341.69;3346.01
2025-08-18 05:00:00;3350.79;3380;3341.67;3345.25
2025-08-18 04:00:00;3340.01;3353.64;3340.01;3350.79
2025-08-18 03:00:00;3334.35;3342.46;3334.35;3340.01
2025-08-18 02:00:00;3339.37;3339.6;3333.4;3334.35
2025-08-18 01:00:00;3333.98;3339.56;3333.74;3339.37
2025-08-18 00:00:00;3323.7;3337.86;3323.7;3333.98
2025-08-17 23:00:00;3329.1;3329.11;3322;3323.69
2025-08-17 22:00:00;3330.79;3330.79;3328.06;3329.1
2025-08-17 21:00:00;3330.09;3330.78;3330.09;3330.78
2025-08-16 13:00:00;3328.85;3331.25;3327.95;3331.25
2025-08-16 12:00:00;3329.02;3329.73;3328.84;3328.85
2025-08-16 11:00:00;3328.88;3329.87;3328.87;3329.03
2025-08-16 10:00:00;3330.95;3331.05;3328.81;3328.88
2025-08-16 09:00:00;3330;3331.11;3330;3330.95
2025-08-16 08:00:00;3333.8;3333.8;3327.21;3330.01
2025-08-16 07:00:00;3333.79;3333.83;3333.44;3333.8
2025-08-16 06:00:00;3333.61;3334.64;3332.28;3333.54
2025-08-16 05:00:00;3333.31;3334.97;3332.98;3333.68
2025-08-16 04:00:00;3332.26;3333.36;3331.41;3333.32
2025-08-16 03:00:00;3333.88;3334.88;3332.25;3332.28
2025-08-16 02:00:00;3331.74;3336.01;3331.74;3333.89
2025-08-16 01:00:00;3332.28;3332.41;3331.2;3331.7
2025-08-16 00:00:00;3330.3;3334;3330.3;3332.28
2025-08-15 23:00:00;3334.08;3334.08;3330;3330.31
2025-08-15 22:00:00;3330.15;3335;3328.96;3334.09
2025-08-15 21:00:00;3329.35;3332.51;3328.97;3330.15
2025-08-15 20:00:00;3331.84;3331.99;3329.17;3329.36
2025-08-15 19:00:00;3330.93;3332.44;3329.87;3331.84
2025-08-15 18:00:00;3329.62;3333.9;3329.55;3330.93
2025-08-15 17:00:00;3329.38;3331.44;3328.9;3329.54
2025-08-15 16:00:00;3333.4;3333.41;3328.2;3329.38
2025-08-15 15:00:00;3335.15;3336.94;3333.35;3333.4
2025-08-15 14:00:00;3330.81;3335.8;3330.31;3335.15
2025-08-15 13:00:00;3336.82;3339.51;3329.72;3330.81
2025-08-15 12:00:00;3338.73;3338.73;3330.13;3336.66
2025-08-15 11:00:00;3333.16;3340.03;3332.88;3338.87
2025-08-15 10:00:00;3337.7;3338.48;3333.13;3333.17
2025-08-15 09:00:00;3335.88;3339.22;3334.01;3337.7
2025-08-15 08:00:00;3339.43;3341.09;3334.03;3336.06
2025-08-15 07:00:00;3334.83;3339.48;3334.74;3339.2
2025-08-15 06:00:00;3337.36;3337.36;3334.08;3334.84
2025-08-15 05:00:00;3337.11;3339.62;3335.34;3337.36
2025-08-15 04:00:00;3335.5;3338;3335.49;3337.11
2025-08-15 03:00:00;3332.6;3335.5;3332.59;3335.5
2025-08-15 02:00:00;3333.46;3333.51;3330.23;3332.59
2025-08-15 01:00:00;3329.4;3333.46;3328.12;3333.46
2025-08-15 00:00:00;3329.67;3329.75;3327.01;3329.4
2025-08-14 23:00:00;3326.68;3329.82;3326.67;3329.67
2025-08-14 22:00:00;3327.83;3329.86;3326.67;3326.67
2025-08-14 21:00:00;3330.23;3330.54;3326.01;3327.87
2025-08-14 20:00:00;3331.59;3331.59;3330;3330.23
2025-08-14 19:00:00;3333.37;3334.07;3331.58;3331.59
2025-08-14 18:00:00;3332.43;3333.67;3331;3333.37
2025-08-14 17:00:00;3328.59;3333.26;3327.16;3332.43
2025-08-14 16:00:00;3335.01;3335.61;3324.39;3328.63
2025-08-14 15:00:00;3334.81;3336.8;3330.7;3335.01
2025-08-14 14:00:00;3338.09;3339.01;3330;3334.8
2025-08-14 13:00:00;3339.69;3343.41;3335;3338.09
2025-08-14 12:00:00;3345.32;3347.49;3335.01;3339.7
2025-08-14 11:00:00;3346.78;3349;3344;3345.32
2025-08-14 10:00:00;3348.77;3349.87;3344.96;3346.77
2025-08-14 09:00:00;3341;3350;3341;3348.76
2025-08-14 08:00:00;3345.65;3345.99;3338.18;3341
2025-08-14 07:00:00;3352.77;3355.61;3340;3340.72
2025-08-14 06:00:00;3350.18;3352.76;3348.5;3352.76
2025-08-14 05:00:00;3351.49;3351.77;3350;3350.17
2025-08-14 04:00:00;3351.38;3356.08;3350;3351.4
2025-08-14 03:00:00;3354.66;3354.66;3348.72;3351.37
2025-08-14 02:00:00;3357.75;3359.44;3353.75;3354.67
2025-08-14 01:00:00;3357.66;3360.19;3354.02;3357.9
2025-08-14 00:00:00;3353.91;3361;3349.15;3357.82
2025-08-13 23:00:00;3350.47;3354.28;3348.61;3353.91
2025-08-13 22:00:00;3352.3;3353.7;3349.49;3349.93
2025-08-13 21:00:00;3350.8;3357.68;3350.24;3352.34
2025-08-13 20:00:00;3351.44;3351.44;3349.07;3350.8
2025-08-13 19:00:00;3347.65;3351.6;3346.04;3351.44
2025-08-13 18:00:00;3346.61;3347.65;3345;3347.65
2025-08-13 17:00:00;3352.05;3352.06;3346.01;3346.61
2025-08-13 16:00:00;3348.33;3355.84;3348.33;3352.05
2025-08-13 15:00:00;3353.4;3355.78;3347.9;3348.33
2025-08-13 14:00:00;3354.2;3358.6;3353.16;3353.4
2025-08-13 13:00:00;3347.11;3354.99;3344.27;3354.2
2025-08-13 12:00:00;3351.39;3353.27;3347.07;3347.12
2025-08-13 11:00:00;3354.64;3355;3345.99;3351.38
2025-08-13 10:00:00;3353.65;3354.91;3352.67;3354.63
2025-08-13 09:00:00;3349;3355;3348.35;3353.64
2025-08-13 08:00:00;3346.04;3351.78;3343.65;3349.05
2025-08-13 07:00:00;3348.29;3351.34;3346.04;3346.04
2025-08-13 06:00:00;3342.04;3348.3;3341.44;3348.3
2025-08-13 05:00:00;3342.24;3342.35;3342.04;3342.05
2025-08-13 04:00:00;3340.56;3343.4;3340.36;3342.32
2025-08-13 03:00:00;3343.19;3343.19;3340.29;3340.56
2025-08-13 02:00:00;3344.42;3344.83;3339.58;3343.11
2025-08-13 01:00:00;3336.64;3348.07;3335.55;3344.42
2025-08-13 00:00:00;3340.96;3340.97;3336.1;3336.63
2025-08-12 23:00:00;3344.18;3351.42;3340.94;3340.96
2025-08-12 22:00:00;3341.1;3347.79;3337.78;3344.18
2025-08-12 21:00:00;3342.52;3343.42;3340;3341.1
2025-08-12 20:00:00;3342.38;3343.75;3340.41;3342.47
2025-08-12 19:00:00;3344.44;3344.47;3341.16;3342.33
2025-08-12 18:00:00;3343.72;3345.39;3342.33;3344.44
2025-08-12 17:00:00;3346.02;3346.02;3342.04;3343.72
2025-08-12 16:00:00;3347.8;3352.28;3343.35;3345.58
2025-08-12 15:00:00;3335.67;3357.21;3335.24;3347.79
2025-08-12 14:00:00;3342.3;3343.24;3332;3335.76
2025-08-12 13:00:00;3347.93;3352.25;3340.26;3342.71
2025-08-12 12:00:00;3344.9;3354.19;3340.19;3347.92
2025-08-12 11:00:00;3343.5;3346.7;3338.51;3344.9
2025-08-12 10:00:00;3345.03;3348.32;3341;3343.5
2025-08-12 09:00:00;3349.05;3351.09;3344.48;3345.05
2025-08-12 08:00:00;3350.74;3353.04;3346.82;3349.03
2025-08-12 07:00:00;3342.29;3353;3341.95;3350.73
2025-08-12 06:00:00;3348.87;3357.52;3339.33;3342.29
2025-08-12 05:00:00;3349.9;3350.31;3345.57;3348.87
2025-08-12 04:00:00;3346.66;3351.09;3345.96;3349.54
2025-08-12 03:00:00;3350.45;3352.89;3345.54;3346.65
2025-08-12 02:00:00;3348.77;3352.09;3347.51;3350.46
2025-08-12 01:00:00;3352.04;3357.09;3347.17;3348.77
2025-08-12 00:00:00;3345.71;3353.23;3344.15;3352.04
2025-08-11 23:00:00;3343.83;3346.18;3342;3345.71
2025-08-11 22:00:00;3339.73;3346.07;3339.46;3343.83
2025-08-11 21:00:00;3344.14;3345.45;3338.72;3339.31
2025-08-11 20:00:00;3351.7;3351.7;3344;3344.13
2025-08-11 19:00:00;3356.17;3357.58;3351.13;3352.1
2025-08-11 18:00:00;3354.41;3373.85;3350.26;3356.17
2025-08-11 17:00:00;3340.98;3354.74;3339.63;3354.47
2025-08-11 16:00:00;3346.04;3347.18;3340.98;3340.98
2025-08-11 15:00:00;3344.88;3348.88;3343.01;3346.04
2025-08-11 14:00:00;3355.2;3355.2;3340.4;3343.84
2025-08-11 13:00:00;3351.74;3358.92;3345.14;3355.21
2025-08-11 12:00:00;3349.62;3352.95;3342.05;3351.75
2025-08-11 11:00:00;3354.01;3354.57;3343.24;3349.62
2025-08-11 10:00:00;3348.76;3360;3348.76;3354.01
2025-08-11 09:00:00;3358.1;3359.88;3344.99;3348.39
2025-08-11 08:00:00;3356.2;3360.96;3354.65;3358.1
2025-08-11 07:00:00;3362.23;3362.23;3352.61;3356.15
2025-08-11 06:00:00;3371.01;3371.01;3362.1;3362.24
2025-08-11 05:00:00;3371.61;3374.32;3369.24;3371
2025-08-11 04:00:00;3374.38;3375.18;3371;3371.62
2025-08-11 03:00:00;3372.73;3374.38;3368.18;3374.38
2025-08-11 02:00:00;3370.73;3375.18;3366.58;3373.18
2025-08-11 01:00:00;3377.78;3377.78;3365.56;3371.01
2025-08-11 00:00:00;3382.53;3385.04;3377.93;3377.93
2025-08-10 23:00:00;3387.47;3387.56;3382.52;3382.52
2025-08-10 22:00:00;3386.51;3391.7;3382.85;3387.48
2025-08-10 21:00:00;3386.51;3386.51;3386.51;3386.51
2025-08-09 13:00:00;3388.58;3389.32;3387.4;3389.32
2025-08-09 12:00:00;3387.45;3389.63;3386.48;3388.59
2025-08-09 11:00:00;3386.13;3390;3386.05;3387.45
2025-08-09 10:00:00;3387.49;3390;3385.46;3386.14
2025-08-09 09:00:00;3380.95;3387.48;3380.95;3387.48
2025-08-09 08:00:00;3383.75;3384.06;3380.11;3380.89
2025-08-09 07:00:00;3383.58;3383.8;3382.64;3383.75
2025-08-09 06:00:00;3385.67;3386.03;3380.22;3383.59
2025-08-09 05:00:00;3385.47;3386.89;3376.93;3385.68
2025-08-09 04:00:00;3387.55;3389.59;3375;3385.47
2025-08-09 03:00:00;3387.49;3387.82;3387.28;3387.55
2025-08-09 02:00:00;3388.02;3388.14;3386.88;3387.49
2025-08-09 01:00:00;3385.16;3393.8;3385.11;3388.02
2025-08-09 00:00:00;3385.76;3386.58;3384.61;3385.16
2025-08-08 23:00:00;3388.77;3388.77;3383.96;3385.75
2025-08-08 22:00:00;3385.25;3388.88;3384.17;3388.76
2025-08-08 21:00:00;3387.21;3387.79;3383.97;3384.78
2025-08-08 20:00:00;3388.92;3388.93;3383.35;3387.21
2025-08-08 19:00:00;3386.24;3389.11;3384.31;3388.92
2025-08-08 18:00:00;3379.63;3389.64;3375.19;3386.26
2025-08-08 17:00:00;3389.5;3390;3379.38;3379.8
2025-08-08 16:00:00;3384.13;3389.54;3384.13;3389.5
2025-08-08 15:00:00;3381.59;3385.51;3381.25;3384.13
2025-08-08 14:00:00;3390.49;3390.49;3377.28;3381.37
2025-08-08 13:00:00;3383.97;3390.5;3380;3390.5
2025-08-08 12:00:00;3380;3392.46;3380;3383.99
2025-08-08 11:00:00;3380.93;3383.8;3377.77;3380.07
2025-08-08 10:00:00;3393.89;3394.99;3379;3380.92
2025-08-08 09:00:00;3390.2;3393.98;3389.6;3393.81
2025-08-08 08:00:00;3394.6;3394.63;3390.01;3390.21
2025-08-08 07:00:00;3389.59;3394.62;3388.04;3394.4
2025-08-08 06:00:00;3389.99;3391.82;3386.67;3389.59
2025-08-08 05:00:00;3390.43;3391;3388.27;3390
2025-08-08 04:00:00;3390.59;3393.6;3389.63;3390.6
2025-08-08 03:00:00;3383.19;3392.51;3381.16;3390.6
2025-08-08 02:00:00;3381.59;3387.55;3381.59;3383.19
2025-08-08 01:00:00;3387.55;3387.6;3380.69;3381.59
2025-08-08 00:00:00;3393.46;3394.86;3387.13;3387.6
2025-08-07 23:00:00;3394.51;3397.81;3390.2;3393.46
2025-08-07 22:00:00;3388.81;3396.5;3382.99;3394.6
2025-08-07 21:00:00;3389.03;3391.79;3384.14;3388.81
2025-08-07 20:00:00;3392.92;3393.57;3386.17;3389.29
2025-08-07 19:00:00;3385.43;3392.98;3384;3392.92
2025-08-07 18:00:00;3386.85;3389.02;3385.03;3385.43
2025-08-07 17:00:00;3383.4;3386.95;3381.84;3386.85
2025-08-07 16:00:00;3384.6;3386.4;3381.99;3383.41
2025-08-07 15:00:00;3384.87;3385.14;3381.79;3384.41
2025-08-07 14:00:00;3382.59;3385;3376.1;3384.13
2025-08-07 13:00:00;3378.73;3387.93;3378.73;3382.7
2025-08-07 12:00:00;3377.71;3386.19;3376.47;3378.73
2025-08-07 11:00:00;3374.37;3383.7;3374.37;3377.61
2025-08-07 10:00:00;3379.61;3380.86;3374.16;3374.38
2025-08-07 09:00:00;3379.86;3382.6;3377.17;3379.8
2025-08-07 08:00:00;3393;3393.2;3375.4;3379.98
2025-08-07 07:00:00;3384.68;3394.98;3384.58;3393
2025-08-07 06:00:00;3376.2;3384.68;3375.75;3384.68
2025-08-07 05:00:00;3378.14;3379.99;3375;3376.08
2025-08-07 04:00:00;3378.79;3379.92;3377.15;3378.13
2025-08-07 03:00:00;3380.83;3380.83;3377.4;3378.79
2025-08-07 02:00:00;3383.05;3383.24;3377.45;3380.83
2025-08-07 01:00:00;3375.91;3383.06;3374.2;3383.05
2025-08-07 00:00:00;3371.15;3376.19;3368.8;3375.92
2025-08-06 23:00:00;3373.79;3373.79;3370;3370.99
2025-08-06 22:00:00;3369.86;3374.5;3369.86;3373.79
2025-08-06 21:00:00;3371.54;3372.29;3368.36;3369.86
2025-08-06 20:00:00;3372.8;3372.81;3368.49;3371.53
2025-08-06 19:00:00;3371.8;3373.79;3371;3372.8
2025-08-06 18:00:00;3376.41;3376.41;3370.21;3371.8
2025-08-06 17:00:00;3377.01;3378;3373.32;3376.41
2025-08-06 16:00:00;3377.4;3379.09;3374.61;3377.01
2025-08-06 15:00:00;3380.69;3381.27;3373.39;3377.4
2025-08-06 14:00:00;3373.24;3380.75;3371.96;3380.67
2025-08-06 13:00:00;3370.01;3374.49;3366.23;3373.24
2025-08-06 12:00:00;3369.39;3370.9;3364.7;3370.01
2025-08-06 11:00:00;3367.4;3371.6;3366.2;3369.39
2025-08-06 10:00:00;3364.18;3368.4;3363.19;3367.39
2025-08-06 09:00:00;3368.76;3369.8;3362.51;3364.18
2025-08-06 08:00:00;3376.4;3376.73;3368.4;3368.76
2025-08-06 07:00:00;3378;3378.51;3369.44;3376.4
2025-08-06 06:00:00;3376;3381.35;3374.71;3378
2025-08-06 05:00:00;3375.84;3376;3373.52;3376
2025-08-06 04:00:00;3376.59;3378.2;3375.8;3375.84
2025-08-06 03:00:00;3378.21;3379;3375.97;3376.59
2025-08-06 02:00:00;3376.4;3378.7;3376;3378.21
2025-08-06 01:00:00;3382.39;3382.92;3375.8;3376.39
2025-08-06 00:00:00;3384.32;3384.8;3382.12;3382.39
2025-08-05 23:00:00;3381.25;3385.25;3380.56;3384.32
2025-08-05 22:00:00;3380.69;3382.12;3379.4;3381.25
2025-08-05 21:00:00;3379.59;3384.47;3379.59;3380.7
2025-08-05 20:00:00;3378.09;3379.79;3376.52;3379.58
2025-08-05 19:00:00;3378.41;3378.8;3377.06;3378.09
2025-08-05 18:00:00;3380.39;3380.45;3378.34;3378.4
2025-08-05 17:00:00;3381.19;3383;3380.01;3380.86
2025-08-05 16:00:00;3388.6;3389;3377;3381.19
2025-08-05 15:00:00;3384.81;3388.6;3381.38;3388.6
2025-08-05 14:00:00;3374.35;3393.62;3372.89;3384.81
2025-08-05 13:00:00;3367.54;3378.71;3367.5;3374.35
2025-08-05 12:00:00;3354.92;3367.79;3354.05;3367.54
2025-08-05 11:00:00;3357.26;3357.27;3353.8;3355.26
2025-08-05 10:00:00;3362.8;3364.94;3357.26;3357.26
2025-08-05 09:00:00;3367.29;3367.73;3362.8;3362.81
2025-08-05 08:00:00;3373.81;3374.2;3367.29;3367.29
2025-08-05 07:00:00;3368.28;3375.18;3368.26;3373.82
2025-08-05 06:00:00;3373.3;3373.9;3368.27;3368.27
2025-08-05 05:00:00;3374.8;3374.8;3369.84;3373.3
2025-08-05 04:00:00;3375.63;3376.87;3374.6;3374.81
2025-08-05 03:00:00;3377.4;3378.09;3373.91;3375.63
2025-08-05 02:00:00;3380.06;3389.58;3377.4;3377.4
2025-08-05 01:00:00;3380.49;3385.08;3380.06;3380.06
2025-08-05 00:00:00;3377.6;3381.19;3376.8;3380.48
2025-08-04 23:00:00;3375.6;3381.15;3375.6;3377.6
2025-08-04 22:00:00;3371.2;3377.77;3371.01;3375.6
2025-08-04 21:00:00;3378.97;3378.98;3368.97;3371.2
2025-08-04 20:00:00;3379.99;3380.25;3378.6;3378.96
2025-08-04 19:00:00;3376.61;3380;3376.16;3380
2025-08-04 18:00:00;3374.8;3377.2;3374.8;3376.6
2025-08-04 17:00:00;3374.14;3375.8;3374;3374.8
2025-08-04 16:00:00;3376.39;3380.43;3372.05;3374.14
2025-08-04 15:00:00;3376.2;3377;3374.01;3376.39
2025-08-04 14:00:00;3383.86;3384.39;3374.4;3376.19
2025-08-04 13:00:00;3372.22;3384;3371.48;3383.86
2025-08-04 12:00:00;3371.2;3373.2;3366;3372.22
2025-08-04 11:00:00;3360.62;3372;3360.61;3371.2
2025-08-04 10:00:00;3360.36;3361.39;3357.4;3360.62
2025-08-04 09:00:00;3361.53;3363.2;3360.2;3360.36
2025-08-04 08:00:00;3358.41;3362.46;3357.65;3361.53
2025-08-04 07:00:00;3364.43;3364.55;3356.12;3358.41
2025-08-04 06:00:00;3361.2;3364.81;3357.99;3364.4
2025-08-04 05:00:00;3362.78;3364.22;3359.21;3361.2
2025-08-04 04:00:00;3361.21;3365.21;3361.21;3362.79
2025-08-04 03:00:00;3356.81;3362.45;3356.2;3361.21
2025-08-04 02:00:00;3355.59;3356.99;3351.12;3356.81
2025-08-04 01:00:00;3353.8;3356.33;3348.8;3355.59
2025-08-04 00:00:00;3365.69;3365.69;3353.38;3353.8
2025-08-03 23:00:00;3362.29;3365.69;3358;3365.68
2025-08-03 22:00:00;3368.79;3368.79;3361.17;3362.3
2025-08-03 21:00:00;3368.63;3368.8;3368.62;3368.8
2025-08-02 13:00:00;3360.4;3365.4;3360;3361.38
2025-08-02 12:00:00;3364.95;3367.26;3360.4;3360.4
2025-08-02 11:00:00;3364.77;3365.96;3362.85;3364.94
2025-08-02 10:00:00;3365.84;3365.84;3362.6;3364.76
2025-08-02 09:00:00;3364.22;3365.84;3362.6;3365.84
2025-08-02 08:00:00;3364.2;3365.14;3364.05;3364.22
2025-08-02 07:00:00;3358.06;3364.49;3355.58;3364.27
2025-08-02 06:00:00;3363.8;3363.81;3356.46;3358.06
2025-08-02 05:00:00;3361.68;3364.18;3358.7;3363.8
2025-08-02 04:00:00;3359.51;3364.6;3359.2;3361.67
2025-08-02 03:00:00;3368.31;3368.32;3357.97;3359.51
2025-08-02 02:00:00;3366.61;3369.98;3366.6;3368.32
2025-08-02 01:00:00;3365.98;3366.61;3364.8;3366.48
2025-08-02 00:00:00;3364.8;3366;3363;3365.99
2025-08-01 23:00:00;3359.78;3364.79;3359.78;3364.79
2025-08-01 22:00:00;3365.84;3365.84;3359.2;3359.79
2025-08-01 21:00:00;3361.89;3365.97;3361.6;3365.96
2025-08-01 20:00:00;3355.22;3362;3355.21;3361.89
2025-08-01 19:00:00;3346.33;3357.83;3345.12;3355.21
2025-08-01 18:00:00;3348.32;3351.69;3346.33;3346.34
2025-08-01 17:00:00;3346.02;3348.33;3345.2;3348.32
2025-08-01 16:00:00;3349.59;3351.71;3338.68;3346.02
2025-08-01 15:00:00;3348.06;3360;3344.06;3349.6
2025-08-01 14:00:00;3339.14;3351.34;3339.14;3347.4
2025-08-01 13:00:00;3341.41;3352.29;3336.82;3339.14
2025-08-01 12:00:00;3304.87;3342.6;3303.01;3341.4
2025-08-01 11:00:00;3304.38;3306.9;3302.35;3304.87
2025-08-01 10:00:00;3300.21;3307.58;3300;3304.93
2025-08-01 09:00:00;3298.86;3301.68;3295.56;3300.13
2025-08-01 08:00:00;3292.78;3298.86;3290.6;3298.86
2025-08-01 07:00:00;3298.61;3300;3290;3292.78
2025-08-01 06:00:00;3303.43;3306.39;3298.6;3298.61
2025-08-01 05:00:00;3300.64;3305.59;3299.8;3303.43
2025-08-01 04:00:00;3299.2;3302.89;3298;3300.61
2025-08-01 03:00:00;3297.81;3302.99;3297.8;3299.2
2025-08-01 02:00:00;3289.8;3298.39;3289.8;3297.8
2025-08-01 01:00:00;3295.75;3299.74;3289.05;3289.79
2025-08-01 00:00:00;3294.12;3299.09;3293.34;3295.75
2025-07-31 23:00:00;3301.41;3301.41;3294.11;3294.12
2025-07-31 22:00:00;3299.94;3302.21;3299;3301.4
2025-07-31 21:00:00;3299.42;3300.55;3299;3299.94
2025-07-31 20:00:00;3298.41;3300.01;3295.83;3299.41
2025-07-31 19:00:00;3300.68;3301.8;3297;3298.41
2025-07-31 18:00:00;3304.8;3307.52;3294.4;3300.67
2025-07-31 17:00:00;3305.4;3308.32;3304.19;3304.8
2025-07-31 16:00:00;3304.59;3306.8;3300.21;3305.4
2025-07-31 15:00:00;3302.03;3306.24;3299.07;3304.57
2025-07-31 14:00:00;3311.19;3311.2;3299.31;3302.02
2025-07-31 13:00:00;3316.31;3316.82;3310.6;3311.19
2025-07-31 12:00:00;3314.6;3317.8;3313.43;3316.4
2025-07-31 11:00:00;3303.6;3315.62;3303.6;3314.74
2025-07-31 10:00:00;3314.71;3315.23;3303.19;3303.6
2025-07-31 09:00:00;3316.17;3318.61;3312.78;3315.07
2025-07-31 08:00:00;3312.01;3321.34;3312.01;3316.18
2025-07-31 07:00:00;3308.01;3316.19;3307.48;3311.86
2025-07-31 06:00:00;3307.71;3312;3305.61;3308.01
2025-07-31 05:00:00;3306;3308.96;3302.83;3307.79
2025-07-31 04:00:00;3305.04;3306.4;3303;3305.99
2025-07-31 03:00:00;3307.16;3310.05;3304.41;3305.05
2025-07-31 02:00:00;3305;3307.17;3301.3;3307.17
2025-07-31 01:00:00;3301.41;3305;3298.8;3305
2025-07-31 00:00:00;3299.01;3302.52;3298.8;3301.84
2025-07-30 23:00:00;3294.6;3299.46;3293.41;3299.01
2025-07-30 22:00:00;3294.75;3295.92;3288.88;3294.59
2025-07-30 21:00:00;3292.2;3297.6;3292;3294.76
2025-07-30 20:00:00;3285.01;3292.08;3285.01;3291.98
2025-07-30 19:00:00;3296.67;3298.02;3283;3285.01
2025-07-30 18:00:00;3315.4;3317.49;3296.4;3296.8
2025-07-30 17:00:00;3313.12;3315.39;3312.61;3315.2
2025-07-30 16:00:00;3304.57;3313.31;3304.57;3313.12
2025-07-30 15:00:00;3313.95;3314.12;3302.66;3304.57
2025-07-30 14:00:00;3314.43;3319.2;3312.2;3313.96
2025-07-30 13:00:00;3320.4;3323.88;3310;3314.27
2025-07-30 12:00:00;3336.83;3337.75;3319;3320.6
2025-07-30 11:00:00;3335.43;3338.21;3331.17;3336.83
2025-07-30 10:00:00;3339;3339;3335;3335.43
2025-07-30 09:00:00;3337.76;3339.42;3336.02;3339
2025-07-30 08:00:00;3335.01;3338.68;3335.01;3337.75
2025-07-30 07:00:00;3333.04;3338.58;3332.61;3335.01
2025-07-30 06:00:00;3333;3334.78;3330.22;3333.04
2025-07-30 05:00:00;3334.2;3338.21;3332.49;3332.99
2025-07-30 04:00:00;3336.4;3336.56;3333.38;3334
2025-07-30 03:00:00;3337.6;3337.87;3334.61;3336.6
2025-07-30 02:00:00;3331.98;3339.65;3331.98;3337.6
2025-07-30 01:00:00;3338.18;3339.91;3331.39;3331.79
2025-07-30 00:00:00;3335.29;3340.28;3335.2;3338.07
2025-07-29 23:00:00;3335.21;3337.01;3333.71;3335.13
2025-07-29 22:00:00;3336.24;3337.13;3332.93;3335.22
2025-07-29 21:00:00;3334.23;3338.23;3332.84;3336.03
2025-07-29 20:00:00;3333.39;3334.24;3332.52;3334.24
2025-07-29 19:00:00;3334.59;3335.6;3332.47;3333.4
2025-07-29 18:00:00;3335.56;3338.09;3334.34;3334.59
2025-07-29 17:00:00;3331.4;3336;3331.39;3335.55
2025-07-29 16:00:00;3325.95;3331.85;3325;3331.4
2025-07-29 15:00:00;3332.79;3337.27;3325.63;3325.73
2025-07-29 14:00:00;3324.29;3333.82;3320.53;3332.8
2025-07-29 13:00:00;3330.37;3330.38;3321.01;3323.37
2025-07-29 12:00:00;3323.6;3330.79;3323.6;3330.61
2025-07-29 11:00:00;3328.4;3328.48;3322.85;3323.6
2025-07-29 10:00:00;3329.1;3330.63;3327.63;3328.6
2025-07-29 09:00:00;3333.42;3333.43;3327.8;3329.1
2025-07-29 08:00:00;3325.19;3335;3324.6;3333.43
2025-07-29 07:00:00;3326.37;3327.11;3321.01;3325.08
2025-07-29 06:00:00;3328.26;3329.61;3326.37;3326.37
2025-07-29 05:00:00;3325;3328.27;3322.82;3328.2
2025-07-29 04:00:00;3322.01;3325.57;3320;3325.5
2025-07-29 03:00:00;3326.67;3326.67;3320.48;3322.02
2025-07-29 02:00:00;3326.99;3329.91;3326.15;3326.68
2025-07-29 01:00:00;3320.79;3327.78;3318.74;3326.99
2025-07-29 00:00:00;3320.34;3323.96;3318.39;3320.79
2025-07-28 23:00:00;3323.63;3324.59;3320.21;3320.59
2025-07-28 22:00:00;3326.81;3326.81;3321.07;3323.64
2025-07-28 21:00:00;3322.01;3328;3322;3326.8
2025-07-28 20:00:00;3322.81;3325.36;3322;3322.01
2025-07-28 19:00:00;3322.86;3325.26;3318.82;3322.81
2025-07-28 18:00:00;3319.58;3324.29;3318.4;3322.93
2025-07-28 17:00:00;3318.93;3319.59;3316.67;3319.57
2025-07-28 16:00:00;3324.21;3324.21;3315;3318.93
2025-07-28 15:00:00;3317.31;3326.74;3317.11;3324.2
2025-07-28 14:00:00;3312.02;3323.32;3312.02;3317.31
2025-07-28 13:00:00;3333.61;3335.59;3312;3312.03
2025-07-28 12:00:00;3339.31;3340.6;3332;3333.61
2025-07-28 11:00:00;3344.75;3344.76;3334.76;3339.14
2025-07-28 10:00:00;3345.62;3346.12;3342.56;3344.76
2025-07-28 09:00:00;3341.59;3348.84;3341.53;3345.62
2025-07-28 08:00:00;3343.39;3345;3340.63;3341.59
2025-07-28 07:00:00;3347.87;3348.8;3343;3343.38
2025-07-28 06:00:00;3349.4;3350.75;3344;3347.87
2025-07-28 05:00:00;3344.4;3351.01;3343.61;3349.6
2025-07-28 04:00:00;3347.58;3348.68;3344.2;3344.4
2025-07-28 03:00:00;3349.63;3350.48;3339;3347.44
2025-07-28 02:00:00;3344.5;3349.63;3344.31;3349.63
2025-07-28 01:00:00;3347.26;3351.53;3344.5;3344.5
2025-07-28 00:00:00;3345.46;3348.57;3342.94;3347.26
2025-07-27 23:00:00;3343.01;3349.59;3343.01;3345.45
2025-07-27 22:00:00;3349.37;3349.37;3340;3343.01
2025-07-27 21:00:00;3348.18;3349.26;3348.17;3349.26
2025-07-26 13:00:00;3353.15;3354.96;3352.95;3352.96
2025-07-26 12:00:00;3355.63;3355.63;3349.67;3353.14
2025-07-26 11:00:00;3354.71;3355.64;3354.71;3355.62
2025-07-26 10:00:00;3355.18;3357.96;3354.36;3354.71
2025-07-26 09:00:00;3352;3357.29;3351.4;3355.18
2025-07-26 08:00:00;3356.1;3356.17;3351.03;3352.01
2025-07-26 07:00:00;3356.14;3356.59;3356.1;3356.11
2025-07-26 06:00:00;3355.98;3356.81;3354.61;3356.13
2025-07-26 05:00:00;3354.37;3356.21;3354.28;3355.98
2025-07-26 04:00:00;3354.59;3354.59;3351.05;3354.37
2025-07-26 03:00:00;3356.79;3357.45;3354.59;3354.6
2025-07-26 02:00:00;3353.88;3357.57;3353.88;3356.79
2025-07-26 01:00:00;3353.7;3356.94;3353.7;3353.88
2025-07-26 00:00:00;3348.69;3354.18;3346.35;3353.7
2025-07-25 23:00:00;3354.01;3358.44;3345.72;3348.69
2025-07-25 22:00:00;3352.67;3354.77;3351.74;3354.01
2025-07-25 21:00:00;3347.16;3352.68;3345.6;3352.68
2025-07-25 20:00:00;3337.72;3347.17;3336.04;3347.17
2025-07-25 19:00:00;3338.81;3340.35010;3337.29004;3337.58008
2025-07-25 18:00:00;3336.08;3339.38989;3335.82;3338.84009
2025-07-25 17:00:00;3340.2;3341.35;3329.70996;3336.040039
2025-07-25 16:00:00;3339.53;3342.3;3326.32007;3340.23
2025-07-25 15:00:00;3331.60010;3343.56;3327.61011;3327.86011
2025-07-25 14:00:00;3344.33008;3344.89990;3330.70996;3340.42
2025-07-25 13:00:00;3340.5;3347.53003;3336.95996;3343.97998
2025-07-25 12:00:00;3341.23999;3344.07;3336.57;3340.87012
2025-07-25 11:00:00;3343.12;3352.16;3338.78003;3341.11011
2025-07-25 10:00:00;3345.89990;3348.11;3341.06;3342.72
2025-07-25 09:00:00;3345.36;3348.75;3343.1;3345.83
2025-07-25 08:00:00;3354.060059;3355.29;3344.43;3345.6
2025-07-25 07:00:00;3359.19;3364.59;3353;3354.13989
2025-07-25 06:00:00;3358.53;3359.65;3354.82007;3359.35
2025-07-25 05:00:00;3360.98;3368;3355.31;3358.62
2025-07-25 04:00:00;3358.91;3363.44;3357.86;3360.94995
2025-07-25 03:00:00;3363.080078;3363.45996;3358.94995;3359.21997
2025-07-25 02:00:00;3370.35;3370.53;3362.53003;3363.17993
2025-07-25 01:00:00;3372.41992;3372.72998;3366.67;3371.08
2025-07-25 00:00:00;3369.42;3373.55005;3368.56006;3372.17
2025-07-24 23:00:00;3368.69;3371.5;3366.67;3369.58008
2025-07-24 22:00:00;3366.86;3369.81;3365.33008;3368.91992
2025-07-24 21:00:00;3370.59;3370.59;3368.79;3368.91
2025-07-24 20:00:00;3370.48;3371.18;3367.1;3370.59
2025-07-24 19:00:00;3372.04;3373.18;3370.12;3370.43
2025-07-24 18:00:00;3370.06;3373.35;3367.45;3372.10010
2025-07-24 17:00:00;3367.010010;3371.78003;3366.38989;3370.06
2025-07-24 16:00:00;3376.61;3377.7;3367.090088;3373.4
2025-07-24 15:00:00;3377.8;3379.2;3370.60010;3376.61
2025-07-24 14:00:00;3366.84009;3379.61;3365.96997;3377.81
2025-07-24 13:00:00;3361.17;3372.17993;3359.33;3366.97998
2025-07-24 12:00:00;3367.79;3369.4;3360.01;3361.18
2025-07-24 11:00:00;3368.64;3371.18;3367.35;3367.79
2025-07-24 10:00:00;3368.36;3371.27;3368.34;3368.64
2025-07-24 09:00:00;3373.97;3373.97;3368.22;3368.36
2025-07-24 08:00:00;3373.23;3379.28;3371.6;3373.97
2025-07-24 07:00:00;3378.27;3380.86;3372.01;3373.22
2025-07-24 06:00:00;3379.58;3379.8;3374.5;3378.26
2025-07-24 05:00:00;3384.39;3384.39;3377.6;3379.57
2025-07-24 04:00:00;3386.8;3387.35;3383.48;3384.39
2025-07-24 03:00:00;3386.72;3388.52;3380;3386.81
2025-07-24 02:00:00;3390.48;3391.68;3383.85;3386.8
2025-07-24 01:00:00;3395.51;3395.9;3388.79;3390.48
2025-07-24 00:00:00;3393.79;3396.34;3393.4;3395.51
2025-07-23 23:00:00;3391.62;3395.05;3391;3393.79
2025-07-23 22:00:00;3394.62;3395.47;3391.63;3391.63
2025-07-23 21:00:00;3389.03;3394.72;3388.14;3394.61
2025-07-23 20:00:00;3393.55;3395.34;3389.02;3389.03
2025-07-23 19:00:00;3398.33;3400;3392.6;3393.54
2025-07-23 18:00:00;3395.35;3398.6;3393.94;3398.33
2025-07-23 17:00:00;3390;3395.7;3388.61;3395.1
2025-07-23 16:00:00;3400.2;3400.2;3386.11;3389.8
2025-07-23 15:00:00;3411.81;3414.82;3400;3400.21
2025-07-23 14:00:00;3413.35;3417.02;3408.72;3411.81
2025-07-23 13:00:00;3421.07;3421.07;3408.99;3413.2
2025-07-23 12:00:00;3428.98;3429.85;3420;3421.06
2025-07-23 11:00:00;3424.14;3429.8;3422.2;3428.98
2025-07-23 10:00:00;3430.79;3430.8;3422.67;3424.13
2025-07-23 09:00:00;3427.6;3432.44;3427.6;3430.8
2025-07-23 08:00:00;3421.61;3427.81;3421.61;3427.59
2025-07-23 07:00:00;3425.16;3429.67;3420.61;3421.6
2025-07-23 06:00:00;3420.57007;3425.18;3420.48999;3425.16
2025-07-23 05:00:00;3423.65;3423.65;3416.28;3420.44995
2025-07-23 04:00:00;3423.18994;3425.26;3421.95;3423.56
2025-07-23 03:00:00;3422.85;3428.86011;3422.82;3423.10010
2025-07-23 02:00:00;3420.87988;3424.95;3418;3422.93
2025-07-23 01:00:00;3428.64;3430.70996;3420.94;3420.96
2025-07-23 00:00:00;3427.36;3437.79004;3427.36;3428.93994
2025-07-22 23:00:00;3427.9;3433.28003;3426.24;3427.41
2025-07-22 22:00:00;3430.27;3432.53;3427.5;3427.83
2025-07-22 21:00:00;3427.08;3430;3427.08;3429.2
2025-07-22 20:00:00;3431.66992;3432.72998;3426.25;3427.09
2025-07-22 19:00:00;3429.52;3432.5;3429.05;3431.62012
2025-07-22 18:00:00;3429.39;3431.01;3427.94;3429.69
2025-07-22 17:00:00;3432.26001;3433.43994;3426.61011;3429.33
2025-07-22 16:00:00;3423.1;3432.90991;3423.09;3432.25
2025-07-22 15:00:00;3424.01;3429.27002;3422.43;3423.23
2025-07-22 14:00:00;3412.40991;3427.70996;3405.12012;3424.01
2025-07-22 13:00:00;3407.63;3420;3406.54;3412.55005
2025-07-22 12:00:00;3391.26;3407.89;3391.22;3407.7
2025-07-22 11:00:00;3387.17993;3391.69;3386.69;3391.25
2025-07-22 10:00:00;3386.05;3388.64;3385.86;3387.08
2025-07-22 09:00:00;3388.88;3390.57;3384.59;3386.27002
2025-07-22 08:00:00;3387.34;3390.16;3386.15;3388.92
2025-07-22 07:00:00;3385.11;3387.54;3383.24;3387.54
2025-07-22 06:00:00;3385.33;3387.73;3384.5;3384.71
2025-07-22 05:00:00;3391.25;3391.88;3384.7;3385.56006
2025-07-22 04:00:00;3392.48;3392.5;3388.12988;3391.03
2025-07-22 03:00:00;3391.36;3393.56006;3388.77;3392.55
2025-07-22 02:00:00;3385.94;3392.10010;3385.32;3391.54
2025-07-22 01:00:00;3394.23;3395.96997;3385.22998;3386
2025-07-22 00:00:00;3396.52;3397.6;3390.4;3394.3
2025-07-21 23:00:00;3399.46;3402.53;3393.37988;3396.53
2025-07-21 22:00:00;3398;3401.17993;3397.32;3399.15
2025-07-21 21:00:00;3397.33;3397.34;3390.59;3395.18
2025-07-21 20:00:00;3399.04;3399.4;3395.59;3397.33
2025-07-21 19:00:00;3395.51;3399.85010;3395.18;3398.97
2025-07-21 18:00:00;3393.37988;3395.83;3393.16992;3395.45
2025-07-21 17:00:00;3395.64990;3395.84009;3391.64990;3393.43994
2025-07-21 16:00:00;3397.2;3398.94995;3392.16;3395.63989
2025-07-21 15:00:00;3400.64990;3401.010010;3394.89;3398.10010
2025-07-21 14:00:00;3388.45996;3401.39990;3386.27002;3400.51001
2025-07-21 13:00:00;3387.38;3395.23999;3383.56;3388.78003
2025-07-21 12:00:00;3375.19;3388.58;3374.58008;3387.17
2025-07-21 11:00:00;3366.23;3375.54;3365.24;3375.48
2025-07-21 10:00:00;3366.09;3367.99;3363;3366.05
2025-07-21 09:00:00;3365.91;3366.39;3363;3366.04
2025-07-21 08:00:00;3364.48;3366.84;3363.07;3365.86
2025-07-21 07:00:00;3368.23;3370.41;3359.1;3364.71
2025-07-21 06:00:00;3366.80005;3370.75;3359;3368.17
2025-07-21 05:00:00;3357.65;3369.54;3357.65;3366.62
2025-07-21 04:00:00;3351.19;3358.68;3350.68;3357.81
2025-07-21 03:00:00;3354.06;3356.89990;3351.22998;3351.38989
2025-07-21 02:00:00;3356.19;3357.33008;3352.25;3354.07
2025-07-21 01:00:00;3351.88;3358.58008;3351.88;3356.61011
2025-07-21 00:00:00;3349.23;3354.62012;3347.63;3352.2
2025-07-20 23:00:00;3347.5;3349.45;3345.48;3349.07
2025-07-20 22:00:00;3345;3350.16992;3345;3347.63
2025-07-20 20:00:00;3347.4;3347.6;3347;3347.3
2025-07-20 19:00:00;3348.1;3348.5;3347.3;3347.6
2025-07-20 18:00:00;3348.2;3348.5;3347.5;3347.6
2025-07-20 17:00:00;3349.9;3352.4;3346.9;3348.1
2025-07-20 16:00:00;3347.9;3352.8;3346.3;3350
2025-07-20 15:00:00;3348.4;3349.9;3346.9;3347.9
2025-07-20 14:00:00;3349.4;3349.6;3348.1;3348.1
2025-07-19 13:00:00;3348.2;3348.6;3347.8;3348
2025-07-19 12:00:00;3349.5;3350.2;3347.3;3348.2
2025-07-19 11:00:00;3349.9;3350.4;3348.3;3348.3
2025-07-19 10:00:00;3349.9;3352.2;3348.6;3349.8
2025-07-19 09:00:00;3350.7;3352.6;3349.7;3351.3
2025-07-19 08:00:00;3350.7;3351.6;3349;3350.6
2025-07-19 07:00:00;3349.8;3351.8;3349.5;3349.8
2025-07-19 06:00:00;3347.6;3351.9;3347.6;3350.3
2025-07-19 05:00:00;3345.8;3347.6;3345.4;3347.6
2025-07-19 04:00:00;3344.3;3347.5;3344.3;3345.7
2025-07-19 03:00:00;3343;3346.7;3342.9;3344.6
2025-07-19 02:00:00;3344.4;3344.9;3341.9;3342.9
2025-07-19 01:00:00;3345.4;3345.4;3344.4;3344.4
2025-07-19 00:00:00;3345.1;3345.8;3344.8;3345.4
2025-07-18 23:00:00;3346.9;3347.3;3344.5;3345.1
2025-07-18 22:00:00;3347.4;3347.5;3346.5;3346.9
2025-07-18 21:00:00;3347.6;3348.2;3345.9;3346.5
2025-07-18 20:00:00;3348.27;3351.79;3346.3;3347.9
2025-07-18 19:00:00;3351.37012;3352.82007;3347.65;3348.2
2025-07-18 18:00:00;3352.44995;3353.26001;3349.1;3351.46997
2025-07-18 17:00:00;3353.78003;3353.82007;3348.6;3350.7
2025-07-18 16:00:00;3351.2;3357.43994;3348.2;3352.2
2025-07-18 15:00:00;3354.83008;3356.020020;3347.6;3353.73999
2025-07-18 14:00:00;3354.1;3359.16992;3345.8;3350.7
2025-07-18 13:00:00;3360.11011;3360.31006;3348.7;3353.6
2025-07-18 12:00:00;3351.3;3361.28003;3351.3;3359.94
2025-07-18 11:00:00;3351.25;3357.59;3346.6;3354.35010
2025-07-18 10:00:00;3352.22;3352.72998;3345.4;3351.36
2025-07-18 09:00:00;3347.44;3354.85;3347.39;3349
2025-07-18 08:00:00;3349.54;3350.43;3346.18;3347.47
2025-07-18 07:00:00;3341.79;3349.96;3340;3349.78
2025-07-18 06:00:00;3333.39;3342.62;3332.010010;3342.07
2025-07-18 05:00:00;3336.85;3340.1;3333.38;3333.45
2025-07-18 04:00:00;3334.52;3337.28;3332;3336.94
2025-07-18 03:00:00;3337.74;3338.46;3334.19995;3334.69995
2025-07-18 02:00:00;3337.61;3344.09;3334.5;3337.71
2025-07-18 01:00:00;3340.08;3342.88;3335.41992;3337.71
2025-07-18 00:00:00;3340.19;3341.42;3338.01;3339.92993
2025-07-17 23:00:00;3343.17;3343.48999;3339.5;3340.12
2025-07-17 22:00:00;3338.3;3343.89;3338.09;3343.38989
2025-07-17 21:00:00;3303.71;3340.7;3303.71;3334.4
2025-07-17 20:00:00;3339.69;3340.26;3335.9;3337.6
2025-07-17 19:00:00;3338.6;3340.82;3338.3;3339.76
2025-07-17 18:00:00;3337.47;3338.94;3335.65;3338.63989
2025-07-17 17:00:00;3339.11011;3341.02;3336.36;3337.38
2025-07-17 16:00:00;3336.89990;3339.93;3335.5;3338.87988
2025-07-17 15:00:00;3333.2;3338.47998;3331.41992;3336.95996
2025-07-17 14:00:00;3319.13989;3334.79004;3318.37012;3333.1
2025-07-17 13:00:00;3313.52002;3321.91992;3311.39990;3319.33008
2025-07-17 12:00:00;3324.19;3328.51001;3309.98999;3313.16992
2025-07-17 11:00:00;3325.41;3328.49;3322.34;3324.2
2025-07-17 10:00:00;3325.59;3331.05;3325.17;3325.9
2025-07-17 09:00:00;3328.63;3332.46;3325;3325.65
2025-07-17 08:00:00;3325.94;3332.070068;3325.62;3328.73
2025-07-17 07:00:00;3335.26;3336.22998;3325.19;3325.83
2025-07-17 06:00:00;3339.67;3339.71;3327.4;3335.33
2025-07-17 05:00:00;3342.67;3342.92;3336;3339.3
2025-07-17 04:00:00;3341.3;3344.74;3335.2;3342.73
2025-07-17 03:00:00;3341.39;3342.35;3336.42;3341.54
2025-07-17 02:00:00;3344.13989;3344.84009;3337.89990;3341.33
2025-07-17 01:00:00;3340.73;3344.64990;3336.8;3344.16992
2025-07-17 00:00:00;3346.49;3347.3;3339.57;3340.89990
2025-07-16 23:00:00;3349.64990;3350.27002;3345.21;3346.41
2025-07-16 22:00:00;3347.72;3352.25;3347.57;3349.41
2025-07-16 21:00:00;3344.7;3346;3338.8;3342.1
2025-07-16 20:00:00;3347.15991;3349.17993;3341.6;3344.7
2025-07-16 19:00:00;3345.3;3349.62012;3341.7;3344
2025-07-16 18:00:00;3355.070068;3356.73999;3345.4;3345.9
2025-07-16 17:00:00;3347;3356.15991;3346.5;3354.88989
2025-07-16 16:00:00;3339.7;3353.29004;3335.7;3347
2025-07-16 15:00:00;3338.14990;3377.18994;3334.1;3341.1
2025-07-16 14:00:00;3326.70996;3342.42993;3319.92993;3337.78003
2025-07-16 13:00:00;3334.77002;3339.54004;3322.12988;3326.92993
2025-07-16 12:00:00;3339.08;3340.44;3331.13;3334.62988
2025-07-16 11:00:00;3334.98999;3340.16;3333.74;3339.12
2025-07-16 10:00:00;3339.89;3340.32;3333.97;3334.89
2025-07-16 09:00:00;3341.92;3342.83;3339.12;3339.94
2025-07-16 08:00:00;3337.91;3342.61;3337.76;3342
2025-07-16 07:00:00;3339.26;3340.12988;3335.91;3337.84
2025-07-16 06:00:00;3337.68;3341.9;3337.68;3339.23999
2025-07-16 05:00:00;3338.3;3339.93994;3335.69995;3338.22998
2025-07-16 04:00:00;3334.28;3338.54;3332.77;3338.3
2025-07-16 03:00:00;3325.96;3335.010010;3325.86;3334.48999
2025-07-16 02:00:00;3331.01;3331.43;3325.18994;3326.14
2025-07-16 01:00:00;3330.57;3335.080078;3328.9;3331.010010
2025-07-16 00:00:00;3331.17993;3332.58;3328.85;3330.65991
2025-07-15 23:00:00;3326.63989;3331.76001;3326.38989;3331.15991
2025-07-15 22:00:00;3324.1;3327.76001;3323.61;3326.51
2025-07-15 21:00:00;3324.3;3331;3323.3;3329.4
2025-07-15 20:00:00;3330.41;3331.070068;3324.6;3324.6
2025-07-15 19:00:00;3329.12012;3331.24;3326.52;3330.39
2025-07-15 18:00:00;3328.07;3331.85;3325.8;3328.87
2025-07-15 17:00:00;3329.43994;3331.9;3325.93994;3328.23999
2025-07-15 16:00:00;3328.96997;3330;3320.36011;3329.25
2025-07-15 15:00:00;3348.010010;3349.90991;3325.55005;3328
2025-07-15 14:00:00;3347.51001;3352.12988;3341.5;3347.96997
2025-07-15 13:00:00;3349.07;3352.55005;3334.53003;3343.3
2025-07-15 12:00:00;3355.010010;3360.12;3346.57007;3348.89990
2025-07-15 11:00:00;3361.40991;3361.9;3354.11;3354.94995
2025-07-15 10:00:00;3363.41;3366.24;3361.15;3361.24
2025-07-15 09:00:00;3360.9;3364.63;3358.3;3363.34
2025-07-15 08:00:00;3363.77;3365.51;3357.02;3360.93
2025-07-15 07:00:00;3358.3;3365.12;3357.41;3364.3
2025-07-15 06:00:00;3362.04;3363.97;3357.69;3358.1
2025-07-15 05:00:00;3360.21;3365.28003;3360.21;3362.13
2025-07-15 04:00:00;3357.86;3361.33;3357.56;3360.13
2025-07-15 03:00:00;3350.83;3358.27;3350.61;3357.97998
2025-07-15 02:00:00;3346.46;3352.080078;3345.79;3350.98999
2025-07-15 01:00:00;3347.5;3350.67993;3346.1;3346.41
2025-07-15 00:00:00;3345.58;3349.28;3344.74;3347.53
2025-07-14 23:00:00;3345.66992;3346.54004;3343.9;3345.39990
2025-07-14 22:00:00;3342.1;3345.8;3341.21;3345.8
2025-07-14 21:00:00;3342.4;3348.1;3341.1;3347.2
2025-07-14 20:00:00;3344.06;3345.58;3341.36011;3342.4
2025-07-14 19:00:00;3348.79;3350.46;3343.16;3344.07
2025-07-14 18:00:00;3351.080078;3351.23999;3348;3348.89990
2025-07-14 17:00:00;3345.4;3351.72;3345.4;3351.050049
2025-07-14 16:00:00;3344.6;3349.27002;3342.4;3345.5
2025-07-14 15:00:00;3343.25;3349.64990;3342.66992;3345.14990
2025-07-14 14:00:00;3355.23999;3356.28003;3341.14990;3343.070068
2025-07-14 13:00:00;3350.54;3359.020020;3347.09;3355.35010
2025-07-14 12:00:00;3363.99;3366.29;3349.36;3350.06
2025-07-14 11:00:00;3371.92;3373.06;3363.82;3364.02
2025-07-14 10:00:00;3370.55005;3374.55;3365.5;3371.94
2025-07-14 09:00:00;3366.20996;3370.48999;3364.070068;3370.35010
2025-07-14 08:00:00;3371.89990;3372.69995;3365.48999;3366.040039
2025-07-14 07:00:00;3368.84009;3375.020020;3366.84009;3372.030029
2025-07-14 06:00:00;3357.57;3369.61;3356.52;3368.73
2025-07-14 05:00:00;3359.44;3360.34;3354.5;3357.55
2025-07-14 04:00:00;3356.26;3361.41;3353.7;3359.6
2025-07-14 03:00:00;3357.37;3359.54;3355.38;3357.020020
2025-07-14 02:00:00;3358.07;3359.62012;3349;3357.48999
2025-07-14 01:00:00;3367.23;3370.05;3357.090088;3358.37
2025-07-14 00:00:00;3367.36;3373.27002;3364.84;3367.52002
2025-07-13 23:00:00;3369.33;3373.7;3366.15;3367.76001
2025-07-13 22:00:00;3356.92;3371.010010;3356.92;3369
2025-07-13 17:00:00;3346.6;3349.7;3346.6;3349.4
2025-07-13 16:00:00;3349.4;3349.4;3345.4;3347.3
2025-07-13 15:00:00;3348.7;3350.6;3346.3;3349
2025-07-13 14:00:00;3348;3350.9;3345.6;3348.5
2025-07-12 13:00:00;3345.9;3349.1;3344.8;3348.6
2025-07-12 12:00:00;3347.2;3347.3;3345.1;3345.8
2025-07-12 11:00:00;3347.3;3349.4;3346.3;3347.1
2025-07-12 10:00:00;3347.3;3349.2;3344.8;3347.4
2025-07-12 09:00:00;3347.6;3348.7;3345.2;3347.3
2025-07-12 08:00:00;3348;3348.9;3344.3;3348
2025-07-12 07:00:00;3345.6;3349.7;3345.1;3347.4
2025-07-12 06:00:00;3349.5;3350;3345.4;3345.4
2025-07-12 05:00:00;3348.3;3350.4;3346.8;3349.4
2025-07-12 04:00:00;3350.2;3352.1;3344.7;3348.4
2025-07-12 03:00:00;3351;3354.6;3350.2;3350.4
2025-07-12 02:00:00;3352.8;3353.6;3350.6;3351.3
2025-07-12 01:00:00;3344.9;3354.4;3343.7;3351.2
2025-07-12 00:00:00;3351.2;3354.76;3343.6;3344.5
2025-07-11 23:00:00;3345.8;3349.7;3345.6;3349.7
2025-07-11 22:00:00;3343.9;3346.1;3343.9;3346
2025-07-11 21:00:00;3349.8;3350.1;3343.9;3343.9
2025-07-11 20:00:00;3356.63989;3358.37;3349;3349.9
2025-07-11 19:00:00;3355.98;3359.72998;3355.6;3356.35
2025-07-11 18:00:00;3353.59;3358.49;3353.41;3355.95
2025-07-11 17:00:00;3353.69995;3354.21997;3349.27;3353.37
2025-07-11 16:00:00;3358.9;3359.71997;3353;3353.79
2025-07-11 15:00:00;3353.7;3367.45996;3352;3358.86
2025-07-11 14:00:00;3345.5;3359.83008;3344.2;3353.3
2025-07-11 13:00:00;3355.35010;3359.16992;3345.6;3351.82
2025-07-11 12:00:00;3347.48;3357;3344.44995;3355.21997
2025-07-11 11:00:00;3345.29;3350.08;3335.5;3347.55005
2025-07-11 10:00:00;3339.61;3348.14;3339.61;3344.85
2025-07-11 09:00:00;3333.13;3339.99;3332.86;3339.4
2025-07-11 08:00:00;3341.68;3343.83008;3332;3333.13
2025-07-11 07:00:00;3332.32;3342.29004;3331.5;3342.050049
2025-07-11 06:00:00;3334;3343.68994;3332.29004;3332.57007
2025-07-11 05:00:00;3332.49;3341.62;3332.03;3333.9
2025-07-11 04:00:00;3333.6;3335.29;3329.84;3331.94
2025-07-11 03:00:00;3332.56;3335.94;3332.09;3333.66
2025-07-11 02:00:00;3329.54;3335.060059;3327.18;3332.5
2025-07-11 01:00:00;3330.2;3331.42;3325.5;3329.54
2025-07-11 00:00:00;3323.66;3335.98;3323.55;3330.44
2025-07-10 23:00:00;3322.83;3326.47998;3322.77;3323.7
2025-07-10 22:00:00;3323.33;3326.17;3321.7;3323.25
2025-07-10 21:00:00;3318.9;3323.8;3314.8;3317.7
2025-07-10 20:00:00;3324.84;3325.3;3319;3323.67
2025-07-10 19:00:00;3321.55;3325.84;3321.45;3324.84009
2025-07-10 18:00:00;3317.21;3321.83;3316.49;3321.46
2025-07-10 17:00:00;3315.13989;3318.62988;3313.6;3317.35
2025-07-10 16:00:00;3319.72998;3320.010010;3312.13;3315.15991
2025-07-10 15:00:00;3315.020020;3321.58008;3314.69995;3319.79004
2025-07-10 14:00:00;3312.81006;3321.65991;3309.9;3314.98999
2025-07-10 13:00:00;3323.92993;3329.42993;3312.040039;3312.88989
2025-07-10 12:00:00;3320.45;3326.070068;3318.04;3324.050049
2025-07-10 11:00:00;3325.28;3330.15;3316.4;3320.4
2025-07-10 10:00:00;3326.53;3328.74;3322.23;3325.19
2025-07-10 09:00:00;3328.61;3330.21;3323.1;3326.41
2025-07-10 08:00:00;3321.11;3330.05;3316.9;3328.6
2025-07-10 07:00:00;3325.19;3329.36011;3319.93;3320.98
2025-07-10 06:00:00;3321.04;3328.12;3320.84;3325.23
2025-07-10 05:00:00;3322.24;3325.03;3318.1;3321.32007
2025-07-10 04:00:00;3315.6;3322.44;3312.2;3322.17
2025-07-10 03:00:00;3319.23999;3320.21997;3311.6;3311.7
2025-07-10 02:00:00;3322.25;3323.67993;3318.17;3319.31006
2025-07-10 01:00:00;3317.55;3326.38989;3315.1;3322.35010
2025-07-10 00:00:00;3317.34;3321.76;3316.55;3317.65
2025-07-09 23:00:00;3319.45;3319.71997;3315.64;3317.53
2025-07-09 22:00:00;3310.95;3321.03;3310.95;3319.51
2025-07-09 21:00:00;3312.1;3312.9;3306.2;3309.9
2025-07-09 20:00:00;3315.84;3315.84;3311.3;3312.1
2025-07-09 19:00:00;3311.45996;3316.87012;3311.10010;3315.63
2025-07-09 18:00:00;3307.3;3313.78003;3306.5;3311.53003
2025-07-09 17:00:00;3311.83008;3312.51001;3306.5;3307.2
2025-07-09 16:00:00;3307.8;3312.78003;3306.4;3311.88989
2025-07-09 15:00:00;3309.7;3310;3304.1;3308.4
2025-07-09 14:00:00;3300.34009;3312.94995;3299.89990;3312.41992
2025-07-09 13:00:00;3296.25;3305.27002;3292.050049;3300.42993
2025-07-09 12:00:00;3285;3297.48;3285;3296.31
2025-07-09 11:00:00;3295.64;3295.88;3283.18;3284.96
2025-07-09 10:00:00;3289.23999;3295.88;3288.27;3295.63989
2025-07-09 09:00:00;3285.12012;3291.1;3284.48999;3289.28003
2025-07-09 08:00:00;3291.9;3292.53003;3282.89990;3285.090088
2025-07-09 07:00:00;3292.28;3296.070068;3288.35010;3291.82
2025-07-09 06:00:00;3289.58;3292.65;3285.56;3292.16
2025-07-09 05:00:00;3293.88;3297.84009;3289.03;3289.29
2025-07-09 04:00:00;3293.48;3296.35010;3291.16;3293.87
2025-07-09 03:00:00;3288.38;3294.68;3285;3293.37
2025-07-09 02:00:00;3301.98999;3302.89990;3286.85;3288.42
2025-07-09 01:00:00;3305.4;3306.75;3299.43994;3301.94995
2025-07-09 00:00:00;3302.72998;3308.030029;3302;3305.93994
2025-07-08 23:00:00;3301.69995;3303.93;3297.16;3302.35010
2025-07-08 22:00:00;3300.83;3304.07;3300.3;3301.61
2025-07-08 21:00:00;3299.1;3305.5;3297.9;3305.4
2025-07-08 20:00:00;3302.57;3303.68;3299;3301.03
2025-07-08 19:00:00;3305.32;3306.07;3301.8;3302.94
2025-07-08 18:00:00;3306.36011;3308.15;3300.6;3305.51001
2025-07-08 17:00:00;3300.51;3310.42993;3299.37;3306.4
2025-07-08 16:00:00;3298.33008;3301.63989;3295.98;3300.20996
2025-07-08 15:00:00;3296.44;3300.27002;3287.21;3298.12
2025-07-08 14:00:00;3315.13989;3315.83;3294.36;3296.45
2025-07-08 13:00:00;3328.31;3328.62;3315;3315.22
2025-07-08 12:00:00;3324.93;3329.79;3324.71;3328.17
2025-07-08 11:00:00;3324.49;3327.5;3320.1;3324.96
2025-07-08 10:00:00;3321.98;3327.26;3320.46;3324.77
2025-07-08 09:00:00;3323.58;3326.72;3321.37;3321.97
2025-07-08 08:00:00;3333.87;3333.87;3323.31;3323.61
2025-07-08 07:00:00;3336.16;3339.40991;3330.45;3333.98999
2025-07-08 06:00:00;3334.080078;3335.89;3331;3335.78
2025-07-08 05:00:00;3329.63;3336.48;3329.49;3334.03
2025-07-08 04:00:00;3331.3;3332.8;3327.55;3329.55
2025-07-08 03:00:00;3334.31;3335.4;3329.2;3331.56006
2025-07-08 02:00:00;3334.76;3337.88989;3330.9;3334.43
2025-07-08 01:00:00;3334.01;3336.98999;3329.67;3334.76
2025-07-08 00:00:00;3334.55;3337.26001;3331.15;3334.17
2025-07-07 23:00:00;3339.77;3340.04;3333.85;3334.76001
2025-07-07 22:00:00;3329.41;3345.7;3329.41;3339.73
2025-07-07 21:00:00;3333.8;3335.3;3330;3330
2025-07-07 20:00:00;3337.02;3337.5;3333.8;3336.82
2025-07-07 19:00:00;3334.37;3340.3;3334.37;3337.12
2025-07-07 18:00:00;3331.97;3335.69;3328.46;3334.43994
2025-07-07 17:00:00;3327.48;3335.8;3327.32;3332.03
2025-07-07 16:00:00;3320.81;3327.98;3320.13;3327.31
2025-07-07 15:00:00;3317.88;3321.93;3316.41;3320.78
2025-07-07 14:00:00;3316.62;3321.29;3313.24;3317.92
2025-07-07 13:00:00;3309.59;3317.12012;3306.25;3316.29
2025-07-07 12:00:00;3301.97;3312.49;3300.52;3309.57
2025-07-07 11:00:00;3302.04;3307.59009;3299.8;3301.83
2025-07-07 10:00:00;3308.89;3310.65;3296.5;3301.93
2025-07-07 09:00:00;3310.01;3311.95996;3306.02;3308.95
2025-07-07 08:00:00;3302.07;3312.56;3301.16;3310.1
2025-07-07 07:00:00;3310.24;3313.22;3300.65;3302.18
2025-07-07 06:00:00;3313.31;3315.15;3308.51001;3309.86
2025-07-07 05:00:00;3307.81;3315.05;3307.10010;3313.38
2025-07-07 04:00:00;3311.22;3312.24;3305.2;3307.82007
2025-07-07 03:00:00;3308.7;3315.24;3307.12;3311
2025-07-07 02:00:00;3316.79;3317.68;3306;3308.82
2025-07-07 01:00:00;3326.38;3327.55;3306.88;3316.48
2025-07-07 00:00:00;3328.92;3329.38;3321.7;3326.47
2025-07-06 23:00:00;3333.58008;3334.65991;3326.29;3328.8
2025-07-06 22:00:00;3334.01;3342.05;3332.37;3333.2
2025-07-06 19:00:00;3334.6;3334.6;3334.6;3334.6
2025-07-06 18:00:00;3334.4;3335.4;3334;3334.1
2025-07-06 17:00:00;3333.1;3339.5;3332.1;3334.5
2025-07-06 16:00:00;3334.4;3335;3332.4;3332.5
2025-07-06 15:00:00;3334.7;3334.7;3332.3;3334.4
2025-07-06 14:00:00;3335.2;3335.4;3334;3334.9
2025-07-05 13:00:00;3335.9;3336.7;3335.5;3336.7
2025-07-05 12:00:00;3335.4;3335.7;3334.3;3335.5
2025-07-05 11:00:00;3336;3336.9;3335.3;3335.3
2025-07-05 10:00:00;3337.2;3337.2;3335.7;3335.7
2025-07-05 09:00:00;3335.4;3336.7;3335.3;3335.6
2025-07-05 08:00:00;3333.9;3334.8;3333.9;3334.7
2025-07-05 07:00:00;3334.8;3335.2;3334.2;3334.3
2025-07-05 06:00:00;3334.8;3335.8;3332.8;3335.1
2025-07-05 05:00:00;3335.1;3339.3;3334.2;3335.7
2025-07-05 04:00:00;3336.9;3336.9;3331.3;3333.9
2025-07-05 03:00:00;3338.9;3338.9;3335.6;3336.9
2025-07-05 02:00:00;3338.9;3339;3338.9;3339
2025-07-05 01:00:00;3338.9;3339.1;3338.9;3339
2025-07-05 00:00:00;3338.2;3339.8;3338.2;3339.1
2025-07-04 23:00:00;3339.1;3339.1;3335.24;3335.24
2025-07-04 22:00:00;3336.9;3339.4;3335.24;3339.1
2025-07-04 21:00:00;3335.24;3337.6;3335.24;3336.5
2025-07-04 20:00:00;3337.6;3337.6;3336.4;3336.8
2025-07-04 19:00:00;3336.8;3338.3;3335.7;3338
2025-07-04 18:00:00;3335;3336.8;3335;3336.7
2025-07-04 17:00:00;3335.24;3335.24;3335;3335
2025-07-04 16:00:00;3332.21;3337.44995;3332.21;3335
2025-07-04 15:00:00;3333.33;3333.92993;3330.2;3332.32
2025-07-04 14:00:00;3333.71;3334.28003;3330.86;3333.22
2025-07-04 13:00:00;3334;3338.060059;3332.3;3333.85
2025-07-04 12:00:00;3334.54;3337.78;3331.5;3333.9
2025-07-04 11:00:00;3336.77;3337.79;3334.4;3334.7
2025-07-04 10:00:00;3334.42;3338;3331.45;3336.73
2025-07-04 09:00:00;3342.68;3343.04;3333.02;3334.42
2025-07-04 08:00:00;3342.98;3344.2;3340.84;3342.79
2025-07-04 07:00:00;3342.61;3343.61;3336.6;3342.91
2025-07-04 06:00:00;3339.55;3344.98;3338.4;3342.55005
2025-07-04 05:00:00;3340.92;3342.21997;3337;3339.41
2025-07-04 04:00:00;3338.22;3342.26001;3336.3;3340.9
2025-07-04 03:00:00;3327.29;3339;3326.19;3334.5
2025-07-04 02:00:00;3329.87;3332.34;3327.1;3327.3
2025-07-04 01:00:00;3328.9;3334.26;3326.54;3330.12988
2025-07-04 00:00:00;3330.68;3331.07;3325.76;3328.94
2025-07-03 23:00:00;3329.07;3332.080078;3325.6;3330.86
2025-07-03 22:00:00;3325.15;3329.64990;3323.38;3329.1
2025-07-03 21:00:00;3323.5;3325.8;3322.7;3325.8
2025-07-03 20:00:00;3328.81006;3328.95996;3323.5;3323.9
2025-07-03 19:00:00;3329.12;3329.51;3327.01;3328.7
2025-07-03 18:00:00;3328.97;3330.22;3326.1;3329.19995
2025-07-03 17:00:00;3333.92;3334.8;3327.1;3329.05
2025-07-03 16:00:00;3328.31006;3334.65;3325.66;3333.9
2025-07-03 15:00:00;3324.73999;3331.43;3323.20996;3328.12988
2025-07-03 14:00:00;3331.6;3334.59;3323.67;3324.76001
2025-07-03 13:00:00;3324.01;3338.34;3322.07;3331.81
2025-07-03 12:00:00;3345.9;3352.33;3311.66;3324.25
2025-07-03 11:00:00;3348.8;3350.91;3343.06;3346.07
2025-07-03 10:00:00;3341.5;3352.1;3340.7;3349
2025-07-03 09:00:00;3356.20996;3356.35010;3339.2;3342.2
2025-07-03 08:00:00;3349.1;3358.28003;3347.7;3356.28003
2025-07-03 07:00:00;3356.7;3362.91992;3348.4;3353.14990
2025-07-03 06:00:00;3354.6;3361.77002;3351.9;3356.9
2025-07-03 05:00:00;3346.1;3357.51001;3345.4;3354.5
2025-07-03 04:00:00;3347.58008;3350.73999;3344.5;3346.5
2025-07-03 03:00:00;3346.5;3350.53003;3342.4;3347.53003
2025-07-03 02:00:00;3346.11011;3348.31006;3341.5;3346.5
2025-07-03 01:00:00;3340.6;3346.25;3338.5;3346.060059
2025-07-03 00:00:00;3349.77;3349.77;3340.2;3340.3
2025-07-02 23:00:00;3361.92;3362.19;3348.83;3349.44995
2025-07-02 22:00:00;3357.95;3365.61;3352.5;3361.85
2025-07-02 21:00:00;3352;3353.2;3349.4;3349.7
2025-07-02 20:00:00;3352.6;3359.060059;3351.1;3352
2025-07-02 19:00:00;3349.4;3357.33008;3349.2;3352.6
2025-07-02 18:00:00;3349.56006;3352.85010;3346.1;3348.8
2025-07-02 17:00:00;3343.5;3349.96997;3342.8;3349.75
2025-07-02 16:00:00;3341.28003;3348.11011;3337.8;3342.5
2025-07-02 15:00:00;3339.3;3343.45996;3335.4;3340.97998
2025-07-02 14:00:00;3335.1;3340.78003;3330;3338.2
2025-07-02 13:00:00;3343.6;3346.60010;3332.5;3337.58008
2025-07-02 12:00:00;3340.1;3351.12988;3336.9;3344.4
2025-07-02 11:00:00;3344.45996;3347.66992;3337.8;3339.4
2025-07-02 10:00:00;3341.94995;3345.64990;3336.9;3344.42993
2025-07-02 09:00:00;3330.8;3342.17993;3327.9;3341.82007
2025-07-02 08:00:00;3330.8;3337.39990;3329.3;3330.1
2025-07-02 07:00:00;3328;3334.2;3325.7;3331.4
2025-07-02 06:00:00;3338.91992;3339.43994;3326.7;3330.4
2025-07-02 05:00:00;3337.1;3342.33008;3333.1;3334.8
2025-07-02 04:00:00;3337.3;3341.42993;3335.8;3340.10010
2025-07-02 03:00:00;3336.80005;3341.17;3334.91;3338.4
2025-07-02 02:00:00;3332.09;3338.08;3328.83;3336.62
2025-07-02 01:00:00;3339.03;3342.82;3331;3332.32007
2025-07-02 00:00:00;3338.31;3345.060059;3334.95996;3338.88
2025-07-01 23:00:00;3341.61;3341.73;3337;3337.92
2025-07-01 22:00:00;3337.93;3343.67;3336.86;3341.52
2025-07-01 21:00:00;3336.1;3336.1;3328.8;3328.8
2025-07-01 20:00:00;3337.92993;3340.37012;3336.4;3336.4
2025-07-01 19:00:00;3338.11011;3340.13989;3336.2;3338.21997
2025-07-01 18:00:00;3339.65991;3339.94995;3334.5;3338.020020
2025-07-01 17:00:00;3341.77002;3342.20996;3334.3;3339.77002
2025-07-01 16:00:00;3340.53003;3343.5;3334.2;3341.84009
2025-07-01 15:00:00;3345.84009;3346.70996;3334.2;3340.29004
2025-07-01 14:00:00;3351.75;3354.5;3341.3;3346.01
2025-07-01 13:00:00;3354.72998;3355.64990;3341.1;3351.39990
2025-07-01 12:00:00;3349.050049;3357.96997;3345.6;3354.61011
2025-07-01 11:00:00;3344.5;3352.37988;3342.5;3349.15991
2025-07-01 10:00:00;3345.86011;3349.32;3342.2;3344.8
2025-07-01 09:00:00;3334.3;3347.93994;3333.3;3345.89990
2025-07-01 08:00:00;3334.6;3342.47998;3332.7;3339.62988
2025-07-01 07:00:00;3326.7;3338.18994;3326.7;3334.6
2025-07-01 06:00:00;3325.2;3330.55005;3321.7;3327.2
2025-07-01 05:00:00;3318.9;3330.27002;3318.9;3324.8
2025-07-01 04:00:00;3318.6;3323.10010;3317.8;3318.9
2025-07-01 03:00:00;3312.6;3322.63989;3312.6;3317.5
2025-07-01 02:00:00;3314.1;3319.42993;3312.1;3312.9
2025-07-01 01:00:00;3315.28003;3321.020020;3311.7;3314.1
2025-07-01 00:00:00;3312.85010;3314.59009;3308.9;3314.52002
2025-06-30 23:00:00;3309.1;3312.59009;3307;3312.59009
2025-06-30 22:00:00;3303.8;3314.54004;3300.9;3308.3
2025-06-30 21:00:00;3305.4;3305.4;3300;3301.5
2025-06-30 20:00:00;3308.66992;3309.21997;3302.36011;3302.90991
2025-06-30 19:00:00;3298.3;3307.43994;3298.1;3306.6
2025-06-30 18:00:00;3294.070068;3299.59009;3292.72998;3298.52002
2025-06-30 17:00:00;3297.35010;3298.61011;3292.8;3294.090088
2025-06-30 16:00:00;3289.82007;3297.51001;3289.26001;3297.47998
2025-06-30 15:00:00;3287.76001;3292.1;3283.87988;3289.68994
2025-06-30 14:00:00;3285.32007;3289.61011;3279.31006;3287.78003
2025-06-30 13:00:00;3281.9;3288;3278.090088;3284.80005
2025-06-30 12:00:00;3278.08;3288.93;3278.08;3281.96
2025-06-30 11:00:00;3283.28;3283.61;3274.70996;3277.83
2025-06-30 10:00:00;3287.89;3288.67;3282.47;3283.43
2025-06-30 09:00:00;3288.6;3288.64990;3277.65991;3287.91992
2025-06-30 08:00:00;3293.9;3296.6;3288.22;3289.1
2025-06-30 07:00:00;3292.12012;3296.88989;3290.81006;3293.5
2025-06-30 06:00:00;3289.18994;3295.57007;3287.95996;3292.060059
2025-06-30 05:00:00;3285.70996;3291.42993;3284.73999;3289.010010
2025-06-30 04:00:00;3279.070068;3286.33008;3277.14990;3285.75
2025-06-30 03:00:00;3280.050049;3282.79004;3277.97998;3279.030029
2025-06-30 02:00:00;3273.92993;3283.41992;3273.87012;3280.39990
2025-06-30 01:00:00;3264.63;3275.87012;3259.53003;3273.94995
2025-06-30 00:00:00;3263.47;3269.6;3262.80005;3264.55
2025-06-29 23:00:00;3264.25;3270.83008;3262.84;3263.77
2025-06-29 22:00:00;3272.3;3280.89;3248.98;3263.66
2025-06-29 16:00:00;3271.9;3272;3271.9;3272
2025-06-29 15:00:00;3272.3;3272.6;3271.9;3271.9
2025-06-29 14:00:00;3273.8;3273.8;3272;3272.3
2025-06-28 13:00:00;3278.6;3284.3;3278.6;3284.3
2025-06-28 12:00:00;3277.2;3278.6;3276.9;3278.6
2025-06-28 11:00:00;3277.9;3278.2;3276.8;3277.1
2025-06-28 10:00:00;3278.5;3278.5;3277.9;3278
2025-06-28 09:00:00;3280.2;3280.4;3276.5;3278
2025-06-28 08:00:00;3277.1;3280.9;3276.9;3280.9
2025-06-28 07:00:00;3278.1;3279.5;3276;3277.1
2025-06-28 06:00:00;3280.8;3282.4;3277.2;3278.2
2025-06-28 05:00:00;3283.5;3284.1;3280.4;3281.2
2025-06-28 04:00:00;3281.5;3282;3280.5;3282
2025-06-28 03:00:00;3281.8;3283.7;3281.2;3281.5
2025-06-28 02:00:00;3280.5;3283.3;3280.1;3282.4
2025-06-28 01:00:00;3283.1;3283.1;3280.5;3280.7
2025-06-28 00:00:00;3282.6;3283.5;3273.67;3283.3
2025-06-27 23:00:00;3282.4;3282.6;3281.9;3282.2
2025-06-27 22:00:00;3282.3;3282.9;3282.3;3282.8
2025-06-27 21:00:00;3278.3;3282.5;3277.8;3282.4
2025-06-27 20:00:00;3270.77002;3278.7;3270.53003;3278
2025-06-27 19:00:00;3276.16992;3276.57007;3268.4;3270.83008
2025-06-27 18:00:00;3278.28003;3281.9;3270.58008;3275.89990
2025-06-27 17:00:00;3280.3;3282.90991;3272.87988;3277.41992
2025-06-27 16:00:00;3274.77002;3280.6;3273.44995;3280.3
2025-06-27 15:00:00;3278.4;3279.8;3273.17993;3274.70996
2025-06-27 14:00:00;3274.46997;3282.2;3265.040039;3277.4
2025-06-27 13:00:00;3270.11011;3276.4;3255.97998;3274.39990
2025-06-27 12:00:00;3286.4;3286.8;3271.18994;3277.3
2025-06-27 11:00:00;3285.89990;3292.1;3276.17993;3286.3
2025-06-27 10:00:00;3282.82007;3295.2;3279.77002;3285.68994
2025-06-27 09:00:00;3289.5;3294;3282.29004;3282.77002
2025-06-27 08:00:00;3285.10010;3294.7;3282.81006;3289.37012
2025-06-27 07:00:00;3294.22998;3294.39990;3284.41992;3284.42993
2025-06-27 06:00:00;3300.7;3300.7;3287.62012;3294.94995
2025-06-27 05:00:00;3294.02;3303.5;3293.44;3301.2
2025-06-27 04:00:00;3299.2;3302.1;3293.010010;3293.9
2025-06-27 03:00:00;3313.3;3315.3;3292.62988;3294.43994
2025-06-27 02:00:00;3319.9;3323;3311.73;3314.3
2025-06-27 01:00:00;3318.89990;3323.8;3315.040039;3318.64990
2025-06-27 00:00:00;3318.81;3319.72;3313.32;3318.98999
2025-06-26 23:00:00;3321.3;3323.58;3316.26;3318.66
2025-06-26 22:00:00;3326.33;3327.8;3318.63;3321.35
2025-06-26 21:00:00;3326.7;3329;3324.9;3325.9
2025-06-26 20:00:00;3331.44995;3333.2;3327.78003;3328.09
2025-06-26 19:00:00;3334.18994;3334.37012;3328.42993;3331.37012
2025-06-26 18:00:00;3332.45996;3334.91992;3331.37012;3334.17993
2025-06-26 17:00:00;3331.47998;3337.3;3331.30005;3332.88989
2025-06-26 16:00:00;3326.37012;3335.1;3325.70996;3331.48999
2025-06-26 15:00:00;3318.56006;3325.3;3318.56006;3324.55
2025-06-26 14:00:00;3319.97998;3325.3;3312.85;3318.5
2025-06-26 13:00:00;3322.080078;3328.81006;3310;3319.98999
2025-06-26 12:00:00;3333.45996;3343.1;3322.040039;3322.090088
2025-06-26 11:00:00;3343.37012;3344.22998;3331.70996;3332.91992
2025-06-26 10:00:00;3340.70996;3343.57007;3338.040039;3343.41992
2025-06-26 09:00:00;3348.27002;3348.76001;3338.2;3340.72998
2025-06-26 08:00:00;3343;3350.25;3343;3348.30005
2025-06-26 07:00:00;3340.19995;3347.22998;3340.010010;3346.22998
2025-06-26 06:00:00;3332.5;3340.51001;3331.56006;3339.87988
2025-06-26 05:00:00;3333.35;3338.37012;3332.45996;3334.8
2025-06-26 04:00:00;3338.10010;3338.17993;3332.2;3334.080078
2025-06-26 03:00:00;3337.2;3343.18994;3335.3;3338.040039
2025-06-26 02:00:00;3330.5;3341.73999;3330.4;3339.54004
2025-06-26 01:00:00;3334.4;3336.8;3330.14990;3330.5
2025-06-26 00:00:00;3339.070068;3339.37012;3332.6;3333.95996
2025-06-25 23:00:00;3333.21997;3340;3332.91992;3339.12988
2025-06-25 22:00:00;3333.3;3334.88989;3331.3;3333.28003
2025-06-25 21:00:00;3331.1;3333.1;3330.3;3333.1
2025-06-25 20:00:00;3331.4;3335.66992;3331.4;3332.13989
2025-06-25 19:00:00;3330.7;3335.59009;3330.7;3333.83008
2025-06-25 18:00:00;3328.9;3331.19995;3326.13;3330.7
2025-06-25 17:00:00;3334.93994;3335.38989;3324.80005;3328.11011
2025-06-25 16:00:00;3325.90991;3334.87988;3324.7;3333.5
2025-06-25 15:00:00;3323.57007;3327.1;3322.6;3325.71997
2025-06-25 14:00:00;3315.6;3326.2;3314;3323.58008
2025-06-25 13:00:00;3320.73999;3321.67993;3313.41992;3315.5
2025-06-25 12:00:00;3322.69995;3329.59009;3318.25;3320.70996
2025-06-25 11:00:00;3325.3;3334.4;3322.60010;3323.6
2025-06-25 10:00:00;3325.38989;3329.6;3324.5;3324.55005
2025-06-25 09:00:00;3327.35010;3327.35010;3321.65991;3325.33008
2025-06-25 08:00:00;3331.6;3332.6;3327.18994;3327.43994
2025-06-25 07:00:00;3332.25;3337.2;3326.88989;3331.3
2025-06-25 06:00:00;3333.2;3337.3;3329.19995;3331.70996
2025-06-25 05:00:00;3329.3;3333.9;3326.80005;3333.9
2025-06-25 04:00:00;3329.4;3331.2;3326.3;3327.55005
2025-06-25 03:00:00;3329.48999;3332.060059;3327.40991;3328.45996
2025-06-25 02:00:00;3336.3;3336.3;3327.77;3329.5
2025-06-25 01:00:00;3327.21997;3336.2;3326.48999;3336.2
2025-06-25 00:00:00;3326;3331.9;3325.040039;3329.2
2025-06-24 23:00:00;3323.7;3326.5;3321.97998;3325.9
2025-06-24 22:00:00;3320.4;3326.7;3320.4;3321.62012
2025-06-24 21:00:00;3325.5;3327.3;3320.5;3320.5
2025-06-24 20:00:00;3325.8;3329.3;3321.72998;3324.9
2025-06-24 19:00:00;3319.7;3327.5;3316.39990;3325.5
2025-06-24 18:00:00;3318.12012;3321.5;3316.080078;3317.32007
2025-06-24 17:00:00;3320.12012;3321.23999;3317.97998;3318.010010
2025-06-24 16:00:00;3315.9;3321;3311.41992;3318.32
2025-06-24 15:00:00;3304.66992;3319.5;3299.91992;3313.32007
2025-06-24 14:00:00;3306;3313.9;3302.030029;3304.64990
2025-06-24 13:00:00;3319.6;3321.8;3300.2;3305.8
2025-06-24 12:00:00;3320.87988;3323.1;3304.68994;3320.5
2025-06-24 11:00:00;3325.62012;3332.2;3318;3321.25
2025-06-24 10:00:00;3322.3;3327.8;3320.33008;3325.63989
2025-06-24 09:00:00;3332.8;3333.5;3318.11011;3322.4
2025-06-24 08:00:00;3333.8;3337.7;3325.75;3330.3
2025-06-24 07:00:00;3323.58008;3333.8;3319.81006;3328.24
2025-06-24 06:00:00;3339.3;3339.3;3316.20996;3322.84009
2025-06-24 05:00:00;3352.1;3353;3334.9;3338
2025-06-24 04:00:00;3357.7;3357.8;3348.41992;3349.050049
2025-06-24 03:00:00;3351.93994;3362;3351.62012;3352.56006
2025-06-24 02:00:00;3347.83008;3352.94995;3347;3351.95996
2025-06-24 01:00:00;3352.10010;3357.4;3343.44995;3347.87988
2025-06-24 00:00:00;3344.51001;3355.030029;3333.35010;3351.090088
2025-06-23 23:00:00;3355.35;3357.33;3341.55005;3344.47998
2025-06-23 22:00:00;3366.98;3369.55;3350.43994;3355.33
2025-06-23 21:00:00;3370.9;3383.3;3365.1;3380.4
2025-06-23 20:00:00;3378.6;3378.6;3368.13989;3369.10010
2025-06-23 19:00:00;3378.66992;3383.1;3375.81006;3378.6
2025-06-23 18:00:00;3384.2;3388.3;3377;3378.54004
2025-06-23 17:00:00;3390.060059;3393.9;3380.9;3384.5
2025-06-23 16:00:00;3390.2;3396.7;3385.36011;3389.87988
2025-06-23 15:00:00;3390.5;3394.7;3386.050049;3387.11
2025-06-23 14:00:00;3380.96997;3391.3;3371.78003;3390.9
2025-06-23 13:00:00;3360.14990;3391.8;3360.050049;3388.9
2025-06-23 12:00:00;3381.050049;3381.050049;3356.060059;3360.57007
2025-06-23 11:00:00;3367.96997;3382.010010;3367.96997;3380.68994
2025-06-23 10:00:00;3366.80005;3368.22998;3364.050049;3367.85010
2025-06-23 09:00:00;3361.95996;3369.080078;3361.70996;3366.62988
2025-06-23 08:00:00;3357.89990;3362.33008;3357.89990;3361.78
2025-06-23 07:00:00;3357.45;3358.82007;3351.82007;3357.64990
2025-06-23 06:00:00;3356.95;3359.81;3352.62;3357.62
2025-06-23 05:00:00;3358.9;3364;3347.02;3356.78
2025-06-23 04:00:00;3363.31;3365.12012;3356.68;3358.45
2025-06-23 03:00:00;3361.57007;3373.3;3360.35;3363.29
2025-06-23 02:00:00;3355.16;3364.8;3354.89;3361.37
2025-06-23 01:00:00;3366.01;3367.99;3352;3355.26
2025-06-23 00:00:00;3372.89;3373.51;3358.92;3365.6
2025-06-22 23:00:00;3378.89;3380.18;3371.7;3372.81006
2025-06-22 22:00:00;3407.77;3407.77;3373;3378.96
2025-06-22 21:00:00;3412.9;3419.5;3407.6;3418.5
2025-06-22 20:00:00;3419.1;3427.2;3408.5;3413.8
2025-06-22 19:00:00;3420.7;3423.6;3418;3419.6
2025-06-22 18:00:00;3418.9;3425.1;3417.1;3420.5
2025-06-22 17:00:00;3418.6;3422.5;3412;3418.5
2025-06-22 16:00:00;3427.9;3432;3415.1;3418
2025-06-22 15:00:00;3426.6;3434.2;3420.4;3428
2025-06-22 14:00:00;3409.5;3426.8;3406.3;3426
2025-06-21 13:00:00;3379.7;3381.3;3379.7;3380.3
2025-06-21 12:00:00;3377.5;3378.4;3377.5;3378.2
2025-06-21 11:00:00;3376.6;3377.4;3376.6;3377.4
2025-06-21 10:00:00;3380.5;3381;3376.2;3376.4
2025-06-21 09:00:00;3378.9;3380.2;3377.6;3380.1
2025-06-21 08:00:00;3378.7;3379;3377.4;3379
2025-06-21 07:00:00;3378.8;3380.1;3378.8;3380.1
2025-06-21 06:00:00;3379.4;3380.8;3377.5;3378.8
2025-06-21 05:00:00;3379.4;3379.4;3375.9;3378.8
2025-06-21 04:00:00;3375.8;3378.6;3374.8;3378.6
2025-06-21 03:00:00;3376.7;3376.7;3373.2;3375
2025-06-21 02:00:00;3378.6;3379.2;3378.6;3379.2
2025-06-21 01:00:00;3379.6;3379.6;3379.6;3379.6
2025-06-21 00:00:00;3378.9;3378.9;3374.7;3378.2
2025-06-20 23:00:00;3377;3379.9;3375.4;3379
2025-06-20 22:00:00;3381;3381;3374.7;3377.2
2025-06-20 21:00:00;3373.4;3381.9;3373.4;3380.9
2025-06-20 20:00:00;3366.39990;3373.9;3364.79004;3368.76
2025-06-20 19:00:00;3366.78003;3374.4;3364.9;3365.41992
2025-06-20 18:00:00;3367.85010;3371.6;3364.68994;3366.59009
2025-06-20 17:00:00;3370.55005;3376;3366.64990;3367.43994
2025-06-20 16:00:00;3370.09;3379.3;3369.070068;3371.64
2025-06-20 15:00:00;3376.6;3377.4;3366.010010;3369.68
2025-06-20 14:00:00;3370.58008;3378.9;3366.32007;3375.2
2025-06-20 13:00:00;3344.70996;3371.3;3343.14990;3370.17
2025-06-20 12:00:00;3347.14;3350.58;3342.22;3344.58008
2025-06-20 11:00:00;3355.35;3356.080078;3346.96;3346.96
2025-06-20 10:00:00;3355.36;3357.83;3354.92;3355.29
2025-06-20 09:00:00;3350.7;3359.2;3349.26;3355.13
2025-06-20 08:00:00;3347.45;3352.46997;3346.69;3350.93
2025-06-20 07:00:00;3345.25;3355.22;3343.37;3347.62
2025-06-20 06:00:00;3344.32;3348.8;3340.32;3345.43
2025-06-20 05:00:00;3354.23;3354.98;3342.65;3344.7
2025-06-20 04:00:00;3355.35;3357.59;3352.51;3354.23
2025-06-20 03:00:00;3352.47;3355.94;3345;3355.94
2025-06-20 02:00:00;3356.27;3360.55;3351.81;3352.44
2025-06-20 01:00:00;3367.7;3368.23;3356;3356.3
2025-06-20 00:00:00;3368.43;3370.27;3364.7;3368.03
2025-06-19 23:00:00;3365.87;3370.36;3363.6;3368.49
2025-06-19 22:00:00;3368.76;3370.09;3361.89;3365.72998
2025-06-19 21:00:00;3381.3;3381.3;3378;3379.2
2025-06-19 20:00:00;3381.8;3381.8;3380.9;3381.2
2025-06-19 19:00:00;3378.9;3383.1;3378.9;3381.9
2025-06-19 18:00:00;3368.25;3378.2;3366.88989;3378.2
2025-06-19 17:00:00;3377.7;3380.3;3366.12012;3368.39990
2025-06-19 16:00:00;3376.3;3377.8;3366.20996;3371.27002
2025-06-19 15:00:00;3364.70996;3378;3362.94995;3376.9
2025-06-19 14:00:00;3369.55005;3370.96997;3361.77002;3364.70996
2025-06-19 13:00:00;3367.47;3373.12988;3361.63989;3369.56006
2025-06-19 12:00:00;3367.52;3372.6;3366.030029;3367.83
2025-06-19 11:00:00;3379.8;3379.8;3370.41;3371.55
2025-06-19 10:00:00;3370.32;3379.6;3369.07;3379.6
2025-06-19 09:00:00;3368.81006;3376.7;3363.77002;3370.18
2025-06-19 08:00:00;3370.1;3374.6;3362.42993;3374.2
2025-06-19 07:00:00;3357.48999;3369.16992;3354.59009;3366.030029
2025-06-19 06:00:00;3367.9;3367.9;3347.72998;3356.46
2025-06-19 05:00:00;3374.57007;3376.7;3365.2;3367.1
2025-06-19 04:00:00;3377;3377.3;3372.34009;3374.58008
2025-06-19 03:00:00;3376.81006;3378.8;3369.77002;3373.76001
2025-06-19 02:00:00;3374.48999;3382.4;3374.29004;3376.79004
2025-06-19 01:00:00;3382.4;3389.2;3377.39;3379.77002
2025-06-19 00:00:00;3374.92;3383.38;3374.71;3379.59009
2025-06-18 23:00:00;3375.09;3376.93;3370.69;3375.01
2025-06-18 22:00:00;3369.62;3379.71;3369.62;3375.14
2025-06-18 21:00:00;3371.9;3378.9;3371.8;3375.9
2025-06-18 20:00:00;3366.57007;3372.6;3362.68994;3372.1
2025-06-18 19:00:00;3378.87988;3378.94995;3363.14990;3366.75
2025-06-18 18:00:00;3384.62;3395.5;3378.53003;3379.21997
2025-06-18 17:00:00;3391.03;3391.18994;3384.36;3385.19
2025-06-18 16:00:00;3392.66;3394.68994;3389.9;3390.91
2025-06-18 15:00:00;3387.18;3392.77;3381.31;3392.64
2025-06-18 14:00:00;3392.11;3392.24;3373.75;3387.030029
2025-06-18 13:00:00;3386.61011;3396.62;3385.95996;3392.39990
2025-06-18 12:00:00;3381.89;3389.71;3381.63;3386.65991
2025-06-18 11:00:00;3380.17;3386.97;3378.94;3382
2025-06-18 10:00:00;3378.07;3382.4;3375.86;3380.11
2025-06-18 09:00:00;3383.57;3385.62012;3375.45;3378.06
2025-06-18 08:00:00;3385.3;3388.31;3382.57;3383.49
2025-06-18 07:00:00;3382.25;3386;3377.01;3385.83
2025-06-18 06:00:00;3386.24;3388;3379.53;3382.43
2025-06-18 05:00:00;3395.21;3395.56;3384.16;3386.42
2025-06-18 04:00:00;3391;3399.98;3389.38;3395.05
2025-06-18 03:00:00;3379.6;3391.37;3379.57;3390.87
2025-06-18 02:00:00;3378.56;3379.82007;3370.69;3379.57007
2025-06-18 01:00:00;3386.04;3388.57;3378.63;3378.88
2025-06-18 00:00:00;3386.71997;3388.74;3383.01;3385.66
2025-06-17 23:00:00;3389.08;3390.39990;3384.92;3387.3
2025-06-17 22:00:00;3387;3396.36011;3387;3388.7
2025-06-17 21:00:00;3388.7;3398.4;3388.7;3396.2
2025-06-17 20:00:00;3385.66;3391.1;3383.49;3387.3
2025-06-17 19:00:00;3383.10010;3386.24;3382.38;3385.6
2025-06-17 18:00:00;3390.58;3392.44;3382.38;3382.69
2025-06-17 17:00:00;3382.81;3391.14;3381.56006;3390.28
2025-06-17 16:00:00;3379.3;3385.84;3376.61;3382.87988
2025-06-17 15:00:00;3384.91;3388.22;3372.78;3379.28
2025-06-17 14:00:00;3390.46;3391.77002;3366.09;3384.96
2025-06-17 13:00:00;3386.39;3398.6;3386.040039;3390.46
2025-06-17 12:00:00;3388.32;3391.17;3383.49;3386.71
2025-06-17 11:00:00;3398.48;3399.92;3388.21;3388.51
2025-06-17 10:00:00;3385.64;3398.63989;3385.29;3398.06
2025-06-17 09:00:00;3378.54;3385.83;3375.83;3385.56
2025-06-17 08:00:00;3387.5;3388.49;3378;3379.13
2025-06-17 07:00:00;3385.15;3391.56;3383.1;3387.7
2025-06-17 06:00:00;3392.43;3392.43;3381.03;3385.51
2025-06-17 05:00:00;3393.95;3395.4;3390.63;3392.57
2025-06-17 04:00:00;3387.61011;3396.07;3386.98;3393.99
2025-06-17 03:00:00;3389.92;3392.5;3373.94;3386.95
2025-06-17 02:00:00;3393.69;3400.31;3388.80005;3390.18994
2025-06-17 01:00:00;3394.81006;3402.4;3393.29;3393.61
2025-06-17 00:00:00;3402.83;3403.21;3391.73;3394.46
2025-06-16 23:00:00;3395.42;3402.94995;3393.06;3402.89990
2025-06-16 22:00:00;3384.49;3398.4;3384.49;3395.48
2025-06-16 21:00:00;3384.6;3393.8;3384.3;3393.8
2025-06-16 20:00:00;3384.04;3386;3383;3383.53
2025-06-16 19:00:00;3385;3388.48;3383;3384
2025-06-16 18:00:00;3392.64;3393.91;3383.9;3385.55
2025-06-16 17:00:00;3399.51001;3400.18;3391.03;3392.6
2025-06-16 16:00:00;3404.57;3404.78;3397.35;3399.38
2025-06-16 15:00:00;3397.32;3405.42;3397.32;3404.51
2025-06-16 14:00:00;3388.12988;3399.25;3387.5;3396.94
2025-06-16 13:00:00;3415.57;3417.98999;3383.78;3387.56006
2025-06-16 12:00:00;3415.57;3417.79004;3411;3415.55
2025-06-16 11:00:00;3421.23;3422.51;3410.9;3415.18994
2025-06-16 10:00:00;3412.35;3421.25;3410.9;3421.06
2025-06-16 09:00:00;3413.94995;3419.46;3411.95;3412.03
2025-06-16 08:00:00;3412.66;3420.9;3409.73;3413.95996
2025-06-16 07:00:00;3417.84009;3419.63;3409.52;3412.52
2025-06-16 06:00:00;3421.34;3421.34;3413;3418.26
2025-06-16 05:00:00;3427.62;3430.5;3417.85;3421.52
2025-06-16 04:00:00;3431.54;3434.7;3426.85;3427.43
2025-06-16 03:00:00;3437.92;3439.54;3429.3;3431.45
2025-06-16 02:00:00;3441.52002;3452.5;3437.87;3438.29
2025-06-16 01:00:00;3436.37012;3443.1;3433.32007;3441.45
2025-06-16 00:00:00;3444.48;3451.18;3434.24;3436.8
2025-06-15 23:00:00;3448.59;3455.7;3439.43;3444.09
2025-06-15 22:00:00;3446;3450.97;3434;3448.33
2025-06-15 14:00:00;3453.7;3458.1;3453.6;3457.7
2025-06-14 13:00:00;3432.4;3438.6;3432.3;3438.1
2025-06-14 12:00:00;3436.6;3436.6;3432.1;3432.1
2025-06-14 11:00:00;3438.2;3438.8;3437.4;3437.4
2025-06-14 10:00:00;3437.1;3438.5;3435.1;3437.7
2025-06-14 09:00:00;3435.4;3437.9;3430;3437.4
2025-06-14 08:00:00;3432.4;3435;3431.4;3434.7
2025-06-14 07:00:00;3434.8;3435.6;3431.1;3432.4
2025-06-14 06:00:00;3430.1;3433;3430;3433
2025-06-14 05:00:00;3433.9;3434.5;3432.2;3432.2
2025-06-14 04:00:00;3433.9;3435.4;3433.9;3435.1
2025-06-14 03:00:00;3434.7;3435.3;3433.6;3433.6
2025-06-14 02:00:00;3436.6;3438.8;3434;3435.1
2025-06-14 01:00:00;3435.9;3437.9;3434.2;3435.9
2025-06-14 00:00:00;3437.6;3438.5;3435.4;3436.4
2025-06-13 23:00:00;3436.1;3440.4;3435.5;3437.7
2025-06-13 22:00:00;3439.7;3447.7;3434.8;3436.3
2025-06-13 21:00:00;3436.2;3439.7;3434.7;3439.7
2025-06-13 20:00:00;3432.48;3434.64;3428.96;3432.19
2025-06-13 19:00:00;3436.91992;3438.04;3431.69;3432.27
2025-06-13 18:00:00;3430.84;3439.39;3428.71;3436.57
2025-06-13 17:00:00;3430.29;3433.44;3427.45;3430.35
2025-06-13 16:00:00;3426.55;3431.07;3419.22;3430.09
2025-06-13 15:00:00;3427.77;3430.19;3421;3426.23
2025-06-13 14:00:00;3437.11011;3439.82;3423.96997;3427.84
2025-06-13 13:00:00;3436.27;3446.58;3433.94;3436.87
2025-06-13 12:00:00;3422.34;3438.01;3421.96;3436.74
2025-06-13 11:00:00;3415.99;3422.88;3412.44;3422.13
2025-06-13 10:00:00;3424.21;3427.5;3411.6;3415.75
2025-06-13 09:00:00;3424.28;3427.16;3420.04;3424.19
2025-06-13 08:00:00;3415.010010;3426;3414.25;3424.41992
2025-06-13 07:00:00;3416.87;3418.84;3408.11011;3414.86
2025-06-13 06:00:00;3426.16;3429.3;3408.28;3416.13
2025-06-13 05:00:00;3425.21;3429.6;3418.20996;3426.12
2025-06-13 04:00:00;3425.57;3430.35010;3423;3425.25
2025-06-13 03:00:00;3441.18;3444.21;3423.88989;3426.86
2025-06-13 02:00:00;3427.34;3444.05;3424.91;3441.17
2025-06-13 01:00:00;3417.080078;3433.18;3413.8;3427.58
2025-06-13 00:00:00;3396.15;3420.010010;3391.67;3416.37
2025-06-12 23:00:00;3383.58;3396.27;3382.64;3395.77
2025-06-12 22:00:00;3386;3386.33;3379.82;3383.43
2025-06-12 21:00:00;3382;3388.4;3381.3;3385.2
2025-06-12 20:00:00;3388.51;3388.9;3381.9;3381.9
2025-06-12 19:00:00;3385.67;3389.3;3384.75;3388.27
2025-06-12 18:00:00;3382.5;3386.18;3381.81;3385.84
2025-06-12 17:00:00;3384.19995;3384.93;3378.04;3382.54
2025-06-12 16:00:00;3385.90991;3391.12;3381;3383.7
2025-06-12 15:00:00;3383.72;3390.24;3377.82;3385.83008
2025-06-12 14:00:00;3391.88;3392.69;3383.28003;3383.93994
2025-06-12 13:00:00;3388.18;3398.78;3379.49;3392.03
2025-06-12 12:00:00;3379.19;3390.21;3376.37;3388.18
2025-06-12 11:00:00;3382.61;3388.53;3373.09;3379.2
2025-06-12 10:00:00;3365.37;3385.76;3362.43;3382.49
2025-06-12 09:00:00;3356.34;3367.86;3355.39;3365.29
2025-06-12 08:00:00;3346.55;3361.16992;3346.55;3356.73
2025-06-12 07:00:00;3374.63;3375.15;3338.68;3346.03
2025-06-12 06:00:00;3374.35;3375.45;3365.2;3374.75
2025-06-12 05:00:00;3369.75;3375.72;3368;3374.4
2025-06-12 04:00:00;3373.52;3373.72;3368.7;3370.3
2025-06-12 03:00:00;3374.55;3376.58;3368.5;3370.2
2025-06-12 02:00:00;3370.94;3377.78;3368.94;3374.62
2025-06-12 01:00:00;3365.81;3376.65;3362.53;3370.98
2025-06-12 00:00:00;3365.72;3371.34009;3362.33;3365.71
2025-06-11 23:00:00;3368.81;3373.24;3357.65;3365.42
2025-06-11 22:00:00;3356.04;3369.7;3356;3368.82
2025-06-11 21:00:00;3352.3;3357.2;3350.4;3353.9
2025-06-11 20:00:00;3346.97;3355.32;3346.5;3352.3
2025-06-11 19:00:00;3344.41;3349.06;3342.26;3346.61
2025-06-11 18:00:00;3324.36;3347.03;3323.74;3343.93994
2025-06-11 17:00:00;3330.13;3331.13;3319.87012;3324.16
2025-06-11 16:00:00;3333.1;3334.5;3328.15;3330.12
2025-06-11 15:00:00;3337.47;3342.61;3329.58;3333.17993
2025-06-11 14:00:00;3329.17;3341.09;3328.5;3337.42
2025-06-11 13:00:00;3336.67;3344.4;3328.06;3329.68
2025-06-11 12:00:00;3333.17;3360.6;3327.56006;3336.61
2025-06-11 11:00:00;3329.8;3335.12;3326.12;3333.06
2025-06-11 10:00:00;3333.8;3336.67;3328.76;3329.78
2025-06-11 09:00:00;3344.21;3344.5;3332;3333.64
2025-06-11 08:00:00;3345.16;3346.61;3342.6;3344.39
2025-06-11 07:00:00;3337.22;3348.56006;3335.42;3345.61
2025-06-11 06:00:00;3339.64;3340.18;3332.42;3337.06
2025-06-11 05:00:00;3341.79;3343.12;3335.51;3339.7
2025-06-11 04:00:00;3339.33;3342.9;3337.020020;3341.8
2025-06-11 03:00:00;3338.32;3341.52;3336.55005;3339.16
2025-06-11 02:00:00;3328.39;3339.49;3327.27002;3338.19
2025-06-11 01:00:00;3332.36;3337.52002;3327.71997;3328.66
2025-06-11 00:00:00;3328.05;3335.14;3325.28003;3332.39
2025-06-10 23:00:00;3324.59009;3328.05;3315.45;3327.9
2025-06-10 22:00:00;3323.39;3327.47998;3320.83;3324.4
2025-06-10 21:00:00;3321.7;3322.6;3319.5;3322.1
2025-06-10 20:00:00;3328.71;3328.71;3321.4;3323.47
2025-06-10 19:00:00;3321.49;3334.55005;3321.33;3328.76001
2025-06-10 18:00:00;3324.65;3325.34;3319.39;3321.47
2025-06-10 17:00:00;3321.21;3325.76;3320.4;3324.73
2025-06-10 16:00:00;3326.47;3327.6;3320.05;3321
2025-06-10 15:00:00;3328.38;3329.34009;3323.09;3326.52
2025-06-10 14:00:00;3343.69995;3343.76001;3325.41;3328.40991
2025-06-10 13:00:00;3336.98;3348.99;3335.6;3343.68994
2025-06-10 12:00:00;3333.77002;3340.17993;3328.48;3337.12
2025-06-10 11:00:00;3335.28;3342.66;3332.39;3333.6
2025-06-10 10:00:00;3329.8;3336.11;3328.28;3335.25
2025-06-10 09:00:00;3329.13;3331.72;3327.02;3329.62
2025-06-10 08:00:00;3330.08;3334.62;3326.05;3329.21
2025-06-10 07:00:00;3325.45;3331.93;3324;3329.98
2025-06-10 06:00:00;3317.95;3331.02;3315.53;3325.55
2025-06-10 05:00:00;3307.26;3321.5;3306.77;3317.69
2025-06-10 04:00:00;3307.54;3308.67;3302.92;3307.26
2025-06-10 03:00:00;3309.21;3310.41;3305.1;3307.75
2025-06-10 02:00:00;3306.09;3311.3;3302.09;3309.44995
2025-06-10 01:00:00;3316.71997;3319.91;3302.92;3306.22
2025-06-10 00:00:00;3326.73999;3326.73999;3314.63;3316.61
2025-06-09 23:00:00;3323.56;3327.84009;3323.56;3326.85010
2025-06-09 22:00:00;3325.97;3327.07;3321.56;3323.48
2025-06-09 21:00:00;3327.2;3329.9;3324.4;3326.3
2025-06-09 20:00:00;3326.92;3329.55005;3325;3327.6
2025-06-09 19:00:00;3333.18994;3335.28;3326;3327.28
2025-06-09 18:00:00;3333.59009;3337.020020;3332.63;3333.02
2025-06-09 17:00:00;3338.13989;3338.20996;3333.040039;3333.63989
2025-06-09 16:00:00;3328.77002;3337.92993;3327.69995;3337.75
2025-06-09 15:00:00;3321.010010;3332.12012;3320.56006;3328.76001
2025-06-09 14:00:00;3319.62988;3330;3315.98;3320.88989
2025-06-09 13:00:00;3320.28;3321.79004;3310.9;3319.31006
2025-06-09 12:00:00;3317.44;3322.37;3312.89;3319.96
2025-06-09 11:00:00;3314.75;3321.40991;3313.58;3317.35
2025-06-09 10:00:00;3318.45;3319.61;3312.24;3314.82007
2025-06-09 09:00:00;3319.91992;3325.5;3316.68;3318.61
2025-06-09 08:00:00;3324.32;3332.4;3320;3320
2025-06-09 07:00:00;3323.95;3330.4;3321.51;3324.08
2025-06-09 06:00:00;3314.8;3324.8;3312.54004;3324.3
2025-06-09 05:00:00;3311.92;3316.61;3309.6;3314.67
2025-06-09 04:00:00;3310.87;3313.47;3309.28;3311.73
2025-06-09 03:00:00;3305.87;3311.96997;3304.28;3310.87012
2025-06-09 02:00:00;3295.58;3307.49;3293.58;3305.45
2025-06-09 01:00:00;3305.90991;3313.6;3295.11;3295.84
2025-06-09 00:00:00;3318.19;3318.67;3298.35;3305.42
2025-06-08 23:00:00;3314.64;3318.53;3313.38;3318.01
2025-06-08 22:00:00;3315;3321.23999;3309.22;3314.86
2025-06-08 19:00:00;3321.5;3321.5;3319.1;3319.1
2025-06-08 18:00:00;3315.8;3321.6;3315.8;3321.4
2025-06-08 17:00:00;3316.5;3316.5;3315.6;3315.8
2025-06-08 16:00:00;3316.8;3318.8;3316.7;3316.8
2025-06-08 15:00:00;3319;3321.1;3315.3;3316.8
2025-06-08 14:00:00;3316;3319.8;3316;3319
2025-06-07 13:00:00;3318.3;3318.3;3317.9;3317.9
2025-06-07 12:00:00;3320.8;3320.8;3318.1;3318.4
2025-06-07 11:00:00;3321.2;3322.2;3320.8;3320.8
2025-06-07 10:00:00;3323;3324.7;3321.5;3321.5
2025-06-07 09:00:00;3323.4;3323.4;3322;3323
2025-06-07 08:00:00;3323.5;3323.7;3320.2;3323.4
2025-06-07 07:00:00;3320;3323.5;3320;3323.5
2025-06-07 06:00:00;3319.5;3319.9;3318.2;3319.9
2025-06-07 05:00:00;3316.9;3319.3;3316.1;3319.3
2025-06-07 04:00:00;3317.7;3317.7;3316.2;3316.7
2025-06-07 03:00:00;3319.7;3320.3;3317.3;3317.7
2025-06-07 02:00:00;3318.3;3319.9;3316.2;3319.7
2025-06-07 01:00:00;3319.6;3319.6;3318.3;3318.3
2025-06-07 00:00:00;3317.5;3319.6;3317.5;3319.6
2025-06-06 23:00:00;3318.9;3320.6;3318;3318
2025-06-06 22:00:00;3317.3;3318.4;3315.2;3317.5
2025-06-06 21:00:00;3318.1;3320.3;3317.1;3317.7
2025-06-06 20:00:00;3312.68994;3319;3307.1;3310.1
2025-06-06 19:00:00;3317.47;3320.6;3311.21;3312.26
2025-06-06 18:00:00;3323.87;3323.87;3313.83008;3317.38
2025-06-06 17:00:00;3322.9;3326.7;3321.41;3323.5
2025-06-06 16:00:00;3332.06;3332.54;3320.9;3322.59
2025-06-06 15:00:00;3325.79;3336.66;3323.43;3332.07
2025-06-06 14:00:00;3342.23;3344.62;3316.37;3326.1
2025-06-06 13:00:00;3353.22;3360.78;3342.57;3342.86
2025-06-06 12:00:00;3358.03;3363.63;3343.4;3353.22
2025-06-06 11:00:00;3360.7;3364.15;3358.15;3358.28
2025-06-06 10:00:00;3357.16;3360.75;3355.82;3360.52
2025-06-06 09:00:00;3365.23;3365.23;3352.92;3356.6
2025-06-06 08:00:00;3359.84;3367.66;3358.51;3365.25
2025-06-06 07:00:00;3360.72;3362.28;3353;3359.4
2025-06-06 06:00:00;3366.28;3366.87;3356;3360.77
2025-06-06 05:00:00;3373.67;3375.45;3362.21;3366
2025-06-06 04:00:00;3369.86;3374.51;3369.06;3373.66
2025-06-06 03:00:00;3363.97;3371.89990;3359.42;3369.88989
2025-06-06 02:00:00;3363.86;3367.1;3362.11;3363.9
2025-06-06 01:00:00;3359.48999;3368.53;3356.26001;3363.81
2025-06-06 00:00:00;3361.53;3366.7;3357.63989;3359.36
2025-06-05 23:00:00;3359.010010;3362.58;3357.28;3361.89
2025-06-05 22:00:00;3353.91;3363.57007;3352.88;3359.07
2025-06-05 21:00:00;3353.1;3358.8;3352.2;3357.8
2025-06-05 20:00:00;3357.62;3357.62;3351.86;3353
2025-06-05 19:00:00;3353.57;3361.22;3352.83;3357.25
2025-06-05 18:00:00;3353.94;3355.96;3350.56;3353.49
2025-06-05 17:00:00;3354.41992;3354.81006;3348.84;3353.97998
2025-06-05 16:00:00;3344.23;3356.48999;3340.04;3353.9
2025-06-05 15:00:00;3367.71997;3373.01;3339.5;3344.65
2025-06-05 14:00:00;3377.52;3383.05;3364;3367.64
2025-06-05 13:00:00;3383.21;3388.18;3371.14;3378
2025-06-05 12:00:00;3392.43;3399.89;3377.76;3382.8
2025-06-05 11:00:00;3399.49;3403.33;3391.65;3392.19
2025-06-05 10:00:00;3389.36;3400.41;3388.23;3399.87
2025-06-05 09:00:00;3375.29004;3391.16;3374;3389.61
2025-06-05 08:00:00;3371.33;3376.75;3369.67;3375.16
2025-06-05 07:00:00;3365.57;3374.33;3365.25;3371.13
2025-06-05 06:00:00;3364.35;3369.91;3363.85;3366
2025-06-05 05:00:00;3368.47;3372.4;3361.21;3364.47998
2025-06-05 04:00:00;3369.73;3373.6;3364.08;3368.52002
2025-06-05 03:00:00;3370.89;3377.4;3369.37988;3369.82007
2025-06-05 02:00:00;3373.66992;3374.95;3368.28;3370.97998
2025-06-05 01:00:00;3380.19;3384.11011;3370.82007;3373.79
2025-06-05 00:00:00;3378.46;3381.75;3372.69995;3380.29
2025-06-04 23:00:00;3373.57;3379.17993;3372.4;3377.79
2025-06-04 22:00:00;3372.03;3377.5;3372.03;3373.5
2025-06-04 21:00:00;3376.5;3378.6;3376.3;3377.7
2025-06-04 20:00:00;3373.79;3377.4;3370.72;3372.34
2025-06-04 19:00:00;3376.05;3376.17;3371.88;3373.63989
2025-06-04 18:00:00;3379.1;3381.98;3374.92;3376.04
2025-06-04 17:00:00;3374.81;3380.67;3373.05;3379.03
2025-06-04 16:00:00;3371.57;3376.2;3370.77;3374.93
2025-06-04 15:00:00;3377.5;3378.79;3370;3371.58
2025-06-04 14:00:00;3353.25;3384.66;3351.02;3377.29
2025-06-04 13:00:00;3359.15;3362.29;3351;3352.47
2025-06-04 12:00:00;3346.24;3360.66;3344.3;3358.82
2025-06-04 11:00:00;3350.81;3351.85;3343.75;3346.43
2025-06-04 10:00:00;3362.51;3363.77;3347.38;3350.84
2025-06-04 09:00:00;3362.79;3365;3359.31;3363
2025-06-04 08:00:00;3353.88;3364.13;3351.68;3362.67
2025-06-04 07:00:00;3355.71;3365.18;3353.8;3354.53
2025-06-04 06:00:00;3351.010010;3359.7;3349.04;3355.74
2025-06-04 05:00:00;3354.85;3356.5;3347.92;3351.06
2025-06-04 04:00:00;3359.21;3362.5;3352.39;3356.8
2025-06-04 03:00:00;3365.37;3367.36;3358.18;3359.20996
2025-06-04 02:00:00;3370.87988;3373.2;3363;3365.54004
2025-06-04 01:00:00;3350.1;3372.30005;3346.43;3370.58
2025-06-04 00:00:00;3360;3360.14;3349.94;3350.28
2025-06-03 23:00:00;3356.89;3361.39;3355.41992;3359.95
2025-06-03 22:00:00;3353.83;3358.45;3353.72;3357.01
2025-06-03 21:00:00;3354.3;3358.4;3353.9;3356.7
2025-06-03 20:00:00;3352.62;3355.16;3352.5;3354.3
2025-06-03 19:00:00;3353.5;3355.46997;3351.2;3352.49
2025-06-03 18:00:00;3353.09;3353.71;3350.35;3353.57007
2025-06-03 17:00:00;3348.32;3354.45;3347.27;3353.05
2025-06-03 16:00:00;3350.46997;3353.46;3344.55;3348.36
2025-06-03 15:00:00;3346.3;3353;3344.18994;3350.32007
2025-06-03 14:00:00;3345.26;3350.8;3333.38;3346.62012
2025-06-03 13:00:00;3359.11;3362.92;3341;3345.3
2025-06-03 12:00:00;3359.14;3363;3349.26;3359.28
2025-06-03 11:00:00;3355.52;3360.5;3353.47;3359.23
2025-06-03 10:00:00;3356.88;3358.56;3355;3355.43
2025-06-03 09:00:00;3360.94;3362.62;3355;3356.79
2025-06-03 08:00:00;3359.68;3364.69;3359.68;3361.19
2025-06-03 07:00:00;3358.57;3361.13;3352.46;3359.56
2025-06-03 06:00:00;3364.95;3367.28;3351.3;3358.81
2025-06-03 05:00:00;3362.69;3367.72;3356.46;3364.95
2025-06-03 04:00:00;3361.14;3365.12;3359.19;3362.66
2025-06-03 03:00:00;3368.42;3369.48;3360;3362.1
2025-06-03 02:00:00;3372.65;3377.94;3364.3;3368.73
2025-06-03 01:00:00;3375.62;3375.76;3363.5;3372.68
2025-06-03 00:00:00;3386.82;3388.6;3374;3375.84
2025-06-02 23:00:00;3390.02;3392.07;3383.17;3387.4
2025-06-02 22:00:00;3382.69;3391.24;3382.03;3389.93
2025-06-02 21:00:00;3381.01;3382.8;3377.4;3380.3
2025-06-02 20:00:00;3380.6;3382.66;3377;3381.02
2025-06-02 19:00:00;3378.4;3382.3;3377.6;3380.6
2025-06-02 18:00:00;3375.3;3379.93;3371.57;3379
2025-06-02 17:00:00;3373.69;3377.2;3373.16;3373.35
2025-06-02 16:00:00;3375.2;3379.3;3369.26;3369.49
2025-06-02 15:00:00;3376.8;3378.9;3372.1;3374.6
2025-06-02 14:00:00;3373.6;3379.8;3370.4;3377.5
2025-06-02 13:00:00;3355.35;3376.2;3350.39;3371.8
2025-06-02 12:00:00;3356.2;3363.42;3353.97;3355.32
2025-06-02 11:00:00;3348.46;3360.3;3346.04;3356.2
2025-06-02 10:00:00;3348.41;3351.25;3345.86;3348.59
2025-06-02 09:00:00;3352.07;3352.31;3344.54;3348.26
2025-06-02 08:00:00;3352.65;3356.32;3350;3352
2025-06-02 07:00:00;3344.35;3358.75;3343.12;3352.57
2025-06-02 06:00:00;3323.81;3345.23;3323.81;3344.38
2025-06-02 05:00:00;3313.83;3325.52;3313.83;3323.65
2025-06-02 04:00:00;3308.71;3318.08;3308.71;3313.77
2025-06-02 03:00:00;3307.03;3311.2;3303.38;3311.2
2025-06-02 02:00:00;3303.29;3311.49;3303.29;3307.28
2025-06-02 01:00:00;3311.59;3313.69;3301.5;3303.52
2025-06-02 00:00:00;3309.72;3316.4;3303.21;3311.26
2025-06-01 23:00:00;3312.84;3316.6;3309.13;3310.13
2025-06-01 22:00:00;3296.6;3314.85;3295.29;3313.03
2025-06-01 16:00:00;3297.5;3298.5;3295.5;3295.5
2025-06-01 15:00:00;3296.3;3297.8;3296.3;3297.8
2025-06-01 14:00:00;3297.1;3297.1;3295.7;3296.2
2025-05-31 13:00:00;3293;3293;3291.7;3291.8
2025-05-31 12:00:00;3292.6;3295.6;3292.6;3293.1
2025-05-31 11:00:00;3292.8;3294.5;3291.8;3292.5
2025-05-31 10:00:00;3294.1;3294.3;3292.8;3292.8
2025-05-31 09:00:00;3296.3;3296.3;3294.1;3294.2
2025-05-31 08:00:00;3295.5;3297.3;3295.5;3296.4
2025-05-31 07:00:00;3296.3;3296.7;3294.7;3295.1
2025-05-31 06:00:00;3297.3;3297.3;3296.7;3296.7
2025-05-31 05:00:00;3298.5;3299;3296.6;3297.2
2025-05-31 04:00:00;3297.2;3299.1;3297.1;3298.3
2025-05-31 03:00:00;3296.9;3299.3;3296.1;3297.7
2025-05-31 02:00:00;3292.4;3299.7;3292;3296.8
2025-05-31 01:00:00;3295.8;3297.8;3292.3;3292.6
2025-05-31 00:00:00;3295.6;3297.6;3291.6;3294.9
2025-05-30 23:00:00;3295;3297.4;3291.5;3295.4
2025-05-30 22:00:00;3297.9;3301.1;3294.2;3294.8
2025-05-30 21:00:00;3295.8;3300.2;3295.8;3297.8
2025-05-30 20:00:00;3296.1;3297;3288.52;3288.52
2025-05-30 19:00:00;3299.4;3299.4;3293.12;3297.8
2025-05-30 18:00:00;3291.63;3299.1;3291.12;3293.78
2025-05-30 17:00:00;3292.92;3299.1;3290.12;3291
2025-05-30 16:00:00;3295.7;3299.8;3284.72;3287
2025-05-30 15:00:00;3282.52;3299.2;3282.18;3295.6
2025-05-30 14:00:00;3287.2;3298.2;3277.61;3282.62
2025-05-30 13:00:00;3312.5;3313;3286.6;3287.2
2025-05-30 12:00:00;3299.3;3312.7;3293.6;3310.9
2025-05-30 11:00:00;3303.2;3309;3288.54;3293.1
2025-05-30 10:00:00;3295.48;3317.9;3294.12;3303.3
2025-05-30 09:00:00;3299.5;3302.6;3295.02;3295.55
2025-05-30 08:00:00;3295.92;3303.9;3294.44;3294.73
2025-05-30 07:00:00;3301.59;3302.1;3293.14;3296.07
2025-05-30 06:00:00;3307.8;3309.8;3294.58;3301.65
2025-05-30 05:00:00;3300.1;3308.8;3294.9;3307.8
2025-05-30 04:00:00;3298.4;3299.2;3295.5;3298.1
2025-05-30 03:00:00;3301;3305.6;3295.3;3297.6
2025-05-30 02:00:00;3307.93;3310.6;3300.5;3301.1
2025-05-30 01:00:00;3313.9;3323.8;3309;3310.27
2025-05-30 00:00:00;3315.69;3318.35;3310.5;3311.7
2025-05-29 23:00:00;3314.45;3317.12;3313;3315.53
2025-05-29 22:00:00;3318.28;3320.67;3313.77;3314.33
2025-05-29 21:00:00;3317.11;3321.8;3317.11;3321.6
2025-05-29 20:00:00;3316.35;3320;3315.5;3317.95
2025-05-29 19:00:00;3321.7;3322.1;3315.7;3316.5
2025-05-29 18:00:00;3322.5;3322.5;3317.58;3319.9
2025-05-29 17:00:00;3322.8;3324.01;3318.6;3322.16
2025-05-29 16:00:00;3326.54;3328.34;3321.9;3322.6
2025-05-29 15:00:00;3315.5;3321.29;3312.9;3320.86
2025-05-29 14:00:00;3314.3;3319.9;3307.3;3314.5
2025-05-29 13:00:00;3314.5;3322.4;3309.3;3313.7
2025-05-29 12:00:00;3301.8;3315.7;3300.1;3315.6
2025-05-29 11:00:00;3296.49;3305.36;3295.94;3301.1
2025-05-29 10:00:00;3286;3305.2;3286;3296.52
2025-05-29 09:00:00;3281.76;3282.66;3276.13;3279.93
2025-05-29 08:00:00;3286.95;3289.16;3279.4;3281.66
2025-05-29 07:00:00;3274.8;3283.4;3274.7;3279.37
2025-05-29 06:00:00;3277.9;3280.2;3270.77;3275.4
2025-05-29 05:00:00;3273.3;3274.5;3270.1;3272.8
2025-05-29 04:00:00;3277.1;3278.3;3273.2;3273.4
2025-05-29 03:00:00;3273.9;3282.4;3269.19;3278
2025-05-29 02:00:00;3266.5;3277.7;3264.6;3274.1
2025-05-29 01:00:00;3270.1;3270.1;3249.59;3267.2
2025-05-29 00:00:00;3259.85;3272.3;3256.36;3267.6
2025-05-28 23:00:00;3286.69;3287.52;3250.6;3259.73
2025-05-28 22:00:00;3283.64;3294.06;3281.91;3286.52
2025-05-28 21:00:00;3291.2;3291.3;3288.4;3288.4
2025-05-28 20:00:00;3298;3299;3277;3291.4
2025-05-28 19:00:00;3304.6;3306.8;3294.03;3297.82
2025-05-28 18:00:00;3300.2;3303.7;3298.29;3301.59
2025-05-28 17:00:00;3291.78;3301.9;3291.48;3299.9
2025-05-28 16:00:00;3294.72;3303.3;3288.6;3291.52
2025-05-28 15:00:00;3302.61;3303.3;3294.63;3296.09
2025-05-28 14:00:00;3305.2;3315.8;3301.29;3302.55
2025-05-28 13:00:00;3314.1;3317.5;3300.7;3308.9
2025-05-28 12:00:00;3314.3;3316.2;3309.48;3314.2
2025-05-28 11:00:00;3316.2;3323.5;3310.59;3313.7
2025-05-28 10:00:00;3324.12;3324.18;3313.9;3316.2
2025-05-28 09:00:00;3323.2;3325.27;3321.31;3324.06
2025-05-28 08:00:00;3320.1;3323.9;3316.06;3323
2025-05-28 07:00:00;3308.9;3322.5;3308.9;3320.8
2025-05-28 06:00:00;3308.2;3309.9;3301.1;3309.1
2025-05-28 05:00:00;3296.4;3312;3296.4;3309.4
2025-05-28 04:00:00;3299.8;3299.8;3294.4;3296.1
2025-05-28 03:00:00;3302.33;3305.6;3294.8;3300
2025-05-28 02:00:00;3302.2;3312.7;3299.8;3302.33
2025-05-28 01:00:00;3307.3;3309.79;3298.56;3301.7
2025-05-28 00:00:00;3309.29;3315.65;3307.5;3307.5
2025-05-27 23:00:00;3303.46;3310.87;3297.11;3309.26
2025-05-27 22:00:00;3299.75;3305.72;3299.75;3303.16
2025-05-27 21:00:00;3300;3300.5;3299.6;3299.9
2025-05-27 20:00:00;3304.7;3305.6;3299.4;3299.7
2025-05-27 19:00:00;3303.8;3307.94;3303.5;3304.4
2025-05-27 18:00:00;3299.6;3305.9;3298.8;3302.9
2025-05-27 17:00:00;3297.07;3303.1;3296.86;3300.3
2025-05-27 16:00:00;3295.2;3298.7;3294.4;3297.1
2025-05-27 15:00:00;3301.3;3302.1;3293.4;3295.2
2025-05-27 14:00:00;3298.6;3303.4;3291;3301.3
2025-05-27 13:00:00;3299.9;3305.2;3296;3298.6
2025-05-27 12:00:00;3295.4;3302.4;3295.3;3299.1
2025-05-27 11:00:00;3300.2;3303.9;3288.25;3295.1
2025-05-27 10:00:00;3305.1;3306.7;3296.42;3300.1
2025-05-27 09:00:00;3303.5;3311.4;3301.2;3305.1
2025-05-27 08:00:00;3303.1;3312.3;3302.6;3303.5
2025-05-27 07:00:00;3312.8;3315.2;3299.3;3301.6
2025-05-27 06:00:00;3326.8;3329.8;3310.7;3313.3
2025-05-27 05:00:00;3336.1;3342.7;3319.2;3327
2025-05-27 04:00:00;3346;3346.1;3336.1;3336.3
2025-05-27 03:00:00;3347.4;3353.6;3346.4;3347.5
2025-05-27 02:00:00;3339.7;3347.3;3334.97;3347.3
2025-05-27 01:00:00;3345.1;3347.16;3331.88;3335.86
2025-05-27 00:00:00;3346.35;3349.92;3342.39;3344.99
2025-05-26 23:00:00;3347.62;3348.44;3344.53;3346.07
2025-05-26 22:00:00;3342.35;3348.77;3342.35;3347.61
2025-05-26 21:00:00;3345.6;3349.1;3345.6;3347.1
2025-05-26 20:00:00;3346;3346.7;3343.2;3346.6
2025-05-26 19:00:00;3343.9;3346.6;3341.6;3346.1
2025-05-26 18:00:00;3341.13;3344.8;3340.82;3343.5
2025-05-26 17:00:00;3342.15;3343.32;3340.28;3341.08
2025-05-26 16:00:00;3337.78;3343.32;3337.45;3341.93
2025-05-26 15:00:00;3337.26;3339.5;3336.74;3337.76
2025-05-26 14:00:00;3338.41;3341.28;3335.44;3337.15
2025-05-26 13:00:00;3334.25;3338.83;3331.39;3338.3
2025-05-26 12:00:00;3333.3;3334.92;3326.29;3334.24
2025-05-26 11:00:00;3331.54;3334.25;3329.1;3332.99
2025-05-26 10:00:00;3328.63;3333.45;3328.62;3331.46
2025-05-26 09:00:00;3334.31;3335.95;3324;3328.44
2025-05-26 08:00:00;3337.26;3339.51;3331.03;3334.49
2025-05-26 07:00:00;3337.13;3338.57;3332.14;3337.24
2025-05-26 06:00:00;3347.15;3347.44;3337.03;3337.33
2025-05-26 05:00:00;3349.86;3351.7;3342.5;3347.28
2025-05-26 04:00:00;3347.42;3350.86;3346.19;3349.84
2025-05-26 03:00:00;3348;3349.88;3344.2;3347.66
2025-05-26 02:00:00;3344.9;3356.51;3343.24;3348.01
2025-05-26 01:00:00;3341.89;3347.49;3335.42;3345.02
2025-05-26 00:00:00;3342.8;3346.01;3331.38;3341.99
2025-05-25 23:00:00;3344.25;3350.5;3341.27;3342.47
2025-05-25 22:00:00;3354.88;3356.04;3341.14;3344.22
2025-05-25 20:00:00;3362.6;3362.6;3359.7;3359.7
2025-05-25 19:00:00;3363.2;3363.2;3362.5;3362.6
2025-05-25 18:00:00;3362.8;3363.7;3362.8;3363.2
2025-05-25 17:00:00;3362.3;3363.8;3362.2;3362.9
2025-05-25 16:00:00;3361.7;3362.7;3360;3362.3
2025-05-25 15:00:00;3360.3;3364.5;3360.3;3361.6
2025-05-25 14:00:00;3360.6;3362.1;3360;3360.3
2025-05-24 13:00:00;3355.3;3356.1;3353.6;3355.7
2025-05-24 12:00:00;3352.2;3356.1;3352.2;3355.3
2025-05-24 11:00:00;3354.3;3355;3351.6;3352.2
2025-05-24 10:00:00;3354.5;3357;3354.5;3354.5
2025-05-24 09:00:00;3358.3;3359.5;3353.9;3354.7
2025-05-24 08:00:00;3358.5;3358.5;3356.2;3358.3
2025-05-24 07:00:00;3357.3;3358.2;3355.5;3357.9
2025-05-24 06:00:00;3356.3;3358;3356.3;3357.4
2025-05-24 05:00:00;3356.6;3359.2;3355.5;3357.6
2025-05-24 04:00:00;3354.2;3356.9;3354.2;3356.6
2025-05-24 03:00:00;3355.9;3356.4;3354.1;3354.1
2025-05-24 02:00:00;3351.1;3356.4;3351.1;3355.7
2025-05-24 01:00:00;3355.3;3357.9;3352.8;3352.9
2025-05-24 00:00:00;3350.4;3357.7;3350.4;3355.4
2025-05-23 23:00:00;3353.5;3353.5;3350.1;3350.4
2025-05-23 22:00:00;3352.7;3356;3352.5;3352.8
2025-05-23 21:00:00;3356.8;3356.9;3352.3;3352.6
2025-05-23 20:00:00;3358;3360.5;3353.3;3355.9
2025-05-23 19:00:00;3362.39;3365.49;3354;3355.4
2025-05-23 18:00:00;3358.7;3364.78;3356.1;3364.04
2025-05-23 17:00:00;3359.61;3366;3357.7;3357.8
2025-05-23 16:00:00;3357.3;3362.45;3353;3360
2025-05-23 15:00:00;3359.21;3359.99;3350.7;3356.4
2025-05-23 14:00:00;3336.5;3354.52;3335.1;3354.12
2025-05-23 13:00:00;3354.9;3359.6;3334.1;3337.1
2025-05-23 12:00:00;3344.2;3356.2;3341.5;3352.7
2025-05-23 11:00:00;3325.4;3344.5;3324;3342.2
2025-05-23 10:00:00;3328.65;3330.97;3326.27;3326.3
2025-05-23 09:00:00;3325.44;3332.4;3325.38;3328.64
2025-05-23 08:00:00;3329.8;3330.1;3321.6;3326.34
2025-05-23 07:00:00;3330.34;3335.6;3327.4;3331.4
2025-05-23 06:00:00;3322.8;3334;3322.4;3329.59
2025-05-23 05:00:00;3313.7;3323.9;3313;3322.6
2025-05-23 04:00:00;3304.4;3315.3;3304.3;3313.7
2025-05-23 03:00:00;3297.9;3305.3;3296.9;3304.1
2025-05-23 02:00:00;3305.06;3305.08;3291.16;3297.3
2025-05-23 01:00:00;3301.14;3306.34;3295.9;3305.07
2025-05-23 00:00:00;3300.09;3308.81;3287;3300.79
2025-05-22 23:00:00;3297.53;3301.77;3297.35;3299.94
2025-05-22 22:00:00;3289.63;3299.16;3289.63;3297.45
2025-05-22 21:00:00;3298.7;3303.4;3297.3;3302.3
2025-05-22 20:00:00;3290.2;3298.8;3289.75;3294.79
2025-05-22 19:00:00;3293.83;3296.98;3289.2;3290.2
2025-05-22 18:00:00;3296.54;3298.82;3292.29;3293.71
2025-05-22 17:00:00;3301.41;3301.66;3290.21;3296.58
2025-05-22 16:00:00;3295;3304.65;3291.04;3301.46
2025-05-22 15:00:00;3296.78;3298.56;3281.44;3294.6
2025-05-22 14:00:00;3287.33;3304.36;3279.27;3296.86
2025-05-22 13:00:00;3304.89;3315.56;3287;3287.46
2025-05-22 12:00:00;3314.09;3314.44;3300.91;3303.98
2025-05-22 11:00:00;3289.41;3314.57;3283;3314.55
2025-05-22 10:00:00;3304.19;3307.37;3288.51;3289.66
2025-05-22 09:00:00;3310.97;3313.71;3304.12;3304.62
2025-05-22 08:00:00;3327.65;3329.74;3310.1;3311.19
2025-05-22 07:00:00;3326.8;3331.04;3322.42;3327.52
2025-05-22 06:00:00;3332.71;3335.5;3325.49;3326.38
2025-05-22 05:00:00;3338.82;3339.4;3326.22;3332.37
2025-05-22 04:00:00;3335.38;3339.15;3332.76;3338.57
2025-05-22 03:00:00;3341.01;3345.31;3335.05;3335.28
2025-05-22 02:00:00;3337.9;3344.66;3336.54;3341.07
2025-05-22 01:00:00;3323.63;3342.79;3320.43;3338.05
2025-05-22 00:00:00;3320.54;3325.9;3319.42;3323.68
2025-05-21 23:00:00;3317.95;3324.07;3317.62;3320.18
2025-05-21 22:00:00;3314;3321.1;3314;3317.93
2025-05-21 21:00:00;3314.4;3314.4;3309.9;3312.4
2025-05-21 20:00:00;3318.33;3319.56;3311.6;3315.56
2025-05-21 19:00:00;3314.44;3324.65;3314.44;3318.11
2025-05-21 18:00:00;3315.86;3316.24;3311.83;3314.23
2025-05-21 17:00:00;3302.87;3316.4;3302.65;3316.4
2025-05-21 16:00:00;3311.83;3314.45;3302.96;3303
2025-05-21 15:00:00;3304.32;3315.11;3303.67;3311.75
2025-05-21 14:00:00;3303.83;3307.55;3295.34;3304.35
2025-05-21 13:00:00;3302.99;3309.29;3295.39;3303.45
2025-05-21 12:00:00;3311.28;3312.49;3290.75;3302.49
2025-05-21 11:00:00;3311.91;3316.27;3306.54;3311.17
2025-05-21 10:00:00;3313.65;3318.17;3308.54;3311.74
2025-05-21 09:00:00;3308.27;3313.53;3307.03;3313.43
2025-05-21 08:00:00;3310.08;3312.17;3303.92;3308.31
2025-05-21 07:00:00;3319.9;3319.9;3307.96;3309.68
2025-05-21 06:00:00;3316.32;3320.49;3311;3319.97
2025-05-21 05:00:00;3301.97;3319.57;3298.35;3316.31
2025-05-21 04:00:00;3307.46;3308.18;3301.4;3302.03
2025-05-21 03:00:00;3301.7;3309.6;3299.09;3307.45
2025-05-21 02:00:00;3294.42;3304.98;3288.8;3301.67
2025-05-21 01:00:00;3303.41;3314.4;3285.57;3294.5
2025-05-21 00:00:00;3290.3;3304.17;3288.91;3303.4
2025-05-20 23:00:00;3296.61;3296.68;3288.54;3290.63
2025-05-20 22:00:00;3288.59;3303.81;3288.59;3296.74
2025-05-20 21:00:00;3285.4;3291.1;3284.6;3285.5
2025-05-20 20:00:00;3294.11;3295.54;3284.8;3285.1
2025-05-20 19:00:00;3287.53;3294.95;3286.9;3293.92
2025-05-20 18:00:00;3286.35;3289.61;3284.1;3287.58
2025-05-20 17:00:00;3278.85;3287.75;3278.1;3286.34
2025-05-20 16:00:00;3277.09;3282.41;3275.16;3278.76
2025-05-20 15:00:00;3282.66;3283.46;3273.36;3277.07
2025-05-20 14:00:00;3262.41;3285.6;3260.56;3282.35
2025-05-20 13:00:00;3241.62;3261.3;3232.9;3261.1
2025-05-20 12:00:00;3241.08;3250.2;3234.42;3242.72
2025-05-20 11:00:00;3235.35;3241.61;3235.13;3241.18
2025-05-20 10:00:00;3236.13;3238.24;3231.87;3235.24
2025-05-20 09:00:00;3235.95;3239.22;3230.52;3236.29
2025-05-20 08:00:00;3222.96;3235.78;3218.39;3235.78
2025-05-20 07:00:00;3210.44;3225.34;3208.33;3222.73
2025-05-20 06:00:00;3213.23;3219.09;3208.69;3210
2025-05-20 05:00:00;3217.18;3219.69;3209.87;3213.82
2025-05-20 04:00:00;3211.45;3217.95;3211.16;3217.21
2025-05-20 03:00:00;3206.36;3214.08;3204.53;3211.55
2025-05-20 02:00:00;3221;3222.89;3206.7;3206.7
2025-05-20 01:00:00;3223.23;3232.52;3220.64;3221.02
2025-05-20 00:00:00;3222.93;3224.02;3214.23;3222.78
2025-05-19 23:00:00;3226.78;3227.37;3218.96;3222.51
2025-05-19 22:00:00;3229.34;3230.59;3224.63;3226.73
2025-05-19 21:00:00;3232;3232;3231.2;3231.5
2025-05-19 20:00:00;3233.1;3233.7;3228.3;3229.15
2025-05-19 19:00:00;3233.46;3235.81;3231.55;3233.22
2025-05-19 18:00:00;3226.27;3235.1;3225.26;3233.36
2025-05-19 17:00:00;3231.78;3234.7;3225.51;3226.26
2025-05-19 16:00:00;3231.49;3234.4;3228.02;3231.7
2025-05-19 15:00:00;3233.82;3239.8;3230;3231.4
2025-05-19 14:00:00;3229.98;3235.88;3217.55;3233.82
2025-05-19 13:00:00;3229.28;3241.4;3224.51;3229.83
2025-05-19 12:00:00;3243.64;3244.31;3228.8;3228.8
2025-05-19 11:00:00;3241.59;3248.33;3239.1;3243.58
2025-05-19 10:00:00;3241.41;3245.09;3234.09;3241.68
2025-05-19 09:00:00;3244.7;3247.5;3233.69;3241.94
2025-05-19 08:00:00;3232.28;3244.77;3229.89;3244.41
2025-05-19 07:00:00;3225.16;3234.46;3224.67;3232.21
2025-05-19 06:00:00;3224.18;3231.51;3220.17;3224.13
2025-05-19 05:00:00;3216.96;3226;3214.85;3223.91
2025-05-19 04:00:00;3211.63;3217.96;3206.63;3215.85
2025-05-19 03:00:00;3228.38;3230.31;3208.02;3212.05
2025-05-19 02:00:00;3217.98;3229.77;3217.06;3228.5
2025-05-19 01:00:00;3246.24;3246.64;3214.49;3218.36
2025-05-19 00:00:00;3235.12;3249.65;3233.47;3246.38
2025-05-18 23:00:00;3239.22;3245.1;3226.54;3234.67
2025-05-18 22:00:00;3229;3240.55;3206;3239.09
2025-05-18 17:00:00;3210.1;3210.1;3207.2;3208.3
2025-05-18 16:00:00;3207.6;3210.9;3206.7;3210.1
2025-05-18 15:00:00;3208.9;3212.4;3207.6;3207.6
2025-05-18 14:00:00;3209.2;3210.5;3209;3209.3
2025-05-17 13:00:00;3207.9;3208.9;3206.9;3207.2
2025-05-17 12:00:00;3208;3209;3205.4;3207.8
2025-05-17 11:00:00;3206.3;3209.7;3206.3;3208.1
2025-05-17 10:00:00;3207.2;3208.1;3204.7;3205.7
2025-05-17 09:00:00;3208;3208.2;3204.5;3206.8
2025-05-17 08:00:00;3205.3;3208.6;3202.8;3206.8
2025-05-17 07:00:00;3205.3;3209;3204.5;3205.1
2025-05-17 06:00:00;3207.5;3209;3204.6;3205.4
2025-05-17 05:00:00;3208.9;3210.4;3207.6;3207.6
2025-05-17 04:00:00;3209.1;3209.8;3208.7;3209.6
2025-05-17 03:00:00;3207.1;3209.4;3206.9;3209.2
2025-05-17 02:00:00;3203.5;3207.6;3202.5;3207.1
2025-05-17 01:00:00;3204.9;3204.9;3199.3;3203.7
2025-05-17 00:00:00;3207.7;3211.5;3204.5;3204.9
2025-05-16 23:00:00;3208.9;3211.4;3205.9;3207.9
2025-05-16 22:00:00;3210.6;3211.5;3207.9;3209
2025-05-16 21:00:00;3209.6;3210.5;3206;3210.5
2025-05-16 20:00:00;3192.52;3210.2;3192.13;3209.7
2025-05-16 19:00:00;3187.53;3201.7;3187.37;3192.66
2025-05-16 18:00:00;3189.35;3191.04;3184.68;3187.36
2025-05-16 17:00:00;3189.45;3191.98;3183.25;3189.25
2025-05-16 16:00:00;3182.77;3189.69;3180.33;3189.14
2025-05-16 15:00:00;3173.42;3184.93;3172.61;3183.39
2025-05-16 14:00:00;3180.45;3187.7;3166.07;3173.14
2025-05-16 13:00:00;3177.46;3186.54;3169.32;3180.31
2025-05-16 12:00:00;3163.24;3181.9;3154.79;3177.25
2025-05-16 11:00:00;3176.7;3179.03;3154.27;3163
2025-05-16 10:00:00;3209.18;3211.14;3169.12;3175.39
2025-05-16 09:00:00;3206.69;3212.68;3203.72;3209.11
2025-05-16 08:00:00;3207.48;3209.13;3195.59;3207.3
2025-05-16 07:00:00;3214.96;3217.89;3205.32;3207.65
2025-05-16 06:00:00;3217.88;3231.05;3212.75;3214.74
2025-05-16 05:00:00;3219.55;3222.21;3212;3218.57
2025-05-16 04:00:00;3211.79;3222.13;3211.74;3219.58
2025-05-16 03:00:00;3215.36;3217.25;3206.45;3212.46
2025-05-16 02:00:00;3222.11;3227.35;3212.7;3215.36
2025-05-16 01:00:00;3243.14;3244.3;3214.91;3222.29
2025-05-16 00:00:00;3237.35;3243.92;3232;3243.15
2025-05-15 23:00:00;3251;3251.08;3236.48;3237
2025-05-15 22:00:00;3239.1;3252.5;3236.77;3251.03
2025-05-15 21:00:00;3245;3246.3;3241;3242.3
2025-05-15 20:00:00;3231.86;3245.2;3231.02;3244.5
2025-05-15 19:00:00;3223.31;3232.56;3222.27;3231.87
2025-05-15 18:00:00;3221.17;3226;3219.78;3223.19
2025-05-15 17:00:00;3222.42;3229;3216.45;3221.04
2025-05-15 16:00:00;3219.58;3222.52;3215.77;3222.32
2025-05-15 15:00:00;3205.25;3219.86;3204.58;3219.65
2025-05-15 14:00:00;3192.13;3207.01;3190.42;3205.26
2025-05-15 13:00:00;3189.11;3199.57;3185.17;3192.3
2025-05-15 12:00:00;3179.04;3189.7;3177.46;3188.75
2025-05-15 11:00:00;3178.85;3181.8;3172.37;3178.97
2025-05-15 10:00:00;3165.14;3178.91;3164.16;3178.26
2025-05-15 09:00:00;3162.5;3171.4;3159.61;3165.17
2025-05-15 08:00:00;3142.47;3164;3139.15;3162.5
2025-05-15 07:00:00;3149.59;3151.83;3130.7;3142.3
2025-05-15 06:00:00;3128.71;3153.73;3120.92;3149.83
2025-05-15 05:00:00;3138.67;3143.02;3123.51;3129
2025-05-15 04:00:00;3150.33;3152.59;3135.44;3138.54
2025-05-15 03:00:00;3153.95;3156.86;3148.28;3151.06
2025-05-15 02:00:00;3172.36;3175.35;3150.3;3154.03
2025-05-15 01:00:00;3187.99;3192.53;3171.1;3172.3
2025-05-15 00:00:00;3185.86;3187.8;3180.17;3187.71
2025-05-14 23:00:00;3182.69;3187.27;3181.07;3186
2025-05-14 22:00:00;3171.5;3183.81;3171.5;3182.55
2025-05-14 21:00:00;3181.2;3181.3;3177.5;3178.6
2025-05-14 20:00:00;3180.52;3183.15;3178.31;3181.2
2025-05-14 19:00:00;3171.73;3181.52;3167.95;3180.52
2025-05-14 18:00:00;3182.31;3182.93;3171.62;3171.72
2025-05-14 17:00:00;3188.25;3190.32;3181;3181.81
2025-05-14 16:00:00;3182.87;3190.81;3173.7;3188.36
2025-05-14 15:00:00;3181.77;3186.47;3179.4;3182.46
2025-05-14 14:00:00;3191.24;3194;3179.58;3181.79
2025-05-14 13:00:00;3184.29;3198.08;3175.09;3191.38
2025-05-14 12:00:00;3220.57;3222.43;3184.12;3184.67
2025-05-14 11:00:00;3235.7;3239.13;3219.43;3219.99
2025-05-14 10:00:00;3232.11;3236.4;3229.6;3235.54
2025-05-14 09:00:00;3232.62;3236.47;3229.1;3232.28
2025-05-14 08:00:00;3237.74;3243.54;3230.8;3232.46
2025-05-14 07:00:00;3228.65;3238.71;3224.22;3237.96
2025-05-14 06:00:00;3233.79;3236.64;3227.68;3227.94
2025-05-14 05:00:00;3223.89;3234.33;3221.74;3233.75
2025-05-14 04:00:00;3228.47;3230.29;3222.62;3223.84
2025-05-14 03:00:00;3232.4;3233.52;3226.22;3228.13
2025-05-14 02:00:00;3238.44;3241.36;3229.23;3232.76
2025-05-14 01:00:00;3243.92;3251.7;3237.18;3238.82
2025-05-14 00:00:00;3254.32;3254.54;3240.47;3243.67
2025-05-13 23:00:00;3254.2;3256.97;3252.1;3254.33
2025-05-13 22:00:00;3250.44;3254.44;3249.47;3254.44
2025-05-13 21:00:00;3247.8;3248.6;3244.7;3246
2025-05-13 20:00:00;3249.24;3254.61;3247.93;3248.5
2025-05-13 19:00:00;3248.88;3250.99;3246.2;3249.4
2025-05-13 18:00:00;3246.92;3250.9;3245.7;3248.67
2025-05-13 17:00:00;3250.83;3252.62;3242;3246.97
2025-05-13 16:00:00;3253.2;3257.7;3249;3250.97
2025-05-13 15:00:00;3243.18;3255.77;3242.01;3253.28
2025-05-13 14:00:00;3227.5;3248.6;3225.58;3242.54
2025-05-13 13:00:00;3240.87;3247;3227.21;3227.47
2025-05-13 12:00:00;3249.11;3249.85;3237.31;3241.99
2025-05-13 11:00:00;3252.53;3258.51;3248.8;3249.13
2025-05-13 10:00:00;3253.65;3256.19;3251.09;3252.7
2025-05-13 09:00:00;3255.44;3256.48;3250.5;3253.29
2025-05-13 08:00:00;3259.26;3260.95;3250.32;3255.42
2025-05-13 07:00:00;3262.11;3264.79;3254.29;3259.02
2025-05-13 06:00:00;3256.92;3265.33;3247.22;3261.93
2025-05-13 05:00:00;3252.67;3260.52;3251.08;3256.51
2025-05-13 04:00:00;3236.63;3253.24;3235;3252.46
2025-05-13 03:00:00;3228.52;3238.31;3228.08;3237.07
2025-05-13 02:00:00;3225.2;3241.07;3223.16;3228.77
2025-05-13 01:00:00;3239.86;3243.25;3215.92;3225.05
2025-05-13 00:00:00;3236.3;3243.04;3233.78;3239.81
2025-05-12 23:00:00;3233.9;3239.96;3233.42;3236.5
2025-05-12 22:00:00;3235.85;3241.57;3229.75;3233.76
2025-05-12 21:00:00;3237.6;3239;3234.3;3234.9
2025-05-12 20:00:00;3235.08;3238.29;3232.5;3235.24
2025-05-12 19:00:00;3229.53;3238.62;3228.8;3235.41
2025-05-12 18:00:00;3223.11;3229.93;3220.5;3229.49
2025-05-12 17:00:00;3224.58;3231.2;3221.39;3223.09
2025-05-12 16:00:00;3239.09;3239.87;3223.15;3224.07
2025-05-12 15:00:00;3237.65;3250.8;3235.18;3239.3
2025-05-12 14:00:00;3240;3247.69;3233.35;3237.54
2025-05-12 13:00:00;3233.71;3248.48;3232.34;3240.63
2025-05-12 12:00:00;3224.7;3238.3;3220.5;3233.56
2025-05-12 11:00:00;3208.13;3229.13;3208.13;3224.76
2025-05-12 10:00:00;3214.65;3227.2;3207.7;3208
2025-05-12 09:00:00;3231.29;3231.29;3213;3214.43
2025-05-12 08:00:00;3223.5;3234.16;3220.75;3231.31
2025-05-12 07:00:00;3277.3;3277.38;3216.14;3222.57
2025-05-12 06:00:00;3275.94;3281.56;3272.95;3277.52
2025-05-12 05:00:00;3279.18;3279.59;3268.46;3276.01
2025-05-12 04:00:00;3283.27;3283.6;3276;3278.78
2025-05-12 03:00:00;3271.68;3284.61;3270.49;3283.05
2025-05-12 02:00:00;3271.56;3279.57;3269.51;3271.96
2025-05-12 01:00:00;3279.32;3281.85;3259;3271.77
2025-05-12 00:00:00;3287.97;3289.74;3272.5;3278.81
2025-05-11 23:00:00;3272.47;3288.76;3265.81;3287.55
2025-05-11 22:00:00;3290;3305.79;3266.83;3272.49
2025-05-10 13:00:00;3322.1;3323.1;3320.7;3322
2025-05-10 12:00:00;3326.8;3327.6;3321.8;3322.1
2025-05-10 11:00:00;3326.2;3328;3324.9;3327.4
2025-05-10 10:00:00;3326.1;3328.3;3324.9;3325.7
2025-05-10 09:00:00;3327.7;3327.7;3325.1;3326.2
2025-05-10 08:00:00;3327.5;3329;3327.1;3327.5
2025-05-10 07:00:00;3326.2;3327.2;3325.3;3327.2
2025-05-10 06:00:00;3326.7;3327;3325.3;3326.1
2025-05-10 05:00:00;3326.9;3328.2;3326.5;3326.5
2025-05-10 04:00:00;3328.3;3328.3;3325.6;3326.9
2025-05-10 03:00:00;3330.7;3331.4;3328.3;3328.9
2025-05-10 02:00:00;3330.2;3331.5;3329.1;3330.8
2025-05-10 01:00:00;3327.6;3331.8;3327.2;3330.3
2025-05-10 00:00:00;3328.8;3332.7;3327.5;3327.6
2025-05-09 23:00:00;3329.3;3329.3;3324.25;3328
2025-05-09 22:00:00;3327.8;3329.3;3326.5;3327.2
2025-05-09 21:00:00;3326.9;3328.7;3325;3328.6
2025-05-09 20:00:00;3328.42;3330.06;3323.64;3323.64
2025-05-09 19:00:00;3338.71;3339.74;3325.39;3328.72
2025-05-09 18:00:00;3341;3342.85;3336.24;3338.64
2025-05-09 17:00:00;3336.75;3342.42;3335.98;3340.84
2025-05-09 16:00:00;3345.18;3347.26;3336.31;3336.91
2025-05-09 15:00:00;3336.98;3345.87;3335.97;3344.9
2025-05-09 14:00:00;3330.68;3341.16;3320.24;3337.01
2025-05-09 13:00:00;3333.31;3340.22;3328.64;3330.65
2025-05-09 12:00:00;3333.02;3335.59;3329.05;3333.54
2025-05-09 11:00:00;3323.3;3338;3323.3;3332.81
2025-05-09 10:00:00;3325.09;3329.71;3322;3323.26
2025-05-09 09:00:00;3328.38;3329.29;3323.57;3325.16
2025-05-09 08:00:00;3327.46;3328.95;3320.27;3328.52
2025-05-09 07:00:00;3325.31;3332.12;3322.42;3327.19
2025-05-09 06:00:00;3321.46;3326.79;3315.25;3325.36
2025-05-09 05:00:00;3324.24;3330.12;3312.82;3321.42
2025-05-09 04:00:00;3308.12;3327.22;3308.05;3324.38
2025-05-09 03:00:00;3308.33;3313.23;3300;3308.8
2025-05-09 02:00:00;3290.82;3308.4;3275;3308.25
2025-05-09 01:00:00;3322.15;3322.42;3286.8;3291.15
2025-05-09 00:00:00;3316.36;3323.07;3308.78;3322.04
2025-05-08 23:00:00;3323.63;3323.93;3312.21;3316.33
2025-05-08 22:00:00;3305.98;3323.89;3303.83;3323.73
2025-05-08 21:00:00;3309.6;3310.6;3307.4;3308.1
2025-05-08 20:00:00;3306.65;3311.9;3303.84;3309.4
2025-05-08 19:00:00;3308.76;3309.89;3288.91;3306.33
2025-05-08 18:00:00;3308.27;3310.88;3305.76;3308.42
2025-05-08 17:00:00;3310.26;3311.16;3297.75;3308.21
2025-05-08 16:00:00;3330.01;3330.01;3305;3310.12
2025-05-08 15:00:00;3356.95;3359.38;3327.24;3330.47
2025-05-08 14:00:00;3356;3362.85;3350.84;3356.34
2025-05-08 13:00:00;3356.17;3369.47;3354.63;3355.94
2025-05-08 12:00:00;3344.63;3358.49;3343;3356.07
2025-05-08 11:00:00;3342.21;3345.38;3339.17;3344.34
2025-05-08 10:00:00;3331.89;3346.68;3330.28;3342.5
2025-05-08 09:00:00;3339.07;3344.3;3331.17;3331.81
2025-05-08 08:00:00;3342.86;3344.11;3337.06;3339.25
2025-05-08 07:00:00;3329.24;3349.22;3327.18;3342.92
2025-05-08 06:00:00;3355.33;3361.75;3320.28;3329.89
2025-05-08 05:00:00;3381.99;3384.06;3355;3355.18
2025-05-08 04:00:00;3396.73;3399.15;3381.88;3381.88
2025-05-08 03:00:00;3402.65;3408.43;3395.7;3396.95
2025-05-08 02:00:00;3408.87;3414.52;3402.2;3402.2
2025-05-08 01:00:00;3379.98;3409.58;3379.12;3408.56
2025-05-08 00:00:00;3376.81;3386.82;3373.92;3380.25
2025-05-07 23:00:00;3369.99;3377.01;3369.57;3376.3
2025-05-07 22:00:00;3364.89;3373.28;3363.87;3369.86
2025-05-07 21:00:00;3366.7;3367.7;3364.4;3364.4
2025-05-07 20:00:00;3371.92;3374.41;3364.64;3366.6
2025-05-07 19:00:00;3384.46;3386.72;3364;3371.8
2025-05-07 18:00:00;3384.28;3397.88;3375.86;3384.43
2025-05-07 17:00:00;3386.83;3389.56;3383.79;3383.95
2025-05-07 16:00:00;3385.06;3389.63;3379;3386.75
2025-05-07 15:00:00;3386.27;3389.46;3381.98;3384.91
2025-05-07 14:00:00;3393.74;3394.65;3376;3385.8
2025-05-07 13:00:00;3390.66;3398.01;3381.64;3394.69
2025-05-07 12:00:00;3386.86;3393.7;3384.08;3390.79
2025-05-07 11:00:00;3391.32;3391.39;3383.61;3386.96
2025-05-07 10:00:00;3369.48;3393.28;3369.21;3391.23
2025-05-07 09:00:00;3382.68;3385.15;3370;3370
2025-05-07 08:00:00;3387.89;3388.35;3378.31;3382.73
2025-05-07 07:00:00;3392.17;3397.34;3383.75;3387.94
2025-05-07 06:00:00;3388.02;3395.69;3387.35;3392.47
2025-05-07 05:00:00;3382.08;3389.17;3378.58;3387.99
2025-05-07 04:00:00;3375.49;3387.29;3375.12;3382.03
2025-05-07 03:00:00;3390.42;3392.5;3369.85;3376.56
2025-05-07 02:00:00;3374.23;3393.72;3372.05;3390.4
2025-05-07 01:00:00;3379.78;3384.91;3360.23;3374.56
2025-05-07 00:00:00;3400.8;3401.2;3361.07;3379.35
2025-05-06 23:00:00;3380.8;3404.42;3377.22;3400.73
2025-05-06 22:00:00;3433.9;3436.49;3380.8;3381.62
2025-05-06 21:00:00;3435;3440.4;3434.4;3438
2025-05-06 20:00:00;3422.87;3440;3419.12;3434.7
2025-05-06 19:00:00;3415.56;3423.97;3412.57;3423.4
2025-05-06 18:00:00;3414.06;3417.27;3410.02;3415.56
2025-05-06 17:00:00;3408.7;3417.67;3407.45;3413.88
2025-05-06 16:00:00;3395.09;3411.44;3394.65;3408.79
2025-05-06 15:00:00;3386.12;3399.67;3385.24;3394.95
2025-05-06 14:00:00;3391.87;3398.03;3378.16;3386.24
2025-05-06 13:00:00;3391.21;3397.54;3387.68;3391.66
2025-05-06 12:00:00;3379.11;3392.2;3373.21;3391.04
2025-05-06 11:00:00;3383.53;3384.77;3373.7;3379.14
2025-05-06 10:00:00;3383.07;3384.6;3376.74;3383.58
2025-05-06 09:00:00;3377.53;3383.13;3371.47;3383.13
2025-05-06 08:00:00;3371.51;3383.03;3368.77;3377.14
2025-05-06 07:00:00;3365.55;3379.44;3365.02;3371.2
2025-05-06 06:00:00;3360.78;3367.78;3358.66;3364.79
2025-05-06 05:00:00;3363.14;3363.88;3350.16;3361.91
2025-05-06 04:00:00;3360.36;3365.94;3356.06;3363.14
2025-05-06 03:00:00;3357.91;3371.88;3352.13;3360.53
2025-05-06 02:00:00;3380.38;3386.89;3356.35;3358.29
2025-05-06 01:00:00;3330.01;3381.61;3330.01;3379.5
2025-05-06 00:00:00;3334.05;3334.24;3323.53;3329.55
2025-05-05 23:00:00;3330.57;3334.98;3328.88;3334.01
2025-05-05 22:00:00;3333.66;3337.49;3327.34;3330.55
2025-05-05 21:00:00;3340.6;3345.3;3339.2;3342.6
2025-05-05 20:00:00;3329.4;3341.1;3329.22;3335
2025-05-05 19:00:00;3322.86;3337.39;3322.78;3328.99
2025-05-05 18:00:00;3316.98;3323.26;3313.98;3323.12
2025-05-05 17:00:00;3309.61;3318;3309.03;3317.07
2025-05-05 16:00:00;3311.46;3313.43;3305.35;3309.56
2025-05-05 15:00:00;3312.62;3317.71;3309;3311.92
2025-05-05 14:00:00;3312.46;3328.41;3310.13;3312.56
2025-05-05 13:00:00;3319.68;3320.96;3311.88;3315.19
2025-05-05 12:00:00;3313.02;3326.6;3312.81;3319.62
2025-05-05 11:00:00;3312.79;3321.8;3311.28;3312.87
2025-05-05 10:00:00;3308.63;3318.48;3308.53;3313.26
2025-05-05 09:00:00;3283.01;3308.82;3282.22;3308.53
2025-05-05 08:00:00;3264.92;3282.81;3263.03;3282.62
2025-05-05 07:00:00;3262.1;3267.73;3258.75;3264.83
2025-05-05 06:00:00;3259.26;3265.45;3256.7;3261.5
2025-05-05 05:00:00;3256.46;3261.94;3253.95;3259.5
2025-05-05 04:00:00;3254.56;3267.1;3253.66;3256.42
2025-05-05 03:00:00;3269.86;3271.15;3252.99;3254.59
2025-05-05 02:00:00;3264.96;3272.14;3259.51;3270.02
2025-05-05 01:00:00;3247.13;3270.57;3246.44;3264.96
2025-05-05 00:00:00;3248.06;3248.5;3241.26;3246.59
2025-05-04 23:00:00;3239.8;3252.13;3238.83;3247.95
2025-05-04 22:00:00;3236.68;3244.14;3236.68;3239.58
2025-05-04 21:00:00;3252.8;3254.3;3252.7;3253.9
2025-05-04 20:00:00;3252.6;3252.7;3252.6;3252.7
2025-05-04 19:00:00;3252.7;3252.7;3252.6;3252.6
2025-05-04 18:00:00;3252.6;3252.6;3252.6;3252.6
2025-05-04 17:00:00;3252.6;3252.7;3252.6;3252.7
2025-05-04 16:00:00;3252.6;3252.6;3252.6;3252.6
2025-05-04 15:00:00;3252.7;3252.8;3252.6;3252.6
2025-05-04 14:00:00;3255.7;3255.9;3252.6;3252.6
2025-05-03 13:00:00;3258.1;3259.8;3255;3257
2025-05-03 12:00:00;3255.7;3259.1;3249.1;3256.4
2025-05-03 11:00:00;3252.3;3256.1;3252.3;3255.6
2025-05-03 10:00:00;3255.2;3256.6;3252.1;3252.3
2025-05-03 09:00:00;3252;3256.1;3250.9;3255.2
2025-05-03 08:00:00;3251.3;3252.7;3250.1;3252
2025-05-03 07:00:00;3252.2;3252.2;3250.7;3251.2
2025-05-03 06:00:00;3250.1;3252.9;3250.1;3252.2
2025-05-03 05:00:00;3250.1;3250.1;3250.1;3250.1
2025-05-03 04:00:00;3253.6;3254.9;3250;3250.4
2025-05-03 03:00:00;3252.7;3255.4;3252.2;3253.9
2025-05-03 02:00:00;3254;3254.2;3247.3;3252.9
2025-05-03 01:00:00;3246.8;3256.9;3246.8;3254.1
2025-05-03 00:00:00;3251.6;3251.6;3247.2;3247.6
2025-05-02 23:00:00;3245;3252.1;3244.9;3252
2025-05-02 22:00:00;3250.1;3250.2;3244.3;3245.5
2025-05-02 21:00:00;3255.4;3255.9;3250.1;3250.1
2025-05-02 20:00:00;3233.08;3257;3232.41;3254.9
2025-05-02 19:00:00;3227.37;3234.41;3226.84;3233.38
2025-05-02 18:00:00;3231.63;3232.23;3224.23;3226.27
2025-05-02 17:00:00;3224.67;3239.56;3223.48;3231.27
2025-05-02 16:00:00;3231.48;3236.02;3223;3224.77
2025-05-02 15:00:00;3262.95;3264.03;3230.09;3231.4
2025-05-02 14:00:00;3250.02;3264.4;3242.5;3262.68
2025-05-02 13:00:00;3250.19;3259.45;3239.29;3250.11
2025-05-02 12:00:00;3261.99;3268.9;3250.14;3250.18
2025-05-02 11:00:00;3259.82;3269.02;3258.05;3262.51
2025-05-02 10:00:00;3265.45;3265.62;3257.31;3259.37
2025-05-02 09:00:00;3258.09;3266.91;3255.03;3265.32
2025-05-02 08:00:00;3258.93;3261.51;3255.24;3258.13
2025-05-02 07:00:00;3252.74;3263.21;3251.48;3258.85
2025-05-02 06:00:00;3251.89;3262.23;3246.25;3252.77
2025-05-02 05:00:00;3251.69;3256.9;3249.45;3251.79
2025-05-02 04:00:00;3254.79;3261.1;3250.42;3251.74
2025-05-02 03:00:00;3247.95;3258.69;3245.75;3254.91
2025-05-02 02:00:00;3236.45;3248.96;3235.76;3247.93
2025-05-02 01:00:00;3231.36;3237.39;3231.29;3236.27
2025-05-02 00:00:00;3237.31;3253.7;3227.42;3231.28
2025-05-01 23:00:00;3237.86;3241.36;3234.6;3237.22
2025-05-01 22:00:00;3238;3243.05;3232.51;3237.8
2025-05-01 21:00:00;3250.3;3257.1;3244.7;3245.5
2025-05-01 20:00:00;3228.57;3247.9;3227.96;3238.64
2025-05-01 19:00:00;3223.78;3229.65;3223.78;3228.08
2025-05-01 18:00:00;3214.22;3226.7;3212.67;3223.76
2025-05-01 17:00:00;3219.67;3220.64;3209.83;3214.53
2025-05-01 16:00:00;3216.36;3220.27;3208.85;3219.46
2025-05-01 15:00:00;3219.18;3221.6;3205;3216.48
2025-05-01 14:00:00;3223.16;3231.36;3214.35;3218.98
2025-05-01 13:00:00;3226.67;3233;3219.03;3224.27
2025-05-01 12:00:00;3205.32;3232.63;3201.9;3226.91
2025-05-01 11:00:00;3222.91;3227.02;3203.5;3205.56
2025-05-01 10:00:00;3218.79;3225.31;3213.62;3222.83
2025-05-01 09:00:00;3235.02;3236.01;3216;3218.47
2025-05-01 08:00:00;3230;3236.63;3230;3235.07
2025-05-01 07:00:00;3236.05;3243.4;3225.95;3230.01
2025-05-01 06:00:00;3236.5;3243.01;3234;3235.56
2025-05-01 05:00:00;3226.34;3238.72;3223.32;3236.8
2025-05-01 04:00:00;3229.4;3231.91;3221.15;3226.53
2025-05-01 03:00:00;3241.39;3242.34;3229;3229.07
2025-05-01 02:00:00;3238.77;3251.29;3235;3241.46
2025-05-01 01:00:00;3246.19;3251.22;3234.32;3238.73
2025-05-01 00:00:00;3272.78;3276.21;3240.2;3246.38
2025-04-30 23:00:00;3274.29;3285.09;3270;3272.79
2025-04-30 22:00:00;3288.26;3289.99;3271.46;3273.94
2025-04-30 21:00:00;3292.2;3293.6;3290.6;3291.7
2025-04-30 20:00:00;3295.58;3297.76;3283.02;3292
2025-04-30 19:00:00;3301.78;3305.68;3292.11;3295.61
2025-04-30 18:00:00;3305.21;3307.69;3300.41;3301.65
2025-04-30 17:00:00;3310.79;3313.48;3304.87;3305.19
2025-04-30 16:00:00;3308.26;3314.08;3307.07;3310.69
2025-04-30 15:00:00;3309.9;3314.51;3298.95;3307.98
2025-04-30 14:00:00;3308.62;3313.58;3292.95;3309.85
2025-04-30 13:00:00;3298.3;3319.59;3296.06;3309.06
2025-04-30 12:00:00;3272.35;3304.65;3267.16;3298.43
2025-04-30 11:00:00;3272.47;3281.49;3268.29;3271.77
2025-04-30 10:00:00;3275.38;3280.87;3272;3272.46
2025-04-30 09:00:00;3288.7;3291.9;3275.1;3275.86
2025-04-30 08:00:00;3308.9;3309.4;3285.7;3288.2
2025-04-30 07:00:00;3308.7;3313.2;3306.2;3308.9
2025-04-30 06:00:00;3310.7;3311.7;3307.2;3308.4
2025-04-30 05:00:00;3309.1;3313;3308.3;3310.5
2025-04-30 04:00:00;3306.3;3310.7;3303.6;3310.3
2025-04-30 03:00:00;3309.1;3312.9;3306.2;3306.6
2025-04-30 02:00:00;3309.2;3314.5;3308.2;3309.2
2025-04-30 01:00:00;3313.5;3322.63;3309.5;3310.3
2025-04-30 00:00:00;3316.8;3325.7;3313.6;3313.7
2025-04-29 23:00:00;3317.7;3318;3313.6;3315.9
2025-04-29 22:00:00;3320.2;3322.6;3316.6;3318.8
2025-04-29 21:00:00;3317.2;3319.8;3316.1;3319.5
2025-04-29 20:00:00;3320.08;3322.97;3317.4;3317.6
2025-04-29 19:00:00;3321.1;3324.7;3317.87;3320.56
2025-04-29 18:00:00;3317;3321.5;3316.7;3320.7
2025-04-29 17:00:00;3329.4;3329.4;3317;3317
2025-04-29 16:00:00;3315.4;3328.8;3315.4;3328.7
2025-04-29 15:00:00;3316.2;3317;3310.1;3315.4
2025-04-29 14:00:00;3309.4;3319.3;3304.6;3317.2
2025-04-29 13:00:00;3314.1;3321.5;3305.7;3309.5
2025-04-29 12:00:00;3312.3;3315.2;3306.1;3314
2025-04-29 11:00:00;3316.1;3318.5;3311.5;3311.7
2025-04-29 10:00:00;3312.6;3319.1;3309.9;3316
2025-04-29 09:00:00;3313.5;3315.9;3312.1;3313.5
2025-04-29 08:00:00;3323;3324.1;3313.1;3313.1
2025-04-29 07:00:00;3316;3323.2;3316;3322.9
2025-04-29 06:00:00;3314.4;3323.9;3313.7;3316.9
2025-04-29 05:00:00;3312.7;3316.2;3308.8;3314.1
2025-04-29 04:00:00;3317.2;3320.4;3311.7;3313.4
2025-04-29 03:00:00;3323.1;3323.1;3313.4;3317.6
2025-04-29 02:00:00;3326.7;3330.9;3323.1;3323.2
2025-04-29 01:00:00;3329.3;3338.2;3324.9;3327
2025-04-29 00:00:00;3337.7;3338.92;3328.9;3329.6
2025-04-28 23:00:00;3338.8;3342.79;3333.8;3337.54
2025-04-28 22:00:00;3343.76;3347.15;3333.6;3337.94
2025-04-28 21:00:00;3344;3344;3339.5;3340
2025-04-28 20:00:00;3349.2;3350.99;3342.22;3344.1
2025-04-28 19:00:00;3345.8;3352.91;3344.5;3352.13
2025-04-28 18:00:00;3335;3349.81;3333.1;3345.1
2025-04-28 17:00:00;3336.62;3338.9;3333.18;3335.18
2025-04-28 16:00:00;3326.4;3339;3324.7;3336.58
2025-04-28 15:00:00;3326;3331.7;3319.16;3325.16
2025-04-28 14:00:00;3297.1;3331.6;3294.89;3326.3
2025-04-28 13:00:00;3295.6;3302.4;3290.12;3293.16
2025-04-28 12:00:00;3294.3;3302.6;3293;3295.92
2025-04-28 11:00:00;3289.49;3296.82;3285.54;3294
2025-04-28 10:00:00;3277.4;3290.95;3276.1;3289.5
2025-04-28 09:00:00;3282.67;3287.6;3276;3277.4
2025-04-28 08:00:00;3288.8;3289.6;3279.18;3282.61
2025-04-28 07:00:00;3286.5;3292.4;3281.9;3288.8
2025-04-28 06:00:00;3294.2;3295.7;3283.9;3285.3
2025-04-28 05:00:00;3299.9;3299.9;3290.4;3294.2
2025-04-28 04:00:00;3292.8;3299.8;3291.4;3299.6
2025-04-28 03:00:00;3284.2;3295.5;3283.4;3293.6
2025-04-28 02:00:00;3285.4;3290.8;3274.3;3284.9
2025-04-28 01:00:00;3313.86;3316.2;3284.4;3284.7
2025-04-28 00:00:00;3306.9;3315.72;3305.72;3313.97
2025-04-27 23:00:00;3314.1;3318.5;3304.3;3306.7
2025-04-27 22:00:00;3319.4;3330.4;3308;3313.3
2025-04-27 21:00:00;3319.8;3320;3318.6;3319.3
2025-04-27 20:00:00;3322.8;3322.9;3320.8;3321
2025-04-27 19:00:00;3323.4;3324.2;3322.6;3322.7
2025-04-27 18:00:00;3323.5;3324.6;3323.4;3323.6
2025-04-27 17:00:00;3323;3324.1;3322.5;3323.5
2025-04-27 16:00:00;3320.8;3323.5;3319.5;3322.7
2025-04-27 15:00:00;3315.1;3321;3315.1;3321
2025-04-27 14:00:00;3315.1;3315.3;3315.1;3315.2
2025-04-26 13:00:00;3314.4;3315.7;3312.8;3314
2025-04-26 12:00:00;3315.1;3315.5;3313;3314.3
2025-04-26 11:00:00;3312.1;3315.6;3310.4;3314.6
2025-04-26 10:00:00;3311.2;3315.4;3311.1;3312.3
2025-04-26 09:00:00;3313.7;3314.2;3310.1;3310.8
2025-04-26 08:00:00;3315.5;3316.3;3311.7;3313.5
2025-04-26 07:00:00;3316.8;3317.8;3315.4;3315.5
2025-04-26 06:00:00;3318;3319.6;3316.6;3317
2025-04-26 05:00:00;3317.7;3318.2;3315.9;3317.5
2025-04-26 04:00:00;3316.4;3318.2;3316.2;3317.2
2025-04-26 03:00:00;3318;3318;3315.6;3316.2
2025-04-26 02:00:00;3315.7;3318.8;3314.9;3318.3
2025-04-26 01:00:00;3316.2;3317.9;3313.4;3315.5
2025-04-26 00:00:00;3315.1;3317.2;3311.3;3316.5
2025-04-25 23:00:00;3316.9;3318.8;3314.6;3315.6
2025-04-25 22:00:00;3313.8;3319;3312.6;3316.8
2025-04-25 21:00:00;3316.6;3317.1;3309.9;3315.2
2025-04-25 20:00:00;3309.2;3319.5;3305.3;3316.3
2025-04-25 19:00:00;3288.24;3313.5;3287.94;3309.2
2025-04-25 18:00:00;3297.3;3301.9;3288.23;3288.24
2025-04-25 17:00:00;3289.1;3299.7;3284.9;3297.3
2025-04-25 16:00:00;3286.2;3290.8;3283.5;3290.8
2025-04-25 15:00:00;3280.4;3289.5;3274;3285.5
2025-04-25 14:00:00;3285.3;3290.8;3279.4;3280.8
2025-04-25 13:00:00;3297.5;3297.5;3270.6;3286.2
2025-04-25 12:00:00;3302.5;3310.3;3297.6;3297.6
2025-04-25 11:00:00;3306.9;3310.8;3297.2;3301.9
2025-04-25 10:00:00;3304.6;3314;3303.3;3306.9
2025-04-25 09:00:00;3313.8;3320.2;3304.6;3304.7
2025-04-25 08:00:00;3317.3;3318.5;3307;3312.6
2025-04-25 07:00:00;3316.2;3324.2;3314.3;3317.3
2025-04-25 06:00:00;3308.9;3319.4;3300.1;3315.6
2025-04-25 05:00:00;3334.3;3337.4;3303.4;3308.8
2025-04-25 04:00:00;3332.2;3337.4;3329.5;3334.3
2025-04-25 03:00:00;3353.9;3358.6;3332;3332.2
2025-04-25 02:00:00;3350.1;3359.5;3350.1;3353
2025-04-25 01:00:00;3362.7;3369.7;3348.9;3350.6
2025-04-25 00:00:00;3360.2;3370.5;3359.5;3363.7
2025-04-24 23:00:00;3372;3372.6;3358.3;3359.9
2025-04-24 22:00:00;3357.1;3376.8;3354.7;3372
2025-04-24 21:00:00;3354.8;3360;3354.6;3356.6
2025-04-24 20:00:00;3348.7;3357.1;3347.8;3354.9
2025-04-24 19:00:00;3343.2;3352.7;3338.2;3351.7
2025-04-24 18:00:00;3346.4;3348.7;3342;3343.8
2025-04-24 17:00:00;3339.4;3346.8;3339.4;3346.3
2025-04-24 16:00:00;3338.3;3346.7;3335.9;3339.5
2025-04-24 15:00:00;3339.1;3340.2;3331.1;3339.3
2025-04-24 14:00:00;3326.5;3340.8;3317.5;3340.4
2025-04-24 13:00:00;3347.8;3348.2;3320.2;3326.3
2025-04-24 12:00:00;3350.2;3355.1;3345.9;3347.9
2025-04-24 11:00:00;3338.8;3355;3338.8;3349
2025-04-24 10:00:00;3344.3;3344.4;3333.5;3338.3
2025-04-24 09:00:00;3344.6;3357.3;3335;3343.9
2025-04-24 08:00:00;3350.8;3351.2;3339.2;3345
2025-04-24 07:00:00;3337.3;3352.5;3336;3349.8
2025-04-24 06:00:00;3340.5;3342.5;3329.5;3337.1
2025-04-24 05:00:00;3340.6;3349.7;3334.1;3340.6
2025-04-24 04:00:00;3339;3345.5;3338.2;3340.8
2025-04-24 03:00:00;3353;3353;3333.6;3340.6
2025-04-24 02:00:00;3368.2;3388.5;3347.8;3351.1
2025-04-24 01:00:00;3348.5;3378.9;3348.5;3367.1
2025-04-24 00:00:00;3332.5;3350.1;3328.4;3346.6
2025-04-23 23:00:00;3324.6;3333.9;3321.8;3330.5
2025-04-23 22:00:00;3300.8;3331.5;3299.1;3324.3
2025-04-23 21:00:00;3303.9;3306.8;3298.9;3302
2025-04-23 20:00:00;3308.9;3310;3300.1;3303.3
2025-04-23 19:00:00;3296.6;3312.2;3296.5;3309.6
2025-04-23 18:00:00;3298;3303.4;3292.8;3297.3
2025-04-23 17:00:00;3308.2;3314.7;3296.4;3298.1
2025-04-23 16:00:00;3301.2;3316.6;3298.9;3309
2025-04-23 15:00:00;3303.8;3308.7;3286.5;3296.8
2025-04-23 14:00:00;3291.5;3312.2;3281.5;3303.7
2025-04-23 13:00:00;3331.1;3331.3;3289.6;3290.6
2025-04-23 12:00:00;3338.5;3342.8;3329.1;3329.9
2025-04-23 11:00:00;3348.8;3354.6;3336;3338.6
2025-04-23 10:00:00;3337.4;3355;3337.4;3348.7
2025-04-23 09:00:00;3340.9;3357.2;3337.2;3337.7
2025-04-23 08:00:00;3337.2;3341.2;3319.6;3341.2
2025-04-23 07:00:00;3327.5;3339.1;3318.2;3338.6
2025-04-23 06:00:00;3350.7;3355.8;3318.5;3328
2025-04-23 05:00:00;3377;3379.1;3347.6;3350.6
2025-04-23 04:00:00;3368.7;3382.1;3364.3;3375.8
2025-04-23 03:00:00;3375.6;3378.9;3335.8;3368.8
2025-04-23 02:00:00;3397;3400.7;3371;3375.7
2025-04-23 01:00:00;3384.8;3403.1;3368.65;3400
2025-04-23 00:00:00;3345.4;3389.4;3341.98;3385.6
2025-04-22 23:00:00;3339.8;3357.5;3332.75;3344.8
2025-04-22 22:00:00;3370;3371.9;3325.67;3327.49
2025-04-22 21:00:00;3392.6;3398.3;3367;3367.2
2025-04-22 20:00:00;3391.8;3402.6;3388.8;3394.4
2025-04-22 19:00:00;3393.9;3397.4;3381.2;3391.9
2025-04-22 18:00:00;3414;3414.4;3386.2;3394.2
2025-04-22 17:00:00;3405.4;3422.5;3400.7;3414.8
2025-04-22 16:00:00;3432.8;3435.1;3384.2;3405.3
2025-04-22 15:00:00;3429.85;3441.9;3410.26;3432.5
2025-04-22 14:00:00;3418.27;3438.74;3418.08;3429.85
2025-04-22 13:00:00;3431.56;3449.35;3408.64;3418.46
2025-04-22 12:00:00;3456.43;3464.81;3424.41;3431.32
2025-04-22 11:00:00;3452.24;3460.84;3448.04;3456.53
2025-04-22 10:00:00;3454.5;3468.2;3451.26;3452.21
2025-04-22 09:00:00;3444.1;3458.73;3444.04;3454.49
2025-04-22 08:00:00;3468.48;3472.57;3443.33;3444.05
2025-04-22 07:00:00;3479.22;3480.42;3461;3468.5
2025-04-22 06:00:00;3494.26;3499.87;3475.3;3479.6
2025-04-22 05:00:00;3484.34;3495.4;3473.41;3494.21
2025-04-22 04:00:00;3487.65;3488.27;3479.42;3484.26
2025-04-22 03:00:00;3472.9;3494.57;3472.1;3487.95
2025-04-22 02:00:00;3452.89;3475.8;3442.32;3473.07
2025-04-22 01:00:00;3425.35;3454.82;3421.86;3452.9
2025-04-22 00:00:00;3434.44;3434.91;3413;3425.4
2025-04-21 23:00:00;3431.06;3444.32;3429.32;3434.39
2025-04-21 22:00:00;3423.49;3435.89;3423.3;3431.06
2025-04-21 20:00:00;3423.51;3427.05;3419.64;3422.8
2025-04-21 19:00:00;3426.4;3430.47;3417.45;3423.2
2025-04-21 18:00:00;3422.38;3426.59;3417.78;3426.34
2025-04-21 17:00:00;3414.59;3422.88;3406;3422.4
2025-04-21 16:00:00;3422.82;3424.05;3410.12;3414.52
2025-04-21 15:00:00;3417.31;3426.07;3408;3422.91
2025-04-21 14:00:00;3420.31;3430.22;3408.86;3416.75
2025-04-21 13:00:00;3415.92;3426.41;3405.42;3420.31
2025-04-21 12:00:00;3404.58;3415.65;3398.04;3415
2025-04-21 11:00:00;3394.55;3405.75;3386.65;3404.37
2025-04-21 10:00:00;3394.89;3397.73;3392;3394.86
2025-04-21 09:00:00;3392.68;3396.97;3391;3394.75
2025-04-21 08:00:00;3385.22;3394.22;3383.61;3392.63
2025-04-21 07:00:00;3392.09;3395.92;3381.72;3385.21
2025-04-21 06:00:00;3385.19;3393.12;3382.42;3392.51
2025-04-21 05:00:00;3376.29;3385.96;3375.84;3385.42
2025-04-21 04:00:00;3382;3382;3369.44;3376.34
2025-04-21 03:00:00;3384.63;3385.2;3378.21;3382.55
2025-04-21 02:00:00;3377.51;3384.96;3374.07;3384.75
2025-04-21 01:00:00;3368.44;3378.4;3367.13;3377.47
2025-04-21 00:00:00;3348.48;3370.13;3347.52;3368.57
2025-04-20 23:00:00;3346.18;3351.5;3343.81;3348.04
2025-04-20 22:00:00;3327.93;3352.83;3327.93;3346
2025-04-18 23:00:00;3326.27;3326.27;3326.27;3326.27
2025-04-18 22:00:00;3326.27;3326.27;3326.27;3326.27
2025-04-18 21:00:00;3326.27;3326.27;3326.27;3326.27
2025-04-18 20:00:00;3326.27;3326.27;3326.27;3326.27
2025-04-18 19:00:00;3326.27;3326.27;3326.27;3326.27
2025-04-18 16:00:00;3326.27;3326.27;3326.27;3326.27
2025-04-18 15:00:00;3326.27;3326.27;3326.27;3326.27
2025-04-18 14:00:00;3326.27;3326.27;3326.27;3326.27
2025-04-18 13:00:00;3326.27;3326.27;3326.27;3326.27
2025-04-18 12:00:00;3326.27;3326.27;3326.27;3326.27
2025-04-18 11:00:00;3326.27;3326.27;3326.27;3326.27
2025-04-18 09:00:00;3326.27;3326.27;3326.27;3326.27
2025-04-18 08:00:00;3326.27;3326.27;3326.27;3326.27
2025-04-18 06:00:00;3326.27;3326.27;3326.27;3326.27
2025-04-18 05:00:00;3326.27;3326.27;3326.27;3326.27
2025-04-18 04:00:00;3326.27;3326.27;3326.27;3326.27
2025-04-18 03:00:00;3326.27;3326.27;3326.27;3326.27
2025-04-18 01:00:00;3326.27;3326.27;3326.27;3326.27
2025-04-18 00:00:00;3326.27;3326.27;3326.27;3326.27
2025-04-17 22:00:00;3326.27;3326.27;3326.27;3326.27
2025-04-17 21:00:00;3326.27;3326.27;3326.27;3326.27
2025-04-17 20:00:00;3320.82;3328.5;3317.94;3326.19
2025-04-17 19:00:00;3316.2;3321.93;3311;3320.69
2025-04-17 18:00:00;3318.9;3321;3314.25;3316.31
2025-04-17 17:00:00;3315.99;3322.42;3314.19;3318.87
2025-04-17 16:00:00;3296.84;3318.54;3294.9;3315.79
2025-04-17 15:00:00;3291.87;3304.75;3290.79;3296.33
2025-04-17 14:00:00;3314.9;3314.9;3283.94;3291.24
2025-04-17 13:00:00;3328.95;3331.93;3312;3314.8
2025-04-17 12:00:00;3327.38;3341.85;3322.27;3328.14
2025-04-17 11:00:00;3327.62;3332.42;3322.45;3327.42
2025-04-17 10:00:00;3321.53;3333.7;3321.09;3327.45
2025-04-17 09:00:00;3324.11;3326.88;3320.58;3321.52
2025-04-17 08:00:00;3323.46;3324.81;3313.11;3324.1
2025-04-17 07:00:00;3328.8;3330.05;3314.19;3323.4
2025-04-17 06:00:00;3329.4;3333;3325.15;3328.78
2025-04-17 05:00:00;3341.61;3345.29;3328.4;3329.31
2025-04-17 04:00:00;3344.05;3344.23;3337.78;3341.53
2025-04-14 10:00:00;3223.95996;3224.71997;3220.76001;3222.050049
2025-04-14 09:00:00;3227.14990;3231.70996;3220.92993;3223.98999
2025-04-14 08:00:00;3228.39990;3230.070068;3216.61011;3227.12012
2025-04-14 07:00:00;3231;3233.83008;3224.91992;3227.90991
2025-04-14 06:00:00;3234.46997;3237.95996;3228.92993;3230.89990
2025-04-14 05:00:00;3227.39990;3236.18994;3221.46997;3234.58008
2025-04-14 04:00:00;3232.44995;3235.84009;3226.27002;3227.45996
2025-04-14 03:00:00;3232.040039;3234.75;3227.070068;3232.42993
2025-04-14 02:00:00;3239.57007;3245.76001;3229.66992;3232.040039
2025-04-14 01:00:00;3221.010010;3243.53003;3215.69995;3240.010010
2025-04-14 00:00:00;3223.92993;3227.40991;3219.34009;3220.98999
2025-04-13 23:00:00;3221.14990;3224.62012;3216.97998;3223.92993
2025-04-13 22:00:00;3222.11011;3224.72998;3213.87988;3221.20996
2025-04-11 20:00:00;3231;3239.27002;3231;3238.18994
2025-04-11 19:00:00;3235.64990;3235.72998;3227.46997;3230.95996
2025-04-11 18:00:00;3234.38989;3238.25;3231.22998;3235.87988
2025-04-11 17:00:00;3223.34009;3235.59009;3223.34009;3234.14990
2025-04-11 16:00:00;3240.73999;3245.36011;3219.86011;3223.43994
2025-04-11 15:00:00;3230.26001;3242.13989;3229.66992;3240.68994
2025-04-11 14:00:00;3224.15991;3237.93994;3223.19995;3230.33008
2025-04-11 13:00:00;3233.65991;3244.22998;3219.67993;3224.25
2025-04-11 12:00:00;3213.88989;3234.060059;3211.18994;3233.63989
2025-04-11 11:00:00;3213.12012;3224.80005;3211.60010;3213.88989
2025-04-11 10:00:00;3227.94995;3237.38989;3210.27002;3212.52002
2025-04-11 09:00:00;3215.96997;3230.29004;3211.95996;3227.85010
2025-04-11 08:00:00;3212.37012;3227.22998;3208.53003;3215.95996
2025-04-11 07:00:00;3197.27002;3213.010010;3194.25;3212.38989
2025-04-11 06:00:00;3196.36011;3209.60010;3190.31006;3196.81006
2025-04-11 05:00:00;3208.61011;3219.080078;3187.37012;3196.030029
2025-04-11 04:00:00;3217.72998;3218.22998;3208.57007;3208.62988
2025-04-11 03:00:00;3217.54004;3220.19995;3214.22998;3217.71997
2025-04-11 02:00:00;3207.40991;3219.77002;3206.13989;3217.67993
2025-04-11 01:00:00;3205.28003;3219.55005;3201.14990;3207.23999
2025-04-11 00:00:00;3189.010010;3218.070068;3185.22998;3205.76001
2025-04-10 23:00:00;3189.31006;3191.42993;3183.18994;3188.97998
2025-04-10 22:00:00;3177.28003;3189.87012;3176.51001;3189.17993
2025-04-10 20:00:00;3171.030029;3176.41992;3168.61011;3175.47998
2025-04-10 19:00:00;3173.46997;3176.34009;3168.10010;3171.12012
2025-04-10 18:00:00;3162.91992;3175.64990;3158.12988;3173.47998
2025-04-10 17:00:00;3158.56006;3165.5;3151.68994;3162.85010
2025-04-10 16:00:00;3158.040039;3167.25;3154.14990;3158.64990
2025-04-10 15:00:00;3154.64990;3175.050049;3154.64990;3158.26001
2025-04-10 14:00:00;3117.070068;3154.76001;3117.010010;3154.52002
2025-04-10 13:00:00;3124.070068;3136.48999;3116.28003;3116.95996
2025-04-10 12:00:00;3124.73999;3133.69995;3116.48999;3123.090088
2025-04-10 11:00:00;3120.91992;3125.66992;3113.39990;3124.51001
2025-04-10 10:00:00;3116.78003;3122.61011;3114.42993;3119.90991
2025-04-10 09:00:00;3105.050049;3118.020020;3103.67993;3116.75
2025-04-10 08:00:00;3108.89990;3115.65991;3104.75;3105.060059
2025-04-10 07:00:00;3122.39990;3123.43994;3106.75;3108.86011
2025-04-10 06:00:00;3122.35010;3126.56006;3119.030029;3122.31006
2025-04-10 05:00:00;3125.31006;3132.66992;3112.75;3122.64990
2025-04-10 04:00:00;3125.47998;3129.51001;3121.16992;3125.37012
2025-04-10 03:00:00;3119.32007;3131.77002;3115.41992;3125.5
2025-04-10 02:00:00;3094.15991;3120.52002;3094.070068;3119.33008
2025-04-10 01:00:00;3097.88989;3100.76001;3078.59009;3094.13989
2025-04-10 00:00:00;3087.19995;3101.38989;3081.13989;3097.43994
2025-04-09 23:00:00;3080.62012;3088.75;3079.77002;3086.78003
2025-04-09 22:00:00;3081.51001;3089.94995;3071.62012;3080.22998
2025-04-09 20:00:00;3093.61011;3095.38989;3078.34009;3083.16992
2025-04-09 19:00:00;3067.20996;3099.46997;3064.32007;3093.78003
2025-04-09 18:00:00;3059.53003;3073.55005;3048.83008;3067.18994
2025-04-09 17:00:00;3092.62012;3099.050049;3051.44995;3060.37012
2025-04-09 16:00:00;3086.43994;3094.88989;3082.69995;3092.37012
2025-04-09 15:00:00;3070.22998;3087.83008;3065.39990;3086.37012
2025-04-09 14:00:00;3075.58008;3084.71997;3068.47998;3070.59009
2025-04-09 13:00:00;3048.050049;3077.96997;3047.59009;3075.35010
2025-04-09 12:00:00;3066.63989;3072.76001;3042.76001;3047.35010
2025-04-09 11:00:00;3043.52002;3067.86011;3036.010010;3066.65991
2025-04-09 10:00:00;3045.060059;3047.12988;3038.30005;3043.030029
2025-04-09 09:00:00;3043.97998;3049.82007;3039.10010;3045.010010
2025-04-09 08:00:00;3040.84009;3051.090088;3038.38989;3044.16992
2025-04-09 07:00:00;3038.95996;3052.10010;3034.47998;3040.98999
2025-04-09 06:00:00;3015.63989;3040.94995;3015.11011;3039.010010
2025-04-09 05:00:00;3012.31006;3020.62012;3005.56006;3015.66992
2025-04-09 04:00:00;3004.59009;3014.18994;3000.040039;3012.45996
2025-04-09 03:00:00;3002.90991;3009.46997;3002.64990;3004.57007
2025-04-09 02:00:00;3009.20996;3011.26001;3000.12988;3003.10010
2025-04-09 01:00:00;2980.35010;3009.86011;2972.58008;3008.59009
2025-04-09 00:00:00;2978.48999;2987.14990;2974.84009;2980.45996
2025-04-08 23:00:00;2982.47998;2990.81006;2970.13989;2978.17993
2025-04-08 22:00:00;2984.53003;2985.54004;2980.37012;2982
2025-04-08 20:00:00;2985.010010;2986.59009;2977.15991;2982.15991
2025-04-08 19:00:00;2983.52002;2987.62988;2976.73999;2985.15991
2025-04-08 18:00:00;2985.19995;2992.29004;2979.41992;2983.70996
2025-04-08 17:00:00;2986.13989;2987.59009;2975.060059;2985.22998
2025-04-08 16:00:00;3001.43994;3001.55005;2984.48999;2986.090088
2025-04-08 15:00:00;3006.18994;3012.13989;3001.37988;3001.58008
2025-04-08 14:00:00;3010.19995;3018.19995;3005.97998;3006.19995
2025-04-08 13:00:00;3002.58008;3022.67993;3002.58008;3010.39990
2025-04-08 12:00:00;3017.43994;3019.53003;3002.5;3002.59009
2025-04-08 11:00:00;3008.94995;3019.37012;3008.70996;3017.46997
2025-04-08 10:00:00;3007.010010;3010.29004;3004.13989;3009
2025-04-08 09:00:00;3007.5;3007.84009;2994.98999;3007.040039
2025-04-08 08:00:00;3003.84009;3009.34009;3001.41992;3007.57007
2025-04-08 07:00:00;3013.37012;3013.97998;3002.13989;3003.77002
2025-04-08 06:00:00;3005.43994;3015.64990;3002.62988;3013.35010
2025-04-08 05:00:00;3002.050049;3008.13989;2999.46997;3005.65991
2025-04-08 04:00:00;2994.60010;3003.030029;2990.87988;3002.37012
2025-04-08 03:00:00;3001;3001.080078;2993.53003;2994.75
2025-04-08 02:00:00;2999.68994;3004.88989;2998.23999;3000.92993
2025-04-08 01:00:00;2985.45996;3003.16992;2983.77002;2999.89990
2025-04-08 00:00:00;2981.15991;2992.76001;2980.46997;2985.40991
2025-04-07 23:00:00;2986.72998;2987.39990;2978.63989;2981.34009
2025-04-07 22:00:00;2982.71997;2988.72998;2981.5;2986.78003
2025-04-07 20:00:00;2976.34009;2986.060059;2970.33008;2982.030029
2025-04-07 19:00:00;2965.90991;2982.090088;2965.57007;2976.88989
2025-04-07 18:00:00;2970.10010;2976.66992;2964.19995;2965.98999
2025-04-07 17:00:00;2970.63989;2975.32007;2956.90991;2970.33008
2025-04-07 16:00:00;2987.62012;2987.87012;2970.27002;2970.57007
2025-04-07 15:00:00;2999.59009;3004.68994;2980.070068;2987.59009
2025-04-07 14:00:00;3014.98999;3037.93994;2996.81006;2999.33008
2025-04-07 13:00:00;3031.30005;3034.020020;3002.43994;3015.53003
2025-04-07 12:00:00;3031.42993;3033.030029;3015.010010;3031.37988
2025-04-07 11:00:00;3031.10010;3046.20996;3030.30005;3031.25
2025-04-07 10:00:00;3025.18994;3036.48999;3024.35010;3031.42993
2025-04-07 09:00:00;3031.39990;3033.53003;3019.80005;3025.060059
2025-04-07 08:00:00;3018.91992;3035.43994;3017.90991;3031.35010
2025-04-07 07:00:00;3029.70996;3030.81006;3013.41992;3018.61011
2025-04-07 06:00:00;3031.83008;3033.72998;3016.90991;3029.52002
2025-04-07 05:00:00;3035.45996;3044.62012;3024.96997;3032.030029
2025-04-07 04:00:00;3019.15991;3035.79004;3019.15991;3035.63989
2025-04-07 03:00:00;3025.37012;3034;3017.36011;3018.95996
2025-04-07 02:00:00;3038.63989;3055.63989;3024.37012;3026.010010
2025-04-07 01:00:00;2978.62988;3054.90991;2972.39990;3038.42993
2025-04-07 00:00:00;2999.90991;3009.14990;2973;2979.17993
2025-04-06 23:00:00;3009.48999;3017.23999;2977.67993;2999.90991
2025-04-06 22:00:00;3029.89990;3032.34009;2979.94995;3010
2025-04-04 20:00:00;3036.31006;3041.070068;3033.89990;3038.17993
2025-04-04 19:00:00;3025.85010;3040.90991;3022.10010;3036.47998
2025-04-04 18:00:00;3025.73999;3027.90991;3018.13989;3025.62012
2025-04-04 17:00:00;3031.060059;3032.95996;3016.16992;3026.020020
2025-04-04 16:00:00;3022.040039;3036.87988;3017.81006;3031.27002
2025-04-04 15:00:00;3037.76001;3050.33008;3017.35010;3022.040039
2025-04-04 14:00:00;3061.34009;3061.37012;3027.21997;3038.58008
2025-04-04 13:00:00;3071.090088;3087.44995;3059.96997;3061.89990
2025-04-04 12:00:00;3111.40991;3111.65991;3070.020020;3071.37988
2025-04-04 11:00:00;3110.68994;3136.28003;3095.78003;3110.31006
2025-04-04 10:00:00;3090.80005;3116.28003;3090.72998;3110.44995
2025-04-04 09:00:00;3084.060059;3096.030029;3083.94995;3090.71997
2025-04-04 08:00:00;3092.92993;3094.15991;3078.47998;3084.25
2025-04-04 07:00:00;3100.84009;3103.44995;3092.17993;3092.90991
2025-04-04 06:00:00;3108.87988;3109.94995;3100.65991;3101.17993
2025-04-04 05:00:00;3099.92993;3108.87988;3099.020020;3108.87988
2025-04-04 04:00:00;3098.45996;3105.020020;3096.18994;3100.20996
2025-04-04 03:00:00;3096.90991;3099.13989;3087.37988;3098.44995
2025-04-04 02:00:00;3110.020020;3113.050049;3091.45996;3096.95996
2025-04-04 01:00:00;3110.58008;3115.84009;3109.29004;3109.89990
2025-04-04 00:00:00;3112.89990;3115.16992;3106.070068;3110.66992
2025-04-03 23:00:00;3115.48999;3116.43994;3109.93994;3113.070068
2025-04-03 22:00:00;3114.59009;3116.86011;3112.55005;3115.43994
2025-04-03 20:00:00;3107.71997;3119.75;3107.51001;3114.13989
2025-04-03 19:00:00;3111.75;3113.26001;3101.65991;3107.63989
2025-04-03 18:00:00;3109.60010;3111.77002;3102.22998;3111.72998
2025-04-03 17:00:00;3107.5;3109.91992;3100.21997;3109.61011
2025-04-03 16:00:00;3110.76001;3114.25;3101.94995;3107.62988
2025-04-03 15:00:00;3129.030029;3129.34009;3104.45996;3110.78003
2025-04-03 14:00:00;3089.12012;3135.59009;3088.26001;3128.71997
2025-04-03 13:00:00;3076.37012;3093.45996;3054.31006;3086.26001
2025-04-03 12:00:00;3093.85010;3094.81006;3062.37988;3076.43994
2025-04-03 11:00:00;3095.12012;3099.87012;3085.39990;3093.17993
2025-04-03 10:00:00;3121.75;3123.030029;3090.65991;3095.55005
2025-04-03 09:00:00;3129.26001;3129.62988;3121.87012;3121.87012
2025-04-03 08:00:00;3129.35010;3132.15991;3126.19995;3129.22998
2025-04-03 07:00:00;3127.15991;3130.27002;3119.98999;3129.26001
2025-04-03 06:00:00;3132.040039;3134.080078;3116.85010;3127.57007
2025-04-03 05:00:00;3140.39990;3141.080078;3124.36011;3131.54004
2025-04-03 04:00:00;3147.90991;3149.79004;3139.12988;3140.61011
2025-04-03 03:00:00;3145.54004;3152.25;3144.91992;3147.95996
2025-04-03 02:00:00;3153.47998;3155.37988;3142.37988;3145.21997
2025-04-03 01:00:00;3151.31006;3163.050049;3148.10010;3153.46997
2025-04-03 00:00:00;3162.75;3164.90991;3140.82007;3151.26001
2025-04-02 23:00:00;3145.89990;3167.70996;3145.89990;3162.66992
2025-04-02 22:00:00;3131.39990;3147.37012;3122.53003;3145.78003
2025-04-02 20:00:00;3124.41992;3144.010010;3105.40991;3133.030029
2025-04-02 19:00:00;3122.040039;3127.32007;3121.72998;3124.19995
2025-04-02 18:00:00;3123.69995;3126.31006;3118.93994;3121.96997
2025-04-02 17:00:00;3131.44995;3131.44995;3120.85010;3123.67993
2025-04-02 16:00:00;3125.98999;3134.30005;3125.98999;3131.45996
2025-04-02 15:00:00;3124.94995;3128.14990;3121.25;3125.76001
2025-04-02 14:00:00;3122.66992;3129.45996;3119.53003;3124.95996
2025-04-02 13:00:00;3121.85010;3132.090088;3116.72998;3122.52002
2025-04-02 12:00:00;3121.41992;3127.36011;3117.12988;3122.5
2025-04-02 11:00:00;3114.47998;3123.95996;3114.40991;3121.37988
2025-04-02 10:00:00;3131.12012;3131.42993;3110.36011;3114.37012
2025-04-02 09:00:00;3131.5;3131.55005;3127.10010;3131.12988
2025-04-02 08:00:00;3125.32007;3133.76001;3123.55005;3131.36011
2025-04-02 07:00:00;3116.83008;3126.15991;3112.22998;3125.29004
2025-04-02 06:00:00;3118.070068;3119.70996;3114.080078;3116.55005
2025-04-02 05:00:00;3116.050049;3119.31006;3110.050049;3118.12012
2025-04-02 04:00:00;3125.67993;3126.84009;3115.61011;3115.77002
2025-04-02 03:00:00;3128.31006;3132.070068;3124.67993;3125.62988
2025-04-02 02:00:00;3133.27002;3135.77002;3128.54004;3128.60010
2025-04-02 01:00:00;3123.43994;3135.31006;3121.47998;3133.20996
2025-04-02 00:00:00;3115.39990;3123.79004;3113.18994;3122.94995
2025-04-01 23:00:00;3111.52002;3116.14990;3111.33008;3115.29004
2025-04-01 22:00:00;3114.34009;3114.87012;3107.89990;3111.43994
2025-04-01 20:00:00;3118.67993;3120.69995;3113.56006;3114.37012
2025-04-01 19:00:00;3114.20996;3118.89990;3113.83008;3118.69995
2025-04-01 18:00:00;3113.80005;3118.76001;3113.42993;3114.16992
2025-04-01 17:00:00;3106.66992;3114.61011;3105.85010;3113.92993
2025-04-01 16:00:00;3113.46997;3116.84009;3100.90991;3106.65991
2025-04-01 15:00:00;3128.70996;3133.12988;3113.57007;3113.81006
2025-04-01 14:00:00;3134.16992;3135.37988;3124.020020;3128.79004
2025-04-01 13:00:00;3133.55005;3137.21997;3128.34009;3134.11011
2025-04-01 12:00:00;3130.87988;3134.52002;3127.83008;3133.62988
2025-04-01 11:00:00;3132.36011;3135.89990;3128.72998;3130.42993
2025-04-01 10:00:00;3132.42993;3139;3130.91992;3132.25
2025-04-01 09:00:00;3131.070068;3134.12988;3130.19995;3132.41992
2025-04-01 08:00:00;3127.060059;3135.71997;3126.55005;3131.050049
2025-04-01 07:00:00;3133.52002;3137.71997;3124.15991;3127.70996
2025-04-01 06:00:00;3131.60010;3138.32007;3126.72998;3133.76001
2025-04-01 05:00:00;3144.82007;3149.030029;3130.89990;3132.11011
2025-04-01 04:00:00;3146.090088;3148;3142.91992;3144.81006
2025-04-01 03:00:00;3145.14990;3147.45996;3142.67993;3146.10010
2025-04-01 02:00:00;3135.16992;3145.67993;3133.040039;3145.21997
2025-04-01 01:00:00;3127.060059;3138.26001;3126.67993;3135.44995
2025-04-01 00:00:00;3120.65991;3128.090088;3120.43994;3127.36011
2025-03-31 23:00:00;3122.87012;3126.5;3120.17993;3120.54004
2025-03-31 22:00:00;3125.22998;3125.80005;3121.80005;3122.86011
2025-03-31 20:00:00;3124.35010;3124.80005;3122.97998;3124.020020
2025-03-31 19:00:00;3121.42993;3124.69995;3121;3124.55005
2025-03-31 18:00:00;3117.93994;3123.41992;3117.47998;3121.46997
2025-03-31 17:00:00;3117.43994;3120.33008;3116.090088;3117.91992
2025-03-31 16:00:00;3113.85010;3120.69995;3111.72998;3117.86011
2025-03-31 15:00:00;3123.55005;3127.12988;3113;3113.72998
2025-03-31 14:00:00;3113.27002;3123.63989;3111.050049;3123.31006
2025-03-31 13:00:00;3123.92993;3124.82007;3100.020020;3113.47998
2025-03-31 12:00:00;3119.56006;3126.37988;3118.20996;3124.62988
2025-03-31 11:00:00;3118.58008;3119.76001;3113.46997;3119.62012
2025-03-31 10:00:00;3114.95996;3123.48999;3112;3118.45996
2025-03-31 09:00:00;3122.050049;3123.40991;3111.95996;3115.16992
2025-03-31 08:00:00;3123.90991;3127.22998;3121.19995;3122.36011
2025-03-31 07:00:00;3119.57007;3125.37988;3118.76001;3124.56006
2025-03-31 06:00:00;3116.41992;3127.87988;3113.44995;3119.35010
2025-03-31 05:00:00;3113.10010;3119.89990;3107.62988;3116.80005
2025-03-31 04:00:00;3107.14990;3115.95996;3105.98999;3113.42993
2025-03-31 03:00:00;3106.79004;3111.79004;3105.33008;3107.15991
2025-03-31 02:00:00;3094.54004;3107.10010;3093.98999;3106.78003
2025-03-31 01:00:00;3078.89990;3095.32007;3076.82007;3094.86011
2025-03-31 00:00:00;3089.47998;3089.71997;3077.70996;3079.12988
2025-03-30 23:00:00;3090.18994;3090.98999;3087.96997;3089.18994
2025-03-30 22:00:00;3093;3097.80005;3088.58008;3090.19995
2025-03-28 20:00:00;3080.85010;3086.18994;3080.85010;3085.28003
2025-03-28 19:00:00;3079.71997;3081.89990;3079.47998;3080.96997
2025-03-28 18:00:00;3077.73999;3080.53003;3073.66992;3079.75
2025-03-28 17:00:00;3084.36011;3086.010010;3076.17993;3077.45996
2025-03-28 16:00:00;3083.68994;3086.71997;3080.45996;3083.96997
2025-03-28 15:00:00;3069.89990;3085.69995;3067.55005;3083.95996
2025-03-28 14:00:00;3083.17993;3086.80005;3068.13989;3070.42993
2025-03-28 13:00:00;3077.62012;3084.15991;3070.86011;3083.18994
2025-03-28 12:00:00;3076.5;3081.92993;3072.61011;3077.48999
2025-03-28 11:00:00;3074.41992;3079.94995;3074.28003;3076.36011
2025-03-28 10:00:00;3073.020020;3074.72998;3067.5;3074.44995
2025-03-28 09:00:00;3073.29004;3076.20996;3069.81006;3073.010010
2025-03-28 08:00:00;3079.34009;3081.31006;3066.18994;3073
2025-03-28 07:00:00;3084.64990;3086.080078;3077.70996;3079.44995
2025-03-28 06:00:00;3077.60010;3084.94995;3076.82007;3084.83008
2025-03-28 05:00:00;3074.090088;3082.21997;3072.63989;3078.010010
2025-03-28 04:00:00;3075.25;3075.39990;3072.61011;3073.87988
2025-03-28 03:00:00;3071.88989;3076.65991;3069.77002;3075.27002
2025-03-28 02:00:00;3074.080078;3077.66992;3070.22998;3071.98999
2025-03-28 01:00:00;3062.040039;3074.12988;3062.040039;3074.070068
2025-03-28 00:00:00;3055.23999;3063.44995;3055.12988;3061.97998
2025-03-27 23:00:00;3055.27002;3056.12012;3054.25;3055.76001
2025-03-27 22:00:00;3056.050049;3057.68994;3054.62012;3055.17993
2025-03-27 20:00:00;3057.53003;3057.57007;3055.13989;3056.80005
2025-03-27 19:00:00;3055.93994;3057.86011;3055.020020;3057.58008
2025-03-27 18:00:00;3052.85010;3057.54004;3052.83008;3055.94995
2025-03-27 17:00:00;3048.52002;3053.28003;3048.020020;3052.94995
2025-03-27 16:00:00;3052.26001;3054.27002;3048.010010;3048.48999
2025-03-27 15:00:00;3058.26001;3059.14990;3051.52002;3052.16992
2025-03-27 14:00:00;3041.030029;3059.58008;3041;3057.67993
2025-03-27 13:00:00;3050.12012;3052.16992;3033.69995;3040.73999
2025-03-27 12:00:00;3054.79004;3056;3047.20996;3050.18994
2025-03-27 11:00:00;3051.55005;3055.55005;3049.040039;3054.66992
2025-03-27 10:00:00;3040.050049;3055.79004;3039.89990;3051.37988
2025-03-27 09:00:00;3036.38989;3041.080078;3034.73999;3040.030029
2025-03-27 08:00:00;3035.98999;3037.94995;3033.94995;3036.23999
2025-03-27 07:00:00;3029.85010;3036.78003;3029.38989;3035.94995
2025-03-27 06:00:00;3029.67993;3033.36011;3026.92993;3030.23999
2025-03-27 05:00:00;3034.23999;3035.94995;3029.47998;3029.72998
2025-03-27 04:00:00;3033.66992;3038.61011;3031.84009;3034.16992
2025-03-27 03:00:00;3032.030029;3034.32007;3029.81006;3033.71997
2025-03-27 02:00:00;3023.67993;3032.87012;3023.47998;3031.79004
2025-03-27 01:00:00;3025.45996;3028.41992;3023;3023.65991
2025-03-27 00:00:00;3021.64990;3025.80005;3021.64990;3025.5
2025-03-26 23:00:00;3019.45996;3021.85010;3017.69995;3021.61011
2025-03-26 22:00:00;3020.37988;3021.12012;3018.14990;3019.35010
2025-03-26 20:00:00;3017.31006;3021.84009;3017.23999;3019.28003
2025-03-26 19:00:00;3018.59009;3019.070068;3015.78003;3017.20996
2025-03-26 18:00:00;3018.87988;3020.90991;3018.26001;3018.32007
2025-03-26 17:00:00;3015.73999;3019.060059;3015.37012;3018.81006
2025-03-26 16:00:00;3016.010010;3020.090088;3015.32007;3015.72998
2025-03-26 15:00:00;3017.27002;3018.82007;3012.44995;3015.94995
2025-03-26 14:00:00;3016.71997;3021.70996;3015.040039;3017.44995
2025-03-26 13:00:00;3026.88989;3027.32007;3016;3016.73999
2025-03-26 12:00:00;3027.61011;3030.080078;3025.5;3027.12988
2025-03-26 11:00:00;3023.37012;3030.42993;3023.37012;3027.63989
2025-03-26 10:00:00;3018.62012;3024.88989;3017.23999;3023.41992
2025-03-26 09:00:00;3024.16992;3024.16992;3017.63989;3018.81006
2025-03-26 08:00:00;3030.70996;3032.13989;3023.66992;3024.060059
2025-03-26 07:00:00;3026.090088;3030.88989;3025.11011;3030.55005
2025-03-26 06:00:00;3022.71997;3026.40991;3022.17993;3026.27002
2025-03-26 05:00:00;3015.40991;3024.23999;3013.34009;3022.60010
2025-03-26 04:00:00;3017.62988;3017.77002;3014.40991;3015.27002
2025-03-26 03:00:00;3024.23999;3024.29004;3016.55005;3017.59009
2025-03-26 02:00:00;3024.91992;3026.89990;3022.91992;3024.41992
2025-03-26 01:00:00;3018.17993;3025.56006;3016.5;3024.87012
2025-03-26 00:00:00;3021.030029;3022.20996;3017.94995;3018.23999
2025-03-25 23:00:00;3021.45996;3021.88989;3020.65991;3021.070068
2025-03-25 22:00:00;3019.83008;3022.51001;3019.70996;3021.39990
2025-03-25 20:00:00;3019.65991;3020.86011;3018.88989;3020.030029
2025-03-25 19:00:00;3018.51001;3020.77002;3017.91992;3019.63989
2025-03-25 18:00:00;3022.68994;3022.87988;3017.91992;3018.56006
2025-03-25 17:00:00;3023.37012;3023.37012;3019.86011;3022.69995
2025-03-25 16:00:00;3021.68994;3025.62988;3021.57007;3023.26001
2025-03-25 15:00:00;3025.060059;3028.060059;3018.19995;3021.63989
2025-03-25 14:00:00;3028.83008;3036.050049;3025.12012;3025.12012
2025-03-25 13:00:00;3021.85010;3030.65991;3021.040039;3028.90991
2025-03-25 12:00:00;3020.83008;3023.33008;3014.35010;3021.83008
2025-03-25 11:00:00;3024;3026.53003;3020.5;3020.79004
2025-03-25 10:00:00;3023.36011;3024.90991;3020.70996;3023.63989
2025-03-25 09:00:00;3021.22998;3023.56006;3019.090088;3023.41992
2025-03-25 08:00:00;3011.25;3021.97998;3010.69995;3021.38989
2025-03-25 07:00:00;3018.12988;3018.12988;3010.65991;3011.26001
2025-03-25 06:00:00;3018.40991;3018.66992;3014.90991;3017.80005
2025-03-25 05:00:00;3015.31006;3020.92993;3014.41992;3018.39990
2025-03-25 04:00:00;3015.35010;3016.41992;3014.75;3015.31006
2025-03-25 03:00:00;3009.25;3016.27002;3008.68994;3015.27002
2025-03-25 02:00:00;3011.92993;3012.40991;3007.63989;3009.21997
2025-03-25 01:00:00;3014.27002;3014.62012;3010.60010;3011.94995
2025-03-25 00:00:00;3010.41992;3014.96997;3009.20996;3014.23999
2025-03-24 23:00:00;3011.61011;3012.44995;3009.47998;3010.010010
2025-03-24 22:00:00;3011.71997;3012.57007;3009.090088;3011.59009
2025-03-24 20:00:00;3006.19995;3014.72998;3005.73999;3012.28003
2025-03-24 19:00:00;3006.94995;3008.27002;3005.12012;3006.18994
2025-03-24 18:00:00;3007.18994;3008.18994;3002.62012;3006.87012
2025-03-24 17:00:00;3009.84009;3010.020020;3005.96997;3007.20996
2025-03-24 16:00:00;3014.10010;3015.66992;3008.13989;3009.79004
2025-03-24 15:00:00;3012.32007;3015.32007;3005.94995;3014.080078
2025-03-24 14:00:00;3022.46997;3024.060059;3008.090088;3012.15991
2025-03-24 13:00:00;3024.23999;3028.32007;3019.15991;3022.91992
2025-03-24 12:00:00;3024.61011;3028.67993;3022.47998;3024.22998
2025-03-24 11:00:00;3027.97998;3029.28003;3024.48999;3024.66992
2025-03-24 10:00:00;3023.61011;3033.38989;3023.58008;3028.12012
2025-03-24 09:00:00;3029.17993;3031.040039;3022.70996;3023.60010
2025-03-24 08:00:00;3022.73999;3029.020020;3021.97998;3028.84009
2025-03-24 07:00:00;3025.23999;3028.95996;3021.050049;3022.41992
2025-03-24 06:00:00;3022.040039;3025.70996;3017.42993;3025.080078
2025-03-24 05:00:00;3019.42993;3023.16992;3019.15991;3022.12012
2025-03-24 04:00:00;3017.060059;3020.10010;3016.63989;3019.54004
2025-03-24 03:00:00;3016.38989;3019.81006;3015.84009;3016.98999
2025-03-24 02:00:00;3021.12012;3024.46997;3013.81006;3016.31006
2025-03-24 01:00:00;3018.58008;3025.59009;3018.35010;3020.86011
2025-03-24 00:00:00;3024.56006;3025.54004;3017.17993;3018.57007
2025-03-23 23:00:00;3025.42993;3026.41992;3023.41992;3024.82007
2025-03-23 22:00:00;3023.30005;3026.18994;3022.22998;3025.62988
2025-03-21 20:00:00;3020.040039;3024.14990;3020.030029;3023.85010
2025-03-21 19:00:00;3017.52002;3022.010010;3016.070068;3019.94995
2025-03-21 18:00:00;3013.75;3021.61011;3013.59009;3017.62988
2025-03-21 17:00:00;3015.40991;3018.28003;3012.98999;3013.71997
2025-03-21 16:00:00;3011.19995;3016.91992;3010.81006;3015.31006
2025-03-21 15:00:00;3016;3018.010010;3010.15991;3011.20996
2025-03-21 14:00:00;3006.52002;3016.75;2999.47998;3015.81006
2025-03-21 13:00:00;3034.060059;3036.85010;3004.33008;3006.62988
2025-03-21 12:00:00;3034.43994;3038.18994;3033.55005;3034.19995
2025-03-21 11:00:00;3030.89990;3037.73999;3028.95996;3034.45996
2025-03-21 10:00:00;3029.81006;3033.48999;3029.76001;3030.92993
2025-03-21 09:00:00;3032.85010;3033.16992;3027.85010;3029.70996
2025-03-21 08:00:00;3032.17993;3034.94995;3027.31006;3033.050049
2025-03-21 07:00:00;3029.22998;3033.5;3028.23999;3032.14990
2025-03-21 06:00:00;3028.20996;3034.030029;3027.56006;3029.86011
2025-03-21 05:00:00;3029.77002;3030.41992;3021.81006;3028.13989
2025-03-21 04:00:00;3030.61011;3032.11011;3028.040039;3029.82007
2025-03-21 03:00:00;3034.83008;3034.83008;3030.12988;3030.63989
2025-03-21 02:00:00;3036.050049;3037.080078;3034;3034.80005
2025-03-21 01:00:00;3042.86011;3044.61011;3035.88989;3035.92993
2025-03-21 00:00:00;3046.71997;3047.51001;3042.39990;3042.81006
2025-03-20 23:00:00;3045.83008;3046.62988;3044.51001;3046.41992
2025-03-20 22:00:00;3045.12988;3046.11011;3043.62988;3045.84009
2025-03-20 20:00:00;3044.81006;3045.87988;3044.36011;3044.72998
2025-03-20 19:00:00;3043.34009;3045.98999;3043.34009;3044.82007
2025-03-20 18:00:00;3041.88989;3045.41992;3040.95996;3043.38989
2025-03-20 17:00:00;3038.36011;3041.97998;3035.050049;3041.76001
2025-03-20 16:00:00;3040.84009;3043.16992;3034.090088;3038.33008
2025-03-20 15:00:00;3040.29004;3041.89990;3037.70996;3040.77002
2025-03-20 14:00:00;3032.79004;3040.81006;3030.72998;3040.33008
2025-03-20 13:00:00;3040.76001;3040.76001;3030.040039;3033.060059
2025-03-20 12:00:00;3034.55005;3042.34009;3033.54004;3040.94995
2025-03-20 11:00:00;3034.35010;3035.17993;3029.36011;3034.62012
2025-03-20 10:00:00;3041.32007;3041.47998;3025.76001;3034.36011
2025-03-20 09:00:00;3041.86011;3046.36011;3040.77002;3041.47998
2025-03-20 08:00:00;3042.35010;3043.86011;3038.83008;3041.97998
2025-03-20 07:00:00;3048.62012;3048.62012;3041.95996;3042.37988
2025-03-20 06:00:00;3047.010010;3051.56006;3045.78003;3049.11011
2025-03-20 05:00:00;3052.54004;3053.53003;3045.060059;3046.98999
2025-03-20 04:00:00;3050.020020;3057.36011;3048.21997;3052.39990
2025-03-20 03:00:00;3045.86011;3050.54004;3045.53003;3049.98999
2025-03-20 02:00:00;3049.61011;3052.29004;3045.10010;3045.71997
2025-03-20 01:00:00;3053.28003;3056.32007;3049.38989;3049.62988
2025-03-20 00:00:00;3050.28003;3055.63989;3050.25;3053.25
2025-03-19 23:00:00;3050.040039;3051.31006;3048.86011;3050.12012
2025-03-19 22:00:00;3049.20996;3050.62012;3047.10010;3050.25
2025-03-19 20:00:00;3047.82007;3048.22998;3044.36011;3047.38989
2025-03-19 19:00:00;3046.92993;3051.98999;3041.040039;3047.87988
2025-03-19 18:00:00;3030.45996;3048.77002;3030.36011;3046.84009
2025-03-19 17:00:00;3033.33008;3034.17993;3029.58008;3030.52002
2025-03-19 16:00:00;3031.65991;3038.43994;3031.47998;3033.20996
2025-03-19 15:00:00;3027.64990;3033.020020;3026.85010;3031.60010
2025-03-19 14:00:00;3033.10010;3033.10010;3025.96997;3027.65991
2025-03-19 13:00:00;3037.37012;3038.34009;3027.79004;3033.29004
2025-03-19 12:00:00;3039.070068;3041.13989;3036.64990;3037.21997
2025-03-19 11:00:00;3034.69995;3039.97998;3033.88989;3039.11011
2025-03-19 10:00:00;3030.54004;3037.91992;3028.44995;3034.78003
2025-03-19 09:00:00;3024.97998;3031.40991;3022.95996;3030.52002
2025-03-19 08:00:00;3035.84009;3037.11011;3024.87012;3025.21997
2025-03-19 07:00:00;3042.31006;3042.89990;3035.65991;3035.92993
2025-03-19 06:00:00;3044.57007;3044.87012;3034.62988;3042.29004
2025-03-19 05:00:00;3036.52002;3045.38989;3036.51001;3044.37012
2025-03-19 04:00:00;3036.11011;3037.66992;3034.36011;3036.46997
2025-03-19 03:00:00;3033.48999;3039;3032.41992;3036.36011
2025-03-19 02:00:00;3029.45996;3033.87012;3029.13989;3033.45996
2025-03-19 01:00:00;3031.69995;3032.72998;3027.52002;3029.52002
2025-03-19 00:00:00;3031.72998;3034.070068;3030.51001;3031.54004
2025-03-18 23:00:00;3034.57007;3035.12988;3031.60010;3031.82007
2025-03-18 22:00:00;3034.060059;3034.73999;3032.68994;3034.56006
2025-03-18 20:00:00;3035.77002;3036.020020;3033.42993;3034.12988
2025-03-18 19:00:00;3035.71997;3038.030029;3035.36011;3035.52002
2025-03-18 18:00:00;3032.62988;3036.39990;3032.55005;3035.90991
2025-03-18 17:00:00;3036.12012;3036.27002;3029.92993;3032.64990
2025-03-18 16:00:00;3031.77002;3037.040039;3030.52002;3036.010010
2025-03-18 15:00:00;3027.95996;3032.60010;3025.26001;3031.82007
2025-03-18 14:00:00;3033.18994;3033.18994;3024.70996;3028.010010
2025-03-18 13:00:00;3034.38989;3038.33008;3026.39990;3033.33008
2025-03-18 12:00:00;3027.13989;3035.83008;3026.85010;3034.29004
2025-03-18 11:00:00;3024.080078;3029.62012;3022.54004;3026.98999
2025-03-18 10:00:00;3020.050049;3025.81006;3019.67993;3024.040039
2025-03-18 09:00:00;3026.91992;3028.48999;3018.36011;3020.26001
2025-03-18 08:00:00;3016.56006;3027.31006;3016.56006;3026.57007
2025-03-18 07:00:00;3015.54004;3018.96997;3014.64990;3016.57007
2025-03-18 06:00:00;3012.050049;3017.66992;3010.65991;3015.89990
2025-03-18 05:00:00;3014.41992;3014.88989;3006.18994;3011.97998
2025-03-18 04:00:00;3011.54004;3017.21997;3011.36011;3014.52002
2025-03-18 03:00:00;3010.89990;3015.080078;3009.78003;3011.51001
2025-03-18 02:00:00;3005.85010;3012.30005;3002.88989;3010.95996
2025-03-18 01:00:00;3001.42993;3008.56006;2999.60010;3005.81006
2025-03-18 00:00:00;2999.86011;3003.56006;2999.62012;3001.48999
2025-03-17 23:00:00;3000.28003;3002.86011;2999.69995;2999.84009
2025-03-17 22:00:00;3001.71997;3001.92993;3000.030029;3000.26001
2025-03-17 20:00:00;3000.39990;3001.95996;3000.14990;3001.21997
2025-03-17 19:00:00;2999.41992;3000.83008;2997.83008;3000.37012
2025-03-17 18:00:00;2997.91992;3000.31006;2996.83008;2999.42993
2025-03-17 17:00:00;2994.62988;2999.53003;2994.62988;2997.94995
2025-03-17 16:00:00;2997.21997;2997.80005;2993.14990;2994.57007
2025-03-17 15:00:00;2998.67993;2999.37012;2992.95996;2997.23999
2025-03-17 14:00:00;2988.17993;3000.57007;2987.18994;2998.63989
2025-03-17 13:00:00;2987.23999;2991.37012;2986.19995;2988.56006
2025-03-17 12:00:00;2997.64990;2997.89990;2984.89990;2987.16992
2025-03-17 11:00:00;2999.090088;3001.22998;2996.60010;2997.60010
2025-03-17 10:00:00;2995.77002;2999.52002;2994.87012;2999.11011
2025-03-17 09:00:00;2988.55005;2997.040039;2987.75;2995.76001
2025-03-17 08:00:00;2985.44995;2988.55005;2983.20996;2988.55005
2025-03-17 07:00:00;2989.23999;2990.080078;2984.18994;2985.65991
2025-03-17 06:00:00;2986.17993;2990.79004;2985.52002;2989.95996
2025-03-17 05:00:00;2982.73999;2986.23999;2982.33008;2986.16992
2025-03-17 04:00:00;2987.060059;2987.95996;2982.63989;2982.72998
2025-03-17 03:00:00;2988.070068;2988.75;2985.5;2987.070068
2025-03-17 02:00:00;2990.97998;2992.11011;2987.070068;2988.16992
2025-03-17 01:00:00;2990.93994;2993.090088;2988.82007;2990.95996
